interval_start_utc,station_id,cell_gdlat,cell_glon,cell_lat_bounds,cell_lon_bounds,vtec_tecu,valid_observation_count,within_hour_spread_tecu,largest_internal_gap_s,provider_dtec_summary,aggregation_config_id,target_valid,phase_id,source_id,target_definition_id,lineage_caveat
2022-11-01T00:00:00Z,BSHM,32,35,"[32, 33)","[35, 36)",7.03719,9,0.7379600000000002,300.0,0.652041,6f8330c7396a,True,P1A,GNSS_VTEC,GRIDDed_VTEC_1H,"The Phase 1 target is location-sampled gridded VTEC (Madrigal cell), never receiver-specific station-observed VTEC, and it carries its own distinct target_definition_id. The Phase 1 grid-cell target population is not the Phase 2 IPP target population: no numerical equivalence between the Phase 1 and Phase 2 targets is claimed, and Phase 2 is a fixed-protocol replication on a new target lineage, not a second statistically independent blind test (Vision 2.2, 6.6). Part of any measured IRI or GIM difference is a geometry and sampling artefact rather than skill: Phase 1 compares a grid cell against a station-coordinate evaluation, Phase 2 an IPP cloud against a zenith estimate (Vision 6.6)."
2022-11-01T01:00:00Z,BSHM,32,35,"[32, 33)","[35, 36)",7.0398,12,1.26307,300.0,0.531509,6f8330c7396a,True,P1A,GNSS_VTEC,GRIDDed_VTEC_1H,"The Phase 1 target is location-sampled gridded VTEC (Madrigal cell), never receiver-specific station-observed VTEC, and it carries its own distinct target_definition_id. The Phase 1 grid-cell target population is not the Phase 2 IPP target population: no numerical equivalence between the Phase 1 and Phase 2 targets is claimed, and Phase 2 is a fixed-protocol replication on a new target lineage, not a second statistically independent blind test (Vision 2.2, 6.6). Part of any measured IRI or GIM difference is a geometry and sampling artefact rather than skill: Phase 1 compares a grid cell against a station-coordinate evaluation, Phase 2 an IPP cloud against a zenith estimate (Vision 6.6)."
2022-11-01T02:00:00Z,BSHM,32,35,"[32, 33)","[35, 36)",5.64396,12,1.2234799999999995,300.0,0.460774,6f8330c7396a,True,P1A,GNSS_VTEC,GRIDDed_VTEC_1H,"The Phase 1 target is location-sampled gridded VTEC (Madrigal cell), never receiver-specific station-observed VTEC, and it carries its own distinct target_definition_id. The Phase 1 grid-cell target population is not the Phase 2 IPP target population: no numerical equivalence between the Phase 1 and Phase 2 targets is claimed, and Phase 2 is a fixed-protocol replication on a new target lineage, not a second statistically independent blind test (Vision 2.2, 6.6). Part of any measured IRI or GIM difference is a geometry and sampling artefact rather than skill: Phase 1 compares a grid cell against a station-coordinate evaluation, Phase 2 an IPP cloud against a zenith estimate (Vision 6.6)."
2022-11-01T03:00:00Z,BSHM,32,35,"[32, 33)","[35, 36)",5.0065100000000005,12,4.337339999999999,300.0,0.537139,6f8330c7396a,True,P1A,GNSS_VTEC,GRIDDed_VTEC_1H,"The Phase 1 target is location-sampled gridded VTEC (Madrigal cell), never receiver-specific station-observed VTEC, and it carries its own distinct target_definition_id. The Phase 1 grid-cell target population is not the Phase 2 IPP target population: no numerical equivalence between the Phase 1 and Phase 2 targets is claimed, and Phase 2 is a fixed-protocol replication on a new target lineage, not a second statistically independent blind test (Vision 2.2, 6.6). Part of any measured IRI or GIM difference is a geometry and sampling artefact rather than skill: Phase 1 compares a grid cell against a station-coordinate evaluation, Phase 2 an IPP cloud against a zenith estimate (Vision 6.6)."
2022-11-01T04:00:00Z,BSHM,32,35,"[32, 33)","[35, 36)",13.0447,12,7.1451899999999995,300.0,0.5317320000000001,6f8330c7396a,True,P1A,GNSS_VTEC,GRIDDed_VTEC_1H,"The Phase 1 target is location-sampled gridded VTEC (Madrigal cell), never receiver-specific station-observed VTEC, and it carries its own distinct target_definition_id. The Phase 1 grid-cell target population is not the Phase 2 IPP target population: no numerical equivalence between the Phase 1 and Phase 2 targets is claimed, and Phase 2 is a fixed-protocol replication on a new target lineage, not a second statistically independent blind test (Vision 2.2, 6.6). Part of any measured IRI or GIM difference is a geometry and sampling artefact rather than skill: Phase 1 compares a grid cell against a station-coordinate evaluation, Phase 2 an IPP cloud against a zenith estimate (Vision 6.6)."
2022-11-01T05:00:00Z,BSHM,32,35,"[32, 33)","[35, 36)",21.390700000000002,12,5.4617,300.0,0.476516,6f8330c7396a,True,P1A,GNSS_VTEC,GRIDDed_VTEC_1H,"The Phase 1 target is location-sampled gridded VTEC (Madrigal cell), never receiver-specific station-observed VTEC, and it carries its own distinct target_definition_id. The Phase 1 grid-cell target population is not the Phase 2 IPP target population: no numerical equivalence between the Phase 1 and Phase 2 targets is claimed, and Phase 2 is a fixed-protocol replication on a new target lineage, not a second statistically independent blind test (Vision 2.2, 6.6). Part of any measured IRI or GIM difference is a geometry and sampling artefact rather than skill: Phase 1 compares a grid cell against a station-coordinate evaluation, Phase 2 an IPP cloud against a zenith estimate (Vision 6.6)."
2022-11-01T06:00:00Z,BSHM,32,35,"[32, 33)","[35, 36)",26.71415,12,5.704599999999999,300.0,0.616752,6f8330c7396a,True,P1A,GNSS_VTEC,GRIDDed_VTEC_1H,"The Phase 1 target is location-sampled gridded VTEC (Madrigal cell), never receiver-specific station-observed VTEC, and it carries its own distinct target_definition_id. The Phase 1 grid-cell target population is not the Phase 2 IPP target population: no numerical equivalence between the Phase 1 and Phase 2 targets is claimed, and Phase 2 is a fixed-protocol replication on a new target lineage, not a second statistically independent blind test (Vision 2.2, 6.6). Part of any measured IRI or GIM difference is a geometry and sampling artefact rather than skill: Phase 1 compares a grid cell against a station-coordinate evaluation, Phase 2 an IPP cloud against a zenith estimate (Vision 6.6)."
2022-11-01T07:00:00Z,BSHM,32,35,"[32, 33)","[35, 36)",29.4507,12,3.6628000000000043,300.0,0.651231,6f8330c7396a,True,P1A,GNSS_VTEC,GRIDDed_VTEC_1H,"The Phase 1 target is location-sampled gridded VTEC (Madrigal cell), never receiver-specific station-observed VTEC, and it carries its own distinct target_definition_id. The Phase 1 grid-cell target population is not the Phase 2 IPP target population: no numerical equivalence between the Phase 1 and Phase 2 targets is claimed, and Phase 2 is a fixed-protocol replication on a new target lineage, not a second statistically independent blind test (Vision 2.2, 6.6). Part of any measured IRI or GIM difference is a geometry and sampling artefact rather than skill: Phase 1 compares a grid cell against a station-coordinate evaluation, Phase 2 an IPP cloud against a zenith estimate (Vision 6.6)."
2022-11-01T08:00:00Z,BSHM,32,35,"[32, 33)","[35, 36)",33.442,12,2.112400000000001,300.0,0.532362,6f8330c7396a,True,P1A,GNSS_VTEC,GRIDDed_VTEC_1H,"The Phase 1 target is location-sampled gridded VTEC (Madrigal cell), never receiver-specific station-observed VTEC, and it carries its own distinct target_definition_id. The Phase 1 grid-cell target population is not the Phase 2 IPP target population: no numerical equivalence between the Phase 1 and Phase 2 targets is claimed, and Phase 2 is a fixed-protocol replication on a new target lineage, not a second statistically independent blind test (Vision 2.2, 6.6). Part of any measured IRI or GIM difference is a geometry and sampling artefact rather than skill: Phase 1 compares a grid cell against a station-coordinate evaluation, Phase 2 an IPP cloud against a zenith estimate (Vision 6.6)."
2022-11-01T09:00:00Z,BSHM,32,35,"[32, 33)","[35, 36)",33.42345,10,1.552100000000003,900.0,0.701966,6f8330c7396a,True,P1A,GNSS_VTEC,GRIDDed_VTEC_1H,"The Phase 1 target is location-sampled gridded VTEC (Madrigal cell), never receiver-specific station-observed VTEC, and it carries its own distinct target_definition_id. The Phase 1 grid-cell target population is not the Phase 2 IPP target population: no numerical equivalence between the Phase 1 and Phase 2 targets is claimed, and Phase 2 is a fixed-protocol replication on a new target lineage, not a second statistically independent blind test (Vision 2.2, 6.6). Part of any measured IRI or GIM difference is a geometry and sampling artefact rather than skill: Phase 1 compares a grid cell against a station-coordinate evaluation, Phase 2 an IPP cloud against a zenith estimate (Vision 6.6)."
2022-11-01T10:00:00Z,BSHM,32,35,"[32, 33)","[35, 36)",35.6075,11,6.001699999999996,600.0,0.654632,6f8330c7396a,True,P1A,GNSS_VTEC,GRIDDed_VTEC_1H,"The Phase 1 target is location-sampled gridded VTEC (Madrigal cell), never receiver-specific station-observed VTEC, and it carries its own distinct target_definition_id. The Phase 1 grid-cell target population is not the Phase 2 IPP target population: no numerical equivalence between the Phase 1 and Phase 2 targets is claimed, and Phase 2 is a fixed-protocol replication on a new target lineage, not a second statistically independent blind test (Vision 2.2, 6.6). Part of any measured IRI or GIM difference is a geometry and sampling artefact rather than skill: Phase 1 compares a grid cell against a station-coordinate evaluation, Phase 2 an IPP cloud against a zenith estimate (Vision 6.6)."
2022-11-01T11:00:00Z,BSHM,32,35,"[32, 33)","[35, 36)",38.3055,11,2.1899999999999977,300.0,0.582655,6f8330c7396a,True,P1A,GNSS_VTEC,GRIDDed_VTEC_1H,"The Phase 1 target is location-sampled gridded VTEC (Madrigal cell), never receiver-specific station-observed VTEC, and it carries its own distinct target_definition_id. The Phase 1 grid-cell target population is not the Phase 2 IPP target population: no numerical equivalence between the Phase 1 and Phase 2 targets is claimed, and Phase 2 is a fixed-protocol replication on a new target lineage, not a second statistically independent blind test (Vision 2.2, 6.6). Part of any measured IRI or GIM difference is a geometry and sampling artefact rather than skill: Phase 1 compares a grid cell against a station-coordinate evaluation, Phase 2 an IPP cloud against a zenith estimate (Vision 6.6)."
2022-11-01T12:00:00Z,BSHM,32,35,"[32, 33)","[35, 36)",35.417950000000005,12,5.672999999999995,300.0,0.7016175,6f8330c7396a,True,P1A,GNSS_VTEC,GRIDDed_VTEC_1H,"The Phase 1 target is location-sampled gridded VTEC (Madrigal cell), never receiver-specific station-observed VTEC, and it carries its own distinct target_definition_id. The Phase 1 grid-cell target population is not the Phase 2 IPP target population: no numerical equivalence between the Phase 1 and Phase 2 targets is claimed, and Phase 2 is a fixed-protocol replication on a new target lineage, not a second statistically independent blind test (Vision 2.2, 6.6). Part of any measured IRI or GIM difference is a geometry and sampling artefact rather than skill: Phase 1 compares a grid cell against a station-coordinate evaluation, Phase 2 an IPP cloud against a zenith estimate (Vision 6.6)."
2022-11-01T13:00:00Z,BSHM,32,35,"[32, 33)","[35, 36)",29.8184,8,4.6769,1500.0,0.6706595,6f8330c7396a,True,P1A,GNSS_VTEC,GRIDDed_VTEC_1H,"The Phase 1 target is location-sampled gridded VTEC (Madrigal cell), never receiver-specific station-observed VTEC, and it carries its own distinct target_definition_id. The Phase 1 grid-cell target population is not the Phase 2 IPP target population: no numerical equivalence between the Phase 1 and Phase 2 targets is claimed, and Phase 2 is a fixed-protocol replication on a new target lineage, not a second statistically independent blind test (Vision 2.2, 6.6). Part of any measured IRI or GIM difference is a geometry and sampling artefact rather than skill: Phase 1 compares a grid cell against a station-coordinate evaluation, Phase 2 an IPP cloud against a zenith estimate (Vision 6.6)."
2022-11-01T14:00:00Z,BSHM,32,35,"[32, 33)","[35, 36)",22.9274,12,7.411899999999999,300.0,0.4344165,6f8330c7396a,True,P1A,GNSS_VTEC,GRIDDed_VTEC_1H,"The Phase 1 target is location-sampled gridded VTEC (Madrigal cell), never receiver-specific station-observed VTEC, and it carries its own distinct target_definition_id. The Phase 1 grid-cell target population is not the Phase 2 IPP target population: no numerical equivalence between the Phase 1 and Phase 2 targets is claimed, and Phase 2 is a fixed-protocol replication on a new target lineage, not a second statistically independent blind test (Vision 2.2, 6.6). Part of any measured IRI or GIM difference is a geometry and sampling artefact rather than skill: Phase 1 compares a grid cell against a station-coordinate evaluation, Phase 2 an IPP cloud against a zenith estimate (Vision 6.6)."
2022-11-01T15:00:00Z,BSHM,32,35,"[32, 33)","[35, 36)",15.042449999999999,8,5.549099999999999,300.0,0.5381795,6f8330c7396a,True,P1A,GNSS_VTEC,GRIDDed_VTEC_1H,"The Phase 1 target is location-sampled gridded VTEC (Madrigal cell), never receiver-specific station-observed VTEC, and it carries its own distinct target_definition_id. The Phase 1 grid-cell target population is not the Phase 2 IPP target population: no numerical equivalence between the Phase 1 and Phase 2 targets is claimed, and Phase 2 is a fixed-protocol replication on a new target lineage, not a second statistically independent blind test (Vision 2.2, 6.6). Part of any measured IRI or GIM difference is a geometry and sampling artefact rather than skill: Phase 1 compares a grid cell against a station-coordinate evaluation, Phase 2 an IPP cloud against a zenith estimate (Vision 6.6)."
2022-11-01T16:00:00Z,BSHM,32,35,"[32, 33)","[35, 36)",11.7341,9,1.0168999999999997,300.0,0.752232,6f8330c7396a,True,P1A,GNSS_VTEC,GRIDDed_VTEC_1H,"The Phase 1 target is location-sampled gridded VTEC (Madrigal cell), never receiver-specific station-observed VTEC, and it carries its own distinct target_definition_id. The Phase 1 grid-cell target population is not the Phase 2 IPP target population: no numerical equivalence between the Phase 1 and Phase 2 targets is claimed, and Phase 2 is a fixed-protocol replication on a new target lineage, not a second statistically independent blind test (Vision 2.2, 6.6). Part of any measured IRI or GIM difference is a geometry and sampling artefact rather than skill: Phase 1 compares a grid cell against a station-coordinate evaluation, Phase 2 an IPP cloud against a zenith estimate (Vision 6.6)."
2022-11-01T17:00:00Z,BSHM,32,35,"[32, 33)","[35, 36)",8.45165,7,2.59966,600.0,1.30332,6f8330c7396a,True,P1A,GNSS_VTEC,GRIDDed_VTEC_1H,"The Phase 1 target is location-sampled gridded VTEC (Madrigal cell), never receiver-specific station-observed VTEC, and it carries its own distinct target_definition_id. The Phase 1 grid-cell target population is not the Phase 2 IPP target population: no numerical equivalence between the Phase 1 and Phase 2 targets is claimed, and Phase 2 is a fixed-protocol replication on a new target lineage, not a second statistically independent blind test (Vision 2.2, 6.6). Part of any measured IRI or GIM difference is a geometry and sampling artefact rather than skill: Phase 1 compares a grid cell against a station-coordinate evaluation, Phase 2 an IPP cloud against a zenith estimate (Vision 6.6)."
2022-11-01T18:00:00Z,BSHM,32,35,"[32, 33)","[35, 36)",6.62674,8,1.0910900000000003,300.0,0.6215375,6f8330c7396a,True,P1A,GNSS_VTEC,GRIDDed_VTEC_1H,"The Phase 1 target is location-sampled gridded VTEC (Madrigal cell), never receiver-specific station-observed VTEC, and it carries its own distinct target_definition_id. The Phase 1 grid-cell target population is not the Phase 2 IPP target population: no numerical equivalence between the Phase 1 and Phase 2 targets is claimed, and Phase 2 is a fixed-protocol replication on a new target lineage, not a second statistically independent blind test (Vision 2.2, 6.6). Part of any measured IRI or GIM difference is a geometry and sampling artefact rather than skill: Phase 1 compares a grid cell against a station-coordinate evaluation, Phase 2 an IPP cloud against a zenith estimate (Vision 6.6)."
2022-11-01T19:00:00Z,BSHM,32,35,"[32, 33)","[35, 36)",7.120795,12,0.4280299999999997,300.0,0.49628,6f8330c7396a,True,P1A,GNSS_VTEC,GRIDDed_VTEC_1H,"The Phase 1 target is location-sampled gridded VTEC (Madrigal cell), never receiver-specific station-observed VTEC, and it carries its own distinct target_definition_id. The Phase 1 grid-cell target population is not the Phase 2 IPP target population: no numerical equivalence between the Phase 1 and Phase 2 targets is claimed, and Phase 2 is a fixed-protocol replication on a new target lineage, not a second statistically independent blind test (Vision 2.2, 6.6). Part of any measured IRI or GIM difference is a geometry and sampling artefact rather than skill: Phase 1 compares a grid cell against a station-coordinate evaluation, Phase 2 an IPP cloud against a zenith estimate (Vision 6.6)."
2022-11-01T20:00:00Z,BSHM,32,35,"[32, 33)","[35, 36)",6.71593,12,0.90327,300.0,0.4023105,6f8330c7396a,True,P1A,GNSS_VTEC,GRIDDed_VTEC_1H,"The Phase 1 target is location-sampled gridded VTEC (Madrigal cell), never receiver-specific station-observed VTEC, and it carries its own distinct target_definition_id. The Phase 1 grid-cell target population is not the Phase 2 IPP target population: no numerical equivalence between the Phase 1 and Phase 2 targets is claimed, and Phase 2 is a fixed-protocol replication on a new target lineage, not a second statistically independent blind test (Vision 2.2, 6.6). Part of any measured IRI or GIM difference is a geometry and sampling artefact rather than skill: Phase 1 compares a grid cell against a station-coordinate evaluation, Phase 2 an IPP cloud against a zenith estimate (Vision 6.6)."
2022-11-01T21:00:00Z,BSHM,32,35,"[32, 33)","[35, 36)",7.21398,12,1.2711499999999996,300.0,0.37683500000000003,6f8330c7396a,True,P1A,GNSS_VTEC,GRIDDed_VTEC_1H,"The Phase 1 target is location-sampled gridded VTEC (Madrigal cell), never receiver-specific station-observed VTEC, and it carries its own distinct target_definition_id. The Phase 1 grid-cell target population is not the Phase 2 IPP target population: no numerical equivalence between the Phase 1 and Phase 2 targets is claimed, and Phase 2 is a fixed-protocol replication on a new target lineage, not a second statistically independent blind test (Vision 2.2, 6.6). Part of any measured IRI or GIM difference is a geometry and sampling artefact rather than skill: Phase 1 compares a grid cell against a station-coordinate evaluation, Phase 2 an IPP cloud against a zenith estimate (Vision 6.6)."
2022-11-01T22:00:00Z,BSHM,32,35,"[32, 33)","[35, 36)",7.0911,12,0.7422199999999997,300.0,0.447382,6f8330c7396a,True,P1A,GNSS_VTEC,GRIDDed_VTEC_1H,"The Phase 1 target is location-sampled gridded VTEC (Madrigal cell), never receiver-specific station-observed VTEC, and it carries its own distinct target_definition_id. The Phase 1 grid-cell target population is not the Phase 2 IPP target population: no numerical equivalence between the Phase 1 and Phase 2 targets is claimed, and Phase 2 is a fixed-protocol replication on a new target lineage, not a second statistically independent blind test (Vision 2.2, 6.6). Part of any measured IRI or GIM difference is a geometry and sampling artefact rather than skill: Phase 1 compares a grid cell against a station-coordinate evaluation, Phase 2 an IPP cloud against a zenith estimate (Vision 6.6)."
2022-11-01T23:00:00Z,BSHM,32,35,"[32, 33)","[35, 36)",6.468905,6,0.23772000000000038,300.0,0.6170100000000001,6f8330c7396a,True,P1A,GNSS_VTEC,GRIDDed_VTEC_1H,"The Phase 1 target is location-sampled gridded VTEC (Madrigal cell), never receiver-specific station-observed VTEC, and it carries its own distinct target_definition_id. The Phase 1 grid-cell target population is not the Phase 2 IPP target population: no numerical equivalence between the Phase 1 and Phase 2 targets is claimed, and Phase 2 is a fixed-protocol replication on a new target lineage, not a second statistically independent blind test (Vision 2.2, 6.6). Part of any measured IRI or GIM difference is a geometry and sampling artefact rather than skill: Phase 1 compares a grid cell against a station-coordinate evaluation, Phase 2 an IPP cloud against a zenith estimate (Vision 6.6)."
2022-11-02T00:00:00Z,BSHM,32,35,"[32, 33)","[35, 36)",5.17936,9,0.5638899999999998,300.0,0.532385,6f8330c7396a,True,P1A,GNSS_VTEC,GRIDDed_VTEC_1H,"The Phase 1 target is location-sampled gridded VTEC (Madrigal cell), never receiver-specific station-observed VTEC, and it carries its own distinct target_definition_id. The Phase 1 grid-cell target population is not the Phase 2 IPP target population: no numerical equivalence between the Phase 1 and Phase 2 targets is claimed, and Phase 2 is a fixed-protocol replication on a new target lineage, not a second statistically independent blind test (Vision 2.2, 6.6). Part of any measured IRI or GIM difference is a geometry and sampling artefact rather than skill: Phase 1 compares a grid cell against a station-coordinate evaluation, Phase 2 an IPP cloud against a zenith estimate (Vision 6.6)."
2022-11-02T01:00:00Z,BSHM,32,35,"[32, 33)","[35, 36)",5.5930800000000005,12,1.61782,300.0,0.47622200000000003,6f8330c7396a,True,P1A,GNSS_VTEC,GRIDDed_VTEC_1H,"The Phase 1 target is location-sampled gridded VTEC (Madrigal cell), never receiver-specific station-observed VTEC, and it carries its own distinct target_definition_id. The Phase 1 grid-cell target population is not the Phase 2 IPP target population: no numerical equivalence between the Phase 1 and Phase 2 targets is claimed, and Phase 2 is a fixed-protocol replication on a new target lineage, not a second statistically independent blind test (Vision 2.2, 6.6). Part of any measured IRI or GIM difference is a geometry and sampling artefact rather than skill: Phase 1 compares a grid cell against a station-coordinate evaluation, Phase 2 an IPP cloud against a zenith estimate (Vision 6.6)."
2022-11-02T02:00:00Z,BSHM,32,35,"[32, 33)","[35, 36)",2.868595,12,1.7070100000000004,300.0,0.46096400000000004,6f8330c7396a,True,P1A,GNSS_VTEC,GRIDDed_VTEC_1H,"The Phase 1 target is location-sampled gridded VTEC (Madrigal cell), never receiver-specific station-observed VTEC, and it carries its own distinct target_definition_id. The Phase 1 grid-cell target population is not the Phase 2 IPP target population: no numerical equivalence between the Phase 1 and Phase 2 targets is claimed, and Phase 2 is a fixed-protocol replication on a new target lineage, not a second statistically independent blind test (Vision 2.2, 6.6). Part of any measured IRI or GIM difference is a geometry and sampling artefact rather than skill: Phase 1 compares a grid cell against a station-coordinate evaluation, Phase 2 an IPP cloud against a zenith estimate (Vision 6.6)."
2022-11-02T03:00:00Z,BSHM,32,35,"[32, 33)","[35, 36)",3.0556,12,5.454750000000001,300.0,0.531468,6f8330c7396a,True,P1A,GNSS_VTEC,GRIDDed_VTEC_1H,"The Phase 1 target is location-sampled gridded VTEC (Madrigal cell), never receiver-specific station-observed VTEC, and it carries its own distinct target_definition_id. The Phase 1 grid-cell target population is not the Phase 2 IPP target population: no numerical equivalence between the Phase 1 and Phase 2 targets is claimed, and Phase 2 is a fixed-protocol replication on a new target lineage, not a second statistically independent blind test (Vision 2.2, 6.6). Part of any measured IRI or GIM difference is a geometry and sampling artefact rather than skill: Phase 1 compares a grid cell against a station-coordinate evaluation, Phase 2 an IPP cloud against a zenith estimate (Vision 6.6)."
2022-11-02T04:00:00Z,BSHM,32,35,"[32, 33)","[35, 36)",11.88315,12,6.66192,300.0,0.492214,6f8330c7396a,True,P1A,GNSS_VTEC,GRIDDed_VTEC_1H,"The Phase 1 target is location-sampled gridded VTEC (Madrigal cell), never receiver-specific station-observed VTEC, and it carries its own distinct target_definition_id. The Phase 1 grid-cell target population is not the Phase 2 IPP target population: no numerical equivalence between the Phase 1 and Phase 2 targets is claimed, and Phase 2 is a fixed-protocol replication on a new target lineage, not a second statistically independent blind test (Vision 2.2, 6.6). Part of any measured IRI or GIM difference is a geometry and sampling artefact rather than skill: Phase 1 compares a grid cell against a station-coordinate evaluation, Phase 2 an IPP cloud against a zenith estimate (Vision 6.6)."
2022-11-02T05:00:00Z,BSHM,32,35,"[32, 33)","[35, 36)",19.523400000000002,12,4.9361,300.0,0.5919055,6f8330c7396a,True,P1A,GNSS_VTEC,GRIDDed_VTEC_1H,"The Phase 1 target is location-sampled gridded VTEC (Madrigal cell), never receiver-specific station-observed VTEC, and it carries its own distinct target_definition_id. The Phase 1 grid-cell target population is not the Phase 2 IPP target population: no numerical equivalence between the Phase 1 and Phase 2 targets is claimed, and Phase 2 is a fixed-protocol replication on a new target lineage, not a second statistically independent blind test (Vision 2.2, 6.6). Part of any measured IRI or GIM difference is a geometry and sampling artefact rather than skill: Phase 1 compares a grid cell against a station-coordinate evaluation, Phase 2 an IPP cloud against a zenith estimate (Vision 6.6)."
2022-11-02T06:00:00Z,BSHM,32,35,"[32, 33)","[35, 36)",24.4535,12,4.821100000000001,300.0,0.492306,6f8330c7396a,True,P1A,GNSS_VTEC,GRIDDed_VTEC_1H,"The Phase 1 target is location-sampled gridded VTEC (Madrigal cell), never receiver-specific station-observed VTEC, and it carries its own distinct target_definition_id. The Phase 1 grid-cell target population is not the Phase 2 IPP target population: no numerical equivalence between the Phase 1 and Phase 2 targets is claimed, and Phase 2 is a fixed-protocol replication on a new target lineage, not a second statistically independent blind test (Vision 2.2, 6.6). Part of any measured IRI or GIM difference is a geometry and sampling artefact rather than skill: Phase 1 compares a grid cell against a station-coordinate evaluation, Phase 2 an IPP cloud against a zenith estimate (Vision 6.6)."
2022-11-02T07:00:00Z,BSHM,32,35,"[32, 33)","[35, 36)",30.90585,12,6.368099999999998,300.0,0.6511370000000001,6f8330c7396a,True,P1A,GNSS_VTEC,GRIDDed_VTEC_1H,"The Phase 1 target is location-sampled gridded VTEC (Madrigal cell), never receiver-specific station-observed VTEC, and it carries its own distinct target_definition_id. The Phase 1 grid-cell target population is not the Phase 2 IPP target population: no numerical equivalence between the Phase 1 and Phase 2 targets is claimed, and Phase 2 is a fixed-protocol replication on a new target lineage, not a second statistically independent blind test (Vision 2.2, 6.6). Part of any measured IRI or GIM difference is a geometry and sampling artefact rather than skill: Phase 1 compares a grid cell against a station-coordinate evaluation, Phase 2 an IPP cloud against a zenith estimate (Vision 6.6)."
2022-11-02T08:00:00Z,BSHM,32,35,"[32, 33)","[35, 36)",33.161950000000004,12,1.411200000000001,300.0,0.5318245,6f8330c7396a,True,P1A,GNSS_VTEC,GRIDDed_VTEC_1H,"The Phase 1 target is location-sampled gridded VTEC (Madrigal cell), never receiver-specific station-observed VTEC, and it carries its own distinct target_definition_id. The Phase 1 grid-cell target population is not the Phase 2 IPP target population: no numerical equivalence between the Phase 1 and Phase 2 targets is claimed, and Phase 2 is a fixed-protocol replication on a new target lineage, not a second statistically independent blind test (Vision 2.2, 6.6). Part of any measured IRI or GIM difference is a geometry and sampling artefact rather than skill: Phase 1 compares a grid cell against a station-coordinate evaluation, Phase 2 an IPP cloud against a zenith estimate (Vision 6.6)."
2022-11-02T09:00:00Z,BSHM,32,35,"[32, 33)","[35, 36)",32.9705,10,1.3408000000000015,300.0,0.701734,6f8330c7396a,True,P1A,GNSS_VTEC,GRIDDed_VTEC_1H,"The Phase 1 target is location-sampled gridded VTEC (Madrigal cell), never receiver-specific station-observed VTEC, and it carries its own distinct target_definition_id. The Phase 1 grid-cell target population is not the Phase 2 IPP target population: no numerical equivalence between the Phase 1 and Phase 2 targets is claimed, and Phase 2 is a fixed-protocol replication on a new target lineage, not a second statistically independent blind test (Vision 2.2, 6.6). Part of any measured IRI or GIM difference is a geometry and sampling artefact rather than skill: Phase 1 compares a grid cell against a station-coordinate evaluation, Phase 2 an IPP cloud against a zenith estimate (Vision 6.6)."
2022-11-02T10:00:00Z,BSHM,32,35,"[32, 33)","[35, 36)",36.5706,5,2.335799999999999,2400.0,0.921574,6f8330c7396a,False,P1A,GNSS_VTEC,GRIDDed_VTEC_1H,"The Phase 1 target is location-sampled gridded VTEC (Madrigal cell), never receiver-specific station-observed VTEC, and it carries its own distinct target_definition_id. The Phase 1 grid-cell target population is not the Phase 2 IPP target population: no numerical equivalence between the Phase 1 and Phase 2 targets is claimed, and Phase 2 is a fixed-protocol replication on a new target lineage, not a second statistically independent blind test (Vision 2.2, 6.6). Part of any measured IRI or GIM difference is a geometry and sampling artefact rather than skill: Phase 1 compares a grid cell against a station-coordinate evaluation, Phase 2 an IPP cloud against a zenith estimate (Vision 6.6)."
2022-11-02T11:00:00Z,BSHM,32,35,"[32, 33)","[35, 36)",38.364900000000006,12,2.5060999999999964,300.0,0.6170105,6f8330c7396a,True,P1A,GNSS_VTEC,GRIDDed_VTEC_1H,"The Phase 1 target is location-sampled gridded VTEC (Madrigal cell), never receiver-specific station-observed VTEC, and it carries its own distinct target_definition_id. The Phase 1 grid-cell target population is not the Phase 2 IPP target population: no numerical equivalence between the Phase 1 and Phase 2 targets is claimed, and Phase 2 is a fixed-protocol replication on a new target lineage, not a second statistically independent blind test (Vision 2.2, 6.6). Part of any measured IRI or GIM difference is a geometry and sampling artefact rather than skill: Phase 1 compares a grid cell against a station-coordinate evaluation, Phase 2 an IPP cloud against a zenith estimate (Vision 6.6)."
2022-11-02T12:00:00Z,BSHM,32,35,"[32, 33)","[35, 36)",36.61425,12,4.925400000000003,300.0,0.476383,6f8330c7396a,True,P1A,GNSS_VTEC,GRIDDed_VTEC_1H,"The Phase 1 target is location-sampled gridded VTEC (Madrigal cell), never receiver-specific station-observed VTEC, and it carries its own distinct target_definition_id. The Phase 1 grid-cell target population is not the Phase 2 IPP target population: no numerical equivalence between the Phase 1 and Phase 2 targets is claimed, and Phase 2 is a fixed-protocol replication on a new target lineage, not a second statistically independent blind test (Vision 2.2, 6.6). Part of any measured IRI or GIM difference is a geometry and sampling artefact rather than skill: Phase 1 compares a grid cell against a station-coordinate evaluation, Phase 2 an IPP cloud against a zenith estimate (Vision 6.6)."
2022-11-02T13:00:00Z,BSHM,32,35,"[32, 33)","[35, 36)",32.78555,12,3.6023999999999994,300.0,0.43435500000000005,6f8330c7396a,True,P1A,GNSS_VTEC,GRIDDed_VTEC_1H,"The Phase 1 target is location-sampled gridded VTEC (Madrigal cell), never receiver-specific station-observed VTEC, and it carries its own distinct target_definition_id. The Phase 1 grid-cell target population is not the Phase 2 IPP target population: no numerical equivalence between the Phase 1 and Phase 2 targets is claimed, and Phase 2 is a fixed-protocol replication on a new target lineage, not a second statistically independent blind test (Vision 2.2, 6.6). Part of any measured IRI or GIM difference is a geometry and sampling artefact rather than skill: Phase 1 compares a grid cell against a station-coordinate evaluation, Phase 2 an IPP cloud against a zenith estimate (Vision 6.6)."
2022-11-02T14:00:00Z,BSHM,32,35,"[32, 33)","[35, 36)",25.4958,12,7.582599999999999,300.0,0.4477465,6f8330c7396a,True,P1A,GNSS_VTEC,GRIDDed_VTEC_1H,"The Phase 1 target is location-sampled gridded VTEC (Madrigal cell), never receiver-specific station-observed VTEC, and it carries its own distinct target_definition_id. The Phase 1 grid-cell target population is not the Phase 2 IPP target population: no numerical equivalence between the Phase 1 and Phase 2 targets is claimed, and Phase 2 is a fixed-protocol replication on a new target lineage, not a second statistically independent blind test (Vision 2.2, 6.6). Part of any measured IRI or GIM difference is a geometry and sampling artefact rather than skill: Phase 1 compares a grid cell against a station-coordinate evaluation, Phase 2 an IPP cloud against a zenith estimate (Vision 6.6)."
2022-11-02T15:00:00Z,BSHM,32,35,"[32, 33)","[35, 36)",16.5978,8,6.5406999999999975,1500.0,0.752375,6f8330c7396a,True,P1A,GNSS_VTEC,GRIDDed_VTEC_1H,"The Phase 1 target is location-sampled gridded VTEC (Madrigal cell), never receiver-specific station-observed VTEC, and it carries its own distinct target_definition_id. The Phase 1 grid-cell target population is not the Phase 2 IPP target population: no numerical equivalence between the Phase 1 and Phase 2 targets is claimed, and Phase 2 is a fixed-protocol replication on a new target lineage, not a second statistically independent blind test (Vision 2.2, 6.6). Part of any measured IRI or GIM difference is a geometry and sampling artefact rather than skill: Phase 1 compares a grid cell against a station-coordinate evaluation, Phase 2 an IPP cloud against a zenith estimate (Vision 6.6)."
2022-11-02T16:00:00Z,BSHM,32,35,"[32, 33)","[35, 36)",11.9698,11,3.6407100000000003,300.0,0.921289,6f8330c7396a,True,P1A,GNSS_VTEC,GRIDDed_VTEC_1H,"The Phase 1 target is location-sampled gridded VTEC (Madrigal cell), never receiver-specific station-observed VTEC, and it carries its own distinct target_definition_id. The Phase 1 grid-cell target population is not the Phase 2 IPP target population: no numerical equivalence between the Phase 1 and Phase 2 targets is claimed, and Phase 2 is a fixed-protocol replication on a new target lineage, not a second statistically independent blind test (Vision 2.2, 6.6). Part of any measured IRI or GIM difference is a geometry and sampling artefact rather than skill: Phase 1 compares a grid cell against a station-coordinate evaluation, Phase 2 an IPP cloud against a zenith estimate (Vision 6.6)."
2022-11-02T17:00:00Z,BSHM,32,35,"[32, 33)","[35, 36)",9.66372,7,0.56067,300.0,1.30152,6f8330c7396a,True,P1A,GNSS_VTEC,GRIDDed_VTEC_1H,"The Phase 1 target is location-sampled gridded VTEC (Madrigal cell), never receiver-specific station-observed VTEC, and it carries its own distinct target_definition_id. The Phase 1 grid-cell target population is not the Phase 2 IPP target population: no numerical equivalence between the Phase 1 and Phase 2 targets is claimed, and Phase 2 is a fixed-protocol replication on a new target lineage, not a second statistically independent blind test (Vision 2.2, 6.6). Part of any measured IRI or GIM difference is a geometry and sampling artefact rather than skill: Phase 1 compares a grid cell against a station-coordinate evaluation, Phase 2 an IPP cloud against a zenith estimate (Vision 6.6)."
2022-11-02T18:00:00Z,BSHM,32,35,"[32, 33)","[35, 36)",9.50809,8,0.2679399999999994,300.0,0.6520524999999999,6f8330c7396a,True,P1A,GNSS_VTEC,GRIDDed_VTEC_1H,"The Phase 1 target is location-sampled gridded VTEC (Madrigal cell), never receiver-specific station-observed VTEC, and it carries its own distinct target_definition_id. The Phase 1 grid-cell target population is not the Phase 2 IPP target population: no numerical equivalence between the Phase 1 and Phase 2 targets is claimed, and Phase 2 is a fixed-protocol replication on a new target lineage, not a second statistically independent blind test (Vision 2.2, 6.6). Part of any measured IRI or GIM difference is a geometry and sampling artefact rather than skill: Phase 1 compares a grid cell against a station-coordinate evaluation, Phase 2 an IPP cloud against a zenith estimate (Vision 6.6)."
2022-11-02T19:00:00Z,BSHM,32,35,"[32, 33)","[35, 36)",9.26148,11,1.674830000000001,600.0,0.651133,6f8330c7396a,True,P1A,GNSS_VTEC,GRIDDed_VTEC_1H,"The Phase 1 target is location-sampled gridded VTEC (Madrigal cell), never receiver-specific station-observed VTEC, and it carries its own distinct target_definition_id. The Phase 1 grid-cell target population is not the Phase 2 IPP target population: no numerical equivalence between the Phase 1 and Phase 2 targets is claimed, and Phase 2 is a fixed-protocol replication on a new target lineage, not a second statistically independent blind test (Vision 2.2, 6.6). Part of any measured IRI or GIM difference is a geometry and sampling artefact rather than skill: Phase 1 compares a grid cell against a station-coordinate evaluation, Phase 2 an IPP cloud against a zenith estimate (Vision 6.6)."
2022-11-02T20:00:00Z,BSHM,32,35,"[32, 33)","[35, 36)",8.401175,12,0.5223999999999993,300.0,0.493161,6f8330c7396a,True,P1A,GNSS_VTEC,GRIDDed_VTEC_1H,"The Phase 1 target is location-sampled gridded VTEC (Madrigal cell), never receiver-specific station-observed VTEC, and it carries its own distinct target_definition_id. The Phase 1 grid-cell target population is not the Phase 2 IPP target population: no numerical equivalence between the Phase 1 and Phase 2 targets is claimed, and Phase 2 is a fixed-protocol replication on a new target lineage, not a second statistically independent blind test (Vision 2.2, 6.6). Part of any measured IRI or GIM difference is a geometry and sampling artefact rather than skill: Phase 1 compares a grid cell against a station-coordinate evaluation, Phase 2 an IPP cloud against a zenith estimate (Vision 6.6)."
2022-11-02T21:00:00Z,BSHM,32,35,"[32, 33)","[35, 36)",8.928989999999999,12,0.5964700000000001,300.0,0.43403349999999996,6f8330c7396a,True,P1A,GNSS_VTEC,GRIDDed_VTEC_1H,"The Phase 1 target is location-sampled gridded VTEC (Madrigal cell), never receiver-specific station-observed VTEC, and it carries its own distinct target_definition_id. The Phase 1 grid-cell target population is not the Phase 2 IPP target population: no numerical equivalence between the Phase 1 and Phase 2 targets is claimed, and Phase 2 is a fixed-protocol replication on a new target lineage, not a second statistically independent blind test (Vision 2.2, 6.6). Part of any measured IRI or GIM difference is a geometry and sampling artefact rather than skill: Phase 1 compares a grid cell against a station-coordinate evaluation, Phase 2 an IPP cloud against a zenith estimate (Vision 6.6)."
2022-11-02T22:00:00Z,BSHM,32,35,"[32, 33)","[35, 36)",8.916080000000001,12,1.0172299999999996,300.0,0.4602485,6f8330c7396a,True,P1A,GNSS_VTEC,GRIDDed_VTEC_1H,"The Phase 1 target is location-sampled gridded VTEC (Madrigal cell), never receiver-specific station-observed VTEC, and it carries its own distinct target_definition_id. The Phase 1 grid-cell target population is not the Phase 2 IPP target population: no numerical equivalence between the Phase 1 and Phase 2 targets is claimed, and Phase 2 is a fixed-protocol replication on a new target lineage, not a second statistically independent blind test (Vision 2.2, 6.6). Part of any measured IRI or GIM difference is a geometry and sampling artefact rather than skill: Phase 1 compares a grid cell against a station-coordinate evaluation, Phase 2 an IPP cloud against a zenith estimate (Vision 6.6)."
2022-11-02T23:00:00Z,BSHM,32,35,"[32, 33)","[35, 36)",7.982925,6,0.7380700000000004,300.0,0.66812,6f8330c7396a,True,P1A,GNSS_VTEC,GRIDDed_VTEC_1H,"The Phase 1 target is location-sampled gridded VTEC (Madrigal cell), never receiver-specific station-observed VTEC, and it carries its own distinct target_definition_id. The Phase 1 grid-cell target population is not the Phase 2 IPP target population: no numerical equivalence between the Phase 1 and Phase 2 targets is claimed, and Phase 2 is a fixed-protocol replication on a new target lineage, not a second statistically independent blind test (Vision 2.2, 6.6). Part of any measured IRI or GIM difference is a geometry and sampling artefact rather than skill: Phase 1 compares a grid cell against a station-coordinate evaluation, Phase 2 an IPP cloud against a zenith estimate (Vision 6.6)."
2022-11-03T00:00:00Z,BSHM,32,35,"[32, 33)","[35, 36)",7.154145,10,1.86102,300.0,0.5831905,6f8330c7396a,True,P1A,GNSS_VTEC,GRIDDed_VTEC_1H,"The Phase 1 target is location-sampled gridded VTEC (Madrigal cell), never receiver-specific station-observed VTEC, and it carries its own distinct target_definition_id. The Phase 1 grid-cell target population is not the Phase 2 IPP target population: no numerical equivalence between the Phase 1 and Phase 2 targets is claimed, and Phase 2 is a fixed-protocol replication on a new target lineage, not a second statistically independent blind test (Vision 2.2, 6.6). Part of any measured IRI or GIM difference is a geometry and sampling artefact rather than skill: Phase 1 compares a grid cell against a station-coordinate evaluation, Phase 2 an IPP cloud against a zenith estimate (Vision 6.6)."
2022-11-03T01:00:00Z,BSHM,32,35,"[32, 33)","[35, 36)",7.649255,12,0.7043799999999996,300.0,0.531486,6f8330c7396a,True,P1A,GNSS_VTEC,GRIDDed_VTEC_1H,"The Phase 1 target is location-sampled gridded VTEC (Madrigal cell), never receiver-specific station-observed VTEC, and it carries its own distinct target_definition_id. The Phase 1 grid-cell target population is not the Phase 2 IPP target population: no numerical equivalence between the Phase 1 and Phase 2 targets is claimed, and Phase 2 is a fixed-protocol replication on a new target lineage, not a second statistically independent blind test (Vision 2.2, 6.6). Part of any measured IRI or GIM difference is a geometry and sampling artefact rather than skill: Phase 1 compares a grid cell against a station-coordinate evaluation, Phase 2 an IPP cloud against a zenith estimate (Vision 6.6)."
2022-11-03T02:00:00Z,BSHM,32,35,"[32, 33)","[35, 36)",5.828200000000001,12,1.6834600000000002,300.0,0.49240550000000005,6f8330c7396a,True,P1A,GNSS_VTEC,GRIDDed_VTEC_1H,"The Phase 1 target is location-sampled gridded VTEC (Madrigal cell), never receiver-specific station-observed VTEC, and it carries its own distinct target_definition_id. The Phase 1 grid-cell target population is not the Phase 2 IPP target population: no numerical equivalence between the Phase 1 and Phase 2 targets is claimed, and Phase 2 is a fixed-protocol replication on a new target lineage, not a second statistically independent blind test (Vision 2.2, 6.6). Part of any measured IRI or GIM difference is a geometry and sampling artefact rather than skill: Phase 1 compares a grid cell against a station-coordinate evaluation, Phase 2 an IPP cloud against a zenith estimate (Vision 6.6)."
2022-11-03T03:00:00Z,BSHM,32,35,"[32, 33)","[35, 36)",6.59436,12,4.596329999999999,300.0,0.49249149999999997,6f8330c7396a,True,P1A,GNSS_VTEC,GRIDDed_VTEC_1H,"The Phase 1 target is location-sampled gridded VTEC (Madrigal cell), never receiver-specific station-observed VTEC, and it carries its own distinct target_definition_id. The Phase 1 grid-cell target population is not the Phase 2 IPP target population: no numerical equivalence between the Phase 1 and Phase 2 targets is claimed, and Phase 2 is a fixed-protocol replication on a new target lineage, not a second statistically independent blind test (Vision 2.2, 6.6). Part of any measured IRI or GIM difference is a geometry and sampling artefact rather than skill: Phase 1 compares a grid cell against a station-coordinate evaluation, Phase 2 an IPP cloud against a zenith estimate (Vision 6.6)."
2022-11-03T04:00:00Z,BSHM,32,35,"[32, 33)","[35, 36)",15.4146,12,8.4975,300.0,0.448276,6f8330c7396a,True,P1A,GNSS_VTEC,GRIDDed_VTEC_1H,"The Phase 1 target is location-sampled gridded VTEC (Madrigal cell), never receiver-specific station-observed VTEC, and it carries its own distinct target_definition_id. The Phase 1 grid-cell target population is not the Phase 2 IPP target population: no numerical equivalence between the Phase 1 and Phase 2 targets is claimed, and Phase 2 is a fixed-protocol replication on a new target lineage, not a second statistically independent blind test (Vision 2.2, 6.6). Part of any measured IRI or GIM difference is a geometry and sampling artefact rather than skill: Phase 1 compares a grid cell against a station-coordinate evaluation, Phase 2 an IPP cloud against a zenith estimate (Vision 6.6)."
2022-11-03T05:00:00Z,BSHM,32,35,"[32, 33)","[35, 36)",21.0304,12,2.6660000000000004,300.0,0.920883,6f8330c7396a,True,P1A,GNSS_VTEC,GRIDDed_VTEC_1H,"The Phase 1 target is location-sampled gridded VTEC (Madrigal cell), never receiver-specific station-observed VTEC, and it carries its own distinct target_definition_id. The Phase 1 grid-cell target population is not the Phase 2 IPP target population: no numerical equivalence between the Phase 1 and Phase 2 targets is claimed, and Phase 2 is a fixed-protocol replication on a new target lineage, not a second statistically independent blind test (Vision 2.2, 6.6). Part of any measured IRI or GIM difference is a geometry and sampling artefact rather than skill: Phase 1 compares a grid cell against a station-coordinate evaluation, Phase 2 an IPP cloud against a zenith estimate (Vision 6.6)."
2022-11-03T06:00:00Z,BSHM,32,35,"[32, 33)","[35, 36)",25.91395,12,5.753399999999999,300.0,0.557088,6f8330c7396a,True,P1A,GNSS_VTEC,GRIDDed_VTEC_1H,"The Phase 1 target is location-sampled gridded VTEC (Madrigal cell), never receiver-specific station-observed VTEC, and it carries its own distinct target_definition_id. The Phase 1 grid-cell target population is not the Phase 2 IPP target population: no numerical equivalence between the Phase 1 and Phase 2 targets is claimed, and Phase 2 is a fixed-protocol replication on a new target lineage, not a second statistically independent blind test (Vision 2.2, 6.6). Part of any measured IRI or GIM difference is a geometry and sampling artefact rather than skill: Phase 1 compares a grid cell against a station-coordinate evaluation, Phase 2 an IPP cloud against a zenith estimate (Vision 6.6)."
2022-11-03T07:00:00Z,BSHM,32,35,"[32, 33)","[35, 36)",33.6065,12,7.434700000000003,300.0,0.6513625000000001,6f8330c7396a,True,P1A,GNSS_VTEC,GRIDDed_VTEC_1H,"The Phase 1 target is location-sampled gridded VTEC (Madrigal cell), never receiver-specific station-observed VTEC, and it carries its own distinct target_definition_id. The Phase 1 grid-cell target population is not the Phase 2 IPP target population: no numerical equivalence between the Phase 1 and Phase 2 targets is claimed, and Phase 2 is a fixed-protocol replication on a new target lineage, not a second statistically independent blind test (Vision 2.2, 6.6). Part of any measured IRI or GIM difference is a geometry and sampling artefact rather than skill: Phase 1 compares a grid cell against a station-coordinate evaluation, Phase 2 an IPP cloud against a zenith estimate (Vision 6.6)."
2022-11-03T08:00:00Z,BSHM,32,35,"[32, 33)","[35, 36)",37.9253,9,2.095700000000001,300.0,0.582674,6f8330c7396a,True,P1A,GNSS_VTEC,GRIDDed_VTEC_1H,"The Phase 1 target is location-sampled gridded VTEC (Madrigal cell), never receiver-specific station-observed VTEC, and it carries its own distinct target_definition_id. The Phase 1 grid-cell target population is not the Phase 2 IPP target population: no numerical equivalence between the Phase 1 and Phase 2 targets is claimed, and Phase 2 is a fixed-protocol replication on a new target lineage, not a second statistically independent blind test (Vision 2.2, 6.6). Part of any measured IRI or GIM difference is a geometry and sampling artefact rather than skill: Phase 1 compares a grid cell against a station-coordinate evaluation, Phase 2 an IPP cloud against a zenith estimate (Vision 6.6)."
2022-11-03T09:00:00Z,BSHM,32,35,"[32, 33)","[35, 36)",39.1008,11,1.8659999999999997,300.0,0.651633,6f8330c7396a,True,P1A,GNSS_VTEC,GRIDDed_VTEC_1H,"The Phase 1 target is location-sampled gridded VTEC (Madrigal cell), never receiver-specific station-observed VTEC, and it carries its own distinct target_definition_id. The Phase 1 grid-cell target population is not the Phase 2 IPP target population: no numerical equivalence between the Phase 1 and Phase 2 targets is claimed, and Phase 2 is a fixed-protocol replication on a new target lineage, not a second statistically independent blind test (Vision 2.2, 6.6). Part of any measured IRI or GIM difference is a geometry and sampling artefact rather than skill: Phase 1 compares a grid cell against a station-coordinate evaluation, Phase 2 an IPP cloud against a zenith estimate (Vision 6.6)."
2022-11-03T10:00:00Z,BSHM,32,35,"[32, 33)","[35, 36)",42.6783,8,4.4026,1500.0,0.6516835000000001,6f8330c7396a,True,P1A,GNSS_VTEC,GRIDDed_VTEC_1H,"The Phase 1 target is location-sampled gridded VTEC (Madrigal cell), never receiver-specific station-observed VTEC, and it carries its own distinct target_definition_id. The Phase 1 grid-cell target population is not the Phase 2 IPP target population: no numerical equivalence between the Phase 1 and Phase 2 targets is claimed, and Phase 2 is a fixed-protocol replication on a new target lineage, not a second statistically independent blind test (Vision 2.2, 6.6). Part of any measured IRI or GIM difference is a geometry and sampling artefact rather than skill: Phase 1 compares a grid cell against a station-coordinate evaluation, Phase 2 an IPP cloud against a zenith estimate (Vision 6.6)."
2022-11-03T11:00:00Z,BSHM,32,35,"[32, 33)","[35, 36)",46.0917,11,1.8581000000000003,600.0,0.582917,6f8330c7396a,True,P1A,GNSS_VTEC,GRIDDed_VTEC_1H,"The Phase 1 target is location-sampled gridded VTEC (Madrigal cell), never receiver-specific station-observed VTEC, and it carries its own distinct target_definition_id. The Phase 1 grid-cell target population is not the Phase 2 IPP target population: no numerical equivalence between the Phase 1 and Phase 2 targets is claimed, and Phase 2 is a fixed-protocol replication on a new target lineage, not a second statistically independent blind test (Vision 2.2, 6.6). Part of any measured IRI or GIM difference is a geometry and sampling artefact rather than skill: Phase 1 compares a grid cell against a station-coordinate evaluation, Phase 2 an IPP cloud against a zenith estimate (Vision 6.6)."
2022-11-03T12:00:00Z,BSHM,32,35,"[32, 33)","[35, 36)",43.8006,12,2.429700000000004,300.0,0.492422,6f8330c7396a,True,P1A,GNSS_VTEC,GRIDDed_VTEC_1H,"The Phase 1 target is location-sampled gridded VTEC (Madrigal cell), never receiver-specific station-observed VTEC, and it carries its own distinct target_definition_id. The Phase 1 grid-cell target population is not the Phase 2 IPP target population: no numerical equivalence between the Phase 1 and Phase 2 targets is claimed, and Phase 2 is a fixed-protocol replication on a new target lineage, not a second statistically independent blind test (Vision 2.2, 6.6). Part of any measured IRI or GIM difference is a geometry and sampling artefact rather than skill: Phase 1 compares a grid cell against a station-coordinate evaluation, Phase 2 an IPP cloud against a zenith estimate (Vision 6.6)."
2022-11-03T13:00:00Z,BSHM,32,35,"[32, 33)","[35, 36)",41.122,12,8.094399999999993,300.0,0.53583,6f8330c7396a,True,P1A,GNSS_VTEC,GRIDDed_VTEC_1H,"The Phase 1 target is location-sampled gridded VTEC (Madrigal cell), never receiver-specific station-observed VTEC, and it carries its own distinct target_definition_id. The Phase 1 grid-cell target population is not the Phase 2 IPP target population: no numerical equivalence between the Phase 1 and Phase 2 targets is claimed, and Phase 2 is a fixed-protocol replication on a new target lineage, not a second statistically independent blind test (Vision 2.2, 6.6). Part of any measured IRI or GIM difference is a geometry and sampling artefact rather than skill: Phase 1 compares a grid cell against a station-coordinate evaluation, Phase 2 an IPP cloud against a zenith estimate (Vision 6.6)."
2022-11-03T14:00:00Z,BSHM,32,35,"[32, 33)","[35, 36)",27.754550000000002,12,11.036400000000004,300.0,0.46070049999999996,6f8330c7396a,False,P1A,GNSS_VTEC,GRIDDed_VTEC_1H,"The Phase 1 target is location-sampled gridded VTEC (Madrigal cell), never receiver-specific station-observed VTEC, and it carries its own distinct target_definition_id. The Phase 1 grid-cell target population is not the Phase 2 IPP target population: no numerical equivalence between the Phase 1 and Phase 2 targets is claimed, and Phase 2 is a fixed-protocol replication on a new target lineage, not a second statistically independent blind test (Vision 2.2, 6.6). Part of any measured IRI or GIM difference is a geometry and sampling artefact rather than skill: Phase 1 compares a grid cell against a station-coordinate evaluation, Phase 2 an IPP cloud against a zenith estimate (Vision 6.6)."
2022-11-03T15:00:00Z,BSHM,32,35,"[32, 33)","[35, 36)",18.3521,8,5.879000000000001,1500.0,0.9218219999999999,6f8330c7396a,True,P1A,GNSS_VTEC,GRIDDed_VTEC_1H,"The Phase 1 target is location-sampled gridded VTEC (Madrigal cell), never receiver-specific station-observed VTEC, and it carries its own distinct target_definition_id. The Phase 1 grid-cell target population is not the Phase 2 IPP target population: no numerical equivalence between the Phase 1 and Phase 2 targets is claimed, and Phase 2 is a fixed-protocol replication on a new target lineage, not a second statistically independent blind test (Vision 2.2, 6.6). Part of any measured IRI or GIM difference is a geometry and sampling artefact rather than skill: Phase 1 compares a grid cell against a station-coordinate evaluation, Phase 2 an IPP cloud against a zenith estimate (Vision 6.6)."
2022-11-03T16:00:00Z,BSHM,32,35,"[32, 33)","[35, 36)",12.4702,12,5.91883,300.0,0.8375935000000001,6f8330c7396a,True,P1A,GNSS_VTEC,GRIDDed_VTEC_1H,"The Phase 1 target is location-sampled gridded VTEC (Madrigal cell), never receiver-specific station-observed VTEC, and it carries its own distinct target_definition_id. The Phase 1 grid-cell target population is not the Phase 2 IPP target population: no numerical equivalence between the Phase 1 and Phase 2 targets is claimed, and Phase 2 is a fixed-protocol replication on a new target lineage, not a second statistically independent blind test (Vision 2.2, 6.6). Part of any measured IRI or GIM difference is a geometry and sampling artefact rather than skill: Phase 1 compares a grid cell against a station-coordinate evaluation, Phase 2 an IPP cloud against a zenith estimate (Vision 6.6)."
2022-11-03T17:00:00Z,BSHM,32,35,"[32, 33)","[35, 36)",9.72859,5,0.8897200000000005,900.0,1.30268,6f8330c7396a,True,P1A,GNSS_VTEC,GRIDDed_VTEC_1H,"The Phase 1 target is location-sampled gridded VTEC (Madrigal cell), never receiver-specific station-observed VTEC, and it carries its own distinct target_definition_id. The Phase 1 grid-cell target population is not the Phase 2 IPP target population: no numerical equivalence between the Phase 1 and Phase 2 targets is claimed, and Phase 2 is a fixed-protocol replication on a new target lineage, not a second statistically independent blind test (Vision 2.2, 6.6). Part of any measured IRI or GIM difference is a geometry and sampling artefact rather than skill: Phase 1 compares a grid cell against a station-coordinate evaluation, Phase 2 an IPP cloud against a zenith estimate (Vision 6.6)."
2022-11-03T18:00:00Z,BSHM,32,35,"[32, 33)","[35, 36)",9.498465,10,0.6234900000000003,300.0,0.5846454999999999,6f8330c7396a,True,P1A,GNSS_VTEC,GRIDDed_VTEC_1H,"The Phase 1 target is location-sampled gridded VTEC (Madrigal cell), never receiver-specific station-observed VTEC, and it carries its own distinct target_definition_id. The Phase 1 grid-cell target population is not the Phase 2 IPP target population: no numerical equivalence between the Phase 1 and Phase 2 targets is claimed, and Phase 2 is a fixed-protocol replication on a new target lineage, not a second statistically independent blind test (Vision 2.2, 6.6). Part of any measured IRI or GIM difference is a geometry and sampling artefact rather than skill: Phase 1 compares a grid cell against a station-coordinate evaluation, Phase 2 an IPP cloud against a zenith estimate (Vision 6.6)."
2022-11-03T19:00:00Z,BSHM,32,35,"[32, 33)","[35, 36)",9.87736,12,1.9709699999999994,300.0,0.6183989999999999,6f8330c7396a,True,P1A,GNSS_VTEC,GRIDDed_VTEC_1H,"The Phase 1 target is location-sampled gridded VTEC (Madrigal cell), never receiver-specific station-observed VTEC, and it carries its own distinct target_definition_id. The Phase 1 grid-cell target population is not the Phase 2 IPP target population: no numerical equivalence between the Phase 1 and Phase 2 targets is claimed, and Phase 2 is a fixed-protocol replication on a new target lineage, not a second statistically independent blind test (Vision 2.2, 6.6). Part of any measured IRI or GIM difference is a geometry and sampling artefact rather than skill: Phase 1 compares a grid cell against a station-coordinate evaluation, Phase 2 an IPP cloud against a zenith estimate (Vision 6.6)."
2022-11-03T20:00:00Z,BSHM,32,35,"[32, 33)","[35, 36)",8.741025,12,0.6637399999999989,300.0,0.411917,6f8330c7396a,True,P1A,GNSS_VTEC,GRIDDed_VTEC_1H,"The Phase 1 target is location-sampled gridded VTEC (Madrigal cell), never receiver-specific station-observed VTEC, and it carries its own distinct target_definition_id. The Phase 1 grid-cell target population is not the Phase 2 IPP target population: no numerical equivalence between the Phase 1 and Phase 2 targets is claimed, and Phase 2 is a fixed-protocol replication on a new target lineage, not a second statistically independent blind test (Vision 2.2, 6.6). Part of any measured IRI or GIM difference is a geometry and sampling artefact rather than skill: Phase 1 compares a grid cell against a station-coordinate evaluation, Phase 2 an IPP cloud against a zenith estimate (Vision 6.6)."
2022-11-03T21:00:00Z,BSHM,32,35,"[32, 33)","[35, 36)",9.327435000000001,12,1.0298099999999994,300.0,0.3925205,6f8330c7396a,True,P1A,GNSS_VTEC,GRIDDed_VTEC_1H,"The Phase 1 target is location-sampled gridded VTEC (Madrigal cell), never receiver-specific station-observed VTEC, and it carries its own distinct target_definition_id. The Phase 1 grid-cell target population is not the Phase 2 IPP target population: no numerical equivalence between the Phase 1 and Phase 2 targets is claimed, and Phase 2 is a fixed-protocol replication on a new target lineage, not a second statistically independent blind test (Vision 2.2, 6.6). Part of any measured IRI or GIM difference is a geometry and sampling artefact rather than skill: Phase 1 compares a grid cell against a station-coordinate evaluation, Phase 2 an IPP cloud against a zenith estimate (Vision 6.6)."
2022-11-03T22:00:00Z,BSHM,32,35,"[32, 33)","[35, 36)",7.673995,12,2.8193900000000003,300.0,0.460312,6f8330c7396a,True,P1A,GNSS_VTEC,GRIDDed_VTEC_1H,"The Phase 1 target is location-sampled gridded VTEC (Madrigal cell), never receiver-specific station-observed VTEC, and it carries its own distinct target_definition_id. The Phase 1 grid-cell target population is not the Phase 2 IPP target population: no numerical equivalence between the Phase 1 and Phase 2 targets is claimed, and Phase 2 is a fixed-protocol replication on a new target lineage, not a second statistically independent blind test (Vision 2.2, 6.6). Part of any measured IRI or GIM difference is a geometry and sampling artefact rather than skill: Phase 1 compares a grid cell against a station-coordinate evaluation, Phase 2 an IPP cloud against a zenith estimate (Vision 6.6)."
2022-11-03T23:00:00Z,BSHM,32,35,"[32, 33)","[35, 36)",6.0117,5,1.0671400000000002,300.0,0.651714,6f8330c7396a,True,P1A,GNSS_VTEC,GRIDDed_VTEC_1H,"The Phase 1 target is location-sampled gridded VTEC (Madrigal cell), never receiver-specific station-observed VTEC, and it carries its own distinct target_definition_id. The Phase 1 grid-cell target population is not the Phase 2 IPP target population: no numerical equivalence between the Phase 1 and Phase 2 targets is claimed, and Phase 2 is a fixed-protocol replication on a new target lineage, not a second statistically independent blind test (Vision 2.2, 6.6). Part of any measured IRI or GIM difference is a geometry and sampling artefact rather than skill: Phase 1 compares a grid cell against a station-coordinate evaluation, Phase 2 an IPP cloud against a zenith estimate (Vision 6.6)."
2022-11-04T00:00:00Z,BSHM,32,35,"[32, 33)","[35, 36)",6.25839,11,0.6356399999999995,300.0,0.582933,6f8330c7396a,True,P1A,GNSS_VTEC,GRIDDed_VTEC_1H,"The Phase 1 target is location-sampled gridded VTEC (Madrigal cell), never receiver-specific station-observed VTEC, and it carries its own distinct target_definition_id. The Phase 1 grid-cell target population is not the Phase 2 IPP target population: no numerical equivalence between the Phase 1 and Phase 2 targets is claimed, and Phase 2 is a fixed-protocol replication on a new target lineage, not a second statistically independent blind test (Vision 2.2, 6.6). Part of any measured IRI or GIM difference is a geometry and sampling artefact rather than skill: Phase 1 compares a grid cell against a station-coordinate evaluation, Phase 2 an IPP cloud against a zenith estimate (Vision 6.6)."
2022-11-04T01:00:00Z,BSHM,32,35,"[32, 33)","[35, 36)",6.700615,12,0.6784600000000003,300.0,0.4923725,6f8330c7396a,True,P1A,GNSS_VTEC,GRIDDed_VTEC_1H,"The Phase 1 target is location-sampled gridded VTEC (Madrigal cell), never receiver-specific station-observed VTEC, and it carries its own distinct target_definition_id. The Phase 1 grid-cell target population is not the Phase 2 IPP target population: no numerical equivalence between the Phase 1 and Phase 2 targets is claimed, and Phase 2 is a fixed-protocol replication on a new target lineage, not a second statistically independent blind test (Vision 2.2, 6.6). Part of any measured IRI or GIM difference is a geometry and sampling artefact rather than skill: Phase 1 compares a grid cell against a station-coordinate evaluation, Phase 2 an IPP cloud against a zenith estimate (Vision 6.6)."
2022-11-04T02:00:00Z,BSHM,32,35,"[32, 33)","[35, 36)",5.73837,12,1.3726099999999999,300.0,0.531624,6f8330c7396a,True,P1A,GNSS_VTEC,GRIDDed_VTEC_1H,"The Phase 1 target is location-sampled gridded VTEC (Madrigal cell), never receiver-specific station-observed VTEC, and it carries its own distinct target_definition_id. The Phase 1 grid-cell target population is not the Phase 2 IPP target population: no numerical equivalence between the Phase 1 and Phase 2 targets is claimed, and Phase 2 is a fixed-protocol replication on a new target lineage, not a second statistically independent blind test (Vision 2.2, 6.6). Part of any measured IRI or GIM difference is a geometry and sampling artefact rather than skill: Phase 1 compares a grid cell against a station-coordinate evaluation, Phase 2 an IPP cloud against a zenith estimate (Vision 6.6)."
2022-11-04T03:00:00Z,BSHM,32,35,"[32, 33)","[35, 36)",6.73956,12,5.5790500000000005,300.0,0.492383,6f8330c7396a,True,P1A,GNSS_VTEC,GRIDDed_VTEC_1H,"The Phase 1 target is location-sampled gridded VTEC (Madrigal cell), never receiver-specific station-observed VTEC, and it carries its own distinct target_definition_id. The Phase 1 grid-cell target population is not the Phase 2 IPP target population: no numerical equivalence between the Phase 1 and Phase 2 targets is claimed, and Phase 2 is a fixed-protocol replication on a new target lineage, not a second statistically independent blind test (Vision 2.2, 6.6). Part of any measured IRI or GIM difference is a geometry and sampling artefact rather than skill: Phase 1 compares a grid cell against a station-coordinate evaluation, Phase 2 an IPP cloud against a zenith estimate (Vision 6.6)."
2022-11-04T04:00:00Z,BSHM,32,35,"[32, 33)","[35, 36)",14.4077,12,8.624900000000002,300.0,0.46127450000000003,6f8330c7396a,True,P1A,GNSS_VTEC,GRIDDed_VTEC_1H,"The Phase 1 target is location-sampled gridded VTEC (Madrigal cell), never receiver-specific station-observed VTEC, and it carries its own distinct target_definition_id. The Phase 1 grid-cell target population is not the Phase 2 IPP target population: no numerical equivalence between the Phase 1 and Phase 2 targets is claimed, and Phase 2 is a fixed-protocol replication on a new target lineage, not a second statistically independent blind test (Vision 2.2, 6.6). Part of any measured IRI or GIM difference is a geometry and sampling artefact rather than skill: Phase 1 compares a grid cell against a station-coordinate evaluation, Phase 2 an IPP cloud against a zenith estimate (Vision 6.6)."
2022-11-04T05:00:00Z,BSHM,32,35,"[32, 33)","[35, 36)",22.28725,12,4.971100000000003,300.0,0.7539125,6f8330c7396a,True,P1A,GNSS_VTEC,GRIDDed_VTEC_1H,"The Phase 1 target is location-sampled gridded VTEC (Madrigal cell), never receiver-specific station-observed VTEC, and it carries its own distinct target_definition_id. The Phase 1 grid-cell target population is not the Phase 2 IPP target population: no numerical equivalence between the Phase 1 and Phase 2 targets is claimed, and Phase 2 is a fixed-protocol replication on a new target lineage, not a second statistically independent blind test (Vision 2.2, 6.6). Part of any measured IRI or GIM difference is a geometry and sampling artefact rather than skill: Phase 1 compares a grid cell against a station-coordinate evaluation, Phase 2 an IPP cloud against a zenith estimate (Vision 6.6)."
2022-11-04T06:00:00Z,BSHM,32,35,"[32, 33)","[35, 36)",30.1047,12,7.831200000000003,300.0,0.5573175,6f8330c7396a,True,P1A,GNSS_VTEC,GRIDDed_VTEC_1H,"The Phase 1 target is location-sampled gridded VTEC (Madrigal cell), never receiver-specific station-observed VTEC, and it carries its own distinct target_definition_id. The Phase 1 grid-cell target population is not the Phase 2 IPP target population: no numerical equivalence between the Phase 1 and Phase 2 targets is claimed, and Phase 2 is a fixed-protocol replication on a new target lineage, not a second statistically independent blind test (Vision 2.2, 6.6). Part of any measured IRI or GIM difference is a geometry and sampling artefact rather than skill: Phase 1 compares a grid cell against a station-coordinate evaluation, Phase 2 an IPP cloud against a zenith estimate (Vision 6.6)."
2022-11-04T07:00:00Z,BSHM,32,35,"[32, 33)","[35, 36)",35.600899999999996,12,4.208599999999997,300.0,0.7022349999999999,6f8330c7396a,True,P1A,GNSS_VTEC,GRIDDed_VTEC_1H,"The Phase 1 target is location-sampled gridded VTEC (Madrigal cell), never receiver-specific station-observed VTEC, and it carries its own distinct target_definition_id. The Phase 1 grid-cell target population is not the Phase 2 IPP target population: no numerical equivalence between the Phase 1 and Phase 2 targets is claimed, and Phase 2 is a fixed-protocol replication on a new target lineage, not a second statistically independent blind test (Vision 2.2, 6.6). Part of any measured IRI or GIM difference is a geometry and sampling artefact rather than skill: Phase 1 compares a grid cell against a station-coordinate evaluation, Phase 2 an IPP cloud against a zenith estimate (Vision 6.6)."
2022-11-04T08:00:00Z,BSHM,32,35,"[32, 33)","[35, 36)",35.79485,12,3.555399999999999,300.0,0.5831175,6f8330c7396a,True,P1A,GNSS_VTEC,GRIDDed_VTEC_1H,"The Phase 1 target is location-sampled gridded VTEC (Madrigal cell), never receiver-specific station-observed VTEC, and it carries its own distinct target_definition_id. The Phase 1 grid-cell target population is not the Phase 2 IPP target population: no numerical equivalence between the Phase 1 and Phase 2 targets is claimed, and Phase 2 is a fixed-protocol replication on a new target lineage, not a second statistically independent blind test (Vision 2.2, 6.6). Part of any measured IRI or GIM difference is a geometry and sampling artefact rather than skill: Phase 1 compares a grid cell against a station-coordinate evaluation, Phase 2 an IPP cloud against a zenith estimate (Vision 6.6)."
2022-11-04T09:00:00Z,BSHM,32,35,"[32, 33)","[35, 36)",33.4344,12,1.0260999999999996,300.0,0.7028004999999999,6f8330c7396a,True,P1A,GNSS_VTEC,GRIDDed_VTEC_1H,"The Phase 1 target is location-sampled gridded VTEC (Madrigal cell), never receiver-specific station-observed VTEC, and it carries its own distinct target_definition_id. The Phase 1 grid-cell target population is not the Phase 2 IPP target population: no numerical equivalence between the Phase 1 and Phase 2 targets is claimed, and Phase 2 is a fixed-protocol replication on a new target lineage, not a second statistically independent blind test (Vision 2.2, 6.6). Part of any measured IRI or GIM difference is a geometry and sampling artefact rather than skill: Phase 1 compares a grid cell against a station-coordinate evaluation, Phase 2 an IPP cloud against a zenith estimate (Vision 6.6)."
2022-11-04T10:00:00Z,BSHM,32,35,"[32, 33)","[35, 36)",38.21465,10,7.548800000000007,900.0,0.5922385,6f8330c7396a,True,P1A,GNSS_VTEC,GRIDDed_VTEC_1H,"The Phase 1 target is location-sampled gridded VTEC (Madrigal cell), never receiver-specific station-observed VTEC, and it carries its own distinct target_definition_id. The Phase 1 grid-cell target population is not the Phase 2 IPP target population: no numerical equivalence between the Phase 1 and Phase 2 targets is claimed, and Phase 2 is a fixed-protocol replication on a new target lineage, not a second statistically independent blind test (Vision 2.2, 6.6). Part of any measured IRI or GIM difference is a geometry and sampling artefact rather than skill: Phase 1 compares a grid cell against a station-coordinate evaluation, Phase 2 an IPP cloud against a zenith estimate (Vision 6.6)."
2022-11-04T11:00:00Z,BSHM,32,35,"[32, 33)","[35, 36)",42.400850000000005,12,3.1843000000000004,300.0,0.492622,6f8330c7396a,True,P1A,GNSS_VTEC,GRIDDed_VTEC_1H,"The Phase 1 target is location-sampled gridded VTEC (Madrigal cell), never receiver-specific station-observed VTEC, and it carries its own distinct target_definition_id. The Phase 1 grid-cell target population is not the Phase 2 IPP target population: no numerical equivalence between the Phase 1 and Phase 2 targets is claimed, and Phase 2 is a fixed-protocol replication on a new target lineage, not a second statistically independent blind test (Vision 2.2, 6.6). Part of any measured IRI or GIM difference is a geometry and sampling artefact rather than skill: Phase 1 compares a grid cell against a station-coordinate evaluation, Phase 2 an IPP cloud against a zenith estimate (Vision 6.6)."
2022-11-04T12:00:00Z,BSHM,32,35,"[32, 33)","[35, 36)",38.9997,12,5.5623000000000005,300.0,0.4230175,6f8330c7396a,True,P1A,GNSS_VTEC,GRIDDed_VTEC_1H,"The Phase 1 target is location-sampled gridded VTEC (Madrigal cell), never receiver-specific station-observed VTEC, and it carries its own distinct target_definition_id. The Phase 1 grid-cell target population is not the Phase 2 IPP target population: no numerical equivalence between the Phase 1 and Phase 2 targets is claimed, and Phase 2 is a fixed-protocol replication on a new target lineage, not a second statistically independent blind test (Vision 2.2, 6.6). Part of any measured IRI or GIM difference is a geometry and sampling artefact rather than skill: Phase 1 compares a grid cell against a station-coordinate evaluation, Phase 2 an IPP cloud against a zenith estimate (Vision 6.6)."
2022-11-04T13:00:00Z,BSHM,32,35,"[32, 33)","[35, 36)",32.31985,12,9.248799999999996,300.0,0.49642749999999997,6f8330c7396a,True,P1A,GNSS_VTEC,GRIDDed_VTEC_1H,"The Phase 1 target is location-sampled gridded VTEC (Madrigal cell), never receiver-specific station-observed VTEC, and it carries its own distinct target_definition_id. The Phase 1 grid-cell target population is not the Phase 2 IPP target population: no numerical equivalence between the Phase 1 and Phase 2 targets is claimed, and Phase 2 is a fixed-protocol replication on a new target lineage, not a second statistically independent blind test (Vision 2.2, 6.6). Part of any measured IRI or GIM difference is a geometry and sampling artefact rather than skill: Phase 1 compares a grid cell against a station-coordinate evaluation, Phase 2 an IPP cloud against a zenith estimate (Vision 6.6)."
2022-11-04T14:00:00Z,BSHM,32,35,"[32, 33)","[35, 36)",23.71755,12,9.4846,300.0,0.46084,6f8330c7396a,True,P1A,GNSS_VTEC,GRIDDed_VTEC_1H,"The Phase 1 target is location-sampled gridded VTEC (Madrigal cell), never receiver-specific station-observed VTEC, and it carries its own distinct target_definition_id. The Phase 1 grid-cell target population is not the Phase 2 IPP target population: no numerical equivalence between the Phase 1 and Phase 2 targets is claimed, and Phase 2 is a fixed-protocol replication on a new target lineage, not a second statistically independent blind test (Vision 2.2, 6.6). Part of any measured IRI or GIM difference is a geometry and sampling artefact rather than skill: Phase 1 compares a grid cell against a station-coordinate evaluation, Phase 2 an IPP cloud against a zenith estimate (Vision 6.6)."
2022-11-04T15:00:00Z,BSHM,32,35,"[32, 33)","[35, 36)",15.5465,7,6.488399999999999,1800.0,0.752853,6f8330c7396a,True,P1A,GNSS_VTEC,GRIDDed_VTEC_1H,"The Phase 1 target is location-sampled gridded VTEC (Madrigal cell), never receiver-specific station-observed VTEC, and it carries its own distinct target_definition_id. The Phase 1 grid-cell target population is not the Phase 2 IPP target population: no numerical equivalence between the Phase 1 and Phase 2 targets is claimed, and Phase 2 is a fixed-protocol replication on a new target lineage, not a second statistically independent blind test (Vision 2.2, 6.6). Part of any measured IRI or GIM difference is a geometry and sampling artefact rather than skill: Phase 1 compares a grid cell against a station-coordinate evaluation, Phase 2 an IPP cloud against a zenith estimate (Vision 6.6)."
2022-11-04T16:00:00Z,BSHM,32,35,"[32, 33)","[35, 36)",9.920185,10,2.2017799999999994,300.0,0.754819,6f8330c7396a,True,P1A,GNSS_VTEC,GRIDDed_VTEC_1H,"The Phase 1 target is location-sampled gridded VTEC (Madrigal cell), never receiver-specific station-observed VTEC, and it carries its own distinct target_definition_id. The Phase 1 grid-cell target population is not the Phase 2 IPP target population: no numerical equivalence between the Phase 1 and Phase 2 targets is claimed, and Phase 2 is a fixed-protocol replication on a new target lineage, not a second statistically independent blind test (Vision 2.2, 6.6). Part of any measured IRI or GIM difference is a geometry and sampling artefact rather than skill: Phase 1 compares a grid cell against a station-coordinate evaluation, Phase 2 an IPP cloud against a zenith estimate (Vision 6.6)."
2022-11-04T17:00:00Z,BSHM,32,35,"[32, 33)","[35, 36)",8.91559,7,0.9467400000000001,600.0,0.928752,6f8330c7396a,True,P1A,GNSS_VTEC,GRIDDed_VTEC_1H,"The Phase 1 target is location-sampled gridded VTEC (Madrigal cell), never receiver-specific station-observed VTEC, and it carries its own distinct target_definition_id. The Phase 1 grid-cell target population is not the Phase 2 IPP target population: no numerical equivalence between the Phase 1 and Phase 2 targets is claimed, and Phase 2 is a fixed-protocol replication on a new target lineage, not a second statistically independent blind test (Vision 2.2, 6.6). Part of any measured IRI or GIM difference is a geometry and sampling artefact rather than skill: Phase 1 compares a grid cell against a station-coordinate evaluation, Phase 2 an IPP cloud against a zenith estimate (Vision 6.6)."
2022-11-04T18:00:00Z,BSHM,32,35,"[32, 33)","[35, 36)",6.91337,9,0.74282,300.0,0.495545,6f8330c7396a,True,P1A,GNSS_VTEC,GRIDDed_VTEC_1H,"The Phase 1 target is location-sampled gridded VTEC (Madrigal cell), never receiver-specific station-observed VTEC, and it carries its own distinct target_definition_id. The Phase 1 grid-cell target population is not the Phase 2 IPP target population: no numerical equivalence between the Phase 1 and Phase 2 targets is claimed, and Phase 2 is a fixed-protocol replication on a new target lineage, not a second statistically independent blind test (Vision 2.2, 6.6). Part of any measured IRI or GIM difference is a geometry and sampling artefact rather than skill: Phase 1 compares a grid cell against a station-coordinate evaluation, Phase 2 an IPP cloud against a zenith estimate (Vision 6.6)."
2022-11-04T19:00:00Z,BSHM,32,35,"[32, 33)","[35, 36)",6.58901,12,0.4673999999999996,300.0,0.582927,6f8330c7396a,True,P1A,GNSS_VTEC,GRIDDed_VTEC_1H,"The Phase 1 target is location-sampled gridded VTEC (Madrigal cell), never receiver-specific station-observed VTEC, and it carries its own distinct target_definition_id. The Phase 1 grid-cell target population is not the Phase 2 IPP target population: no numerical equivalence between the Phase 1 and Phase 2 targets is claimed, and Phase 2 is a fixed-protocol replication on a new target lineage, not a second statistically independent blind test (Vision 2.2, 6.6). Part of any measured IRI or GIM difference is a geometry and sampling artefact rather than skill: Phase 1 compares a grid cell against a station-coordinate evaluation, Phase 2 an IPP cloud against a zenith estimate (Vision 6.6)."
2022-11-04T20:00:00Z,BSHM,32,35,"[32, 33)","[35, 36)",6.641845,12,0.2650899999999998,300.0,0.3927835,6f8330c7396a,True,P1A,GNSS_VTEC,GRIDDed_VTEC_1H,"The Phase 1 target is location-sampled gridded VTEC (Madrigal cell), never receiver-specific station-observed VTEC, and it carries its own distinct target_definition_id. The Phase 1 grid-cell target population is not the Phase 2 IPP target population: no numerical equivalence between the Phase 1 and Phase 2 targets is claimed, and Phase 2 is a fixed-protocol replication on a new target lineage, not a second statistically independent blind test (Vision 2.2, 6.6). Part of any measured IRI or GIM difference is a geometry and sampling artefact rather than skill: Phase 1 compares a grid cell against a station-coordinate evaluation, Phase 2 an IPP cloud against a zenith estimate (Vision 6.6)."
2022-11-04T21:00:00Z,BSHM,32,35,"[32, 33)","[35, 36)",7.442864999999999,12,0.91615,300.0,0.3761675,6f8330c7396a,True,P1A,GNSS_VTEC,GRIDDed_VTEC_1H,"The Phase 1 target is location-sampled gridded VTEC (Madrigal cell), never receiver-specific station-observed VTEC, and it carries its own distinct target_definition_id. The Phase 1 grid-cell target population is not the Phase 2 IPP target population: no numerical equivalence between the Phase 1 and Phase 2 targets is claimed, and Phase 2 is a fixed-protocol replication on a new target lineage, not a second statistically independent blind test (Vision 2.2, 6.6). Part of any measured IRI or GIM difference is a geometry and sampling artefact rather than skill: Phase 1 compares a grid cell against a station-coordinate evaluation, Phase 2 an IPP cloud against a zenith estimate (Vision 6.6)."
2022-11-04T22:00:00Z,BSHM,32,35,"[32, 33)","[35, 36)",7.12726,12,1.4313700000000003,300.0,0.4609985,6f8330c7396a,True,P1A,GNSS_VTEC,GRIDDed_VTEC_1H,"The Phase 1 target is location-sampled gridded VTEC (Madrigal cell), never receiver-specific station-observed VTEC, and it carries its own distinct target_definition_id. The Phase 1 grid-cell target population is not the Phase 2 IPP target population: no numerical equivalence between the Phase 1 and Phase 2 targets is claimed, and Phase 2 is a fixed-protocol replication on a new target lineage, not a second statistically independent blind test (Vision 2.2, 6.6). Part of any measured IRI or GIM difference is a geometry and sampling artefact rather than skill: Phase 1 compares a grid cell against a station-coordinate evaluation, Phase 2 an IPP cloud against a zenith estimate (Vision 6.6)."
2022-11-04T23:00:00Z,BSHM,32,35,"[32, 33)","[35, 36)",6.299775,4,0.43891999999999953,300.0,0.6675884999999999,6f8330c7396a,True,P1A,GNSS_VTEC,GRIDDed_VTEC_1H,"The Phase 1 target is location-sampled gridded VTEC (Madrigal cell), never receiver-specific station-observed VTEC, and it carries its own distinct target_definition_id. The Phase 1 grid-cell target population is not the Phase 2 IPP target population: no numerical equivalence between the Phase 1 and Phase 2 targets is claimed, and Phase 2 is a fixed-protocol replication on a new target lineage, not a second statistically independent blind test (Vision 2.2, 6.6). Part of any measured IRI or GIM difference is a geometry and sampling artefact rather than skill: Phase 1 compares a grid cell against a station-coordinate evaluation, Phase 2 an IPP cloud against a zenith estimate (Vision 6.6)."
2022-11-05T00:00:00Z,BSHM,32,35,"[32, 33)","[35, 36)",6.161815000000001,12,1.6006500000000008,300.0,0.6523654999999999,6f8330c7396a,True,P1A,GNSS_VTEC,GRIDDed_VTEC_1H,"The Phase 1 target is location-sampled gridded VTEC (Madrigal cell), never receiver-specific station-observed VTEC, and it carries its own distinct target_definition_id. The Phase 1 grid-cell target population is not the Phase 2 IPP target population: no numerical equivalence between the Phase 1 and Phase 2 targets is claimed, and Phase 2 is a fixed-protocol replication on a new target lineage, not a second statistically independent blind test (Vision 2.2, 6.6). Part of any measured IRI or GIM difference is a geometry and sampling artefact rather than skill: Phase 1 compares a grid cell against a station-coordinate evaluation, Phase 2 an IPP cloud against a zenith estimate (Vision 6.6)."
2022-11-05T01:00:00Z,BSHM,32,35,"[32, 33)","[35, 36)",5.69876,12,0.5323200000000003,300.0,0.5317445000000001,6f8330c7396a,True,P1A,GNSS_VTEC,GRIDDed_VTEC_1H,"The Phase 1 target is location-sampled gridded VTEC (Madrigal cell), never receiver-specific station-observed VTEC, and it carries its own distinct target_definition_id. The Phase 1 grid-cell target population is not the Phase 2 IPP target population: no numerical equivalence between the Phase 1 and Phase 2 targets is claimed, and Phase 2 is a fixed-protocol replication on a new target lineage, not a second statistically independent blind test (Vision 2.2, 6.6). Part of any measured IRI or GIM difference is a geometry and sampling artefact rather than skill: Phase 1 compares a grid cell against a station-coordinate evaluation, Phase 2 an IPP cloud against a zenith estimate (Vision 6.6)."
2022-11-05T02:00:00Z,BSHM,32,35,"[32, 33)","[35, 36)",5.12208,12,0.3521900000000002,300.0,0.46139399999999997,6f8330c7396a,True,P1A,GNSS_VTEC,GRIDDed_VTEC_1H,"The Phase 1 target is location-sampled gridded VTEC (Madrigal cell), never receiver-specific station-observed VTEC, and it carries its own distinct target_definition_id. The Phase 1 grid-cell target population is not the Phase 2 IPP target population: no numerical equivalence between the Phase 1 and Phase 2 targets is claimed, and Phase 2 is a fixed-protocol replication on a new target lineage, not a second statistically independent blind test (Vision 2.2, 6.6). Part of any measured IRI or GIM difference is a geometry and sampling artefact rather than skill: Phase 1 compares a grid cell against a station-coordinate evaluation, Phase 2 an IPP cloud against a zenith estimate (Vision 6.6)."
2022-11-05T03:00:00Z,BSHM,32,35,"[32, 33)","[35, 36)",5.982755,12,3.680690000000001,300.0,0.651081,6f8330c7396a,True,P1A,GNSS_VTEC,GRIDDed_VTEC_1H,"The Phase 1 target is location-sampled gridded VTEC (Madrigal cell), never receiver-specific station-observed VTEC, and it carries its own distinct target_definition_id. The Phase 1 grid-cell target population is not the Phase 2 IPP target population: no numerical equivalence between the Phase 1 and Phase 2 targets is claimed, and Phase 2 is a fixed-protocol replication on a new target lineage, not a second statistically independent blind test (Vision 2.2, 6.6). Part of any measured IRI or GIM difference is a geometry and sampling artefact rather than skill: Phase 1 compares a grid cell against a station-coordinate evaluation, Phase 2 an IPP cloud against a zenith estimate (Vision 6.6)."
2022-11-05T04:00:00Z,BSHM,32,35,"[32, 33)","[35, 36)",14.83595,10,7.586399999999999,300.0,0.5922915,6f8330c7396a,True,P1A,GNSS_VTEC,GRIDDed_VTEC_1H,"The Phase 1 target is location-sampled gridded VTEC (Madrigal cell), never receiver-specific station-observed VTEC, and it carries its own distinct target_definition_id. The Phase 1 grid-cell target population is not the Phase 2 IPP target population: no numerical equivalence between the Phase 1 and Phase 2 targets is claimed, and Phase 2 is a fixed-protocol replication on a new target lineage, not a second statistically independent blind test (Vision 2.2, 6.6). Part of any measured IRI or GIM difference is a geometry and sampling artefact rather than skill: Phase 1 compares a grid cell against a station-coordinate evaluation, Phase 2 an IPP cloud against a zenith estimate (Vision 6.6)."
2022-11-05T05:00:00Z,BSHM,32,35,"[32, 33)","[35, 36)",22.137700000000002,12,5.1936,300.0,0.6515770000000001,6f8330c7396a,True,P1A,GNSS_VTEC,GRIDDed_VTEC_1H,"The Phase 1 target is location-sampled gridded VTEC (Madrigal cell), never receiver-specific station-observed VTEC, and it carries its own distinct target_definition_id. The Phase 1 grid-cell target population is not the Phase 2 IPP target population: no numerical equivalence between the Phase 1 and Phase 2 targets is claimed, and Phase 2 is a fixed-protocol replication on a new target lineage, not a second statistically independent blind test (Vision 2.2, 6.6). Part of any measured IRI or GIM difference is a geometry and sampling artefact rather than skill: Phase 1 compares a grid cell against a station-coordinate evaluation, Phase 2 an IPP cloud against a zenith estimate (Vision 6.6)."
2022-11-05T06:00:00Z,BSHM,32,35,"[32, 33)","[35, 36)",25.960900000000002,12,3.8245000000000005,300.0,0.5317955000000001,6f8330c7396a,True,P1A,GNSS_VTEC,GRIDDed_VTEC_1H,"The Phase 1 target is location-sampled gridded VTEC (Madrigal cell), never receiver-specific station-observed VTEC, and it carries its own distinct target_definition_id. The Phase 1 grid-cell target population is not the Phase 2 IPP target population: no numerical equivalence between the Phase 1 and Phase 2 targets is claimed, and Phase 2 is a fixed-protocol replication on a new target lineage, not a second statistically independent blind test (Vision 2.2, 6.6). Part of any measured IRI or GIM difference is a geometry and sampling artefact rather than skill: Phase 1 compares a grid cell against a station-coordinate evaluation, Phase 2 an IPP cloud against a zenith estimate (Vision 6.6)."
2022-11-05T07:00:00Z,BSHM,32,35,"[32, 33)","[35, 36)",34.8537,12,11.557000000000002,300.0,0.651545,6f8330c7396a,False,P1A,GNSS_VTEC,GRIDDed_VTEC_1H,"The Phase 1 target is location-sampled gridded VTEC (Madrigal cell), never receiver-specific station-observed VTEC, and it carries its own distinct target_definition_id. The Phase 1 grid-cell target population is not the Phase 2 IPP target population: no numerical equivalence between the Phase 1 and Phase 2 targets is claimed, and Phase 2 is a fixed-protocol replication on a new target lineage, not a second statistically independent blind test (Vision 2.2, 6.6). Part of any measured IRI or GIM difference is a geometry and sampling artefact rather than skill: Phase 1 compares a grid cell against a station-coordinate evaluation, Phase 2 an IPP cloud against a zenith estimate (Vision 6.6)."
2022-11-05T08:00:00Z,BSHM,32,35,"[32, 33)","[35, 36)",41.28975,10,4.369100000000003,300.0,0.53295,6f8330c7396a,True,P1A,GNSS_VTEC,GRIDDed_VTEC_1H,"The Phase 1 target is location-sampled gridded VTEC (Madrigal cell), never receiver-specific station-observed VTEC, and it carries its own distinct target_definition_id. The Phase 1 grid-cell target population is not the Phase 2 IPP target population: no numerical equivalence between the Phase 1 and Phase 2 targets is claimed, and Phase 2 is a fixed-protocol replication on a new target lineage, not a second statistically independent blind test (Vision 2.2, 6.6). Part of any measured IRI or GIM difference is a geometry and sampling artefact rather than skill: Phase 1 compares a grid cell against a station-coordinate evaluation, Phase 2 an IPP cloud against a zenith estimate (Vision 6.6)."
2022-11-05T09:00:00Z,BSHM,32,35,"[32, 33)","[35, 36)",33.101299999999995,12,4.166700000000002,300.0,0.7530695000000001,6f8330c7396a,True,P1A,GNSS_VTEC,GRIDDed_VTEC_1H,"The Phase 1 target is location-sampled gridded VTEC (Madrigal cell), never receiver-specific station-observed VTEC, and it carries its own distinct target_definition_id. The Phase 1 grid-cell target population is not the Phase 2 IPP target population: no numerical equivalence between the Phase 1 and Phase 2 targets is claimed, and Phase 2 is a fixed-protocol replication on a new target lineage, not a second statistically independent blind test (Vision 2.2, 6.6). Part of any measured IRI or GIM difference is a geometry and sampling artefact rather than skill: Phase 1 compares a grid cell against a station-coordinate evaluation, Phase 2 an IPP cloud against a zenith estimate (Vision 6.6)."
2022-11-05T10:00:00Z,BSHM,32,35,"[32, 33)","[35, 36)",39.1919,11,9.389200000000002,300.0,0.532816,6f8330c7396a,True,P1A,GNSS_VTEC,GRIDDed_VTEC_1H,"The Phase 1 target is location-sampled gridded VTEC (Madrigal cell), never receiver-specific station-observed VTEC, and it carries its own distinct target_definition_id. The Phase 1 grid-cell target population is not the Phase 2 IPP target population: no numerical equivalence between the Phase 1 and Phase 2 targets is claimed, and Phase 2 is a fixed-protocol replication on a new target lineage, not a second statistically independent blind test (Vision 2.2, 6.6). Part of any measured IRI or GIM difference is a geometry and sampling artefact rather than skill: Phase 1 compares a grid cell against a station-coordinate evaluation, Phase 2 an IPP cloud against a zenith estimate (Vision 6.6)."
2022-11-05T11:00:00Z,BSHM,32,35,"[32, 33)","[35, 36)",44.95405,12,2.5655,300.0,0.5322905,6f8330c7396a,True,P1A,GNSS_VTEC,GRIDDed_VTEC_1H,"The Phase 1 target is location-sampled gridded VTEC (Madrigal cell), never receiver-specific station-observed VTEC, and it carries its own distinct target_definition_id. The Phase 1 grid-cell target population is not the Phase 2 IPP target population: no numerical equivalence between the Phase 1 and Phase 2 targets is claimed, and Phase 2 is a fixed-protocol replication on a new target lineage, not a second statistically independent blind test (Vision 2.2, 6.6). Part of any measured IRI or GIM difference is a geometry and sampling artefact rather than skill: Phase 1 compares a grid cell against a station-coordinate evaluation, Phase 2 an IPP cloud against a zenith estimate (Vision 6.6)."
2022-11-05T12:00:00Z,BSHM,32,35,"[32, 33)","[35, 36)",43.3513,12,5.0672,300.0,0.434232,6f8330c7396a,True,P1A,GNSS_VTEC,GRIDDed_VTEC_1H,"The Phase 1 target is location-sampled gridded VTEC (Madrigal cell), never receiver-specific station-observed VTEC, and it carries its own distinct target_definition_id. The Phase 1 grid-cell target population is not the Phase 2 IPP target population: no numerical equivalence between the Phase 1 and Phase 2 targets is claimed, and Phase 2 is a fixed-protocol replication on a new target lineage, not a second statistically independent blind test (Vision 2.2, 6.6). Part of any measured IRI or GIM difference is a geometry and sampling artefact rather than skill: Phase 1 compares a grid cell against a station-coordinate evaluation, Phase 2 an IPP cloud against a zenith estimate (Vision 6.6)."
2022-11-05T13:00:00Z,BSHM,32,35,"[32, 33)","[35, 36)",37.7606,12,6.093299999999999,300.0,0.43651249999999997,6f8330c7396a,True,P1A,GNSS_VTEC,GRIDDed_VTEC_1H,"The Phase 1 target is location-sampled gridded VTEC (Madrigal cell), never receiver-specific station-observed VTEC, and it carries its own distinct target_definition_id. The Phase 1 grid-cell target population is not the Phase 2 IPP target population: no numerical equivalence between the Phase 1 and Phase 2 targets is claimed, and Phase 2 is a fixed-protocol replication on a new target lineage, not a second statistically independent blind test (Vision 2.2, 6.6). Part of any measured IRI or GIM difference is a geometry and sampling artefact rather than skill: Phase 1 compares a grid cell against a station-coordinate evaluation, Phase 2 an IPP cloud against a zenith estimate (Vision 6.6)."
2022-11-05T14:00:00Z,BSHM,32,35,"[32, 33)","[35, 36)",27.941200000000002,12,11.9789,300.0,0.434902,6f8330c7396a,False,P1A,GNSS_VTEC,GRIDDed_VTEC_1H,"The Phase 1 target is location-sampled gridded VTEC (Madrigal cell), never receiver-specific station-observed VTEC, and it carries its own distinct target_definition_id. The Phase 1 grid-cell target population is not the Phase 2 IPP target population: no numerical equivalence between the Phase 1 and Phase 2 targets is claimed, and Phase 2 is a fixed-protocol replication on a new target lineage, not a second statistically independent blind test (Vision 2.2, 6.6). Part of any measured IRI or GIM difference is a geometry and sampling artefact rather than skill: Phase 1 compares a grid cell against a station-coordinate evaluation, Phase 2 an IPP cloud against a zenith estimate (Vision 6.6)."
2022-11-05T15:00:00Z,BSHM,32,35,"[32, 33)","[35, 36)",15.6275,7,7.296800000000001,1800.0,0.753162,6f8330c7396a,True,P1A,GNSS_VTEC,GRIDDed_VTEC_1H,"The Phase 1 target is location-sampled gridded VTEC (Madrigal cell), never receiver-specific station-observed VTEC, and it carries its own distinct target_definition_id. The Phase 1 grid-cell target population is not the Phase 2 IPP target population: no numerical equivalence between the Phase 1 and Phase 2 targets is claimed, and Phase 2 is a fixed-protocol replication on a new target lineage, not a second statistically independent blind test (Vision 2.2, 6.6). Part of any measured IRI or GIM difference is a geometry and sampling artefact rather than skill: Phase 1 compares a grid cell against a station-coordinate evaluation, Phase 2 an IPP cloud against a zenith estimate (Vision 6.6)."
2022-11-05T16:00:00Z,BSHM,32,35,"[32, 33)","[35, 36)",11.1812,10,2.3459699999999994,300.0,0.922955,6f8330c7396a,True,P1A,GNSS_VTEC,GRIDDed_VTEC_1H,"The Phase 1 target is location-sampled gridded VTEC (Madrigal cell), never receiver-specific station-observed VTEC, and it carries its own distinct target_definition_id. The Phase 1 grid-cell target population is not the Phase 2 IPP target population: no numerical equivalence between the Phase 1 and Phase 2 targets is claimed, and Phase 2 is a fixed-protocol replication on a new target lineage, not a second statistically independent blind test (Vision 2.2, 6.6). Part of any measured IRI or GIM difference is a geometry and sampling artefact rather than skill: Phase 1 compares a grid cell against a station-coordinate evaluation, Phase 2 an IPP cloud against a zenith estimate (Vision 6.6)."
2022-11-05T17:00:00Z,BSHM,32,35,"[32, 33)","[35, 36)",9.20644,7,2.6060999999999996,600.0,0.923974,6f8330c7396a,True,P1A,GNSS_VTEC,GRIDDed_VTEC_1H,"The Phase 1 target is location-sampled gridded VTEC (Madrigal cell), never receiver-specific station-observed VTEC, and it carries its own distinct target_definition_id. The Phase 1 grid-cell target population is not the Phase 2 IPP target population: no numerical equivalence between the Phase 1 and Phase 2 targets is claimed, and Phase 2 is a fixed-protocol replication on a new target lineage, not a second statistically independent blind test (Vision 2.2, 6.6). Part of any measured IRI or GIM difference is a geometry and sampling artefact rather than skill: Phase 1 compares a grid cell against a station-coordinate evaluation, Phase 2 an IPP cloud against a zenith estimate (Vision 6.6)."
2022-11-05T18:00:00Z,BSHM,32,35,"[32, 33)","[35, 36)",9.462505,10,0.5521399999999996,300.0,0.49302250000000003,6f8330c7396a,True,P1A,GNSS_VTEC,GRIDDed_VTEC_1H,"The Phase 1 target is location-sampled gridded VTEC (Madrigal cell), never receiver-specific station-observed VTEC, and it carries its own distinct target_definition_id. The Phase 1 grid-cell target population is not the Phase 2 IPP target population: no numerical equivalence between the Phase 1 and Phase 2 targets is claimed, and Phase 2 is a fixed-protocol replication on a new target lineage, not a second statistically independent blind test (Vision 2.2, 6.6). Part of any measured IRI or GIM difference is a geometry and sampling artefact rather than skill: Phase 1 compares a grid cell against a station-coordinate evaluation, Phase 2 an IPP cloud against a zenith estimate (Vision 6.6)."
2022-11-05T19:00:00Z,BSHM,32,35,"[32, 33)","[35, 36)",8.80084,12,0.94083,300.0,0.5125325,6f8330c7396a,True,P1A,GNSS_VTEC,GRIDDed_VTEC_1H,"The Phase 1 target is location-sampled gridded VTEC (Madrigal cell), never receiver-specific station-observed VTEC, and it carries its own distinct target_definition_id. The Phase 1 grid-cell target population is not the Phase 2 IPP target population: no numerical equivalence between the Phase 1 and Phase 2 targets is claimed, and Phase 2 is a fixed-protocol replication on a new target lineage, not a second statistically independent blind test (Vision 2.2, 6.6). Part of any measured IRI or GIM difference is a geometry and sampling artefact rather than skill: Phase 1 compares a grid cell against a station-coordinate evaluation, Phase 2 an IPP cloud against a zenith estimate (Vision 6.6)."
2022-11-05T20:00:00Z,BSHM,32,35,"[32, 33)","[35, 36)",9.0054,12,1.4654699999999998,300.0,0.4932785,6f8330c7396a,True,P1A,GNSS_VTEC,GRIDDed_VTEC_1H,"The Phase 1 target is location-sampled gridded VTEC (Madrigal cell), never receiver-specific station-observed VTEC, and it carries its own distinct target_definition_id. The Phase 1 grid-cell target population is not the Phase 2 IPP target population: no numerical equivalence between the Phase 1 and Phase 2 targets is claimed, and Phase 2 is a fixed-protocol replication on a new target lineage, not a second statistically independent blind test (Vision 2.2, 6.6). Part of any measured IRI or GIM difference is a geometry and sampling artefact rather than skill: Phase 1 compares a grid cell against a station-coordinate evaluation, Phase 2 an IPP cloud against a zenith estimate (Vision 6.6)."
2022-11-05T21:00:00Z,BSHM,32,35,"[32, 33)","[35, 36)",8.6516,12,0.8918700000000008,300.0,0.447244,6f8330c7396a,True,P1A,GNSS_VTEC,GRIDDed_VTEC_1H,"The Phase 1 target is location-sampled gridded VTEC (Madrigal cell), never receiver-specific station-observed VTEC, and it carries its own distinct target_definition_id. The Phase 1 grid-cell target population is not the Phase 2 IPP target population: no numerical equivalence between the Phase 1 and Phase 2 targets is claimed, and Phase 2 is a fixed-protocol replication on a new target lineage, not a second statistically independent blind test (Vision 2.2, 6.6). Part of any measured IRI or GIM difference is a geometry and sampling artefact rather than skill: Phase 1 compares a grid cell against a station-coordinate evaluation, Phase 2 an IPP cloud against a zenith estimate (Vision 6.6)."
2022-11-05T22:00:00Z,BSHM,32,35,"[32, 33)","[35, 36)",8.71433,12,0.47441000000000066,300.0,0.4616,6f8330c7396a,True,P1A,GNSS_VTEC,GRIDDed_VTEC_1H,"The Phase 1 target is location-sampled gridded VTEC (Madrigal cell), never receiver-specific station-observed VTEC, and it carries its own distinct target_definition_id. The Phase 1 grid-cell target population is not the Phase 2 IPP target population: no numerical equivalence between the Phase 1 and Phase 2 targets is claimed, and Phase 2 is a fixed-protocol replication on a new target lineage, not a second statistically independent blind test (Vision 2.2, 6.6). Part of any measured IRI or GIM difference is a geometry and sampling artefact rather than skill: Phase 1 compares a grid cell against a station-coordinate evaluation, Phase 2 an IPP cloud against a zenith estimate (Vision 6.6)."
2022-11-05T23:00:00Z,BSHM,32,35,"[32, 33)","[35, 36)",7.84871,5,1.141189999999999,2400.0,1.30273,6f8330c7396a,False,P1A,GNSS_VTEC,GRIDDed_VTEC_1H,"The Phase 1 target is location-sampled gridded VTEC (Madrigal cell), never receiver-specific station-observed VTEC, and it carries its own distinct target_definition_id. The Phase 1 grid-cell target population is not the Phase 2 IPP target population: no numerical equivalence between the Phase 1 and Phase 2 targets is claimed, and Phase 2 is a fixed-protocol replication on a new target lineage, not a second statistically independent blind test (Vision 2.2, 6.6). Part of any measured IRI or GIM difference is a geometry and sampling artefact rather than skill: Phase 1 compares a grid cell against a station-coordinate evaluation, Phase 2 an IPP cloud against a zenith estimate (Vision 6.6)."
2022-11-06T00:00:00Z,BSHM,32,35,"[32, 33)","[35, 36)",5.479215,12,0.9521899999999999,300.0,0.5326525,6f8330c7396a,True,P1A,GNSS_VTEC,GRIDDed_VTEC_1H,"The Phase 1 target is location-sampled gridded VTEC (Madrigal cell), never receiver-specific station-observed VTEC, and it carries its own distinct target_definition_id. The Phase 1 grid-cell target population is not the Phase 2 IPP target population: no numerical equivalence between the Phase 1 and Phase 2 targets is claimed, and Phase 2 is a fixed-protocol replication on a new target lineage, not a second statistically independent blind test (Vision 2.2, 6.6). Part of any measured IRI or GIM difference is a geometry and sampling artefact rather than skill: Phase 1 compares a grid cell against a station-coordinate evaluation, Phase 2 an IPP cloud against a zenith estimate (Vision 6.6)."
2022-11-06T01:00:00Z,BSHM,32,35,"[32, 33)","[35, 36)",5.810445,12,1.17,300.0,0.460404,6f8330c7396a,True,P1A,GNSS_VTEC,GRIDDed_VTEC_1H,"The Phase 1 target is location-sampled gridded VTEC (Madrigal cell), never receiver-specific station-observed VTEC, and it carries its own distinct target_definition_id. The Phase 1 grid-cell target population is not the Phase 2 IPP target population: no numerical equivalence between the Phase 1 and Phase 2 targets is claimed, and Phase 2 is a fixed-protocol replication on a new target lineage, not a second statistically independent blind test (Vision 2.2, 6.6). Part of any measured IRI or GIM difference is a geometry and sampling artefact rather than skill: Phase 1 compares a grid cell against a station-coordinate evaluation, Phase 2 an IPP cloud against a zenith estimate (Vision 6.6)."
2022-11-06T02:00:00Z,BSHM,32,35,"[32, 33)","[35, 36)",3.797975,12,1.24498,300.0,0.4925835,6f8330c7396a,True,P1A,GNSS_VTEC,GRIDDed_VTEC_1H,"The Phase 1 target is location-sampled gridded VTEC (Madrigal cell), never receiver-specific station-observed VTEC, and it carries its own distinct target_definition_id. The Phase 1 grid-cell target population is not the Phase 2 IPP target population: no numerical equivalence between the Phase 1 and Phase 2 targets is claimed, and Phase 2 is a fixed-protocol replication on a new target lineage, not a second statistically independent blind test (Vision 2.2, 6.6). Part of any measured IRI or GIM difference is a geometry and sampling artefact rather than skill: Phase 1 compares a grid cell against a station-coordinate evaluation, Phase 2 an IPP cloud against a zenith estimate (Vision 6.6)."
2022-11-06T03:00:00Z,BSHM,32,35,"[32, 33)","[35, 36)",4.9302150000000005,12,4.14512,300.0,0.5843095,6f8330c7396a,True,P1A,GNSS_VTEC,GRIDDed_VTEC_1H,"The Phase 1 target is location-sampled gridded VTEC (Madrigal cell), never receiver-specific station-observed VTEC, and it carries its own distinct target_definition_id. The Phase 1 grid-cell target population is not the Phase 2 IPP target population: no numerical equivalence between the Phase 1 and Phase 2 targets is claimed, and Phase 2 is a fixed-protocol replication on a new target lineage, not a second statistically independent blind test (Vision 2.2, 6.6). Part of any measured IRI or GIM difference is a geometry and sampling artefact rather than skill: Phase 1 compares a grid cell against a station-coordinate evaluation, Phase 2 an IPP cloud against a zenith estimate (Vision 6.6)."
2022-11-06T04:00:00Z,BSHM,32,35,"[32, 33)","[35, 36)",12.55875,12,8.584719999999999,300.0,0.512097,6f8330c7396a,True,P1A,GNSS_VTEC,GRIDDed_VTEC_1H,"The Phase 1 target is location-sampled gridded VTEC (Madrigal cell), never receiver-specific station-observed VTEC, and it carries its own distinct target_definition_id. The Phase 1 grid-cell target population is not the Phase 2 IPP target population: no numerical equivalence between the Phase 1 and Phase 2 targets is claimed, and Phase 2 is a fixed-protocol replication on a new target lineage, not a second statistically independent blind test (Vision 2.2, 6.6). Part of any measured IRI or GIM difference is a geometry and sampling artefact rather than skill: Phase 1 compares a grid cell against a station-coordinate evaluation, Phase 2 an IPP cloud against a zenith estimate (Vision 6.6)."
2022-11-06T05:00:00Z,BSHM,32,35,"[32, 33)","[35, 36)",19.662300000000002,12,4.6709,300.0,0.75207,6f8330c7396a,True,P1A,GNSS_VTEC,GRIDDed_VTEC_1H,"The Phase 1 target is location-sampled gridded VTEC (Madrigal cell), never receiver-specific station-observed VTEC, and it carries its own distinct target_definition_id. The Phase 1 grid-cell target population is not the Phase 2 IPP target population: no numerical equivalence between the Phase 1 and Phase 2 targets is claimed, and Phase 2 is a fixed-protocol replication on a new target lineage, not a second statistically independent blind test (Vision 2.2, 6.6). Part of any measured IRI or GIM difference is a geometry and sampling artefact rather than skill: Phase 1 compares a grid cell against a station-coordinate evaluation, Phase 2 an IPP cloud against a zenith estimate (Vision 6.6)."
2022-11-06T06:00:00Z,BSHM,32,35,"[32, 33)","[35, 36)",24.96995,12,5.266100000000002,300.0,0.557482,6f8330c7396a,True,P1A,GNSS_VTEC,GRIDDed_VTEC_1H,"The Phase 1 target is location-sampled gridded VTEC (Madrigal cell), never receiver-specific station-observed VTEC, and it carries its own distinct target_definition_id. The Phase 1 grid-cell target population is not the Phase 2 IPP target population: no numerical equivalence between the Phase 1 and Phase 2 targets is claimed, and Phase 2 is a fixed-protocol replication on a new target lineage, not a second statistically independent blind test (Vision 2.2, 6.6). Part of any measured IRI or GIM difference is a geometry and sampling artefact rather than skill: Phase 1 compares a grid cell against a station-coordinate evaluation, Phase 2 an IPP cloud against a zenith estimate (Vision 6.6)."
2022-11-06T07:00:00Z,BSHM,32,35,"[32, 33)","[35, 36)",32.4137,12,8.602600000000002,300.0,0.651458,6f8330c7396a,True,P1A,GNSS_VTEC,GRIDDed_VTEC_1H,"The Phase 1 target is location-sampled gridded VTEC (Madrigal cell), never receiver-specific station-observed VTEC, and it carries its own distinct target_definition_id. The Phase 1 grid-cell target population is not the Phase 2 IPP target population: no numerical equivalence between the Phase 1 and Phase 2 targets is claimed, and Phase 2 is a fixed-protocol replication on a new target lineage, not a second statistically independent blind test (Vision 2.2, 6.6). Part of any measured IRI or GIM difference is a geometry and sampling artefact rather than skill: Phase 1 compares a grid cell against a station-coordinate evaluation, Phase 2 an IPP cloud against a zenith estimate (Vision 6.6)."
2022-11-06T08:00:00Z,BSHM,32,35,"[32, 33)","[35, 36)",39.1028,10,3.613999999999997,900.0,0.5320265,6f8330c7396a,True,P1A,GNSS_VTEC,GRIDDed_VTEC_1H,"The Phase 1 target is location-sampled gridded VTEC (Madrigal cell), never receiver-specific station-observed VTEC, and it carries its own distinct target_definition_id. The Phase 1 grid-cell target population is not the Phase 2 IPP target population: no numerical equivalence between the Phase 1 and Phase 2 targets is claimed, and Phase 2 is a fixed-protocol replication on a new target lineage, not a second statistically independent blind test (Vision 2.2, 6.6). Part of any measured IRI or GIM difference is a geometry and sampling artefact rather than skill: Phase 1 compares a grid cell against a station-coordinate evaluation, Phase 2 an IPP cloud against a zenith estimate (Vision 6.6)."
2022-11-06T09:00:00Z,BSHM,32,35,"[32, 33)","[35, 36)",35.7595,11,4.176900000000003,300.0,0.75223,6f8330c7396a,True,P1A,GNSS_VTEC,GRIDDed_VTEC_1H,"The Phase 1 target is location-sampled gridded VTEC (Madrigal cell), never receiver-specific station-observed VTEC, and it carries its own distinct target_definition_id. The Phase 1 grid-cell target population is not the Phase 2 IPP target population: no numerical equivalence between the Phase 1 and Phase 2 targets is claimed, and Phase 2 is a fixed-protocol replication on a new target lineage, not a second statistically independent blind test (Vision 2.2, 6.6). Part of any measured IRI or GIM difference is a geometry and sampling artefact rather than skill: Phase 1 compares a grid cell against a station-coordinate evaluation, Phase 2 an IPP cloud against a zenith estimate (Vision 6.6)."
2022-11-06T10:00:00Z,BSHM,32,35,"[32, 33)","[35, 36)",37.4846,10,6.0413,300.0,0.583216,6f8330c7396a,True,P1A,GNSS_VTEC,GRIDDed_VTEC_1H,"The Phase 1 target is location-sampled gridded VTEC (Madrigal cell), never receiver-specific station-observed VTEC, and it carries its own distinct target_definition_id. The Phase 1 grid-cell target population is not the Phase 2 IPP target population: no numerical equivalence between the Phase 1 and Phase 2 targets is claimed, and Phase 2 is a fixed-protocol replication on a new target lineage, not a second statistically independent blind test (Vision 2.2, 6.6). Part of any measured IRI or GIM difference is a geometry and sampling artefact rather than skill: Phase 1 compares a grid cell against a station-coordinate evaluation, Phase 2 an IPP cloud against a zenith estimate (Vision 6.6)."
2022-11-06T11:00:00Z,BSHM,32,35,"[32, 33)","[35, 36)",38.12515,12,3.7209999999999965,300.0,0.493095,6f8330c7396a,True,P1A,GNSS_VTEC,GRIDDed_VTEC_1H,"The Phase 1 target is location-sampled gridded VTEC (Madrigal cell), never receiver-specific station-observed VTEC, and it carries its own distinct target_definition_id. The Phase 1 grid-cell target population is not the Phase 2 IPP target population: no numerical equivalence between the Phase 1 and Phase 2 targets is claimed, and Phase 2 is a fixed-protocol replication on a new target lineage, not a second statistically independent blind test (Vision 2.2, 6.6). Part of any measured IRI or GIM difference is a geometry and sampling artefact rather than skill: Phase 1 compares a grid cell against a station-coordinate evaluation, Phase 2 an IPP cloud against a zenith estimate (Vision 6.6)."
2022-11-06T12:00:00Z,BSHM,32,35,"[32, 33)","[35, 36)",34.06285,12,3.2866,300.0,0.412589,6f8330c7396a,True,P1A,GNSS_VTEC,GRIDDed_VTEC_1H,"The Phase 1 target is location-sampled gridded VTEC (Madrigal cell), never receiver-specific station-observed VTEC, and it carries its own distinct target_definition_id. The Phase 1 grid-cell target population is not the Phase 2 IPP target population: no numerical equivalence between the Phase 1 and Phase 2 targets is claimed, and Phase 2 is a fixed-protocol replication on a new target lineage, not a second statistically independent blind test (Vision 2.2, 6.6). Part of any measured IRI or GIM difference is a geometry and sampling artefact rather than skill: Phase 1 compares a grid cell against a station-coordinate evaluation, Phase 2 an IPP cloud against a zenith estimate (Vision 6.6)."
2022-11-06T13:00:00Z,BSHM,32,35,"[32, 33)","[35, 36)",30.3001,12,6.553999999999995,300.0,0.45227249999999997,6f8330c7396a,True,P1A,GNSS_VTEC,GRIDDed_VTEC_1H,"The Phase 1 target is location-sampled gridded VTEC (Madrigal cell), never receiver-specific station-observed VTEC, and it carries its own distinct target_definition_id. The Phase 1 grid-cell target population is not the Phase 2 IPP target population: no numerical equivalence between the Phase 1 and Phase 2 targets is claimed, and Phase 2 is a fixed-protocol replication on a new target lineage, not a second statistically independent blind test (Vision 2.2, 6.6). Part of any measured IRI or GIM difference is a geometry and sampling artefact rather than skill: Phase 1 compares a grid cell against a station-coordinate evaluation, Phase 2 an IPP cloud against a zenith estimate (Vision 6.6)."
2022-11-06T14:00:00Z,BSHM,32,35,"[32, 33)","[35, 36)",21.30155,12,10.3552,300.0,0.476973,6f8330c7396a,False,P1A,GNSS_VTEC,GRIDDed_VTEC_1H,"The Phase 1 target is location-sampled gridded VTEC (Madrigal cell), never receiver-specific station-observed VTEC, and it carries its own distinct target_definition_id. The Phase 1 grid-cell target population is not the Phase 2 IPP target population: no numerical equivalence between the Phase 1 and Phase 2 targets is claimed, and Phase 2 is a fixed-protocol replication on a new target lineage, not a second statistically independent blind test (Vision 2.2, 6.6). Part of any measured IRI or GIM difference is a geometry and sampling artefact rather than skill: Phase 1 compares a grid cell against a station-coordinate evaluation, Phase 2 an IPP cloud against a zenith estimate (Vision 6.6)."
2022-11-06T15:00:00Z,BSHM,32,35,"[32, 33)","[35, 36)",10.3855,7,4.862300000000001,1800.0,0.921257,6f8330c7396a,True,P1A,GNSS_VTEC,GRIDDed_VTEC_1H,"The Phase 1 target is location-sampled gridded VTEC (Madrigal cell), never receiver-specific station-observed VTEC, and it carries its own distinct target_definition_id. The Phase 1 grid-cell target population is not the Phase 2 IPP target population: no numerical equivalence between the Phase 1 and Phase 2 targets is claimed, and Phase 2 is a fixed-protocol replication on a new target lineage, not a second statistically independent blind test (Vision 2.2, 6.6). Part of any measured IRI or GIM difference is a geometry and sampling artefact rather than skill: Phase 1 compares a grid cell against a station-coordinate evaluation, Phase 2 an IPP cloud against a zenith estimate (Vision 6.6)."
2022-11-06T16:00:00Z,BSHM,32,35,"[32, 33)","[35, 36)",8.068760000000001,10,2.289300000000001,900.0,0.8388945,6f8330c7396a,True,P1A,GNSS_VTEC,GRIDDed_VTEC_1H,"The Phase 1 target is location-sampled gridded VTEC (Madrigal cell), never receiver-specific station-observed VTEC, and it carries its own distinct target_definition_id. The Phase 1 grid-cell target population is not the Phase 2 IPP target population: no numerical equivalence between the Phase 1 and Phase 2 targets is claimed, and Phase 2 is a fixed-protocol replication on a new target lineage, not a second statistically independent blind test (Vision 2.2, 6.6). Part of any measured IRI or GIM difference is a geometry and sampling artefact rather than skill: Phase 1 compares a grid cell against a station-coordinate evaluation, Phase 2 an IPP cloud against a zenith estimate (Vision 6.6)."
2022-11-06T17:00:00Z,BSHM,32,35,"[32, 33)","[35, 36)",7.27486,6,1.3814800000000007,600.0,1.304745,6f8330c7396a,True,P1A,GNSS_VTEC,GRIDDed_VTEC_1H,"The Phase 1 target is location-sampled gridded VTEC (Madrigal cell), never receiver-specific station-observed VTEC, and it carries its own distinct target_definition_id. The Phase 1 grid-cell target population is not the Phase 2 IPP target population: no numerical equivalence between the Phase 1 and Phase 2 targets is claimed, and Phase 2 is a fixed-protocol replication on a new target lineage, not a second statistically independent blind test (Vision 2.2, 6.6). Part of any measured IRI or GIM difference is a geometry and sampling artefact rather than skill: Phase 1 compares a grid cell against a station-coordinate evaluation, Phase 2 an IPP cloud against a zenith estimate (Vision 6.6)."
2022-11-06T18:00:00Z,BSHM,32,35,"[32, 33)","[35, 36)",7.2781199999999995,8,1.2176300000000007,300.0,0.5574939999999999,6f8330c7396a,True,P1A,GNSS_VTEC,GRIDDed_VTEC_1H,"The Phase 1 target is location-sampled gridded VTEC (Madrigal cell), never receiver-specific station-observed VTEC, and it carries its own distinct target_definition_id. The Phase 1 grid-cell target population is not the Phase 2 IPP target population: no numerical equivalence between the Phase 1 and Phase 2 targets is claimed, and Phase 2 is a fixed-protocol replication on a new target lineage, not a second statistically independent blind test (Vision 2.2, 6.6). Part of any measured IRI or GIM difference is a geometry and sampling artefact rather than skill: Phase 1 compares a grid cell against a station-coordinate evaluation, Phase 2 an IPP cloud against a zenith estimate (Vision 6.6)."
2022-11-06T19:00:00Z,BSHM,32,35,"[32, 33)","[35, 36)",6.60311,12,1.36233,300.0,0.412329,6f8330c7396a,True,P1A,GNSS_VTEC,GRIDDed_VTEC_1H,"The Phase 1 target is location-sampled gridded VTEC (Madrigal cell), never receiver-specific station-observed VTEC, and it carries its own distinct target_definition_id. The Phase 1 grid-cell target population is not the Phase 2 IPP target population: no numerical equivalence between the Phase 1 and Phase 2 targets is claimed, and Phase 2 is a fixed-protocol replication on a new target lineage, not a second statistically independent blind test (Vision 2.2, 6.6). Part of any measured IRI or GIM difference is a geometry and sampling artefact rather than skill: Phase 1 compares a grid cell against a station-coordinate evaluation, Phase 2 an IPP cloud against a zenith estimate (Vision 6.6)."
2022-11-06T20:00:00Z,BSHM,32,35,"[32, 33)","[35, 36)",5.78948,12,1.0143699999999995,300.0,0.4133595,6f8330c7396a,True,P1A,GNSS_VTEC,GRIDDed_VTEC_1H,"The Phase 1 target is location-sampled gridded VTEC (Madrigal cell), never receiver-specific station-observed VTEC, and it carries its own distinct target_definition_id. The Phase 1 grid-cell target population is not the Phase 2 IPP target population: no numerical equivalence between the Phase 1 and Phase 2 targets is claimed, and Phase 2 is a fixed-protocol replication on a new target lineage, not a second statistically independent blind test (Vision 2.2, 6.6). Part of any measured IRI or GIM difference is a geometry and sampling artefact rather than skill: Phase 1 compares a grid cell against a station-coordinate evaluation, Phase 2 an IPP cloud against a zenith estimate (Vision 6.6)."
2022-11-06T21:00:00Z,BSHM,32,35,"[32, 33)","[35, 36)",6.902325,12,0.45901000000000014,300.0,0.3842045,6f8330c7396a,True,P1A,GNSS_VTEC,GRIDDed_VTEC_1H,"The Phase 1 target is location-sampled gridded VTEC (Madrigal cell), never receiver-specific station-observed VTEC, and it carries its own distinct target_definition_id. The Phase 1 grid-cell target population is not the Phase 2 IPP target population: no numerical equivalence between the Phase 1 and Phase 2 targets is claimed, and Phase 2 is a fixed-protocol replication on a new target lineage, not a second statistically independent blind test (Vision 2.2, 6.6). Part of any measured IRI or GIM difference is a geometry and sampling artefact rather than skill: Phase 1 compares a grid cell against a station-coordinate evaluation, Phase 2 an IPP cloud against a zenith estimate (Vision 6.6)."
2022-11-06T22:00:00Z,BSHM,32,35,"[32, 33)","[35, 36)",6.413755,12,0.48115999999999914,300.0,0.476557,6f8330c7396a,True,P1A,GNSS_VTEC,GRIDDed_VTEC_1H,"The Phase 1 target is location-sampled gridded VTEC (Madrigal cell), never receiver-specific station-observed VTEC, and it carries its own distinct target_definition_id. The Phase 1 grid-cell target population is not the Phase 2 IPP target population: no numerical equivalence between the Phase 1 and Phase 2 targets is claimed, and Phase 2 is a fixed-protocol replication on a new target lineage, not a second statistically independent blind test (Vision 2.2, 6.6). Part of any measured IRI or GIM difference is a geometry and sampling artefact rather than skill: Phase 1 compares a grid cell against a station-coordinate evaluation, Phase 2 an IPP cloud against a zenith estimate (Vision 6.6)."
2022-11-06T23:00:00Z,BSHM,32,35,"[32, 33)","[35, 36)",6.266555,4,0.4518899999999997,2700.0,0.837042,6f8330c7396a,False,P1A,GNSS_VTEC,GRIDDed_VTEC_1H,"The Phase 1 target is location-sampled gridded VTEC (Madrigal cell), never receiver-specific station-observed VTEC, and it carries its own distinct target_definition_id. The Phase 1 grid-cell target population is not the Phase 2 IPP target population: no numerical equivalence between the Phase 1 and Phase 2 targets is claimed, and Phase 2 is a fixed-protocol replication on a new target lineage, not a second statistically independent blind test (Vision 2.2, 6.6). Part of any measured IRI or GIM difference is a geometry and sampling artefact rather than skill: Phase 1 compares a grid cell against a station-coordinate evaluation, Phase 2 an IPP cloud against a zenith estimate (Vision 6.6)."
2022-11-07T00:00:00Z,BSHM,32,35,"[32, 33)","[35, 36)",7.180185,12,1.7786399999999993,300.0,0.5589135000000001,6f8330c7396a,True,P1A,GNSS_VTEC,GRIDDed_VTEC_1H,"The Phase 1 target is location-sampled gridded VTEC (Madrigal cell), never receiver-specific station-observed VTEC, and it carries its own distinct target_definition_id. The Phase 1 grid-cell target population is not the Phase 2 IPP target population: no numerical equivalence between the Phase 1 and Phase 2 targets is claimed, and Phase 2 is a fixed-protocol replication on a new target lineage, not a second statistically independent blind test (Vision 2.2, 6.6). Part of any measured IRI or GIM difference is a geometry and sampling artefact rather than skill: Phase 1 compares a grid cell against a station-coordinate evaluation, Phase 2 an IPP cloud against a zenith estimate (Vision 6.6)."
2022-11-07T01:00:00Z,BSHM,32,35,"[32, 33)","[35, 36)",8.282065,12,1.3482999999999992,300.0,0.49239849999999996,6f8330c7396a,True,P1A,GNSS_VTEC,GRIDDed_VTEC_1H,"The Phase 1 target is location-sampled gridded VTEC (Madrigal cell), never receiver-specific station-observed VTEC, and it carries its own distinct target_definition_id. The Phase 1 grid-cell target population is not the Phase 2 IPP target population: no numerical equivalence between the Phase 1 and Phase 2 targets is claimed, and Phase 2 is a fixed-protocol replication on a new target lineage, not a second statistically independent blind test (Vision 2.2, 6.6). Part of any measured IRI or GIM difference is a geometry and sampling artefact rather than skill: Phase 1 compares a grid cell against a station-coordinate evaluation, Phase 2 an IPP cloud against a zenith estimate (Vision 6.6)."
2022-11-07T02:00:00Z,BSHM,32,35,"[32, 33)","[35, 36)",6.457990000000001,12,0.7040199999999999,300.0,0.447558,6f8330c7396a,True,P1A,GNSS_VTEC,GRIDDed_VTEC_1H,"The Phase 1 target is location-sampled gridded VTEC (Madrigal cell), never receiver-specific station-observed VTEC, and it carries its own distinct target_definition_id. The Phase 1 grid-cell target population is not the Phase 2 IPP target population: no numerical equivalence between the Phase 1 and Phase 2 targets is claimed, and Phase 2 is a fixed-protocol replication on a new target lineage, not a second statistically independent blind test (Vision 2.2, 6.6). Part of any measured IRI or GIM difference is a geometry and sampling artefact rather than skill: Phase 1 compares a grid cell against a station-coordinate evaluation, Phase 2 an IPP cloud against a zenith estimate (Vision 6.6)."
2022-11-07T03:00:00Z,BSHM,32,35,"[32, 33)","[35, 36)",7.179085,12,3.0963899999999995,300.0,0.5824959999999999,6f8330c7396a,True,P1A,GNSS_VTEC,GRIDDed_VTEC_1H,"The Phase 1 target is location-sampled gridded VTEC (Madrigal cell), never receiver-specific station-observed VTEC, and it carries its own distinct target_definition_id. The Phase 1 grid-cell target population is not the Phase 2 IPP target population: no numerical equivalence between the Phase 1 and Phase 2 targets is claimed, and Phase 2 is a fixed-protocol replication on a new target lineage, not a second statistically independent blind test (Vision 2.2, 6.6). Part of any measured IRI or GIM difference is a geometry and sampling artefact rather than skill: Phase 1 compares a grid cell against a station-coordinate evaluation, Phase 2 an IPP cloud against a zenith estimate (Vision 6.6)."
2022-11-07T04:00:00Z,BSHM,32,35,"[32, 33)","[35, 36)",13.43445,12,6.846500000000001,300.0,0.5831109999999999,6f8330c7396a,True,P1A,GNSS_VTEC,GRIDDed_VTEC_1H,"The Phase 1 target is location-sampled gridded VTEC (Madrigal cell), never receiver-specific station-observed VTEC, and it carries its own distinct target_definition_id. The Phase 1 grid-cell target population is not the Phase 2 IPP target population: no numerical equivalence between the Phase 1 and Phase 2 targets is claimed, and Phase 2 is a fixed-protocol replication on a new target lineage, not a second statistically independent blind test (Vision 2.2, 6.6). Part of any measured IRI or GIM difference is a geometry and sampling artefact rather than skill: Phase 1 compares a grid cell against a station-coordinate evaluation, Phase 2 an IPP cloud against a zenith estimate (Vision 6.6)."
2022-11-07T05:00:00Z,BSHM,32,35,"[32, 33)","[35, 36)",20.4259,12,3.8699000000000012,300.0,0.9213665,6f8330c7396a,True,P1A,GNSS_VTEC,GRIDDed_VTEC_1H,"The Phase 1 target is location-sampled gridded VTEC (Madrigal cell), never receiver-specific station-observed VTEC, and it carries its own distinct target_definition_id. The Phase 1 grid-cell target population is not the Phase 2 IPP target population: no numerical equivalence between the Phase 1 and Phase 2 targets is claimed, and Phase 2 is a fixed-protocol replication on a new target lineage, not a second statistically independent blind test (Vision 2.2, 6.6). Part of any measured IRI or GIM difference is a geometry and sampling artefact rather than skill: Phase 1 compares a grid cell against a station-coordinate evaluation, Phase 2 an IPP cloud against a zenith estimate (Vision 6.6)."
2022-11-07T06:00:00Z,BSHM,32,35,"[32, 33)","[35, 36)",25.69855,12,6.093500000000002,300.0,0.5124059999999999,6f8330c7396a,True,P1A,GNSS_VTEC,GRIDDed_VTEC_1H,"The Phase 1 target is location-sampled gridded VTEC (Madrigal cell), never receiver-specific station-observed VTEC, and it carries its own distinct target_definition_id. The Phase 1 grid-cell target population is not the Phase 2 IPP target population: no numerical equivalence between the Phase 1 and Phase 2 targets is claimed, and Phase 2 is a fixed-protocol replication on a new target lineage, not a second statistically independent blind test (Vision 2.2, 6.6). Part of any measured IRI or GIM difference is a geometry and sampling artefact rather than skill: Phase 1 compares a grid cell against a station-coordinate evaluation, Phase 2 an IPP cloud against a zenith estimate (Vision 6.6)."
2022-11-07T07:00:00Z,BSHM,32,35,"[32, 33)","[35, 36)",33.9901,12,8.354,300.0,0.651662,6f8330c7396a,True,P1A,GNSS_VTEC,GRIDDed_VTEC_1H,"The Phase 1 target is location-sampled gridded VTEC (Madrigal cell), never receiver-specific station-observed VTEC, and it carries its own distinct target_definition_id. The Phase 1 grid-cell target population is not the Phase 2 IPP target population: no numerical equivalence between the Phase 1 and Phase 2 targets is claimed, and Phase 2 is a fixed-protocol replication on a new target lineage, not a second statistically independent blind test (Vision 2.2, 6.6). Part of any measured IRI or GIM difference is a geometry and sampling artefact rather than skill: Phase 1 compares a grid cell against a station-coordinate evaluation, Phase 2 an IPP cloud against a zenith estimate (Vision 6.6)."
2022-11-07T08:00:00Z,BSHM,32,35,"[32, 33)","[35, 36)",38.10795,12,5.5062,300.0,0.6686369999999999,6f8330c7396a,True,P1A,GNSS_VTEC,GRIDDed_VTEC_1H,"The Phase 1 target is location-sampled gridded VTEC (Madrigal cell), never receiver-specific station-observed VTEC, and it carries its own distinct target_definition_id. The Phase 1 grid-cell target population is not the Phase 2 IPP target population: no numerical equivalence between the Phase 1 and Phase 2 targets is claimed, and Phase 2 is a fixed-protocol replication on a new target lineage, not a second statistically independent blind test (Vision 2.2, 6.6). Part of any measured IRI or GIM difference is a geometry and sampling artefact rather than skill: Phase 1 compares a grid cell against a station-coordinate evaluation, Phase 2 an IPP cloud against a zenith estimate (Vision 6.6)."
2022-11-07T09:00:00Z,BSHM,32,35,"[32, 33)","[35, 36)",31.3858,11,2.1757000000000026,300.0,0.752633,6f8330c7396a,True,P1A,GNSS_VTEC,GRIDDed_VTEC_1H,"The Phase 1 target is location-sampled gridded VTEC (Madrigal cell), never receiver-specific station-observed VTEC, and it carries its own distinct target_definition_id. The Phase 1 grid-cell target population is not the Phase 2 IPP target population: no numerical equivalence between the Phase 1 and Phase 2 targets is claimed, and Phase 2 is a fixed-protocol replication on a new target lineage, not a second statistically independent blind test (Vision 2.2, 6.6). Part of any measured IRI or GIM difference is a geometry and sampling artefact rather than skill: Phase 1 compares a grid cell against a station-coordinate evaluation, Phase 2 an IPP cloud against a zenith estimate (Vision 6.6)."
2022-11-07T10:00:00Z,BSHM,32,35,"[32, 33)","[35, 36)",36.4146,11,6.8433999999999955,300.0,0.493675,6f8330c7396a,True,P1A,GNSS_VTEC,GRIDDed_VTEC_1H,"The Phase 1 target is location-sampled gridded VTEC (Madrigal cell), never receiver-specific station-observed VTEC, and it carries its own distinct target_definition_id. The Phase 1 grid-cell target population is not the Phase 2 IPP target population: no numerical equivalence between the Phase 1 and Phase 2 targets is claimed, and Phase 2 is a fixed-protocol replication on a new target lineage, not a second statistically independent blind test (Vision 2.2, 6.6). Part of any measured IRI or GIM difference is a geometry and sampling artefact rather than skill: Phase 1 compares a grid cell against a station-coordinate evaluation, Phase 2 an IPP cloud against a zenith estimate (Vision 6.6)."
2022-11-07T11:00:00Z,BSHM,32,35,"[32, 33)","[35, 36)",40.772549999999995,12,1.5367999999999995,300.0,0.5578535,6f8330c7396a,True,P1A,GNSS_VTEC,GRIDDed_VTEC_1H,"The Phase 1 target is location-sampled gridded VTEC (Madrigal cell), never receiver-specific station-observed VTEC, and it carries its own distinct target_definition_id. The Phase 1 grid-cell target population is not the Phase 2 IPP target population: no numerical equivalence between the Phase 1 and Phase 2 targets is claimed, and Phase 2 is a fixed-protocol replication on a new target lineage, not a second statistically independent blind test (Vision 2.2, 6.6). Part of any measured IRI or GIM difference is a geometry and sampling artefact rather than skill: Phase 1 compares a grid cell against a station-coordinate evaluation, Phase 2 an IPP cloud against a zenith estimate (Vision 6.6)."
2022-11-07T12:00:00Z,BSHM,32,35,"[32, 33)","[35, 36)",40.732299999999995,12,2.921199999999999,300.0,0.412315,6f8330c7396a,True,P1A,GNSS_VTEC,GRIDDed_VTEC_1H,"The Phase 1 target is location-sampled gridded VTEC (Madrigal cell), never receiver-specific station-observed VTEC, and it carries its own distinct target_definition_id. The Phase 1 grid-cell target population is not the Phase 2 IPP target population: no numerical equivalence between the Phase 1 and Phase 2 targets is claimed, and Phase 2 is a fixed-protocol replication on a new target lineage, not a second statistically independent blind test (Vision 2.2, 6.6). Part of any measured IRI or GIM difference is a geometry and sampling artefact rather than skill: Phase 1 compares a grid cell against a station-coordinate evaluation, Phase 2 an IPP cloud against a zenith estimate (Vision 6.6)."
2022-11-07T13:00:00Z,BSHM,32,35,"[32, 33)","[35, 36)",36.9461,12,4.840499999999999,300.0,0.43456300000000003,6f8330c7396a,True,P1A,GNSS_VTEC,GRIDDed_VTEC_1H,"The Phase 1 target is location-sampled gridded VTEC (Madrigal cell), never receiver-specific station-observed VTEC, and it carries its own distinct target_definition_id. The Phase 1 grid-cell target population is not the Phase 2 IPP target population: no numerical equivalence between the Phase 1 and Phase 2 targets is claimed, and Phase 2 is a fixed-protocol replication on a new target lineage, not a second statistically independent blind test (Vision 2.2, 6.6). Part of any measured IRI or GIM difference is a geometry and sampling artefact rather than skill: Phase 1 compares a grid cell against a station-coordinate evaluation, Phase 2 an IPP cloud against a zenith estimate (Vision 6.6)."
2022-11-07T14:00:00Z,BSHM,32,35,"[32, 33)","[35, 36)",29.62805,12,10.949300000000001,300.0,0.46147950000000004,6f8330c7396a,False,P1A,GNSS_VTEC,GRIDDed_VTEC_1H,"The Phase 1 target is location-sampled gridded VTEC (Madrigal cell), never receiver-specific station-observed VTEC, and it carries its own distinct target_definition_id. The Phase 1 grid-cell target population is not the Phase 2 IPP target population: no numerical equivalence between the Phase 1 and Phase 2 targets is claimed, and Phase 2 is a fixed-protocol replication on a new target lineage, not a second statistically independent blind test (Vision 2.2, 6.6). Part of any measured IRI or GIM difference is a geometry and sampling artefact rather than skill: Phase 1 compares a grid cell against a station-coordinate evaluation, Phase 2 an IPP cloud against a zenith estimate (Vision 6.6)."
2022-11-07T15:00:00Z,BSHM,32,35,"[32, 33)","[35, 36)",18.898200000000003,8,4.809999999999999,1500.0,1.1129535,6f8330c7396a,True,P1A,GNSS_VTEC,GRIDDed_VTEC_1H,"The Phase 1 target is location-sampled gridded VTEC (Madrigal cell), never receiver-specific station-observed VTEC, and it carries its own distinct target_definition_id. The Phase 1 grid-cell target population is not the Phase 2 IPP target population: no numerical equivalence between the Phase 1 and Phase 2 targets is claimed, and Phase 2 is a fixed-protocol replication on a new target lineage, not a second statistically independent blind test (Vision 2.2, 6.6). Part of any measured IRI or GIM difference is a geometry and sampling artefact rather than skill: Phase 1 compares a grid cell against a station-coordinate evaluation, Phase 2 an IPP cloud against a zenith estimate (Vision 6.6)."
2022-11-07T16:00:00Z,BSHM,32,35,"[32, 33)","[35, 36)",16.6351,5,4.403600000000001,2400.0,0.923079,6f8330c7396a,False,P1A,GNSS_VTEC,GRIDDed_VTEC_1H,"The Phase 1 target is location-sampled gridded VTEC (Madrigal cell), never receiver-specific station-observed VTEC, and it carries its own distinct target_definition_id. The Phase 1 grid-cell target population is not the Phase 2 IPP target population: no numerical equivalence between the Phase 1 and Phase 2 targets is claimed, and Phase 2 is a fixed-protocol replication on a new target lineage, not a second statistically independent blind test (Vision 2.2, 6.6). Part of any measured IRI or GIM difference is a geometry and sampling artefact rather than skill: Phase 1 compares a grid cell against a station-coordinate evaluation, Phase 2 an IPP cloud against a zenith estimate (Vision 6.6)."
2022-11-07T17:00:00Z,BSHM,32,35,"[32, 33)","[35, 36)",11.79255,6,0.7606999999999999,300.0,1.3049,6f8330c7396a,True,P1A,GNSS_VTEC,GRIDDed_VTEC_1H,"The Phase 1 target is location-sampled gridded VTEC (Madrigal cell), never receiver-specific station-observed VTEC, and it carries its own distinct target_definition_id. The Phase 1 grid-cell target population is not the Phase 2 IPP target population: no numerical equivalence between the Phase 1 and Phase 2 targets is claimed, and Phase 2 is a fixed-protocol replication on a new target lineage, not a second statistically independent blind test (Vision 2.2, 6.6). Part of any measured IRI or GIM difference is a geometry and sampling artefact rather than skill: Phase 1 compares a grid cell against a station-coordinate evaluation, Phase 2 an IPP cloud against a zenith estimate (Vision 6.6)."
2022-11-07T18:00:00Z,BSHM,32,35,"[32, 33)","[35, 36)",12.6523,11,0.39369999999999905,300.0,0.492742,6f8330c7396a,True,P1A,GNSS_VTEC,GRIDDed_VTEC_1H,"The Phase 1 target is location-sampled gridded VTEC (Madrigal cell), never receiver-specific station-observed VTEC, and it carries its own distinct target_definition_id. The Phase 1 grid-cell target population is not the Phase 2 IPP target population: no numerical equivalence between the Phase 1 and Phase 2 targets is claimed, and Phase 2 is a fixed-protocol replication on a new target lineage, not a second statistically independent blind test (Vision 2.2, 6.6). Part of any measured IRI or GIM difference is a geometry and sampling artefact rather than skill: Phase 1 compares a grid cell against a station-coordinate evaluation, Phase 2 an IPP cloud against a zenith estimate (Vision 6.6)."
2022-11-07T19:00:00Z,BSHM,32,35,"[32, 33)","[35, 36)",13.3976,12,2.6412999999999993,300.0,0.5383265,6f8330c7396a,True,P1A,GNSS_VTEC,GRIDDed_VTEC_1H,"The Phase 1 target is location-sampled gridded VTEC (Madrigal cell), never receiver-specific station-observed VTEC, and it carries its own distinct target_definition_id. The Phase 1 grid-cell target population is not the Phase 2 IPP target population: no numerical equivalence between the Phase 1 and Phase 2 targets is claimed, and Phase 2 is a fixed-protocol replication on a new target lineage, not a second statistically independent blind test (Vision 2.2, 6.6). Part of any measured IRI or GIM difference is a geometry and sampling artefact rather than skill: Phase 1 compares a grid cell against a station-coordinate evaluation, Phase 2 an IPP cloud against a zenith estimate (Vision 6.6)."
2022-11-07T20:00:00Z,BSHM,32,35,"[32, 33)","[35, 36)",13.55495,12,1.3407,300.0,0.5841715,6f8330c7396a,True,P1A,GNSS_VTEC,GRIDDed_VTEC_1H,"The Phase 1 target is location-sampled gridded VTEC (Madrigal cell), never receiver-specific station-observed VTEC, and it carries its own distinct target_definition_id. The Phase 1 grid-cell target population is not the Phase 2 IPP target population: no numerical equivalence between the Phase 1 and Phase 2 targets is claimed, and Phase 2 is a fixed-protocol replication on a new target lineage, not a second statistically independent blind test (Vision 2.2, 6.6). Part of any measured IRI or GIM difference is a geometry and sampling artefact rather than skill: Phase 1 compares a grid cell against a station-coordinate evaluation, Phase 2 an IPP cloud against a zenith estimate (Vision 6.6)."
2022-11-07T21:00:00Z,BSHM,32,35,"[32, 33)","[35, 36)",14.8767,12,1.2468000000000004,300.0,0.4921845,6f8330c7396a,True,P1A,GNSS_VTEC,GRIDDed_VTEC_1H,"The Phase 1 target is location-sampled gridded VTEC (Madrigal cell), never receiver-specific station-observed VTEC, and it carries its own distinct target_definition_id. The Phase 1 grid-cell target population is not the Phase 2 IPP target population: no numerical equivalence between the Phase 1 and Phase 2 targets is claimed, and Phase 2 is a fixed-protocol replication on a new target lineage, not a second statistically independent blind test (Vision 2.2, 6.6). Part of any measured IRI or GIM difference is a geometry and sampling artefact rather than skill: Phase 1 compares a grid cell against a station-coordinate evaluation, Phase 2 an IPP cloud against a zenith estimate (Vision 6.6)."
2022-11-07T22:00:00Z,BSHM,32,35,"[32, 33)","[35, 36)",11.4498,12,4.15072,300.0,0.460947,6f8330c7396a,True,P1A,GNSS_VTEC,GRIDDed_VTEC_1H,"The Phase 1 target is location-sampled gridded VTEC (Madrigal cell), never receiver-specific station-observed VTEC, and it carries its own distinct target_definition_id. The Phase 1 grid-cell target population is not the Phase 2 IPP target population: no numerical equivalence between the Phase 1 and Phase 2 targets is claimed, and Phase 2 is a fixed-protocol replication on a new target lineage, not a second statistically independent blind test (Vision 2.2, 6.6). Part of any measured IRI or GIM difference is a geometry and sampling artefact rather than skill: Phase 1 compares a grid cell against a station-coordinate evaluation, Phase 2 an IPP cloud against a zenith estimate (Vision 6.6)."
2022-11-07T23:00:00Z,BSHM,32,35,"[32, 33)","[35, 36)",8.43494,5,1.3702900000000007,2400.0,0.922067,6f8330c7396a,False,P1A,GNSS_VTEC,GRIDDed_VTEC_1H,"The Phase 1 target is location-sampled gridded VTEC (Madrigal cell), never receiver-specific station-observed VTEC, and it carries its own distinct target_definition_id. The Phase 1 grid-cell target population is not the Phase 2 IPP target population: no numerical equivalence between the Phase 1 and Phase 2 targets is claimed, and Phase 2 is a fixed-protocol replication on a new target lineage, not a second statistically independent blind test (Vision 2.2, 6.6). Part of any measured IRI or GIM difference is a geometry and sampling artefact rather than skill: Phase 1 compares a grid cell against a station-coordinate evaluation, Phase 2 an IPP cloud against a zenith estimate (Vision 6.6)."
