dtec,gdlat,glon,station,tec,ut1_unix
0.440183,40.0,44.0,ARUC,3.15525,1646092800.0
0.395442,40.0,44.0,ARUC,4.25756,1646093100.0
0.419267,40.0,44.0,ARUC,3.71974,1646093400.0
0.465437,40.0,44.0,ARUC,3.74488,1646093700.0
1.42271,40.0,44.0,ARUC,4.80821,1646094000.0
1.31827,40.0,44.0,ARUC,5.05235,1646094600.0
0.92483,40.0,44.0,ARUC,5.61082,1646094900.0
0.929995,40.0,44.0,ARUC,5.5801,1646095200.0
1.30444,40.0,44.0,ARUC,5.55352,1646095500.0
1.305,40.0,44.0,ARUC,5.34902,1646095800.0
0.933475,40.0,44.0,ARUC,5.25818,1646096100.0
1.31377,40.0,44.0,ARUC,3.56243,1646097000.0
1.30733,40.0,44.0,ARUC,3.60394,1646097300.0
0.922935,40.0,44.0,ARUC,4.11458,1646097600.0
0.926738,40.0,44.0,ARUC,4.24623,1646097900.0
1.30266,40.0,44.0,ARUC,4.81975,1646098200.0
1.30283,40.0,44.0,ARUC,4.94378,1646098500.0
0.759127,40.0,44.0,ARUC,3.37685,1646098800.0
0.379739,40.0,44.0,ARUC,3.17429,1646099100.0
0.921009,40.0,44.0,ARUC,3.77136,1646099400.0
0.756992,40.0,44.0,ARUC,4.40718,1646099700.0
0.932135,40.0,44.0,ARUC,5.60689,1646100000.0
0.960016,40.0,44.0,ARUC,5.08626,1646100600.0
1.31601,40.0,44.0,ARUC,3.51694,1646103600.0
0.92463,40.0,44.0,ARUC,2.93649,1646103900.0
1.30131,40.0,44.0,ARUC,6.84589,1646104800.0
1.30828,40.0,44.0,ARUC,8.50879,1646105700.0
0.921322,40.0,44.0,ARUC,8.96805,1646106000.0
0.92106,40.0,44.0,ARUC,9.25801,1646106300.0
0.920937,40.0,44.0,ARUC,9.52692,1646106600.0
0.920756,40.0,44.0,ARUC,9.7946,1646106900.0
0.920681,40.0,44.0,ARUC,10.182,1646107200.0
0.752443,40.0,44.0,ARUC,10.7983,1646107500.0
0.75169,40.0,44.0,ARUC,11.1735,1646107800.0
0.751902,40.0,44.0,ARUC,11.5185,1646108100.0
0.920742,40.0,44.0,ARUC,11.8015,1646108400.0
0.92076,40.0,44.0,ARUC,12.2336,1646108700.0
0.752935,40.0,44.0,ARUC,12.9531,1646109000.0
0.584009,40.0,44.0,ARUC,11.2248,1646109300.0
0.494063,40.0,44.0,ARUC,11.3351,1646109600.0
0.921448,40.0,44.0,ARUC,13.5745,1646109900.0
0.921087,40.0,44.0,ARUC,13.9527,1646110200.0
0.922865,40.0,44.0,ARUC,14.2049,1646110500.0
1.31471,40.0,44.0,ARUC,15.4377,1646111700.0
0.921714,40.0,44.0,ARUC,15.417,1646112000.0
0.752226,40.0,44.0,ARUC,15.6714,1646112300.0
1.30231,40.0,44.0,ARUC,17.9462,1646112600.0
1.30403,40.0,44.0,ARUC,18.1047,1646112900.0
0.926373,40.0,44.0,ARUC,13.5832,1646113500.0
0.494133,40.0,44.0,ARUC,14.7724,1646113800.0
1.30117,40.0,44.0,ARUC,20.1715,1646115300.0
1.30106,40.0,44.0,ARUC,20.3637,1646115600.0
1.30112,40.0,44.0,ARUC,20.5879,1646115900.0
1.30329,40.0,44.0,ARUC,17.6821,1646116500.0
1.3068,40.0,44.0,ARUC,17.7943,1646116800.0
1.30124,40.0,44.0,ARUC,18.8525,1646117100.0
0.652186,40.0,44.0,ARUC,18.6112,1646117700.0
0.651864,40.0,44.0,ARUC,18.1368,1646118000.0
1.30634,40.0,44.0,ARUC,17.8527,1646118300.0
1.30284,40.0,44.0,ARUC,20.8149,1646120400.0
0.921728,40.0,44.0,ARUC,18.8465,1646120700.0
0.585846,40.0,44.0,ARUC,17.5442,1646121000.0
0.54244,40.0,44.0,ARUC,17.7462,1646121300.0
0.590751,40.0,44.0,ARUC,17.7877,1646121600.0
0.619561,40.0,44.0,ARUC,17.7866,1646121900.0
1.36142,40.0,44.0,ARUC,19.1897,1646122200.0
1.31466,40.0,44.0,ARUC,21.7102,1646122500.0
1.31618,40.0,44.0,ARUC,22.168,1646122800.0
0.932794,40.0,44.0,ARUC,22.3732,1646123100.0
0.928428,40.0,44.0,ARUC,22.7915,1646123400.0
0.94917,40.0,44.0,ARUC,23.222,1646123700.0
1.31623,40.0,44.0,ARUC,23.984,1646124000.0
1.31773,40.0,44.0,ARUC,24.4546,1646124300.0
1.44196,40.0,44.0,ARUC,24.6617,1646124600.0
1.33564,40.0,44.0,ARUC,27.2356,1646124900.0
1.31534,40.0,44.0,ARUC,27.5067,1646125200.0
1.325,40.0,44.0,ARUC,27.9105,1646125500.0
0.921518,40.0,44.0,ARUC,23.3068,1646126100.0
0.65271,40.0,44.0,ARUC,23.1611,1646126400.0
0.753164,40.0,44.0,ARUC,23.4907,1646126700.0
0.753963,40.0,44.0,ARUC,23.5311,1646127000.0
0.928288,40.0,44.0,ARUC,23.1674,1646127300.0
1.30633,40.0,44.0,ARUC,21.7149,1646129100.0
1.30345,40.0,44.0,ARUC,20.8215,1646130600.0
1.3029,40.0,44.0,ARUC,20.7653,1646130900.0
1.31061,40.0,44.0,ARUC,19.0167,1646132700.0
1.30695,40.0,44.0,ARUC,19.102,1646133000.0
1.3065,40.0,44.0,ARUC,19.173,1646133300.0
1.30707,40.0,44.0,ARUC,19.0371,1646133600.0
0.923633,40.0,44.0,ARUC,18.2485,1646133900.0
0.533449,40.0,44.0,ARUC,17.9854,1646134200.0
1.30653,40.0,44.0,ARUC,19.1155,1646134500.0
0.923718,40.0,44.0,ARUC,18.8326,1646134800.0
1.30254,40.0,44.0,ARUC,18.5343,1646135100.0
1.30429,40.0,44.0,ARUC,18.6456,1646135400.0
1.30472,40.0,44.0,ARUC,15.6316,1646139300.0
1.30361,40.0,44.0,ARUC,15.4853,1646139600.0
1.30337,40.0,44.0,ARUC,15.3059,1646139900.0
0.921734,40.0,44.0,ARUC,16.4491,1646140200.0
0.921854,40.0,44.0,ARUC,16.2966,1646140500.0
0.754592,40.0,44.0,ARUC,16.0692,1646140800.0
0.585419,40.0,44.0,ARUC,14.8939,1646141100.0
0.394194,40.0,44.0,ARUC,14.4764,1646141400.0
0.92053,40.0,44.0,ARUC,15.1999,1646141700.0
0.920643,40.0,44.0,ARUC,14.824,1646142000.0
0.75581,40.0,44.0,ARUC,14.661,1646142300.0
1.30212,40.0,44.0,ARUC,14.5338,1646142600.0
0.922046,40.0,44.0,ARUC,14.9047,1646142900.0
1.30254,40.0,44.0,ARUC,13.9615,1646143200.0
1.30244,40.0,44.0,ARUC,13.745,1646143500.0
1.30484,40.0,44.0,ARUC,15.1742,1646144400.0
1.30319,40.0,44.0,ARUC,15.2023,1646144700.0
1.30104,40.0,44.0,ARUC,14.0449,1646146200.0
1.30105,40.0,44.0,ARUC,13.7989,1646146500.0
0.922829,40.0,44.0,ARUC,9.28142,1646149200.0
0.589949,40.0,44.0,ARUC,7.90619,1646149500.0
0.449276,40.0,44.0,ARUC,7.1624,1646149800.0
0.424235,40.0,44.0,ARUC,6.70154,1646150100.0
0.539462,40.0,44.0,ARUC,7.7683,1646150400.0
0.474174,40.0,44.0,ARUC,7.05405,1646150700.0
0.436276,40.0,44.0,ARUC,6.86493,1646151000.0
1.30332,40.0,44.0,ARUC,8.78859,1646151300.0
1.30313,40.0,44.0,ARUC,8.43834,1646151600.0
1.30318,40.0,44.0,ARUC,8.14252,1646151900.0
1.30302,40.0,44.0,ARUC,7.88802,1646152200.0
0.923216,40.0,44.0,ARUC,7.99882,1646152500.0
1.3037,40.0,44.0,ARUC,8.33912,1646152800.0
1.30695,40.0,44.0,ARUC,6.04667,1646153400.0
0.923215,40.0,44.0,ARUC,7.63671,1646153700.0
0.922975,40.0,44.0,ARUC,7.68941,1646154000.0
0.754537,40.0,44.0,ARUC,6.1356,1646154300.0
0.533036,40.0,44.0,ARUC,4.98424,1646154600.0
0.362749,40.0,44.0,ARUC,5.13623,1646154900.0
1.30474,40.0,44.0,ARUC,7.10269,1646155200.0
1.30493,40.0,44.0,ARUC,7.19771,1646155500.0
1.30468,40.0,44.0,ARUC,7.31026,1646155800.0
1.30511,40.0,44.0,ARUC,7.36825,1646156100.0
1.30473,40.0,44.0,ARUC,2.68455,1646158200.0
1.30563,40.0,44.0,ARUC,2.65889,1646158500.0
0.921793,40.0,44.0,ARUC,5.40827,1646158800.0
0.752924,40.0,44.0,ARUC,5.08594,1646159100.0
0.753029,40.0,44.0,ARUC,5.21021,1646159400.0
0.752891,40.0,44.0,ARUC,5.27909,1646159700.0
0.752867,40.0,44.0,ARUC,5.39544,1646160000.0
0.756876,40.0,44.0,ARUC,5.4589,1646160300.0
1.30173,40.0,44.0,ARUC,5.69892,1646160600.0
1.3018,40.0,44.0,ARUC,5.58281,1646160900.0
1.30178,40.0,44.0,ARUC,5.46277,1646161200.0
1.33228,40.0,44.0,ARUC,3.52663,1646161500.0
0.664766,40.0,44.0,ARUC,3.48292,1646161800.0
0.960825,40.0,44.0,ARUC,3.62955,1646162100.0
0.924501,40.0,44.0,ARUC,4.15018,1646163000.0
0.923842,40.0,44.0,ARUC,4.04707,1646163300.0
1.30607,40.0,44.0,ARUC,5.42842,1646163600.0
1.30553,40.0,44.0,ARUC,5.25328,1646163900.0
0.754216,40.0,44.0,ARUC,6.07341,1646164200.0
0.753609,40.0,44.0,ARUC,6.12633,1646164500.0
0.924073,40.0,44.0,ARUC,5.57867,1646164800.0
0.924291,40.0,44.0,ARUC,5.67575,1646165100.0
1.31105,40.0,44.0,ARUC,6.62669,1646165400.0
1.31011,40.0,44.0,ARUC,6.90512,1646165700.0
1.31193,40.0,44.0,ARUC,7.14236,1646166000.0
0.924673,40.0,44.0,ARUC,4.51998,1646167200.0
0.924102,40.0,44.0,ARUC,4.62063,1646167500.0
1.30793,40.0,44.0,ARUC,5.66213,1646167800.0
1.308,40.0,44.0,ARUC,5.88065,1646168100.0
0.92585,40.0,44.0,ARUC,6.53182,1646168400.0
0.923885,40.0,44.0,ARUC,6.73503,1646168700.0
0.926875,40.0,44.0,ARUC,6.90355,1646169000.0
1.30506,40.0,44.0,ARUC,7.45173,1646169300.0
0.924323,40.0,44.0,ARUC,6.86228,1646169600.0
0.92292,40.0,44.0,ARUC,7.0289,1646169900.0
0.753881,40.0,44.0,ARUC,6.07055,1646170200.0
0.922106,40.0,44.0,ARUC,5.27233,1646170500.0
0.539491,40.0,44.0,ARUC,3.25377,1646170800.0
0.777356,40.0,44.0,ARUC,3.08075,1646171100.0
1.3056,40.0,44.0,ARUC,4.3748,1646171400.0
1.30661,40.0,44.0,ARUC,4.36368,1646171700.0
0.921908,40.0,44.0,ARUC,6.76713,1646172900.0
0.921983,40.0,44.0,ARUC,6.79576,1646173200.0
1.30374,40.0,44.0,ARUC,6.28701,1646173500.0
1.30372,40.0,44.0,ARUC,6.11202,1646173800.0
1.30291,40.0,44.0,ARUC,7.26988,1646174100.0
1.30278,40.0,44.0,ARUC,7.36547,1646174400.0
1.30278,40.0,44.0,ARUC,7.52088,1646174700.0
1.30352,40.0,44.0,ARUC,7.61632,1646175000.0
1.31584,40.0,44.0,ARUC,2.63154,1646176200.0
1.34608,40.0,44.0,ARUC,2.61198,1646176500.0
0.778912,40.0,44.0,ARUC,3.52968,1646178900.0
1.31894,32.0,35.0,BSHM,4.99924,1646092800.0
0.929421,32.0,35.0,BSHM,5.03718,1646093100.0
0.757284,32.0,35.0,BSHM,5.16198,1646093400.0
0.756264,32.0,35.0,BSHM,5.27711,1646093700.0
0.755762,32.0,35.0,BSHM,5.40038,1646094000.0
0.756162,32.0,35.0,BSHM,5.52294,1646094300.0
0.757767,32.0,35.0,BSHM,5.59907,1646094600.0
0.922308,32.0,35.0,BSHM,5.63695,1646094900.0
0.925055,32.0,35.0,BSHM,5.67823,1646095200.0
0.921783,32.0,35.0,BSHM,5.99766,1646095500.0
1.30651,32.0,35.0,BSHM,5.13058,1646095800.0
0.931295,32.0,35.0,BSHM,5.15321,1646096100.0
0.753761,32.0,35.0,BSHM,5.32106,1646096400.0
0.652473,32.0,35.0,BSHM,5.04048,1646096700.0
0.532335,32.0,35.0,BSHM,5.01361,1646097000.0
0.53393,32.0,35.0,BSHM,4.99009,1646097300.0
0.65136,32.0,35.0,BSHM,4.93142,1646097600.0
0.582508,32.0,35.0,BSHM,4.90147,1646097900.0
0.533417,32.0,35.0,BSHM,4.69077,1646098200.0
0.584572,32.0,35.0,BSHM,4.5751,1646098500.0
0.752,32.0,35.0,BSHM,4.77506,1646098800.0
0.753436,32.0,35.0,BSHM,4.7534,1646099100.0
0.921023,32.0,35.0,BSHM,4.72595,1646099400.0
1.30317,32.0,35.0,BSHM,4.73157,1646099700.0
1.30609,32.0,35.0,BSHM,3.79507,1646100300.0
0.929283,32.0,35.0,BSHM,3.60481,1646100600.0
0.757017,32.0,35.0,BSHM,3.40566,1646100900.0
0.656263,32.0,35.0,BSHM,3.24474,1646101200.0
0.589108,32.0,35.0,BSHM,3.53853,1646101500.0
0.535493,32.0,35.0,BSHM,3.36791,1646101800.0
0.535076,32.0,35.0,BSHM,3.22974,1646102100.0
0.585886,32.0,35.0,BSHM,2.79901,1646102400.0
0.652402,32.0,35.0,BSHM,2.74742,1646102700.0
0.922727,32.0,35.0,BSHM,2.76661,1646103000.0
1.30309,32.0,35.0,BSHM,2.76206,1646103300.0
1.3042,32.0,35.0,BSHM,2.7943,1646103600.0
0.990264,32.0,35.0,BSHM,2.5861,1646104500.0
0.684565,32.0,35.0,BSHM,2.76827,1646104800.0
0.665262,32.0,35.0,BSHM,3.28194,1646105100.0
0.544571,32.0,35.0,BSHM,3.41048,1646105400.0
0.538604,32.0,35.0,BSHM,3.35928,1646105700.0
0.539441,32.0,35.0,BSHM,3.53982,1646106000.0
0.499769,32.0,35.0,BSHM,3.94602,1646106300.0
0.498121,32.0,35.0,BSHM,4.26958,1646106600.0
0.497762,32.0,35.0,BSHM,4.68675,1646106900.0
0.535204,32.0,35.0,BSHM,5.12532,1646107200.0
0.584264,32.0,35.0,BSHM,5.60698,1646107500.0
0.584485,32.0,35.0,BSHM,6.20001,1646107800.0
0.585696,32.0,35.0,BSHM,6.75664,1646108100.0
0.761313,32.0,35.0,BSHM,7.4194,1646108400.0
0.925087,32.0,35.0,BSHM,8.11119,1646108700.0
0.925254,32.0,35.0,BSHM,8.80286,1646109000.0
1.30794,32.0,35.0,BSHM,9.39609,1646109300.0
1.30408,32.0,35.0,BSHM,10.8235,1646110200.0
0.920622,32.0,35.0,BSHM,10.8671,1646110500.0
0.920546,32.0,35.0,BSHM,11.3225,1646110800.0
0.923918,32.0,35.0,BSHM,11.3758,1646111100.0
0.751887,32.0,35.0,BSHM,11.5966,1646111400.0
0.532469,32.0,35.0,BSHM,11.8548,1646111700.0
0.537696,32.0,35.0,BSHM,12.1206,1646112000.0
0.473113,32.0,35.0,BSHM,12.3851,1646112300.0
0.443302,32.0,35.0,BSHM,12.7547,1646112600.0
0.404678,32.0,35.0,BSHM,13.1729,1646112900.0
0.42595,32.0,35.0,BSHM,13.7433,1646113200.0
0.44377,32.0,35.0,BSHM,14.2516,1646113500.0
0.509688,32.0,35.0,BSHM,14.6455,1646113800.0
0.552966,32.0,35.0,BSHM,15.1628,1646114100.0
0.610021,32.0,35.0,BSHM,15.8121,1646114400.0
0.614071,32.0,35.0,BSHM,16.5187,1646114700.0
0.609642,32.0,35.0,BSHM,16.7225,1646115000.0
0.562988,32.0,35.0,BSHM,16.8445,1646115300.0
0.537087,32.0,35.0,BSHM,16.8405,1646115600.0
0.582832,32.0,35.0,BSHM,17.4962,1646115900.0
0.539874,32.0,35.0,BSHM,18.0266,1646116200.0
0.463464,32.0,35.0,BSHM,18.2619,1646116500.0
0.436549,32.0,35.0,BSHM,19.0033,1646116800.0
0.462877,32.0,35.0,BSHM,19.5715,1646117100.0
0.436513,32.0,35.0,BSHM,19.8328,1646117400.0
0.496124,32.0,35.0,BSHM,20.3425,1646117700.0
0.493015,32.0,35.0,BSHM,20.5179,1646118000.0
0.492926,32.0,35.0,BSHM,20.1526,1646118300.0
0.583849,32.0,35.0,BSHM,20.2545,1646118600.0
0.532369,32.0,35.0,BSHM,21.0099,1646118900.0
0.583906,32.0,35.0,BSHM,20.9187,1646119200.0
0.582231,32.0,35.0,BSHM,21.0378,1646119500.0
0.531575,32.0,35.0,BSHM,21.1713,1646119800.0
0.496619,32.0,35.0,BSHM,21.3336,1646120100.0
0.492666,32.0,35.0,BSHM,21.4578,1646120400.0
0.460824,32.0,35.0,BSHM,21.761,1646120700.0
0.43487,32.0,35.0,BSHM,22.0115,1646121000.0
0.58241,32.0,35.0,BSHM,22.2625,1646121300.0
0.65102,32.0,35.0,BSHM,22.5546,1646121600.0
0.650897,32.0,35.0,BSHM,22.8044,1646121900.0
0.651456,32.0,35.0,BSHM,23.1466,1646122200.0
0.921034,32.0,35.0,BSHM,23.5581,1646122500.0
1.31995,32.0,35.0,BSHM,26.1884,1646124300.0
1.30684,32.0,35.0,BSHM,26.5908,1646124600.0
1.3068,32.0,35.0,BSHM,27.1874,1646124900.0
0.763289,32.0,35.0,BSHM,26.8391,1646125200.0
0.755045,32.0,35.0,BSHM,27.3838,1646125500.0
0.925146,32.0,35.0,BSHM,27.513,1646125800.0
0.926118,32.0,35.0,BSHM,27.9388,1646126100.0
0.754304,32.0,35.0,BSHM,28.689,1646126400.0
0.922604,32.0,35.0,BSHM,28.3288,1646126700.0
0.922755,32.0,35.0,BSHM,28.3958,1646127000.0
0.922596,32.0,35.0,BSHM,28.5659,1646127300.0
0.923175,32.0,35.0,BSHM,28.7705,1646127600.0
1.31691,32.0,35.0,BSHM,28.7199,1646127900.0
1.30169,32.0,35.0,BSHM,30.2988,1646128800.0
0.920828,32.0,35.0,BSHM,30.1004,1646129100.0
0.933506,32.0,35.0,BSHM,28.4595,1646129400.0
1.30938,32.0,35.0,BSHM,26.627,1646129700.0
1.36928,32.0,35.0,BSHM,26.3824,1646130000.0
1.30877,32.0,35.0,BSHM,26.1647,1646130300.0
1.30864,32.0,35.0,BSHM,26.1469,1646130600.0
1.35596,32.0,35.0,BSHM,23.6618,1646132400.0
0.935862,32.0,35.0,BSHM,23.1882,1646132700.0
0.672642,32.0,35.0,BSHM,22.7321,1646133000.0
0.765845,32.0,35.0,BSHM,22.3241,1646133300.0
0.707744,32.0,35.0,BSHM,22.1003,1646133600.0
0.674575,32.0,35.0,BSHM,21.9442,1646133900.0
0.611282,32.0,35.0,BSHM,21.3695,1646134200.0
0.544292,32.0,35.0,BSHM,21.0353,1646134500.0
0.585008,32.0,35.0,BSHM,20.4291,1646134800.0
0.653125,32.0,35.0,BSHM,20.017,1646135100.0
0.652885,32.0,35.0,BSHM,20.048,1646135400.0
0.652885,32.0,35.0,BSHM,20.1512,1646135700.0
0.654224,32.0,35.0,BSHM,20.2539,1646136000.0
0.752194,32.0,35.0,BSHM,20.418,1646136300.0
0.752961,32.0,35.0,BSHM,20.5618,1646136600.0
1.30238,32.0,35.0,BSHM,20.2706,1646136900.0
0.818086,32.0,35.0,BSHM,20.5149,1646137200.0
0.576462,32.0,35.0,BSHM,20.352,1646137500.0
0.569751,32.0,35.0,BSHM,20.172,1646137800.0
0.519959,32.0,35.0,BSHM,19.751,1646138100.0
0.453147,32.0,35.0,BSHM,19.4575,1646138400.0
0.437622,32.0,35.0,BSHM,19.4063,1646138700.0
0.45753,32.0,35.0,BSHM,19.2746,1646139000.0
0.43171,32.0,35.0,BSHM,19.2817,1646139300.0
0.445162,32.0,35.0,BSHM,19.3533,1646139600.0
0.476302,32.0,35.0,BSHM,19.2009,1646139900.0
0.476209,32.0,35.0,BSHM,18.9586,1646140200.0
0.544241,32.0,35.0,BSHM,18.8831,1646140500.0
0.493381,32.0,35.0,BSHM,18.6055,1646140800.0
0.503564,32.0,35.0,BSHM,18.1619,1646141100.0
0.427423,32.0,35.0,BSHM,17.7261,1646141400.0
0.431185,32.0,35.0,BSHM,17.4039,1646141700.0
0.414949,32.0,35.0,BSHM,17.1984,1646142000.0
0.427036,32.0,35.0,BSHM,16.9564,1646142300.0
0.422031,32.0,35.0,BSHM,16.9382,1646142600.0
0.44852,32.0,35.0,BSHM,16.5361,1646142900.0
0.510291,32.0,35.0,BSHM,16.0182,1646143200.0
0.510297,32.0,35.0,BSHM,16.1228,1646143500.0
0.540344,32.0,35.0,BSHM,16.2744,1646143800.0
0.518662,32.0,35.0,BSHM,16.0372,1646144100.0
0.550092,32.0,35.0,BSHM,15.6967,1646144400.0
0.654976,32.0,35.0,BSHM,15.333,1646144700.0
0.591183,32.0,35.0,BSHM,15.2196,1646145000.0
0.653848,32.0,35.0,BSHM,15.2298,1646145300.0
0.584757,32.0,35.0,BSHM,14.8697,1646145600.0
0.59438,32.0,35.0,BSHM,14.9025,1646145900.0
0.582969,32.0,35.0,BSHM,14.932,1646146200.0
0.583385,32.0,35.0,BSHM,15.0223,1646146500.0
0.652013,32.0,35.0,BSHM,15.061,1646146800.0
0.753129,32.0,35.0,BSHM,15.3623,1646147100.0
0.661481,32.0,35.0,BSHM,14.8876,1646147400.0
0.665318,32.0,35.0,BSHM,14.2203,1646147700.0
0.556231,32.0,35.0,BSHM,13.6829,1646148000.0
0.676691,32.0,35.0,BSHM,12.4351,1646148300.0
0.6115,32.0,35.0,BSHM,11.7715,1646148600.0
0.603108,32.0,35.0,BSHM,11.4513,1646148900.0
0.609371,32.0,35.0,BSHM,11.0549,1646149200.0
0.671608,32.0,35.0,BSHM,11.4041,1646149500.0
0.819684,32.0,35.0,BSHM,10.3656,1646149800.0
0.825663,32.0,35.0,BSHM,9.98105,1646150100.0
0.939663,32.0,35.0,BSHM,10.1649,1646150400.0
0.960042,32.0,35.0,BSHM,10.096,1646150700.0
1.12215,32.0,35.0,BSHM,8.14031,1646153400.0
0.955353,32.0,35.0,BSHM,7.93443,1646153700.0
0.778395,32.0,35.0,BSHM,7.58352,1646154000.0
0.778038,32.0,35.0,BSHM,7.31056,1646154300.0
0.615485,32.0,35.0,BSHM,6.92961,1646154600.0
0.547941,32.0,35.0,BSHM,6.67793,1646154900.0
0.59788,32.0,35.0,BSHM,6.42258,1646155200.0
0.599197,32.0,35.0,BSHM,6.19764,1646155500.0
0.567968,32.0,35.0,BSHM,5.98429,1646155800.0
0.59628,32.0,35.0,BSHM,6.10647,1646156100.0
0.552195,32.0,35.0,BSHM,6.48048,1646156400.0
0.663263,32.0,35.0,BSHM,6.68267,1646156700.0
0.669912,32.0,35.0,BSHM,6.82891,1646157000.0
0.664719,32.0,35.0,BSHM,6.59216,1646157300.0
0.681689,32.0,35.0,BSHM,6.33258,1646157600.0
0.593073,32.0,35.0,BSHM,6.07824,1646157900.0
0.663122,32.0,35.0,BSHM,5.85879,1646158200.0
0.591056,32.0,35.0,BSHM,5.79932,1646158500.0
0.764259,32.0,35.0,BSHM,5.59421,1646158800.0
0.670514,32.0,35.0,BSHM,5.76368,1646159100.0
0.686348,32.0,35.0,BSHM,5.94232,1646159400.0
0.601855,32.0,35.0,BSHM,5.73161,1646159700.0
0.482901,32.0,35.0,BSHM,5.45565,1646160000.0
0.470787,32.0,35.0,BSHM,5.2389,1646160300.0
0.513316,32.0,35.0,BSHM,5.1741,1646160600.0
0.542231,32.0,35.0,BSHM,5.06782,1646160900.0
0.553347,32.0,35.0,BSHM,4.85819,1646161200.0
0.540644,32.0,35.0,BSHM,4.58555,1646161500.0
0.687908,32.0,35.0,BSHM,4.57092,1646161800.0
0.772756,32.0,35.0,BSHM,4.67699,1646162100.0
0.772957,32.0,35.0,BSHM,4.37039,1646162400.0
0.767683,32.0,35.0,BSHM,4.1672,1646162700.0
0.765991,32.0,35.0,BSHM,4.00916,1646163000.0
0.620776,32.0,35.0,BSHM,3.82605,1646163300.0
0.549095,32.0,35.0,BSHM,3.72954,1646163600.0
0.547289,32.0,35.0,BSHM,3.61275,1646163900.0
0.544543,32.0,35.0,BSHM,3.45981,1646164200.0
0.546833,32.0,35.0,BSHM,3.34225,1646164500.0
0.508672,32.0,35.0,BSHM,3.22887,1646164800.0
0.516647,32.0,35.0,BSHM,3.16051,1646165100.0
0.557264,32.0,35.0,BSHM,3.53737,1646165400.0
0.551633,32.0,35.0,BSHM,4.57556,1646165700.0
0.52668,32.0,35.0,BSHM,4.95053,1646166000.0
0.607908,32.0,35.0,BSHM,5.59426,1646166300.0
0.675215,32.0,35.0,BSHM,6.09561,1646166600.0
0.673385,32.0,35.0,BSHM,5.91689,1646166900.0
0.59626,32.0,35.0,BSHM,5.51507,1646167200.0
0.568431,32.0,35.0,BSHM,5.20612,1646167500.0
0.516189,32.0,35.0,BSHM,4.8108,1646167800.0
0.531937,32.0,35.0,BSHM,4.70901,1646168100.0
0.55957,32.0,35.0,BSHM,4.18647,1646168400.0
0.521402,32.0,35.0,BSHM,4.16353,1646168700.0
0.549533,32.0,35.0,BSHM,4.13118,1646169000.0
0.589096,32.0,35.0,BSHM,4.08393,1646169300.0
0.508039,32.0,35.0,BSHM,4.04164,1646169600.0
0.450336,32.0,35.0,BSHM,4.05621,1646169900.0
0.481819,32.0,35.0,BSHM,4.08822,1646170200.0
0.51512,32.0,35.0,BSHM,4.10222,1646170500.0
0.438985,32.0,35.0,BSHM,4.27419,1646170800.0
0.510273,32.0,35.0,BSHM,4.39246,1646171100.0
0.486921,32.0,35.0,BSHM,4.29151,1646171400.0
0.663987,32.0,35.0,BSHM,4.42386,1646171700.0
0.604288,32.0,35.0,BSHM,4.85058,1646172000.0
0.757011,32.0,35.0,BSHM,5.34217,1646172300.0
0.961661,32.0,35.0,BSHM,5.69107,1646172600.0
1.41309,32.0,35.0,BSHM,4.28319,1646173500.0
1.32183,32.0,35.0,BSHM,4.19998,1646173800.0
1.32314,32.0,35.0,BSHM,4.07463,1646174100.0
0.929045,32.0,35.0,BSHM,4.35882,1646174400.0
0.927717,32.0,35.0,BSHM,4.35506,1646174700.0
0.757983,32.0,35.0,BSHM,4.89711,1646175000.0
0.654328,32.0,35.0,BSHM,5.14739,1646175300.0
0.653102,32.0,35.0,BSHM,5.28553,1646175600.0
0.587998,32.0,35.0,BSHM,5.36225,1646175900.0
0.534099,32.0,35.0,BSHM,5.43988,1646176200.0
0.535257,32.0,35.0,BSHM,5.71039,1646176500.0
0.49537,32.0,35.0,BSHM,5.71354,1646176800.0
0.498231,32.0,35.0,BSHM,5.56048,1646177100.0
0.535523,32.0,35.0,BSHM,5.64705,1646177400.0
0.53527,32.0,35.0,BSHM,5.71515,1646177700.0
0.761416,32.0,35.0,BSHM,5.79112,1646178000.0
0.778669,32.0,35.0,BSHM,5.79579,1646178300.0
0.966127,32.0,35.0,BSHM,5.66418,1646178600.0
1.32069,32.0,35.0,BSHM,5.93271,1646178900.0
0.753416,35.0,33.0,NICO,4.77323,1646092800.0
0.764915,35.0,33.0,NICO,4.6805,1646093100.0
1.30978,35.0,33.0,NICO,4.47869,1646093400.0
1.30208,35.0,33.0,NICO,6.05265,1646094900.0
1.30177,35.0,33.0,NICO,6.07449,1646095200.0
1.30306,35.0,33.0,NICO,4.67671,1646097000.0
1.30276,35.0,33.0,NICO,4.6193,1646097300.0
1.31061,35.0,33.0,NICO,4.75756,1646099100.0
1.32588,35.0,33.0,NICO,4.94077,1646100300.0
0.924798,35.0,33.0,NICO,6.07432,1646100600.0
1.32065,35.0,33.0,NICO,4.65952,1646101200.0
0.940797,35.0,33.0,NICO,3.99883,1646101500.0
0.563869,35.0,33.0,NICO,3.72716,1646101800.0
0.466103,35.0,33.0,NICO,3.57671,1646102100.0
0.533985,35.0,33.0,NICO,3.21756,1646102400.0
0.540109,35.0,33.0,NICO,3.09254,1646102700.0
0.92416,35.0,33.0,NICO,3.04186,1646103000.0
0.770156,35.0,33.0,NICO,4.46733,1646107500.0
0.522355,35.0,33.0,NICO,5.03669,1646107800.0
0.470955,35.0,33.0,NICO,5.87503,1646108100.0
0.505368,35.0,33.0,NICO,6.29725,1646108400.0
0.580141,35.0,33.0,NICO,6.88677,1646108700.0
0.808692,35.0,33.0,NICO,6.732,1646109000.0
1.30153,35.0,33.0,NICO,10.3854,1646110200.0
1.3011,35.0,33.0,NICO,10.5893,1646110500.0
1.63614,35.0,33.0,NICO,12.4427,1646113200.0
0.740845,35.0,33.0,NICO,12.8768,1646113500.0
0.612196,35.0,33.0,NICO,13.3846,1646113800.0
0.583582,35.0,33.0,NICO,13.8556,1646114100.0
0.548541,35.0,33.0,NICO,14.1846,1646114400.0
0.710086,35.0,33.0,NICO,14.4414,1646114700.0
1.42973,35.0,33.0,NICO,14.6018,1646115000.0
1.3287,35.0,33.0,NICO,17.9083,1646118300.0
0.922723,35.0,33.0,NICO,18.0206,1646118600.0
0.922426,35.0,33.0,NICO,18.1765,1646118900.0
0.755356,35.0,33.0,NICO,18.2734,1646119200.0
0.923511,35.0,33.0,NICO,18.574,1646119500.0
1.30527,35.0,33.0,NICO,19.0762,1646119800.0
1.31118,35.0,33.0,NICO,22.2363,1646120100.0
1.30327,35.0,33.0,NICO,23.7711,1646121900.0
1.30452,35.0,33.0,NICO,22.4723,1646122200.0
1.30568,35.0,33.0,NICO,22.6767,1646122500.0
1.31679,35.0,33.0,NICO,23.8802,1646122800.0
1.31366,35.0,33.0,NICO,24.0131,1646123100.0
0.924754,35.0,33.0,NICO,24.508,1646123400.0
0.924388,35.0,33.0,NICO,24.7124,1646123700.0
0.664196,35.0,33.0,NICO,25.0264,1646124000.0
0.753662,35.0,33.0,NICO,25.3069,1646124300.0
0.655682,35.0,33.0,NICO,25.2734,1646124600.0
0.920676,35.0,33.0,NICO,25.5283,1646124900.0
0.920815,35.0,33.0,NICO,21.5344,1646125200.0
1.30239,35.0,33.0,NICO,23.9184,1646128800.0
0.752115,35.0,33.0,NICO,23.9448,1646129100.0
0.680956,35.0,33.0,NICO,24.7122,1646129400.0
0.544779,35.0,33.0,NICO,25.1215,1646129700.0
0.440244,35.0,33.0,NICO,25.3092,1646130000.0
0.467699,35.0,33.0,NICO,25.2006,1646130300.0
0.500939,35.0,33.0,NICO,25.1005,1646130600.0
0.764703,35.0,33.0,NICO,24.5404,1646130900.0
0.990987,35.0,33.0,NICO,24.6666,1646131200.0
1.33747,35.0,33.0,NICO,25.1946,1646131500.0
1.31017,35.0,33.0,NICO,23.8126,1646132700.0
1.30738,35.0,33.0,NICO,22.9649,1646133000.0
1.30731,35.0,33.0,NICO,22.798,1646133300.0
1.32944,35.0,33.0,NICO,22.6845,1646133600.0
1.30129,35.0,33.0,NICO,19.4681,1646134800.0
1.30131,35.0,33.0,NICO,19.3266,1646135100.0
0.761001,35.0,33.0,NICO,18.4703,1646136300.0
0.468381,35.0,33.0,NICO,18.5723,1646136600.0
0.420953,35.0,33.0,NICO,18.31,1646136900.0
0.536918,35.0,33.0,NICO,18.0987,1646137200.0
0.670909,35.0,33.0,NICO,18.0845,1646137500.0
0.775859,35.0,33.0,NICO,18.0684,1646137800.0
1.30142,35.0,33.0,NICO,15.529,1646138100.0
0.958319,35.0,33.0,NICO,16.9576,1646139000.0
0.758607,35.0,33.0,NICO,16.8512,1646139300.0
0.930109,35.0,33.0,NICO,16.5749,1646139600.0
0.756439,35.0,33.0,NICO,16.6535,1646139900.0
0.757767,35.0,33.0,NICO,16.3813,1646140200.0
0.944347,35.0,33.0,NICO,16.3591,1646140500.0
1.30252,35.0,33.0,NICO,18.1131,1646141400.0
1.3024,35.0,33.0,NICO,18.0155,1646141700.0
1.30312,35.0,33.0,NICO,17.4218,1646142000.0
1.30273,35.0,33.0,NICO,17.3156,1646142300.0
0.776351,35.0,33.0,NICO,15.3524,1646142600.0
0.617591,35.0,33.0,NICO,13.8897,1646142900.0
0.509109,35.0,33.0,NICO,13.7709,1646143200.0
0.547208,35.0,33.0,NICO,13.5432,1646143500.0
0.517895,35.0,33.0,NICO,13.9337,1646143800.0
0.807682,35.0,33.0,NICO,14.7967,1646144100.0
0.920847,35.0,33.0,NICO,16.3746,1646144400.0
1.3016,35.0,33.0,NICO,15.9237,1646144700.0
1.30209,35.0,33.0,NICO,14.4412,1646148600.0
1.3015,35.0,33.0,NICO,14.1829,1646148900.0
1.30787,35.0,33.0,NICO,9.42849,1646151000.0
1.30471,35.0,33.0,NICO,9.20224,1646151300.0
0.762038,35.0,33.0,NICO,9.00213,1646151600.0
0.657447,35.0,33.0,NICO,8.77503,1646151900.0
0.464141,35.0,33.0,NICO,8.35918,1646152200.0
0.658899,35.0,33.0,NICO,8.02384,1646152500.0
0.765453,35.0,33.0,NICO,7.90345,1646152800.0
1.02768,35.0,33.0,NICO,7.79714,1646153100.0
1.45991,35.0,33.0,NICO,4.44579,1646157000.0
0.608806,35.0,33.0,NICO,4.61571,1646157300.0
0.542509,35.0,33.0,NICO,4.35336,1646157600.0
0.508117,35.0,33.0,NICO,4.037,1646157900.0
0.494941,35.0,33.0,NICO,4.24891,1646158200.0
0.544041,35.0,33.0,NICO,3.88911,1646158500.0
0.923341,35.0,33.0,NICO,3.15959,1646158800.0
1.3564,35.0,33.0,NICO,2.80047,1646159100.0
0.757707,35.0,33.0,NICO,2.77334,1646160300.0
0.754433,35.0,33.0,NICO,2.77725,1646160600.0
0.654936,35.0,33.0,NICO,2.92001,1646160900.0
0.652475,35.0,33.0,NICO,3.70718,1646161200.0
0.927352,35.0,33.0,NICO,4.51219,1646161500.0
1.30246,35.0,33.0,NICO,6.01404,1646161800.0
1.30236,35.0,33.0,NICO,5.91966,1646162100.0
1.31627,35.0,33.0,NICO,6.11217,1646163000.0
1.31211,35.0,33.0,NICO,6.06518,1646163300.0
1.0199,35.0,33.0,NICO,3.0599,1646164500.0
0.810889,35.0,33.0,NICO,3.09913,1646164800.0
0.565202,35.0,33.0,NICO,3.09534,1646165100.0
0.553909,35.0,33.0,NICO,3.11321,1646165400.0
0.55687,35.0,33.0,NICO,3.19356,1646165700.0
0.784418,35.0,33.0,NICO,3.34994,1646166000.0
0.76493,35.0,33.0,NICO,3.88126,1646169300.0
0.75635,35.0,33.0,NICO,3.93245,1646169600.0
0.655243,35.0,33.0,NICO,3.97138,1646169900.0
0.758248,35.0,33.0,NICO,3.95102,1646170200.0
0.758623,35.0,33.0,NICO,4.00627,1646170500.0
1.34838,35.0,33.0,NICO,4.40921,1646170800.0
1.3137,35.0,33.0,NICO,3.93413,1646171400.0
0.758016,35.0,33.0,NICO,3.85281,1646171700.0
0.533622,35.0,33.0,NICO,3.70808,1646172000.0
0.464691,35.0,33.0,NICO,3.76006,1646172300.0
0.497097,35.0,33.0,NICO,3.85236,1646172600.0
0.54544,35.0,33.0,NICO,4.20753,1646172900.0
0.655665,35.0,33.0,NICO,4.27273,1646173200.0
0.5848,35.0,33.0,NICO,4.4252,1646173500.0
0.584806,35.0,33.0,NICO,4.53746,1646173800.0
0.583585,35.0,33.0,NICO,4.41541,1646174100.0
0.652744,35.0,33.0,NICO,4.51161,1646174400.0
0.752322,35.0,33.0,NICO,4.53841,1646174700.0
1.30603,35.0,33.0,NICO,4.58529,1646175000.0
1.30275,35.0,33.0,NICO,6.13144,1646175900.0
1.30215,35.0,33.0,NICO,5.94685,1646176200.0
1.30268,35.0,33.0,NICO,5.80635,1646176500.0
1.7438,35.0,33.0,NICO,5.93539,1646177700.0
0.847164,35.0,33.0,NICO,4.93728,1646178000.0
0.768742,35.0,33.0,NICO,5.12878,1646178300.0
0.800602,35.0,33.0,NICO,5.21894,1646178600.0
0.754168,35.0,33.0,NICO,5.26779,1646178900.0
0.43971,40.0,44.0,ARUC,4.64532,1646179200.0
0.427389,40.0,44.0,ARUC,4.34645,1646179500.0
0.506877,40.0,44.0,ARUC,4.55165,1646179800.0
1.30497,40.0,44.0,ARUC,6.90795,1646181000.0
1.30434,40.0,44.0,ARUC,6.79745,1646181300.0
1.30453,40.0,44.0,ARUC,6.73561,1646181600.0
1.30438,40.0,44.0,ARUC,6.66313,1646181900.0
0.94857,40.0,44.0,ARUC,6.55281,1646182200.0
0.947043,40.0,44.0,ARUC,7.0423,1646182500.0
1.30412,40.0,44.0,ARUC,4.78042,1646183700.0
1.30261,40.0,44.0,ARUC,4.83738,1646184000.0
1.30262,40.0,44.0,ARUC,4.87464,1646184300.0
1.30249,40.0,44.0,ARUC,4.94965,1646184600.0
0.664649,40.0,44.0,ARUC,3.58649,1646184900.0
0.396062,40.0,44.0,ARUC,3.66218,1646185200.0
0.548126,40.0,44.0,ARUC,3.89472,1646185500.0
1.30247,40.0,44.0,ARUC,5.26321,1646185800.0
1.30487,40.0,44.0,ARUC,5.31856,1646186100.0
0.930674,40.0,44.0,ARUC,5.00532,1646186700.0
1.30972,40.0,44.0,ARUC,3.44373,1646187000.0
0.758626,40.0,44.0,ARUC,1.58448,1646190000.0
0.769202,40.0,44.0,ARUC,4.56317,1646190300.0
1.30147,40.0,44.0,ARUC,7.40095,1646190900.0
1.30154,40.0,44.0,ARUC,7.4734,1646191200.0
1.30282,40.0,44.0,ARUC,10.7379,1646192100.0
1.30167,40.0,44.0,ARUC,11.0399,1646192400.0
0.921051,40.0,44.0,ARUC,10.0477,1646192700.0
0.921415,40.0,44.0,ARUC,10.536,1646193000.0
1.30189,40.0,44.0,ARUC,12.2356,1646193300.0
0.927085,40.0,44.0,ARUC,12.4786,1646193600.0
0.751978,40.0,44.0,ARUC,11.9852,1646193900.0
0.752032,40.0,44.0,ARUC,12.2502,1646194200.0
0.921192,40.0,44.0,ARUC,12.3465,1646194500.0
0.921079,40.0,44.0,ARUC,12.715,1646194800.0
0.922052,40.0,44.0,ARUC,12.9987,1646195100.0
0.585479,40.0,44.0,ARUC,11.8214,1646195400.0
0.437642,40.0,44.0,ARUC,11.6953,1646195700.0
0.922274,40.0,44.0,ARUC,13.5085,1646196000.0
0.921262,40.0,44.0,ARUC,13.841,1646196300.0
0.921909,40.0,44.0,ARUC,14.1949,1646196600.0
0.923799,40.0,44.0,ARUC,16.2013,1646197800.0
1.30161,40.0,44.0,ARUC,17.9653,1646198100.0
1.30161,40.0,44.0,ARUC,18.2365,1646198400.0
1.30213,40.0,44.0,ARUC,18.4271,1646198700.0
1.30581,40.0,44.0,ARUC,13.9096,1646199000.0
1.31267,40.0,44.0,ARUC,14.0598,1646199300.0
1.3015,40.0,44.0,ARUC,19.8197,1646201400.0
1.30112,40.0,44.0,ARUC,19.8642,1646201700.0
1.30113,40.0,44.0,ARUC,20.059,1646202000.0
1.30317,40.0,44.0,ARUC,17.0526,1646202600.0
1.30428,40.0,44.0,ARUC,17.2111,1646202900.0
1.30123,40.0,44.0,ARUC,20.0244,1646203200.0
1.30276,40.0,44.0,ARUC,20.1367,1646203500.0
0.651898,40.0,44.0,ARUC,19.1302,1646203800.0
0.651348,40.0,44.0,ARUC,19.6096,1646204100.0
0.752603,40.0,44.0,ARUC,19.9288,1646204400.0
1.30282,40.0,44.0,ARUC,21.9304,1646206500.0
1.3018,40.0,44.0,ARUC,21.5502,1646206800.0
0.921568,40.0,44.0,ARUC,20.1868,1646207100.0
0.921321,40.0,44.0,ARUC,20.1693,1646207400.0
0.921759,40.0,44.0,ARUC,20.1191,1646207700.0
1.30238,40.0,44.0,ARUC,20.5615,1646208000.0
1.32347,40.0,44.0,ARUC,20.0877,1646208600.0
1.31768,40.0,44.0,ARUC,20.3864,1646208900.0
0.938126,40.0,44.0,ARUC,21.3442,1646209200.0
0.93573,40.0,44.0,ARUC,21.6265,1646209500.0
1.31952,40.0,44.0,ARUC,21.5234,1646209800.0
1.3178,40.0,44.0,ARUC,21.8748,1646210100.0
1.31925,40.0,44.0,ARUC,22.0675,1646210400.0
1.3877,40.0,44.0,ARUC,22.1619,1646210700.0
0.752768,40.0,44.0,ARUC,21.9392,1646212200.0
0.653494,40.0,44.0,ARUC,22.0854,1646212500.0
0.753345,40.0,44.0,ARUC,21.6938,1646212800.0
0.753936,40.0,44.0,ARUC,21.8311,1646213100.0
0.927564,40.0,44.0,ARUC,21.2787,1646213400.0
1.30644,40.0,44.0,ARUC,22.2956,1646215500.0
1.30306,40.0,44.0,ARUC,22.6661,1646217000.0
1.32288,40.0,44.0,ARUC,17.0854,1646218800.0
1.31008,40.0,44.0,ARUC,16.8983,1646219100.0
1.31019,40.0,44.0,ARUC,16.7527,1646219400.0
1.30946,40.0,44.0,ARUC,16.6916,1646219700.0
0.925069,40.0,44.0,ARUC,17.1851,1646220000.0
0.586148,40.0,44.0,ARUC,14.8279,1646220300.0
0.58482,40.0,44.0,ARUC,17.0799,1646220600.0
0.925527,40.0,44.0,ARUC,16.7438,1646220900.0
1.30289,40.0,44.0,ARUC,16.2279,1646221200.0
1.3023,40.0,44.0,ARUC,16.2056,1646221500.0
1.3022,40.0,44.0,ARUC,16.248,1646221800.0
1.30408,40.0,44.0,ARUC,16.2937,1646222100.0
1.30305,40.0,44.0,ARUC,13.8068,1646225400.0
1.30261,40.0,44.0,ARUC,13.716,1646225700.0
1.30245,40.0,44.0,ARUC,13.6787,1646226000.0
1.30232,40.0,44.0,ARUC,13.6004,1646226300.0
0.92203,40.0,44.0,ARUC,15.2912,1646226600.0
0.753141,40.0,44.0,ARUC,15.7202,1646226900.0
0.662079,40.0,44.0,ARUC,14.7053,1646227200.0
0.378406,40.0,44.0,ARUC,14.7174,1646227500.0
0.587262,40.0,44.0,ARUC,14.3967,1646227800.0
0.92063,40.0,44.0,ARUC,14.1413,1646228100.0
0.499547,40.0,44.0,ARUC,13.6017,1646228400.0
1.30244,40.0,44.0,ARUC,14.1143,1646228700.0
0.922158,40.0,44.0,ARUC,14.931,1646229000.0
1.30243,40.0,44.0,ARUC,13.5431,1646229300.0
1.30266,40.0,44.0,ARUC,13.2669,1646229600.0
1.30866,40.0,44.0,ARUC,13.0944,1646229900.0
1.30403,40.0,44.0,ARUC,16.2476,1646230800.0
1.30123,40.0,44.0,ARUC,14.0173,1646232300.0
1.30122,40.0,44.0,ARUC,13.6869,1646232600.0
0.925021,40.0,44.0,ARUC,7.95456,1646235300.0
0.921469,40.0,44.0,ARUC,7.78378,1646235600.0
0.922425,40.0,44.0,ARUC,7.55207,1646235900.0
1.30197,40.0,44.0,ARUC,8.75694,1646236200.0
0.669709,40.0,44.0,ARUC,6.46808,1646236500.0
0.563821,40.0,44.0,ARUC,6.45087,1646236800.0
0.380321,40.0,44.0,ARUC,5.94657,1646237100.0
0.537194,40.0,44.0,ARUC,5.65055,1646237400.0
0.672897,40.0,44.0,ARUC,5.14464,1646237700.0
1.30311,40.0,44.0,ARUC,6.74977,1646238000.0
1.30316,40.0,44.0,ARUC,6.54323,1646238300.0
0.923157,40.0,44.0,ARUC,7.17201,1646238600.0
1.30645,40.0,44.0,ARUC,8.10822,1646238900.0
1.31141,40.0,44.0,ARUC,5.6334,1646239500.0
0.924071,40.0,44.0,ARUC,6.81007,1646239800.0
0.923938,40.0,44.0,ARUC,6.93574,1646240100.0
0.755286,40.0,44.0,ARUC,5.67193,1646240400.0
0.535318,40.0,44.0,ARUC,4.9171,1646240700.0
0.327578,40.0,44.0,ARUC,5.06738,1646241000.0
0.92534,40.0,44.0,ARUC,5.796,1646241300.0
1.30534,40.0,44.0,ARUC,6.55644,1646241600.0
1.30556,40.0,44.0,ARUC,6.66307,1646241900.0
1.3055,40.0,44.0,ARUC,6.75469,1646242200.0
1.30507,40.0,44.0,ARUC,3.30791,1646244300.0
1.30452,40.0,44.0,ARUC,3.2784,1646244600.0
0.922267,40.0,44.0,ARUC,5.46188,1646244900.0
0.7531,40.0,44.0,ARUC,5.20683,1646245200.0
0.753075,40.0,44.0,ARUC,5.29841,1646245500.0
0.753181,40.0,44.0,ARUC,5.35634,1646245800.0
0.753032,40.0,44.0,ARUC,5.41739,1646246100.0
0.753856,40.0,44.0,ARUC,5.46284,1646246400.0
0.930336,40.0,44.0,ARUC,5.3941,1646246700.0
1.30192,40.0,44.0,ARUC,5.33455,1646247000.0
1.30201,40.0,44.0,ARUC,5.20142,1646247300.0
1.30991,40.0,44.0,ARUC,5.15216,1646247600.0
0.58866,40.0,44.0,ARUC,4.51166,1646247900.0
0.65865,40.0,44.0,ARUC,3.76876,1646248200.0
1.30735,40.0,44.0,ARUC,5.25902,1646249100.0
0.826236,40.0,44.0,ARUC,4.38748,1646249400.0
1.30671,40.0,44.0,ARUC,4.90213,1646249700.0
1.30728,40.0,44.0,ARUC,4.74179,1646250000.0
0.756626,40.0,44.0,ARUC,4.42792,1646250300.0
0.922884,40.0,44.0,ARUC,4.86853,1646250600.0
0.923032,40.0,44.0,ARUC,4.98617,1646250900.0
0.923802,40.0,44.0,ARUC,5.0746,1646251200.0
1.30891,40.0,44.0,ARUC,5.82286,1646251500.0
1.30887,40.0,44.0,ARUC,6.05398,1646251800.0
1.30812,40.0,44.0,ARUC,6.25853,1646252100.0
1.37299,40.0,44.0,ARUC,6.30146,1646252400.0
0.927783,40.0,44.0,ARUC,4.35538,1646253300.0
0.923362,40.0,44.0,ARUC,4.40006,1646253600.0
1.30939,40.0,44.0,ARUC,4.82941,1646253900.0
1.3088,40.0,44.0,ARUC,4.93457,1646254200.0
1.30885,40.0,44.0,ARUC,5.03995,1646254500.0
0.9241,40.0,44.0,ARUC,5.5777,1646254800.0
0.758059,40.0,44.0,ARUC,6.28762,1646255100.0
0.927404,40.0,44.0,ARUC,6.84839,1646255400.0
0.760231,40.0,44.0,ARUC,5.86617,1646255700.0
0.773689,40.0,44.0,ARUC,5.79268,1646256000.0
0.925015,40.0,44.0,ARUC,5.20294,1646256300.0
0.554499,40.0,44.0,ARUC,3.04349,1646256900.0
1.30676,40.0,44.0,ARUC,4.10416,1646257500.0
1.30521,40.0,44.0,ARUC,4.14791,1646257800.0
1.30433,40.0,44.0,ARUC,5.93041,1646259000.0
1.3036,40.0,44.0,ARUC,5.83342,1646259300.0
1.30334,40.0,44.0,ARUC,5.69112,1646259600.0
1.30333,40.0,44.0,ARUC,5.52721,1646259900.0
0.924799,40.0,44.0,ARUC,6.37754,1646260200.0
1.303,40.0,44.0,ARUC,7.42625,1646260500.0
1.30305,40.0,44.0,ARUC,7.5817,1646260800.0
1.30343,40.0,44.0,ARUC,7.63727,1646261100.0
1.31284,40.0,44.0,ARUC,5.71704,1646263800.0
1.30983,40.0,44.0,ARUC,5.85754,1646264100.0
1.31074,40.0,44.0,ARUC,5.9432,1646264400.0
1.31181,40.0,44.0,ARUC,6.0822,1646264700.0
1.31077,40.0,44.0,ARUC,6.23526,1646265000.0
1.31072,40.0,44.0,ARUC,6.33248,1646265300.0
0.929682,32.0,35.0,BSHM,5.61758,1646179200.0
0.832841,32.0,35.0,BSHM,5.82345,1646179500.0
0.79265,32.0,35.0,BSHM,5.98566,1646179800.0
0.788968,32.0,35.0,BSHM,6.10717,1646180100.0
0.785703,32.0,35.0,BSHM,6.21849,1646180400.0
0.788262,32.0,35.0,BSHM,6.32987,1646180700.0
0.992403,32.0,35.0,BSHM,6.47656,1646181000.0
0.988157,32.0,35.0,BSHM,6.50666,1646181300.0
0.9995,32.0,35.0,BSHM,5.66198,1646181600.0
1.31207,32.0,35.0,BSHM,5.63456,1646181900.0
0.9259,32.0,35.0,BSHM,5.70273,1646182200.0
0.753149,32.0,35.0,BSHM,5.72193,1646182500.0
0.753287,32.0,35.0,BSHM,5.78102,1646182800.0
0.532178,32.0,35.0,BSHM,5.78926,1646183100.0
0.492863,32.0,35.0,BSHM,5.70257,1646183400.0
0.582905,32.0,35.0,BSHM,5.89192,1646183700.0
0.539852,32.0,35.0,BSHM,5.85043,1646184000.0
0.463062,32.0,35.0,BSHM,5.50804,1646184300.0
0.435275,32.0,35.0,BSHM,5.36942,1646184600.0
0.58486,32.0,35.0,BSHM,5.16076,1646184900.0
0.586357,32.0,35.0,BSHM,5.16892,1646185200.0
0.656529,32.0,35.0,BSHM,4.89949,1646185500.0
1.30375,32.0,35.0,BSHM,5.57096,1646185800.0
1.31364,32.0,35.0,BSHM,5.69132,1646186400.0
0.927914,32.0,35.0,BSHM,5.62412,1646186700.0
0.925587,32.0,35.0,BSHM,5.58117,1646187000.0
0.754333,32.0,35.0,BSHM,5.46272,1646187300.0
0.653557,32.0,35.0,BSHM,5.38831,1646187600.0
0.653815,32.0,35.0,BSHM,5.33154,1646187900.0
0.653889,32.0,35.0,BSHM,5.226,1646188200.0
0.65344,32.0,35.0,BSHM,4.97369,1646188500.0
0.754255,32.0,35.0,BSHM,4.84962,1646188800.0
1.30784,32.0,35.0,BSHM,4.98588,1646189100.0
1.30286,32.0,35.0,BSHM,6.59628,1646189700.0
1.32394,32.0,35.0,BSHM,5.51459,1646190000.0
0.928119,32.0,35.0,BSHM,4.78227,1646190300.0
0.758802,32.0,35.0,BSHM,4.71134,1646190600.0
0.924843,32.0,35.0,BSHM,5.10622,1646190900.0
0.924579,32.0,35.0,BSHM,5.1883,1646191200.0
0.657469,32.0,35.0,BSHM,5.115,1646191500.0
0.656275,32.0,35.0,BSHM,5.24285,1646191800.0
0.661866,32.0,35.0,BSHM,5.26701,1646192100.0
0.592079,32.0,35.0,BSHM,5.63272,1646192400.0
0.661015,32.0,35.0,BSHM,6.03892,1646192700.0
0.590068,32.0,35.0,BSHM,6.38123,1646193000.0
0.591129,32.0,35.0,BSHM,6.70658,1646193300.0
0.589234,32.0,35.0,BSHM,7.02876,1646193600.0
0.611271,32.0,35.0,BSHM,7.53341,1646193900.0
0.577533,32.0,35.0,BSHM,8.01164,1646194200.0
0.746454,32.0,35.0,BSHM,9.1323,1646194500.0
0.764144,32.0,35.0,BSHM,10.1128,1646194800.0
0.769796,32.0,35.0,BSHM,10.4667,1646195100.0
0.750804,32.0,35.0,BSHM,10.967,1646195400.0
0.926113,32.0,35.0,BSHM,11.5327,1646195700.0
0.955558,32.0,35.0,BSHM,11.8247,1646196000.0
0.701601,32.0,35.0,BSHM,11.7572,1646196300.0
0.544599,32.0,35.0,BSHM,12.5905,1646196600.0
0.589168,32.0,35.0,BSHM,13.0808,1646196900.0
0.575504,32.0,35.0,BSHM,13.3477,1646197200.0
0.505203,32.0,35.0,BSHM,13.7119,1646197500.0
0.467249,32.0,35.0,BSHM,13.9414,1646197800.0
0.437803,32.0,35.0,BSHM,14.3197,1646198100.0
0.438944,32.0,35.0,BSHM,14.6818,1646198400.0
0.440998,32.0,35.0,BSHM,14.8905,1646198700.0
0.402679,32.0,35.0,BSHM,15.2472,1646199000.0
0.426861,32.0,35.0,BSHM,15.6281,1646199300.0
0.445322,32.0,35.0,BSHM,15.9064,1646199600.0
0.54499,32.0,35.0,BSHM,16.1321,1646199900.0
0.504101,32.0,35.0,BSHM,16.0037,1646200200.0
0.595581,32.0,35.0,BSHM,16.6937,1646200500.0
0.596837,32.0,35.0,BSHM,16.9179,1646200800.0
0.767155,32.0,35.0,BSHM,17.3906,1646201100.0
0.921552,32.0,35.0,BSHM,17.3109,1646201400.0
0.651207,32.0,35.0,BSHM,17.5933,1646201700.0
0.57028,32.0,35.0,BSHM,17.9793,1646202000.0
0.560553,32.0,35.0,BSHM,18.4284,1646202300.0
0.555366,32.0,35.0,BSHM,18.6843,1646202600.0
0.480517,32.0,35.0,BSHM,19.1114,1646202900.0
0.516397,32.0,35.0,BSHM,19.4085,1646203200.0
0.478699,32.0,35.0,BSHM,19.7299,1646203500.0
0.51891,32.0,35.0,BSHM,20.0719,1646203800.0
0.524921,32.0,35.0,BSHM,20.3767,1646204100.0
0.493482,32.0,35.0,BSHM,20.3961,1646204400.0
0.587238,32.0,35.0,BSHM,20.5297,1646204700.0
0.583385,32.0,35.0,BSHM,20.8461,1646205000.0
0.590609,32.0,35.0,BSHM,21.1433,1646205300.0
0.532141,32.0,35.0,BSHM,21.4314,1646205600.0
0.462196,32.0,35.0,BSHM,21.762,1646205900.0
0.460433,32.0,35.0,BSHM,22.123,1646206200.0
0.43408,32.0,35.0,BSHM,22.1463,1646206500.0
0.434304,32.0,35.0,BSHM,21.9949,1646206800.0
0.434471,32.0,35.0,BSHM,22.4309,1646207100.0
0.531672,32.0,35.0,BSHM,22.4552,1646207400.0
0.582446,32.0,35.0,BSHM,22.6359,1646207700.0
0.582408,32.0,35.0,BSHM,22.7419,1646208000.0
0.582475,32.0,35.0,BSHM,22.8137,1646208300.0
0.75205,32.0,35.0,BSHM,22.8598,1646208600.0
1.30258,32.0,35.0,BSHM,23.0855,1646208900.0
1.30362,32.0,35.0,BSHM,23.1482,1646209200.0
5.25131,32.0,35.0,BSHM,22.4832,1646210400.0
2.44943,32.0,35.0,BSHM,22.7637,1646210700.0
1.15175,32.0,35.0,BSHM,24.7814,1646211000.0
1.14825,32.0,35.0,BSHM,24.7851,1646211300.0
0.886905,32.0,35.0,BSHM,25.0533,1646211600.0
1.18073,32.0,35.0,BSHM,25.3757,1646211900.0
0.759224,32.0,35.0,BSHM,25.2331,1646212200.0
0.890957,32.0,35.0,BSHM,25.2062,1646212500.0
0.929745,32.0,35.0,BSHM,25.1688,1646212800.0
0.930522,32.0,35.0,BSHM,25.2147,1646213100.0
0.932886,32.0,35.0,BSHM,25.0925,1646213400.0
1.36808,32.0,35.0,BSHM,26.1308,1646213700.0
1.30272,32.0,35.0,BSHM,23.367,1646214900.0
0.921072,32.0,35.0,BSHM,23.5795,1646215200.0
0.923786,32.0,35.0,BSHM,22.994,1646215500.0
1.30755,32.0,35.0,BSHM,22.9711,1646215800.0
1.33022,32.0,35.0,BSHM,22.7254,1646216100.0
1.3044,32.0,35.0,BSHM,24.7274,1646216400.0
1.30445,32.0,35.0,BSHM,24.8484,1646216700.0
0.961865,32.0,35.0,BSHM,19.4848,1646219100.0
0.695168,32.0,35.0,BSHM,20.7658,1646219400.0
0.78009,32.0,35.0,BSHM,20.4987,1646219700.0
0.610982,32.0,35.0,BSHM,21.3862,1646220000.0
0.603755,32.0,35.0,BSHM,21.5056,1646220300.0
0.526141,32.0,35.0,BSHM,22.484,1646220600.0
0.500351,32.0,35.0,BSHM,22.6435,1646220900.0
0.535012,32.0,35.0,BSHM,22.694,1646221200.0
0.593448,32.0,35.0,BSHM,22.7017,1646221500.0
0.649531,32.0,35.0,BSHM,22.7047,1646221800.0
0.650134,32.0,35.0,BSHM,22.5766,1646222100.0
0.650998,32.0,35.0,BSHM,22.1308,1646222400.0
0.775365,32.0,35.0,BSHM,22.0732,1646222700.0
2.48121,32.0,35.0,BSHM,22.4241,1646223000.0
0.946317,32.0,35.0,BSHM,21.7563,1646223300.0
0.676281,32.0,35.0,BSHM,21.705,1646223600.0
0.652848,32.0,35.0,BSHM,21.4066,1646223900.0
0.552589,32.0,35.0,BSHM,20.9754,1646224200.0
0.475309,32.0,35.0,BSHM,20.4013,1646224500.0
0.476721,32.0,35.0,BSHM,20.1183,1646224800.0
0.455961,32.0,35.0,BSHM,19.8565,1646225100.0
0.412504,32.0,35.0,BSHM,19.5,1646225400.0
0.425117,32.0,35.0,BSHM,19.3566,1646225700.0
0.44328,32.0,35.0,BSHM,18.9747,1646226000.0
0.44227,32.0,35.0,BSHM,18.6182,1646226300.0
0.447785,32.0,35.0,BSHM,18.1289,1646226600.0
0.465069,32.0,35.0,BSHM,17.9529,1646226900.0
0.494753,32.0,35.0,BSHM,17.4899,1646227200.0
0.479389,32.0,35.0,BSHM,17.226,1646227500.0
0.464109,32.0,35.0,BSHM,16.799,1646227800.0
0.43617,32.0,35.0,BSHM,16.5096,1646228100.0
0.452552,32.0,35.0,BSHM,16.2774,1646228400.0
0.46101,32.0,35.0,BSHM,16.3223,1646228700.0
0.455531,32.0,35.0,BSHM,16.1002,1646229000.0
0.48938,32.0,35.0,BSHM,15.9919,1646229300.0
0.489633,32.0,35.0,BSHM,16.3722,1646229600.0
0.557423,32.0,35.0,BSHM,17.0639,1646229900.0
0.550346,32.0,35.0,BSHM,16.6942,1646230200.0
0.617732,32.0,35.0,BSHM,16.4344,1646230500.0
0.679233,32.0,35.0,BSHM,16.2721,1646230800.0
0.573019,32.0,35.0,BSHM,15.8724,1646231100.0
0.605076,32.0,35.0,BSHM,15.8499,1646231400.0
0.527727,32.0,35.0,BSHM,15.7876,1646231700.0
0.557331,32.0,35.0,BSHM,15.6308,1646232000.0
0.555571,32.0,35.0,BSHM,15.5574,1646232300.0
0.552373,32.0,35.0,BSHM,15.6442,1646232600.0
0.668475,32.0,35.0,BSHM,15.6816,1646232900.0
0.683405,32.0,35.0,BSHM,15.7629,1646233200.0
0.673269,32.0,35.0,BSHM,15.5584,1646233500.0
0.672103,32.0,35.0,BSHM,14.2933,1646233800.0
0.600407,32.0,35.0,BSHM,14.083,1646234100.0
0.595072,32.0,35.0,BSHM,12.7409,1646234400.0
0.55471,32.0,35.0,BSHM,12.663,1646234700.0
0.543652,32.0,35.0,BSHM,12.4372,1646235000.0
0.54811,32.0,35.0,BSHM,12.2274,1646235300.0
0.592373,32.0,35.0,BSHM,12.266,1646235600.0
0.715948,32.0,35.0,BSHM,11.9831,1646235900.0
0.762203,32.0,35.0,BSHM,11.2379,1646236200.0
0.761773,32.0,35.0,BSHM,11.0038,1646236500.0
0.931255,32.0,35.0,BSHM,10.5056,1646236800.0
1.69227,32.0,35.0,BSHM,8.31179,1646239500.0
0.951458,32.0,35.0,BSHM,8.10241,1646239800.0
0.662915,32.0,35.0,BSHM,7.53539,1646240100.0
0.665213,32.0,35.0,BSHM,7.28504,1646240400.0
0.620545,32.0,35.0,BSHM,6.98339,1646240700.0
0.551066,32.0,35.0,BSHM,6.80009,1646241000.0
0.56034,32.0,35.0,BSHM,6.62775,1646241300.0
0.612812,32.0,35.0,BSHM,6.40965,1646241600.0
0.603039,32.0,35.0,BSHM,6.31986,1646241900.0
0.547308,32.0,35.0,BSHM,5.9203,1646242200.0
0.511044,32.0,35.0,BSHM,6.02314,1646242500.0
0.598501,32.0,35.0,BSHM,6.4053,1646242800.0
0.606741,32.0,35.0,BSHM,6.44563,1646243100.0
0.666905,32.0,35.0,BSHM,6.45577,1646243400.0
0.666995,32.0,35.0,BSHM,6.16754,1646243700.0
0.606049,32.0,35.0,BSHM,5.86819,1646244000.0
0.615226,32.0,35.0,BSHM,5.43512,1646244300.0
0.602992,32.0,35.0,BSHM,5.20391,1646244600.0
0.599129,32.0,35.0,BSHM,5.2532,1646244900.0
0.596523,32.0,35.0,BSHM,5.20313,1646245200.0
0.68479,32.0,35.0,BSHM,5.26782,1646245500.0
0.601013,32.0,35.0,BSHM,5.29458,1646245800.0
0.546307,32.0,35.0,BSHM,5.32459,1646246100.0
0.487533,32.0,35.0,BSHM,5.33542,1646246400.0
0.540559,32.0,35.0,BSHM,5.11141,1646246700.0
0.546453,32.0,35.0,BSHM,4.4686,1646247000.0
0.540832,32.0,35.0,BSHM,4.0183,1646247300.0
0.509459,32.0,35.0,BSHM,3.7962,1646247600.0
0.525016,32.0,35.0,BSHM,3.67214,1646247900.0
0.515319,32.0,35.0,BSHM,3.65336,1646248200.0
0.571336,32.0,35.0,BSHM,3.75251,1646248500.0
0.537503,32.0,35.0,BSHM,3.89786,1646248800.0
0.55737,32.0,35.0,BSHM,4.00499,1646249100.0
0.551658,32.0,35.0,BSHM,4.04171,1646249400.0
0.454625,32.0,35.0,BSHM,4.02512,1646249700.0
0.47723,32.0,35.0,BSHM,3.94048,1646250000.0
0.492078,32.0,35.0,BSHM,3.94236,1646250300.0
0.484384,32.0,35.0,BSHM,3.94765,1646250600.0
0.466572,32.0,35.0,BSHM,3.90936,1646250900.0
0.500449,32.0,35.0,BSHM,3.88169,1646251200.0
0.562,32.0,35.0,BSHM,3.87465,1646251500.0
0.565452,32.0,35.0,BSHM,4.3323,1646251800.0
0.614079,32.0,35.0,BSHM,4.43901,1646252100.0
0.979573,32.0,35.0,BSHM,3.94929,1646252400.0
1.36708,32.0,35.0,BSHM,3.87584,1646252700.0
1.56917,32.0,35.0,BSHM,3.8773,1646253000.0
2.96278,32.0,35.0,BSHM,5.59551,1646253600.0
2.41762,32.0,35.0,BSHM,4.67101,1646253900.0
2.14226,32.0,35.0,BSHM,5.20983,1646254200.0
1.3554,32.0,35.0,BSHM,4.20619,1646254500.0
0.938644,32.0,35.0,BSHM,4.36608,1646254800.0
0.93105,32.0,35.0,BSHM,4.40985,1646255100.0
0.759167,32.0,35.0,BSHM,4.48086,1646255400.0
0.65504,32.0,35.0,BSHM,4.48894,1646255700.0
0.584825,32.0,35.0,BSHM,4.58057,1646256000.0
0.53496,32.0,35.0,BSHM,4.49267,1646256300.0
0.585882,32.0,35.0,BSHM,4.52052,1646256600.0
0.536028,32.0,35.0,BSHM,4.52915,1646256900.0
0.525516,32.0,35.0,BSHM,4.56752,1646257200.0
0.513287,32.0,35.0,BSHM,4.52705,1646257500.0
0.58448,32.0,35.0,BSHM,4.43822,1646257800.0
0.586827,32.0,35.0,BSHM,4.4256,1646258100.0
0.656583,32.0,35.0,BSHM,4.42365,1646258400.0
0.606881,32.0,35.0,BSHM,4.48834,1646258700.0
0.753068,32.0,35.0,BSHM,4.55465,1646259000.0
0.759087,32.0,35.0,BSHM,4.5141,1646259300.0
0.92436,32.0,35.0,BSHM,4.40076,1646259600.0
1.34775,32.0,35.0,BSHM,4.03567,1646259900.0
1.34226,32.0,35.0,BSHM,3.90275,1646260200.0
0.7649,32.0,35.0,BSHM,3.94659,1646260500.0
0.937856,32.0,35.0,BSHM,3.99407,1646260800.0
0.983265,32.0,35.0,BSHM,4.05898,1646261100.0
0.595085,32.0,35.0,BSHM,4.11184,1646261400.0
0.654927,32.0,35.0,BSHM,4.0572,1646261700.0
0.598705,32.0,35.0,BSHM,3.95758,1646262000.0
0.536241,32.0,35.0,BSHM,4.01733,1646262300.0
0.526792,32.0,35.0,BSHM,4.09999,1646262600.0
0.514396,32.0,35.0,BSHM,4.05986,1646262900.0
0.477354,32.0,35.0,BSHM,4.1001,1646263200.0
0.567011,32.0,35.0,BSHM,4.24902,1646263500.0
0.512684,32.0,35.0,BSHM,4.1408,1646263800.0
0.61963,32.0,35.0,BSHM,3.91511,1646264100.0
0.628156,32.0,35.0,BSHM,3.86076,1646264400.0
0.626609,32.0,35.0,BSHM,3.77407,1646264700.0
0.925806,32.0,35.0,BSHM,3.9053,1646265000.0
0.762209,32.0,35.0,BSHM,4.12554,1646265300.0
0.813945,35.0,33.0,NICO,4.7359,1646179200.0
1.802,35.0,33.0,NICO,5.03666,1646179500.0
1.73953,35.0,33.0,NICO,5.62835,1646180400.0
1.05647,35.0,33.0,NICO,5.46798,1646180700.0
0.809094,35.0,33.0,NICO,5.55431,1646181000.0
0.684737,35.0,33.0,NICO,5.34172,1646181300.0
0.551175,35.0,33.0,NICO,4.87832,1646181600.0
0.577394,35.0,33.0,NICO,4.77068,1646181900.0
0.755114,35.0,33.0,NICO,4.48271,1646182200.0
0.754014,35.0,33.0,NICO,4.7663,1646182500.0
0.756968,35.0,33.0,NICO,4.86665,1646182800.0
1.3048,35.0,33.0,NICO,5.16345,1646183100.0
1.32079,35.0,33.0,NICO,6.43809,1646186400.0
0.922339,35.0,33.0,NICO,6.52728,1646186700.0
0.921993,35.0,33.0,NICO,5.65882,1646187000.0
0.609738,35.0,33.0,NICO,4.31995,1646187300.0
0.497492,35.0,33.0,NICO,4.37429,1646187600.0
0.466816,35.0,33.0,NICO,4.38216,1646187900.0
0.532893,35.0,33.0,NICO,4.31834,1646188200.0
0.6521,35.0,33.0,NICO,4.34974,1646188500.0
0.926481,35.0,33.0,NICO,4.40146,1646188800.0
0.942608,35.0,33.0,NICO,5.97331,1646193000.0
0.771763,35.0,33.0,NICO,5.09331,1646193300.0
0.54465,35.0,33.0,NICO,5.26393,1646193600.0
0.503495,35.0,33.0,NICO,5.79817,1646193900.0
0.562524,35.0,33.0,NICO,6.37758,1646194200.0
0.677503,35.0,33.0,NICO,6.43485,1646194500.0
0.802091,35.0,33.0,NICO,6.70458,1646194800.0
1.30102,35.0,33.0,NICO,10.7072,1646196600.0
1.40623,35.0,33.0,NICO,13.9811,1646200200.0
0.656308,35.0,33.0,NICO,14.269,1646200500.0
0.56092,35.0,33.0,NICO,14.6345,1646200800.0
0.549247,35.0,33.0,NICO,15.1392,1646201100.0
0.625787,35.0,33.0,NICO,15.5061,1646201400.0
0.741329,35.0,33.0,NICO,15.8192,1646201700.0
1.53807,35.0,33.0,NICO,16.0375,1646202000.0
0.844347,35.0,33.0,NICO,18.4338,1646204700.0
0.85429,35.0,33.0,NICO,18.8316,1646205000.0
0.860448,35.0,33.0,NICO,19.1276,1646205300.0
0.847975,35.0,33.0,NICO,19.3859,1646205600.0
2.24297,35.0,33.0,NICO,20.1374,1646205900.0
1.31032,35.0,33.0,NICO,20.7513,1646206200.0
1.30362,35.0,33.0,NICO,21.7384,1646208000.0
1.24695,35.0,33.0,NICO,21.2396,1646208600.0
2.41465,35.0,33.0,NICO,25.0787,1646208900.0
0.879743,35.0,33.0,NICO,23.5783,1646209200.0
0.857879,35.0,33.0,NICO,23.8292,1646209500.0
0.671739,35.0,33.0,NICO,23.8126,1646209800.0
0.762005,35.0,33.0,NICO,23.9509,1646210100.0
0.792872,35.0,33.0,NICO,23.9713,1646210400.0
0.763903,35.0,33.0,NICO,23.2511,1646210700.0
1.30092,35.0,33.0,NICO,22.145,1646211000.0
1.30111,35.0,33.0,NICO,22.4576,1646211300.0
1.30223,35.0,33.0,NICO,22.3547,1646211600.0
1.30399,35.0,33.0,NICO,22.1599,1646211900.0
0.893803,35.0,33.0,NICO,20.1542,1646215200.0
1.20152,35.0,33.0,NICO,20.4515,1646215500.0
0.916,35.0,33.0,NICO,21.1626,1646215800.0
0.671009,35.0,33.0,NICO,21.5639,1646216100.0
0.54652,35.0,33.0,NICO,21.4685,1646216400.0
0.471266,35.0,33.0,NICO,21.5531,1646216700.0
0.589677,35.0,33.0,NICO,21.3269,1646217000.0
0.671184,35.0,33.0,NICO,22.0622,1646217300.0
0.764787,35.0,33.0,NICO,22.4012,1646217600.0
1.43776,35.0,33.0,NICO,24.3734,1646217900.0
1.30665,35.0,33.0,NICO,24.7872,1646218500.0
1.3018,35.0,33.0,NICO,25.0606,1646218800.0
1.30313,35.0,33.0,NICO,24.3166,1646219100.0
1.30284,35.0,33.0,NICO,23.923,1646219400.0
1.30436,35.0,33.0,NICO,22.9774,1646219700.0
1.30766,35.0,33.0,NICO,19.5664,1646220900.0
0.922935,35.0,33.0,NICO,19.4872,1646221200.0
1.30309,35.0,33.0,NICO,19.6235,1646221500.0
0.776908,35.0,33.0,NICO,18.4078,1646222400.0
0.517639,35.0,33.0,NICO,17.4909,1646222700.0
0.510853,35.0,33.0,NICO,17.0362,1646223000.0
0.601873,35.0,33.0,NICO,16.6101,1646223300.0
0.701385,35.0,33.0,NICO,16.3953,1646223600.0
0.767599,35.0,33.0,NICO,17.1741,1646223900.0
1.30148,35.0,33.0,NICO,18.8578,1646224200.0
2.6055,35.0,33.0,NICO,16.5064,1646225100.0
0.847131,35.0,33.0,NICO,16.0362,1646225400.0
0.769086,35.0,33.0,NICO,15.8943,1646225700.0
0.865163,35.0,33.0,NICO,15.9458,1646226000.0
0.857013,35.0,33.0,NICO,15.8716,1646226300.0
0.977192,35.0,33.0,NICO,15.7989,1646226600.0
1.30246,35.0,33.0,NICO,18.0458,1646227500.0
1.30177,35.0,33.0,NICO,17.4829,1646227800.0
1.30214,35.0,33.0,NICO,17.047,1646228100.0
1.30191,35.0,33.0,NICO,16.6676,1646228400.0
1.30231,35.0,33.0,NICO,16.3731,1646228700.0
1.30126,35.0,33.0,NICO,15.305,1646229900.0
1.30139,35.0,33.0,NICO,15.3826,1646230200.0
1.30244,35.0,33.0,NICO,15.6667,1646230500.0
1.30202,35.0,33.0,NICO,13.8741,1646234700.0
1.301,35.0,33.0,NICO,13.6815,1646235000.0
3.2063,35.0,33.0,NICO,10.8165,1646237100.0
0.945619,35.0,33.0,NICO,9.20306,1646237400.0
1.30589,35.0,33.0,NICO,8.81583,1646237700.0
0.760545,35.0,33.0,NICO,8.36759,1646238000.0
0.656232,35.0,33.0,NICO,7.62148,1646238300.0
1.51036,35.0,33.0,NICO,7.67934,1646238600.0
1.30145,35.0,33.0,NICO,7.65392,1646243400.0
1.30116,35.0,33.0,NICO,7.46254,1646243700.0
0.952658,35.0,33.0,NICO,5.78452,1646244000.0
0.686961,35.0,33.0,NICO,5.24964,1646244300.0
0.667624,35.0,33.0,NICO,4.16388,1646244600.0
0.594383,35.0,33.0,NICO,3.14775,1646244900.0
0.593245,35.0,33.0,NICO,3.00921,1646245200.0
0.597631,35.0,33.0,NICO,3.01388,1646245500.0
0.75602,35.0,33.0,NICO,2.94182,1646245800.0
1.31037,35.0,33.0,NICO,2.85144,1646246100.0
0.864406,35.0,33.0,NICO,2.45755,1646246400.0
0.82128,35.0,33.0,NICO,2.13292,1646246700.0
0.854398,35.0,33.0,NICO,1.98603,1646247000.0
0.839978,35.0,33.0,NICO,2.61699,1646247300.0
0.908476,35.0,33.0,NICO,2.57371,1646247600.0
1.30297,35.0,33.0,NICO,6.60085,1646247900.0
1.30246,35.0,33.0,NICO,6.52685,1646248200.0
1.30813,35.0,33.0,NICO,3.65332,1646251200.0
0.653302,35.0,33.0,NICO,3.55626,1646251500.0
0.58787,35.0,33.0,NICO,3.44114,1646251800.0
0.489117,35.0,33.0,NICO,3.4062,1646252100.0
0.583141,35.0,33.0,NICO,3.23975,1646252400.0
0.585776,35.0,33.0,NICO,3.26844,1646252700.0
0.922394,35.0,33.0,NICO,3.32105,1646253000.0
1.32012,35.0,33.0,NICO,3.40778,1646253300.0
1.1482,35.0,33.0,NICO,2.31164,1646255400.0
0.799398,35.0,33.0,NICO,2.50886,1646255700.0
0.683363,35.0,33.0,NICO,2.77585,1646256000.0
0.846744,35.0,33.0,NICO,3.0926,1646256300.0
0.820988,35.0,33.0,NICO,2.68245,1646256600.0
1.05649,35.0,33.0,NICO,2.95302,1646256900.0
1.05684,35.0,33.0,NICO,3.26574,1646257200.0
0.625499,35.0,33.0,NICO,3.09408,1646257500.0
0.492676,35.0,33.0,NICO,2.9063,1646257800.0
0.553381,35.0,33.0,NICO,2.86035,1646258100.0
0.692779,35.0,33.0,NICO,2.86379,1646258400.0
0.788983,35.0,33.0,NICO,2.88291,1646258700.0
0.9781,35.0,33.0,NICO,3.65334,1646259000.0
1.30428,35.0,33.0,NICO,4.16181,1646259300.0
0.80425,35.0,33.0,NICO,3.4141,1646259600.0
0.666891,35.0,33.0,NICO,3.23715,1646259900.0
0.594518,35.0,33.0,NICO,2.83641,1646260200.0
0.598249,35.0,33.0,NICO,2.86463,1646260500.0
0.780507,35.0,33.0,NICO,2.69481,1646260800.0
1.87955,35.0,33.0,NICO,2.51222,1646261100.0
1.30219,35.0,33.0,NICO,4.3326,1646262300.0
1.30232,35.0,33.0,NICO,4.19391,1646262600.0
1.11418,35.0,33.0,NICO,3.72794,1646264400.0
1.06746,35.0,33.0,NICO,3.4794,1646264700.0
1.08737,35.0,33.0,NICO,3.55526,1646265000.0
0.862539,35.0,33.0,NICO,3.34102,1646265300.0
1.31251,40.0,44.0,ARUC,6.15604,1646265600.0
1.41588,40.0,44.0,ARUC,6.18018,1646265900.0
1.30456,40.0,44.0,ARUC,5.43269,1646267100.0
1.30433,40.0,44.0,ARUC,5.37858,1646267400.0
1.30415,40.0,44.0,ARUC,5.30438,1646267700.0
1.30431,40.0,44.0,ARUC,5.279,1646268000.0
1.30448,40.0,44.0,ARUC,5.26489,1646268300.0
1.39027,40.0,44.0,ARUC,5.114,1646268600.0
1.30995,40.0,44.0,ARUC,3.29545,1646269500.0
0.922307,40.0,44.0,ARUC,3.64149,1646269800.0
0.922065,40.0,44.0,ARUC,3.75709,1646270100.0
0.922421,40.0,44.0,ARUC,3.82764,1646270400.0
1.30233,40.0,44.0,ARUC,4.31345,1646270700.0
0.924034,40.0,44.0,ARUC,3.14121,1646271000.0
0.377498,40.0,44.0,ARUC,2.92999,1646271300.0
0.496546,40.0,44.0,ARUC,2.91521,1646271600.0
1.30232,40.0,44.0,ARUC,4.70158,1646271900.0
1.30286,40.0,44.0,ARUC,4.76886,1646272200.0
1.3073,40.0,44.0,ARUC,3.87514,1646272800.0
1.31128,40.0,44.0,ARUC,3.88638,1646273100.0
0.925375,40.0,44.0,ARUC,1.746,1646276100.0
0.757124,40.0,44.0,ARUC,1.81886,1646276400.0
1.30143,40.0,44.0,ARUC,6.00515,1646277000.0
1.30129,40.0,44.0,ARUC,6.0411,1646277300.0
1.31397,40.0,44.0,ARUC,6.76799,1646277600.0
1.30637,40.0,44.0,ARUC,6.81915,1646277900.0
0.922485,40.0,44.0,ARUC,8.09578,1646278200.0
0.921046,40.0,44.0,ARUC,8.34968,1646278500.0
0.922112,40.0,44.0,ARUC,8.83188,1646278800.0
0.921909,40.0,44.0,ARUC,9.16551,1646279100.0
0.922807,40.0,44.0,ARUC,9.43648,1646279400.0
1.30208,40.0,44.0,ARUC,11.4991,1646279700.0
0.752246,40.0,44.0,ARUC,10.7575,1646280000.0
0.751904,40.0,44.0,ARUC,10.9731,1646280300.0
0.921089,40.0,44.0,ARUC,10.7753,1646280600.0
0.921244,40.0,44.0,ARUC,10.9986,1646280900.0
0.921455,40.0,44.0,ARUC,11.1021,1646281200.0
0.654943,40.0,44.0,ARUC,10.2039,1646281500.0
0.396396,40.0,44.0,ARUC,8.83801,1646281800.0
0.656877,40.0,44.0,ARUC,11.3469,1646282100.0
0.922276,40.0,44.0,ARUC,12.4286,1646282400.0
0.92252,40.0,44.0,ARUC,12.6405,1646282700.0
1.30855,40.0,44.0,ARUC,13.7762,1646283300.0
1.30186,40.0,44.0,ARUC,13.9334,1646283600.0
0.921005,40.0,44.0,ARUC,13.8127,1646283900.0
1.30166,40.0,44.0,ARUC,14.384,1646284200.0
1.30515,40.0,44.0,ARUC,12.7555,1646285100.0
0.675438,40.0,44.0,ARUC,12.5998,1646285400.0
0.498978,40.0,44.0,ARUC,12.6669,1646285700.0
1.30263,40.0,44.0,ARUC,18.9085,1646287500.0
1.30127,40.0,44.0,ARUC,19.0992,1646287800.0
1.30127,40.0,44.0,ARUC,19.4116,1646288100.0
1.30357,40.0,44.0,ARUC,16.9219,1646288700.0
1.30448,40.0,44.0,ARUC,17.0666,1646289000.0
0.923652,40.0,44.0,ARUC,18.0966,1646289900.0
0.582523,40.0,44.0,ARUC,18.1195,1646290200.0
0.651367,40.0,44.0,ARUC,18.1601,1646290500.0
1.30699,40.0,44.0,ARUC,20.1871,1646291400.0
1.30367,40.0,44.0,ARUC,21.1656,1646292600.0
1.3018,40.0,44.0,ARUC,21.1283,1646292900.0
0.921878,40.0,44.0,ARUC,20.0397,1646293200.0
0.921437,40.0,44.0,ARUC,20.2481,1646293500.0
0.699821,40.0,44.0,ARUC,20.5989,1646293800.0
1.30209,40.0,44.0,ARUC,21.392,1646294100.0
1.68899,40.0,44.0,ARUC,14.6521,1646294400.0
1.0502,40.0,44.0,ARUC,21.8616,1646294700.0
1.32693,40.0,44.0,ARUC,24.1052,1646295000.0
0.932089,40.0,44.0,ARUC,25.207,1646295300.0
0.933195,40.0,44.0,ARUC,25.5955,1646295600.0
1.00097,40.0,44.0,ARUC,25.8125,1646295900.0
1.30315,40.0,44.0,ARUC,24.9344,1646297400.0
1.303,40.0,44.0,ARUC,25.3772,1646297700.0
0.923373,40.0,44.0,ARUC,23.6251,1646298000.0
0.752833,40.0,44.0,ARUC,23.6547,1646298300.0
0.653745,40.0,44.0,ARUC,24.1935,1646298600.0
0.753629,40.0,44.0,ARUC,24.5071,1646298900.0
0.753554,40.0,44.0,ARUC,24.5962,1646299200.0
0.923553,40.0,44.0,ARUC,23.8556,1646299500.0
1.30283,40.0,44.0,ARUC,24.258,1646303100.0
1.30401,40.0,44.0,ARUC,24.1635,1646303400.0
1.34752,40.0,44.0,ARUC,22.7183,1646304900.0
1.31723,40.0,44.0,ARUC,22.6922,1646305200.0
1.31585,40.0,44.0,ARUC,22.6545,1646305500.0
1.31599,40.0,44.0,ARUC,22.5558,1646305800.0
1.31476,40.0,44.0,ARUC,22.632,1646306100.0
0.496441,40.0,44.0,ARUC,20.7113,1646306400.0
0.585111,40.0,44.0,ARUC,20.7511,1646306700.0
0.927994,40.0,44.0,ARUC,21.4343,1646307000.0
0.94485,40.0,44.0,ARUC,20.9782,1646307300.0
1.30275,40.0,44.0,ARUC,19.4814,1646307600.0
1.30326,40.0,44.0,ARUC,19.2897,1646307900.0
1.30851,40.0,44.0,ARUC,18.1716,1646308200.0
1.33647,40.0,44.0,ARUC,17.9674,1646308500.0
1.30299,40.0,44.0,ARUC,15.7485,1646311500.0
1.30201,40.0,44.0,ARUC,15.5975,1646311800.0
1.30212,40.0,44.0,ARUC,15.4753,1646312100.0
1.30201,40.0,44.0,ARUC,15.3022,1646312400.0
0.92043,40.0,44.0,ARUC,16.6676,1646312700.0
0.753159,40.0,44.0,ARUC,16.3778,1646313000.0
0.920789,40.0,44.0,ARUC,16.3757,1646313300.0
0.36508,40.0,44.0,ARUC,14.6513,1646313600.0
0.424882,40.0,44.0,ARUC,14.2021,1646313900.0
0.920756,40.0,44.0,ARUC,15.5747,1646314200.0
0.477102,40.0,44.0,ARUC,13.4274,1646314500.0
1.30316,40.0,44.0,ARUC,15.2492,1646314800.0
1.3026,40.0,44.0,ARUC,14.956,1646315100.0
1.30253,40.0,44.0,ARUC,14.6351,1646315400.0
1.30275,40.0,44.0,ARUC,14.3334,1646315700.0
1.30683,40.0,44.0,ARUC,14.0744,1646316000.0
1.30311,40.0,44.0,ARUC,14.858,1646316900.0
1.30116,40.0,44.0,ARUC,13.3986,1646318400.0
1.30114,40.0,44.0,ARUC,13.1769,1646318700.0
1.30387,40.0,44.0,ARUC,11.999,1646321400.0
0.921545,40.0,44.0,ARUC,9.19199,1646321700.0
0.921892,40.0,44.0,ARUC,8.96455,1646322000.0
1.30195,40.0,44.0,ARUC,11.1811,1646322300.0
0.547133,40.0,44.0,ARUC,6.76012,1646322600.0
0.517394,40.0,44.0,ARUC,7.03175,1646322900.0
0.377546,40.0,44.0,ARUC,6.65373,1646323200.0
0.441144,40.0,44.0,ARUC,6.51739,1646323500.0
0.772353,40.0,44.0,ARUC,7.23325,1646323800.0
1.30632,40.0,44.0,ARUC,8.67987,1646324100.0
1.3059,40.0,44.0,ARUC,8.26976,1646324400.0
1.30599,40.0,44.0,ARUC,7.95503,1646324700.0
1.3255,40.0,44.0,ARUC,7.77487,1646325000.0
1.31042,40.0,44.0,ARUC,6.42388,1646325600.0
0.923134,40.0,44.0,ARUC,7.19674,1646325900.0
0.922881,40.0,44.0,ARUC,7.33317,1646326200.0
0.754037,40.0,44.0,ARUC,6.27242,1646326500.0
0.654337,40.0,44.0,ARUC,5.93982,1646326800.0
0.329607,40.0,44.0,ARUC,5.08375,1646327100.0
0.469044,40.0,44.0,ARUC,5.37291,1646327400.0
1.30544,40.0,44.0,ARUC,8.63554,1646327700.0
1.30562,40.0,44.0,ARUC,8.80885,1646328000.0
1.30583,40.0,44.0,ARUC,8.89882,1646328300.0
1.32599,40.0,44.0,ARUC,8.9332,1646328600.0
1.30414,40.0,44.0,ARUC,4.83104,1646328900.0
1.30195,40.0,44.0,ARUC,4.73162,1646329200.0
1.30341,40.0,44.0,ARUC,4.57461,1646329500.0
1.30514,40.0,44.0,ARUC,3.59096,1646330400.0
1.30329,40.0,44.0,ARUC,3.50404,1646330700.0
0.923311,40.0,44.0,ARUC,5.974,1646331000.0
0.753713,40.0,44.0,ARUC,5.55843,1646331300.0
0.753186,40.0,44.0,ARUC,5.5991,1646331600.0
0.753279,40.0,44.0,ARUC,5.63569,1646331900.0
0.753389,40.0,44.0,ARUC,5.63039,1646332200.0
0.753985,40.0,44.0,ARUC,5.56428,1646332500.0
0.924333,40.0,44.0,ARUC,5.23972,1646332800.0
1.30172,40.0,44.0,ARUC,5.11167,1646333100.0
1.30177,40.0,44.0,ARUC,4.94861,1646333400.0
1.3046,40.0,44.0,ARUC,4.87586,1646333700.0
0.598821,40.0,44.0,ARUC,4.10478,1646334000.0
0.598971,40.0,44.0,ARUC,3.93957,1646334300.0
1.305,40.0,44.0,ARUC,3.41524,1646335500.0
0.990285,40.0,44.0,ARUC,5.64514,1646336400.0
0.922691,40.0,44.0,ARUC,4.85682,1646336700.0
0.922268,40.0,44.0,ARUC,4.83074,1646337000.0
0.922697,40.0,44.0,ARUC,4.81511,1646337300.0
1.30812,40.0,44.0,ARUC,5.63515,1646337600.0
1.30745,40.0,44.0,ARUC,5.9776,1646337900.0
1.30739,40.0,44.0,ARUC,6.28938,1646338200.0
1.31585,40.0,44.0,ARUC,6.42812,1646338500.0
1.30287,40.0,44.0,ARUC,4.47698,1646339400.0
0.923128,40.0,44.0,ARUC,4.72803,1646339700.0
1.30931,40.0,44.0,ARUC,5.30438,1646340000.0
1.31011,40.0,44.0,ARUC,5.49439,1646340300.0
1.30945,40.0,44.0,ARUC,5.67307,1646340600.0
0.924514,40.0,44.0,ARUC,6.73006,1646340900.0
0.924519,40.0,44.0,ARUC,6.9388,1646341200.0
1.30492,40.0,44.0,ARUC,7.99783,1646341500.0
0.921919,40.0,44.0,ARUC,8.04261,1646341800.0
0.921676,40.0,44.0,ARUC,8.03601,1646342100.0
0.921548,40.0,44.0,ARUC,7.99201,1646342400.0
1.30807,40.0,44.0,ARUC,7.56259,1646342700.0
1.33636,40.0,44.0,ARUC,6.52327,1646343000.0
1.31155,40.0,44.0,ARUC,4.45757,1646343600.0
1.30399,40.0,44.0,ARUC,4.42578,1646343900.0
1.30492,40.0,44.0,ARUC,6.14358,1646345100.0
1.30338,40.0,44.0,ARUC,6.01449,1646345400.0
1.30363,40.0,44.0,ARUC,5.83094,1646345700.0
1.30336,40.0,44.0,ARUC,5.66953,1646346000.0
0.923307,40.0,44.0,ARUC,6.11071,1646346300.0
1.30289,40.0,44.0,ARUC,6.74379,1646346600.0
1.30293,40.0,44.0,ARUC,6.88368,1646346900.0
1.3032,40.0,44.0,ARUC,6.95337,1646347200.0
1.32276,40.0,44.0,ARUC,5.78329,1646348700.0
1.34406,40.0,44.0,ARUC,5.76607,1646349000.0
1.31854,40.0,44.0,ARUC,5.2413,1646349900.0
1.31362,40.0,44.0,ARUC,5.44682,1646350200.0
1.31263,40.0,44.0,ARUC,5.61238,1646350500.0
1.31378,40.0,44.0,ARUC,5.77978,1646350800.0
0.942782,40.0,44.0,ARUC,5.70295,1646351100.0
0.538523,40.0,44.0,ARUC,5.93417,1646351400.0
0.677327,40.0,44.0,ARUC,1.17626,1646351700.0
0.872189,32.0,35.0,BSHM,3.76278,1646265600.0
0.807614,32.0,35.0,BSHM,3.64175,1646265900.0
0.827877,32.0,35.0,BSHM,3.81459,1646266200.0
0.827237,32.0,35.0,BSHM,4.59723,1646266500.0
0.814838,32.0,35.0,BSHM,4.01121,1646266800.0
0.812586,32.0,35.0,BSHM,4.3364,1646267100.0
1.00053,32.0,35.0,BSHM,4.58482,1646267400.0
1.01082,32.0,35.0,BSHM,4.18848,1646267700.0
1.31744,32.0,35.0,BSHM,2.63711,1646268000.0
0.932672,32.0,35.0,BSHM,2.64755,1646268300.0
0.752498,32.0,35.0,BSHM,3.33085,1646268600.0
0.65245,32.0,35.0,BSHM,3.18094,1646268900.0
0.533198,32.0,35.0,BSHM,2.7605,1646269200.0
0.531966,32.0,35.0,BSHM,2.81048,1646269500.0
0.494353,32.0,35.0,BSHM,2.79551,1646269800.0
0.461797,32.0,35.0,BSHM,2.90802,1646270100.0
0.436101,32.0,35.0,BSHM,2.96372,1646270400.0
0.413163,32.0,35.0,BSHM,3.24617,1646270700.0
0.533243,32.0,35.0,BSHM,3.25409,1646271000.0
0.540648,32.0,35.0,BSHM,3.42462,1646271300.0
0.752439,32.0,35.0,BSHM,3.84893,1646271600.0
0.921613,32.0,35.0,BSHM,4.13232,1646271900.0
1.30431,32.0,35.0,BSHM,4.26959,1646272200.0
0.929006,32.0,35.0,BSHM,3.67187,1646272500.0
0.927064,32.0,35.0,BSHM,2.90587,1646272800.0
0.924417,32.0,35.0,BSHM,2.78857,1646273100.0
0.754016,32.0,35.0,BSHM,2.70237,1646273400.0
0.584447,32.0,35.0,BSHM,2.77146,1646273700.0
0.584181,32.0,35.0,BSHM,2.65656,1646274000.0
0.533341,32.0,35.0,BSHM,2.50988,1646274300.0
0.58386,32.0,35.0,BSHM,2.30166,1646274600.0
0.652005,32.0,35.0,BSHM,2.32762,1646274900.0
0.754382,32.0,35.0,BSHM,2.30502,1646275200.0
0.940656,32.0,35.0,BSHM,2.2735,1646275500.0
0.922378,32.0,35.0,BSHM,2.10326,1646275800.0
0.922455,32.0,35.0,BSHM,2.62894,1646276100.0
0.796038,32.0,35.0,BSHM,1.82702,1646276400.0
0.973404,32.0,35.0,BSHM,1.84574,1646276700.0
0.680785,32.0,35.0,BSHM,2.02621,1646277000.0
0.689151,32.0,35.0,BSHM,2.20124,1646277300.0
0.65607,32.0,35.0,BSHM,2.81421,1646277600.0
0.664701,32.0,35.0,BSHM,2.9569,1646277900.0
0.658722,32.0,35.0,BSHM,3.02104,1646278200.0
0.587392,32.0,35.0,BSHM,3.07526,1646278500.0
0.587146,32.0,35.0,BSHM,3.20886,1646278800.0
0.536809,32.0,35.0,BSHM,3.42795,1646279100.0
0.585189,32.0,35.0,BSHM,3.93525,1646279400.0
0.58538,32.0,35.0,BSHM,4.62765,1646279700.0
0.499051,32.0,35.0,BSHM,5.01748,1646280000.0
0.583553,32.0,35.0,BSHM,5.56467,1646280300.0
0.574498,32.0,35.0,BSHM,6.26656,1646280600.0
0.648281,32.0,35.0,BSHM,7.24667,1646280900.0
0.659745,32.0,35.0,BSHM,8.0897,1646281200.0
0.657147,32.0,35.0,BSHM,8.48864,1646281500.0
0.69096,32.0,35.0,BSHM,9.11312,1646281800.0
0.78067,32.0,35.0,BSHM,9.70142,1646282100.0
0.80112,32.0,35.0,BSHM,9.79368,1646282400.0
0.622342,32.0,35.0,BSHM,9.75447,1646282700.0
0.554243,32.0,35.0,BSHM,9.93851,1646283000.0
0.651216,32.0,35.0,BSHM,10.1051,1646283300.0
0.587691,32.0,35.0,BSHM,10.4364,1646283600.0
0.49487,32.0,35.0,BSHM,10.7465,1646283900.0
0.462169,32.0,35.0,BSHM,11.0788,1646284200.0
0.493562,32.0,35.0,BSHM,11.5209,1646284500.0
0.435984,32.0,35.0,BSHM,11.897,1646284800.0
0.395446,32.0,35.0,BSHM,12.2493,1646285100.0
0.378889,32.0,35.0,BSHM,12.5071,1646285400.0
0.384115,32.0,35.0,BSHM,12.8117,1646285700.0
0.384735,32.0,35.0,BSHM,13.2258,1646286000.0
0.41982,32.0,35.0,BSHM,13.6191,1646286300.0
0.400674,32.0,35.0,BSHM,13.8566,1646286600.0
0.494735,32.0,35.0,BSHM,14.3826,1646286900.0
0.500924,32.0,35.0,BSHM,14.9583,1646287200.0
0.590723,32.0,35.0,BSHM,15.6061,1646287500.0
0.501919,32.0,35.0,BSHM,15.6241,1646287800.0
0.57548,32.0,35.0,BSHM,15.6377,1646288100.0
0.613512,32.0,35.0,BSHM,16.0026,1646288400.0
0.566321,32.0,35.0,BSHM,16.0971,1646288700.0
0.477849,32.0,35.0,BSHM,16.6169,1646289000.0
0.516527,32.0,35.0,BSHM,16.8069,1646289300.0
0.534114,32.0,35.0,BSHM,16.9636,1646289600.0
0.532967,32.0,35.0,BSHM,17.2873,1646289900.0
0.533137,32.0,35.0,BSHM,17.6154,1646290200.0
0.437659,32.0,35.0,BSHM,17.7561,1646290500.0
0.493788,32.0,35.0,BSHM,17.9659,1646290800.0
0.583051,32.0,35.0,BSHM,18.4165,1646291100.0
0.609677,32.0,35.0,BSHM,18.7441,1646291400.0
0.598082,32.0,35.0,BSHM,19.0102,1646291700.0
0.534002,32.0,35.0,BSHM,19.3739,1646292000.0
0.49401,32.0,35.0,BSHM,19.5785,1646292300.0
0.46156,32.0,35.0,BSHM,19.9319,1646292600.0
0.435366,32.0,35.0,BSHM,20.2532,1646292900.0
0.434801,32.0,35.0,BSHM,20.8466,1646293200.0
0.498109,32.0,35.0,BSHM,20.7922,1646293500.0
0.53247,32.0,35.0,BSHM,21.1264,1646293800.0
0.582481,32.0,35.0,BSHM,21.4265,1646294100.0
0.650839,32.0,35.0,BSHM,21.5226,1646294400.0
0.920473,32.0,35.0,BSHM,21.7433,1646294700.0
0.921224,32.0,35.0,BSHM,21.7754,1646295000.0
1.30215,32.0,35.0,BSHM,22.0711,1646295300.0
1.38544,32.0,35.0,BSHM,25.9465,1646296800.0
1.39403,32.0,35.0,BSHM,26.5058,1646297100.0
0.948926,32.0,35.0,BSHM,26.9796,1646297400.0
0.769318,32.0,35.0,BSHM,27.4785,1646297700.0
0.770478,32.0,35.0,BSHM,27.8692,1646298000.0
0.947692,32.0,35.0,BSHM,28.162,1646298300.0
0.965154,32.0,35.0,BSHM,27.9007,1646298600.0
0.927729,32.0,35.0,BSHM,27.6958,1646298900.0
0.92705,32.0,35.0,BSHM,27.8756,1646299200.0
0.927614,32.0,35.0,BSHM,27.9541,1646299500.0
0.928312,32.0,35.0,BSHM,28.0581,1646299800.0
0.949683,32.0,35.0,BSHM,28.1373,1646300100.0
1.30364,32.0,35.0,BSHM,28.405,1646301000.0
0.921389,32.0,35.0,BSHM,28.8872,1646301300.0
0.923146,32.0,35.0,BSHM,29.1216,1646301600.0
1.31677,32.0,35.0,BSHM,27.6929,1646301900.0
0.936169,32.0,35.0,BSHM,27.4054,1646302200.0
1.30723,32.0,35.0,BSHM,27.4299,1646302500.0
1.30666,32.0,35.0,BSHM,27.6886,1646302800.0
1.33392,32.0,35.0,BSHM,27.906,1646303100.0
1.37495,32.0,35.0,BSHM,26.7087,1646304900.0
0.964678,32.0,35.0,BSHM,26.6658,1646305200.0
0.699333,32.0,35.0,BSHM,26.3273,1646305500.0
0.787862,32.0,35.0,BSHM,25.9351,1646305800.0
0.673468,32.0,35.0,BSHM,25.8277,1646306100.0
0.567379,32.0,35.0,BSHM,25.6949,1646306400.0
0.560352,32.0,35.0,BSHM,25.361,1646306700.0
0.488725,32.0,35.0,BSHM,25.3144,1646307000.0
0.515088,32.0,35.0,BSHM,25.1579,1646307300.0
0.609235,32.0,35.0,BSHM,24.9774,1646307600.0
0.610981,32.0,35.0,BSHM,24.8281,1646307900.0
0.659856,32.0,35.0,BSHM,25.0714,1646308200.0
0.591259,32.0,35.0,BSHM,24.5569,1646308500.0
0.555228,32.0,35.0,BSHM,24.5442,1646308800.0
0.807496,32.0,35.0,BSHM,23.8436,1646309100.0
0.733881,32.0,35.0,BSHM,24.0042,1646309400.0
0.613535,32.0,35.0,BSHM,23.7465,1646309700.0
0.555166,32.0,35.0,BSHM,22.8831,1646310000.0
0.512652,32.0,35.0,BSHM,22.0643,1646310300.0
0.435505,32.0,35.0,BSHM,21.4782,1646310600.0
0.44878,32.0,35.0,BSHM,21.0882,1646310900.0
0.423215,32.0,35.0,BSHM,20.6224,1646311200.0
0.402864,32.0,35.0,BSHM,20.3246,1646311500.0
0.443567,32.0,35.0,BSHM,19.9811,1646311800.0
0.470114,32.0,35.0,BSHM,19.5168,1646312100.0
0.445517,32.0,35.0,BSHM,19.2762,1646312400.0
0.480083,32.0,35.0,BSHM,18.7754,1646312700.0
0.47694,32.0,35.0,BSHM,18.4616,1646313000.0
0.564102,32.0,35.0,BSHM,17.913,1646313300.0
0.611836,32.0,35.0,BSHM,17.6347,1646313600.0
0.682821,32.0,35.0,BSHM,17.4369,1646313900.0
0.701119,32.0,35.0,BSHM,16.2174,1646314200.0
0.853916,32.0,35.0,BSHM,16.2649,1646314500.0
0.99746,32.0,35.0,BSHM,15.9475,1646314800.0
0.941664,32.0,35.0,BSHM,16.8554,1646315100.0
0.76458,32.0,35.0,BSHM,16.407,1646315400.0
0.931677,32.0,35.0,BSHM,15.3771,1646315700.0
0.760108,32.0,35.0,BSHM,15.1275,1646316000.0
0.659054,32.0,35.0,BSHM,14.9542,1646316300.0
0.658837,32.0,35.0,BSHM,14.8866,1646316600.0
0.658454,32.0,35.0,BSHM,14.8162,1646316900.0
0.540925,32.0,35.0,BSHM,14.6625,1646317200.0
0.587689,32.0,35.0,BSHM,14.6134,1646317500.0
0.540198,32.0,35.0,BSHM,14.6257,1646317800.0
0.499832,32.0,35.0,BSHM,14.5964,1646318100.0
0.53605,32.0,35.0,BSHM,14.6639,1646318400.0
0.535392,32.0,35.0,BSHM,14.699,1646318700.0
0.59321,32.0,35.0,BSHM,14.672,1646319000.0
0.601114,32.0,35.0,BSHM,14.304,1646319300.0
0.557291,32.0,35.0,BSHM,13.6925,1646319600.0
0.59584,32.0,35.0,BSHM,13.3628,1646319900.0
0.549562,32.0,35.0,BSHM,13.2183,1646320200.0
0.607063,32.0,35.0,BSHM,12.2671,1646320500.0
0.603432,32.0,35.0,BSHM,12.0242,1646320800.0
0.55485,32.0,35.0,BSHM,11.7215,1646321100.0
0.614851,32.0,35.0,BSHM,11.659,1646321400.0
0.788788,32.0,35.0,BSHM,11.4116,1646321700.0
0.817803,32.0,35.0,BSHM,11.013,1646322000.0
0.802898,32.0,35.0,BSHM,10.6819,1646322300.0
0.761362,32.0,35.0,BSHM,9.86381,1646322600.0
0.921869,32.0,35.0,BSHM,9.48304,1646322900.0
0.996627,32.0,35.0,BSHM,6.3617,1646325900.0
0.809008,32.0,35.0,BSHM,6.10311,1646326200.0
0.790255,32.0,35.0,BSHM,5.9221,1646326500.0
0.775814,32.0,35.0,BSHM,6.35199,1646326800.0
0.623839,32.0,35.0,BSHM,5.58795,1646327100.0
0.614839,32.0,35.0,BSHM,5.47504,1646327400.0
0.597744,32.0,35.0,BSHM,5.18654,1646327700.0
0.559076,32.0,35.0,BSHM,5.02742,1646328000.0
0.516146,32.0,35.0,BSHM,5.20865,1646328300.0
0.520945,32.0,35.0,BSHM,5.56499,1646328600.0
0.565139,32.0,35.0,BSHM,5.71261,1646328900.0
0.604418,32.0,35.0,BSHM,6.03148,1646329200.0
0.663156,32.0,35.0,BSHM,6.10374,1646329500.0
0.661987,32.0,35.0,BSHM,5.87104,1646329800.0
0.548875,32.0,35.0,BSHM,5.61263,1646330100.0
0.54438,32.0,35.0,BSHM,5.39925,1646330400.0
0.541045,32.0,35.0,BSHM,5.16127,1646330700.0
0.510566,32.0,35.0,BSHM,5.28865,1646331000.0
0.50894,32.0,35.0,BSHM,5.30487,1646331300.0
0.566304,32.0,35.0,BSHM,5.1146,1646331600.0
0.597831,32.0,35.0,BSHM,5.10748,1646331900.0
0.548215,32.0,35.0,BSHM,5.11611,1646332200.0
0.515609,32.0,35.0,BSHM,4.99254,1646332500.0
0.547263,32.0,35.0,BSHM,4.89729,1646332800.0
0.594504,32.0,35.0,BSHM,4.86044,1646333100.0
0.66415,32.0,35.0,BSHM,4.87278,1646333400.0
0.664523,32.0,35.0,BSHM,4.66625,1646333700.0
0.549132,32.0,35.0,BSHM,4.06275,1646334000.0
0.5379,32.0,35.0,BSHM,4.0548,1646334300.0
0.546933,32.0,35.0,BSHM,3.94585,1646334600.0
0.504336,32.0,35.0,BSHM,3.76973,1646334900.0
0.542866,32.0,35.0,BSHM,3.73912,1646335200.0
0.469988,32.0,35.0,BSHM,3.75155,1646335500.0
0.438021,32.0,35.0,BSHM,3.72411,1646335800.0
0.417792,32.0,35.0,BSHM,3.68665,1646336100.0
0.444776,32.0,35.0,BSHM,3.72161,1646336400.0
0.466445,32.0,35.0,BSHM,3.63562,1646336700.0
0.426243,32.0,35.0,BSHM,3.6336,1646337000.0
0.468886,32.0,35.0,BSHM,3.67123,1646337300.0
0.539769,32.0,35.0,BSHM,3.52536,1646337600.0
0.509784,32.0,35.0,BSHM,3.55672,1646337900.0
0.562823,32.0,35.0,BSHM,3.80292,1646338200.0
0.686368,32.0,35.0,BSHM,4.70268,1646338500.0
0.682292,32.0,35.0,BSHM,5.65261,1646338800.0
0.686513,32.0,35.0,BSHM,5.43374,1646339100.0
0.792464,32.0,35.0,BSHM,5.97116,1646339400.0
0.760229,32.0,35.0,BSHM,5.49297,1646339700.0
0.72208,32.0,35.0,BSHM,5.07831,1646340000.0
0.579031,32.0,35.0,BSHM,4.59257,1646340300.0
0.693463,32.0,35.0,BSHM,4.1958,1646340600.0
0.600289,32.0,35.0,BSHM,3.99783,1646340900.0
0.538488,32.0,35.0,BSHM,3.95711,1646341200.0
0.55742,32.0,35.0,BSHM,4.02566,1646341500.0
0.511806,32.0,35.0,BSHM,4.08509,1646341800.0
0.529301,32.0,35.0,BSHM,4.27024,1646342100.0
0.492562,32.0,35.0,BSHM,4.30052,1646342400.0
0.439179,32.0,35.0,BSHM,4.23635,1646342700.0
0.407188,32.0,35.0,BSHM,4.33563,1646343000.0
0.416616,32.0,35.0,BSHM,4.38482,1646343300.0
0.415098,32.0,35.0,BSHM,4.45892,1646343600.0
0.45311,32.0,35.0,BSHM,4.36597,1646343900.0
0.4827,32.0,35.0,BSHM,4.68532,1646344200.0
0.476652,32.0,35.0,BSHM,4.6445,1646344500.0
0.555486,32.0,35.0,BSHM,4.77623,1646344800.0
0.815287,32.0,35.0,BSHM,4.94294,1646345100.0
1.12709,32.0,35.0,BSHM,4.92023,1646345400.0
1.30826,32.0,35.0,BSHM,4.34972,1646345700.0
0.956353,32.0,35.0,BSHM,4.11566,1646346000.0
1.33191,32.0,35.0,BSHM,3.85766,1646346300.0
0.760633,32.0,35.0,BSHM,4.03524,1646346600.0
0.933065,32.0,35.0,BSHM,4.07174,1646346900.0
0.954177,32.0,35.0,BSHM,4.09832,1646347200.0
0.659275,32.0,35.0,BSHM,4.64474,1646347500.0
0.65283,32.0,35.0,BSHM,4.8038,1646347800.0
0.589293,32.0,35.0,BSHM,4.98754,1646348100.0
0.533516,32.0,35.0,BSHM,5.07408,1646348400.0
0.499501,32.0,35.0,BSHM,5.15243,1646348700.0
0.538425,32.0,35.0,BSHM,5.28997,1646349000.0
0.440536,32.0,35.0,BSHM,5.39374,1646349300.0
0.466597,32.0,35.0,BSHM,5.06101,1646349600.0
0.466101,32.0,35.0,BSHM,5.12193,1646349900.0
0.478174,32.0,35.0,BSHM,4.77215,1646350200.0
0.549558,32.0,35.0,BSHM,4.50535,1646350500.0
0.959802,32.0,35.0,BSHM,4.58649,1646350800.0
0.928058,32.0,35.0,BSHM,4.61096,1646351100.0
0.933806,32.0,35.0,BSHM,5.50911,1646351400.0
0.922423,32.0,35.0,BSHM,5.6371,1646351700.0
1.05823,35.0,33.0,NICO,2.61824,1646265600.0
1.85859,35.0,33.0,NICO,1.26544,1646266500.0
0.821879,35.0,33.0,NICO,1.77956,1646266800.0
0.809508,35.0,33.0,NICO,2.69098,1646267100.0
0.697266,35.0,33.0,NICO,2.64576,1646267400.0
0.665671,35.0,33.0,NICO,2.52084,1646267700.0
0.756632,35.0,33.0,NICO,2.59684,1646268000.0
0.753845,35.0,33.0,NICO,3.086,1646268300.0
1.30226,35.0,33.0,NICO,3.98776,1646268600.0
0.779512,35.0,33.0,NICO,3.20491,1646272500.0
0.665036,35.0,33.0,NICO,3.07141,1646272800.0
0.49889,35.0,33.0,NICO,3.39988,1646273100.0
0.496998,35.0,33.0,NICO,2.82052,1646273400.0
0.513232,35.0,33.0,NICO,2.76143,1646273700.0
0.656399,35.0,33.0,NICO,2.74713,1646274000.0
0.760744,35.0,33.0,NICO,2.71049,1646274300.0
1.30933,35.0,33.0,NICO,2.6752,1646274600.0
1.30317,35.0,33.0,NICO,3.44345,1646276100.0
1.30212,35.0,33.0,NICO,3.56675,1646276400.0
0.780982,35.0,33.0,NICO,3.13903,1646280000.0
0.534986,35.0,33.0,NICO,3.6041,1646280300.0
0.437877,35.0,33.0,NICO,4.45775,1646280600.0
0.493184,35.0,33.0,NICO,4.65016,1646280900.0
0.535843,35.0,33.0,NICO,4.8958,1646281200.0
0.75296,35.0,33.0,NICO,5.44164,1646281500.0
1.3126,35.0,33.0,NICO,5.85491,1646281800.0
1.30102,35.0,33.0,NICO,8.82757,1646282700.0
1.38135,35.0,33.0,NICO,10.9371,1646286300.0
0.576369,35.0,33.0,NICO,11.3171,1646286600.0
0.53001,35.0,33.0,NICO,11.8443,1646286900.0
0.522737,35.0,33.0,NICO,12.3393,1646287200.0
0.579458,35.0,33.0,NICO,12.7334,1646287500.0
0.657635,35.0,33.0,NICO,12.9552,1646287800.0
1.43464,35.0,33.0,NICO,13.1919,1646288100.0
0.936291,35.0,33.0,NICO,15.7101,1646290800.0
0.921806,35.0,33.0,NICO,15.9536,1646291100.0
0.66123,35.0,33.0,NICO,16.4314,1646291400.0
0.767114,35.0,33.0,NICO,16.9831,1646291700.0
0.781343,35.0,33.0,NICO,17.2673,1646292000.0
0.982128,35.0,33.0,NICO,19.3251,1646292300.0
1.35455,35.0,33.0,NICO,20.8427,1646292600.0
1.37538,35.0,33.0,NICO,20.929,1646293800.0
1.01353,35.0,33.0,NICO,22.424,1646294100.0
1.30404,35.0,33.0,NICO,22.561,1646294700.0
1.61654,35.0,33.0,NICO,24.5326,1646295000.0
1.33408,35.0,33.0,NICO,24.7272,1646295300.0
0.7644,35.0,33.0,NICO,25.1137,1646295600.0
0.762204,35.0,33.0,NICO,25.0293,1646295900.0
0.764041,35.0,33.0,NICO,24.9742,1646296200.0
0.756402,35.0,33.0,NICO,25.1624,1646296500.0
0.655062,35.0,33.0,NICO,24.7646,1646296800.0
0.75587,35.0,33.0,NICO,24.7342,1646297100.0
0.923968,35.0,33.0,NICO,23.6597,1646297400.0
1.30461,35.0,33.0,NICO,23.6965,1646297700.0
0.762196,35.0,33.0,NICO,25.2454,1646301300.0
0.933399,35.0,33.0,NICO,25.5523,1646301600.0
0.761939,35.0,33.0,NICO,26.6444,1646301900.0
0.544301,35.0,33.0,NICO,27.3171,1646302200.0
0.50333,35.0,33.0,NICO,27.5115,1646302500.0
0.442855,35.0,33.0,NICO,27.4927,1646302800.0
0.537552,35.0,33.0,NICO,27.4223,1646303100.0
0.664631,35.0,33.0,NICO,27.1465,1646303400.0
0.936053,35.0,33.0,NICO,27.0423,1646303700.0
1.40128,35.0,33.0,NICO,27.2497,1646304000.0
1.31127,35.0,33.0,NICO,26.7501,1646305200.0
1.30699,35.0,33.0,NICO,26.7603,1646305500.0
1.31097,35.0,33.0,NICO,26.2582,1646305800.0
1.30802,35.0,33.0,NICO,22.2505,1646307000.0
1.30231,35.0,33.0,NICO,21.9007,1646307300.0
1.30137,35.0,33.0,NICO,21.6908,1646309100.0
1.30366,35.0,33.0,NICO,21.3241,1646309400.0
0.759739,35.0,33.0,NICO,16.6226,1646311500.0
0.660263,35.0,33.0,NICO,16.4158,1646311800.0
0.760456,35.0,33.0,NICO,16.2914,1646312100.0
0.759464,35.0,33.0,NICO,16.1005,1646312400.0
0.770756,35.0,33.0,NICO,15.948,1646312700.0
1.30497,35.0,33.0,NICO,18.4511,1646313600.0
1.30197,35.0,33.0,NICO,18.2038,1646313900.0
0.92131,35.0,33.0,NICO,18.0493,1646314200.0
1.30218,35.0,33.0,NICO,17.7509,1646314500.0
1.3026,35.0,33.0,NICO,17.6848,1646314800.0
1.3356,35.0,33.0,NICO,13.5704,1646315100.0
0.672013,35.0,33.0,NICO,13.5815,1646315400.0
0.511087,35.0,33.0,NICO,13.4605,1646315700.0
0.5073,35.0,33.0,NICO,13.7675,1646316000.0
0.506886,35.0,33.0,NICO,13.6721,1646316300.0
0.716004,35.0,33.0,NICO,13.966,1646316600.0
1.30444,35.0,33.0,NICO,15.9752,1646316900.0
1.30106,35.0,33.0,NICO,13.3676,1646321100.0
1.36313,35.0,33.0,NICO,8.94148,1646323500.0
0.793605,35.0,33.0,NICO,8.52021,1646323800.0
0.764086,35.0,33.0,NICO,8.27525,1646324100.0
0.54395,35.0,33.0,NICO,8.32226,1646324400.0
0.616432,35.0,33.0,NICO,7.63098,1646324700.0
0.761627,35.0,33.0,NICO,7.17372,1646325000.0
0.937394,35.0,33.0,NICO,6.93077,1646325300.0
0.970548,35.0,33.0,NICO,6.70518,1646325600.0
1.30181,35.0,33.0,NICO,5.74972,1646326800.0
1.30166,35.0,33.0,NICO,5.62619,1646327100.0
1.3013,35.0,33.0,NICO,7.51719,1646329500.0
1.30109,35.0,33.0,NICO,7.38222,1646329800.0
1.30114,35.0,33.0,NICO,7.2093,1646330100.0
1.30123,35.0,33.0,NICO,6.91278,1646330400.0
1.30108,35.0,33.0,NICO,6.82072,1646330700.0
1.31078,35.0,33.0,NICO,3.48149,1646331000.0
0.653595,35.0,33.0,NICO,3.42268,1646331300.0
0.532727,35.0,33.0,NICO,3.32606,1646331600.0
0.492718,35.0,33.0,NICO,3.31893,1646331900.0
0.532603,35.0,33.0,NICO,3.31748,1646332200.0
0.493642,35.0,33.0,NICO,3.20922,1646332500.0
0.532242,35.0,33.0,NICO,3.13978,1646332800.0
0.651466,35.0,33.0,NICO,2.96019,1646333100.0
0.752205,35.0,33.0,NICO,2.97119,1646333400.0
0.75432,35.0,33.0,NICO,2.98087,1646333700.0
0.923133,35.0,33.0,NICO,4.71547,1646334000.0
0.922427,35.0,33.0,NICO,6.03831,1646334300.0
1.30294,35.0,33.0,NICO,5.6343,1646334600.0
1.04056,35.0,33.0,NICO,2.95974,1646337000.0
0.810086,35.0,33.0,NICO,2.92866,1646337300.0
0.542634,35.0,33.0,NICO,2.9019,1646337600.0
0.524536,35.0,33.0,NICO,2.91164,1646337900.0
0.563949,35.0,33.0,NICO,3.00538,1646338200.0
0.949978,35.0,33.0,NICO,2.8634,1646338500.0
0.979891,35.0,33.0,NICO,2.79693,1646341500.0
0.762283,35.0,33.0,NICO,2.8833,1646341800.0
0.658247,35.0,33.0,NICO,3.02943,1646342100.0
0.659434,35.0,33.0,NICO,3.15603,1646342400.0
0.76282,35.0,33.0,NICO,3.27582,1646342700.0
0.957402,35.0,33.0,NICO,3.32067,1646343000.0
1.31919,35.0,33.0,NICO,5.45567,1646345100.0
0.921613,35.0,33.0,NICO,5.52387,1646345400.0
0.671079,35.0,33.0,NICO,3.97999,1646345700.0
0.770145,35.0,33.0,NICO,3.44904,1646346000.0
0.66397,35.0,33.0,NICO,3.2841,1646346300.0
0.591486,35.0,33.0,NICO,3.47477,1646346600.0
0.773494,35.0,33.0,NICO,3.69527,1646346900.0
0.999258,35.0,33.0,NICO,3.89808,1646347200.0
1.3032,35.0,33.0,NICO,5.41654,1646348400.0
1.3039,35.0,33.0,NICO,5.41896,1646348700.0
1.02845,35.0,33.0,NICO,4.26989,1646350500.0
0.949682,35.0,33.0,NICO,4.90627,1646350800.0
0.947177,35.0,33.0,NICO,5.21704,1646351100.0
0.766778,35.0,33.0,NICO,4.87626,1646351400.0
0.975061,35.0,33.0,NICO,4.06088,1646351700.0
0.44615,40.0,44.0,ARUC,5.68787,1646352000.0
0.555382,40.0,44.0,ARUC,4.96403,1646352300.0
1.32214,40.0,44.0,ARUC,11.4943,1646352600.0
1.31383,40.0,44.0,ARUC,11.4936,1646352900.0
0.924772,40.0,44.0,ARUC,9.02897,1646353200.0
0.925262,40.0,44.0,ARUC,9.03803,1646353500.0
1.3026,40.0,44.0,ARUC,6.80939,1646353800.0
1.30251,40.0,44.0,ARUC,6.89252,1646354100.0
1.30259,40.0,44.0,ARUC,6.99592,1646354400.0
0.937995,40.0,44.0,ARUC,6.99315,1646354700.0
1.30876,40.0,44.0,ARUC,5.35562,1646355600.0
0.922503,40.0,44.0,ARUC,5.31433,1646355900.0
0.921488,40.0,44.0,ARUC,5.39627,1646356200.0
0.922342,40.0,44.0,ARUC,5.49499,1646356500.0
1.30244,40.0,44.0,ARUC,5.61721,1646356800.0
1.30245,40.0,44.0,ARUC,5.76004,1646357100.0
0.382331,40.0,44.0,ARUC,4.21104,1646357400.0
0.37274,40.0,44.0,ARUC,4.20526,1646357700.0
1.30258,40.0,44.0,ARUC,5.84509,1646358000.0
1.30275,40.0,44.0,ARUC,5.72057,1646358300.0
0.931913,40.0,44.0,ARUC,5.52464,1646358900.0
1.30524,40.0,44.0,ARUC,4.29562,1646359200.0
0.968889,40.0,44.0,ARUC,1.16953,1646362200.0
0.77121,40.0,44.0,ARUC,2.93675,1646362500.0
1.30158,40.0,44.0,ARUC,6.22397,1646363100.0
1.30128,40.0,44.0,ARUC,6.25342,1646363400.0
1.31359,40.0,44.0,ARUC,6.61247,1646364000.0
0.923905,40.0,44.0,ARUC,7.43174,1646364300.0
0.921753,40.0,44.0,ARUC,7.65278,1646364600.0
0.921585,40.0,44.0,ARUC,7.98603,1646364900.0
0.92066,40.0,44.0,ARUC,8.0811,1646365200.0
0.920612,40.0,44.0,ARUC,8.63305,1646365500.0
0.9217,40.0,44.0,ARUC,9.13876,1646365800.0
0.753279,40.0,44.0,ARUC,9.90524,1646366100.0
0.751752,40.0,44.0,ARUC,10.2548,1646366400.0
0.753393,40.0,44.0,ARUC,10.6079,1646366700.0
0.920834,40.0,44.0,ARUC,10.8737,1646367000.0
0.921207,40.0,44.0,ARUC,11.1873,1646367300.0
0.758807,40.0,44.0,ARUC,10.8806,1646367600.0
0.369382,40.0,44.0,ARUC,10.3979,1646367900.0
0.539276,40.0,44.0,ARUC,10.9981,1646368200.0
0.921272,40.0,44.0,ARUC,12.5005,1646368500.0
0.921451,40.0,44.0,ARUC,12.8714,1646368800.0
0.922049,40.0,44.0,ARUC,15.8545,1646370300.0
1.30167,40.0,44.0,ARUC,17.103,1646370600.0
1.30158,40.0,44.0,ARUC,17.3555,1646370900.0
1.30227,40.0,44.0,ARUC,17.5093,1646371200.0
1.33061,40.0,44.0,ARUC,14.1577,1646371800.0
0.499622,40.0,44.0,ARUC,14.4375,1646372100.0
1.30124,40.0,44.0,ARUC,19.4615,1646373900.0
1.30123,40.0,44.0,ARUC,19.6402,1646374200.0
1.30414,40.0,44.0,ARUC,17.5158,1646374800.0
1.30358,40.0,44.0,ARUC,17.7896,1646375100.0
1.31015,40.0,44.0,ARUC,21.2108,1646376000.0
0.583055,40.0,44.0,ARUC,19.6782,1646376300.0
0.651256,40.0,44.0,ARUC,19.674,1646376600.0
1.30164,40.0,44.0,ARUC,23.5666,1646379000.0
0.921992,40.0,44.0,ARUC,22.2252,1646379300.0
0.921428,40.0,44.0,ARUC,22.2934,1646379600.0
0.921389,40.0,44.0,ARUC,22.3543,1646379900.0
1.30167,40.0,44.0,ARUC,23.7102,1646380200.0
1.34553,40.0,44.0,ARUC,23.8815,1646380800.0
0.935394,40.0,44.0,ARUC,25.1715,1646381100.0
0.932154,40.0,44.0,ARUC,25.5218,1646381400.0
0.931103,40.0,44.0,ARUC,25.8822,1646381700.0
0.932036,40.0,44.0,ARUC,26.1772,1646382000.0
0.95076,40.0,44.0,ARUC,26.2775,1646382300.0
1.31952,40.0,44.0,ARUC,25.5357,1646382600.0
1.33121,40.0,44.0,ARUC,25.7446,1646382900.0
1.30253,40.0,44.0,ARUC,25.2848,1646383500.0
1.30258,40.0,44.0,ARUC,24.5447,1646383800.0
0.921981,40.0,44.0,ARUC,24.3627,1646384400.0
0.761033,40.0,44.0,ARUC,24.7218,1646384700.0
0.924177,40.0,44.0,ARUC,25.3617,1646385000.0
0.753537,40.0,44.0,ARUC,24.428,1646385300.0
0.923226,40.0,44.0,ARUC,23.9936,1646385600.0
1.30325,40.0,44.0,ARUC,26.6398,1646389200.0
1.30354,40.0,44.0,ARUC,26.3611,1646389500.0
1.36163,40.0,44.0,ARUC,22.9528,1646391000.0
1.31383,40.0,44.0,ARUC,22.7641,1646391300.0
1.31539,40.0,44.0,ARUC,22.5722,1646391600.0
1.31412,40.0,44.0,ARUC,22.4243,1646391900.0
1.3142,40.0,44.0,ARUC,22.2343,1646392200.0
0.494196,40.0,44.0,ARUC,22.7858,1646392500.0
0.533627,40.0,44.0,ARUC,22.6303,1646392800.0
0.929169,40.0,44.0,ARUC,22.131,1646393100.0
0.934721,40.0,44.0,ARUC,22.0254,1646393400.0
1.31036,40.0,44.0,ARUC,21.3255,1646393700.0
1.33343,40.0,44.0,ARUC,21.1198,1646394000.0
1.3044,40.0,44.0,ARUC,19.6881,1646397600.0
1.30163,40.0,44.0,ARUC,19.6778,1646397900.0
1.3017,40.0,44.0,ARUC,19.5658,1646398200.0
1.30178,40.0,44.0,ARUC,19.4968,1646398500.0
1.3017,40.0,44.0,ARUC,19.382,1646398800.0
0.924395,40.0,44.0,ARUC,20.16,1646399100.0
1.30199,40.0,44.0,ARUC,19.2099,1646399400.0
0.434957,40.0,44.0,ARUC,18.8454,1646399700.0
0.461224,40.0,44.0,ARUC,18.713,1646400000.0
0.920819,40.0,44.0,ARUC,19.766,1646400300.0
0.921051,40.0,44.0,ARUC,19.5742,1646400600.0
1.30641,40.0,44.0,ARUC,18.8336,1646400900.0
1.30476,40.0,44.0,ARUC,18.4912,1646401200.0
1.30455,40.0,44.0,ARUC,18.1138,1646401500.0
1.30439,40.0,44.0,ARUC,17.3254,1646401800.0
1.30865,40.0,44.0,ARUC,16.8485,1646402100.0
1.30464,40.0,44.0,ARUC,17.6274,1646403000.0
1.30967,40.0,44.0,ARUC,17.4627,1646403300.0
1.30113,40.0,44.0,ARUC,15.3327,1646404500.0
1.30109,40.0,44.0,ARUC,15.0156,1646404800.0
0.6822,40.0,44.0,ARUC,10.4873,1646405700.0
0.590584,40.0,44.0,ARUC,9.63711,1646406000.0
1.30594,40.0,44.0,ARUC,11.6224,1646407500.0
0.921915,40.0,44.0,ARUC,9.35539,1646407800.0
0.921911,40.0,44.0,ARUC,9.07604,1646408100.0
0.925183,40.0,44.0,ARUC,8.79133,1646408400.0
0.464551,40.0,44.0,ARUC,6.86022,1646408700.0
0.503513,40.0,44.0,ARUC,6.93322,1646409000.0
0.350711,40.0,44.0,ARUC,7.22881,1646409300.0
0.395667,40.0,44.0,ARUC,7.30772,1646409600.0
1.30585,40.0,44.0,ARUC,8.83874,1646409900.0
1.30647,40.0,44.0,ARUC,8.35292,1646410200.0
1.3072,40.0,44.0,ARUC,7.96114,1646410500.0
1.30669,40.0,44.0,ARUC,7.71129,1646410800.0
1.3153,40.0,44.0,ARUC,7.5437,1646411100.0
1.31066,40.0,44.0,ARUC,6.83023,1646411700.0
1.30737,40.0,44.0,ARUC,6.84442,1646412000.0
1.307,40.0,44.0,ARUC,6.94282,1646412300.0
0.923844,40.0,44.0,ARUC,5.48705,1646412600.0
0.656063,40.0,44.0,ARUC,6.3587,1646412900.0
0.352238,40.0,44.0,ARUC,6.69773,1646413200.0
0.397209,40.0,44.0,ARUC,6.43453,1646413500.0
1.30495,40.0,44.0,ARUC,8.45004,1646413800.0
1.30475,40.0,44.0,ARUC,8.54053,1646414100.0
1.30487,40.0,44.0,ARUC,8.64665,1646414400.0
1.31185,40.0,44.0,ARUC,8.70346,1646414700.0
1.30319,40.0,44.0,ARUC,3.50322,1646416800.0
0.923586,40.0,44.0,ARUC,5.89011,1646417100.0
0.754745,40.0,44.0,ARUC,5.5053,1646417400.0
0.75348,40.0,44.0,ARUC,5.57934,1646417700.0
0.753319,40.0,44.0,ARUC,5.69463,1646418000.0
0.753421,40.0,44.0,ARUC,5.75501,1646418300.0
0.754016,40.0,44.0,ARUC,5.79615,1646418600.0
0.924295,40.0,44.0,ARUC,5.61337,1646418900.0
1.30191,40.0,44.0,ARUC,5.62506,1646419200.0
1.30182,40.0,44.0,ARUC,5.43966,1646419500.0
1.3031,40.0,44.0,ARUC,5.36783,1646419800.0
0.673224,40.0,44.0,ARUC,4.9034,1646420100.0
0.59269,40.0,44.0,ARUC,4.57099,1646420400.0
1.30549,40.0,44.0,ARUC,3.13651,1646421600.0
1.31018,40.0,44.0,ARUC,5.36769,1646421900.0
1.30688,40.0,44.0,ARUC,5.20804,1646422200.0
0.928835,40.0,44.0,ARUC,5.04902,1646422500.0
0.924527,40.0,44.0,ARUC,4.93072,1646422800.0
0.923593,40.0,44.0,ARUC,4.95826,1646423100.0
0.923379,40.0,44.0,ARUC,5.0178,1646423400.0
0.926992,40.0,44.0,ARUC,5.03579,1646423700.0
1.31184,40.0,44.0,ARUC,5.83657,1646424000.0
1.31072,40.0,44.0,ARUC,6.0407,1646424300.0
1.31982,40.0,44.0,ARUC,6.15637,1646424600.0
1.30481,40.0,44.0,ARUC,4.00403,1646425500.0
0.923273,40.0,44.0,ARUC,4.25296,1646425800.0
1.30808,40.0,44.0,ARUC,4.69234,1646426100.0
1.3087,40.0,44.0,ARUC,4.83399,1646426400.0
1.30942,40.0,44.0,ARUC,4.9975,1646426700.0
0.924415,40.0,44.0,ARUC,5.60558,1646427000.0
0.923972,40.0,44.0,ARUC,5.82878,1646427300.0
0.778333,40.0,44.0,ARUC,6.65937,1646427600.0
0.948688,40.0,44.0,ARUC,7.23036,1646427900.0
0.952469,40.0,44.0,ARUC,7.2814,1646428200.0
1.30451,40.0,44.0,ARUC,7.04281,1646428500.0
1.30852,40.0,44.0,ARUC,7.13436,1646428800.0
0.785635,40.0,44.0,ARUC,3.53793,1646429700.0
0.505655,40.0,44.0,ARUC,3.30177,1646430000.0
1.32318,40.0,44.0,ARUC,3.94706,1646430300.0
1.30759,40.0,44.0,ARUC,5.73092,1646431200.0
1.30286,40.0,44.0,ARUC,5.64347,1646431500.0
1.30303,40.0,44.0,ARUC,5.49845,1646431800.0
1.30323,40.0,44.0,ARUC,5.37743,1646432100.0
1.30429,40.0,44.0,ARUC,5.27858,1646432400.0
1.3034,40.0,44.0,ARUC,6.69009,1646432700.0
1.30334,40.0,44.0,ARUC,6.76051,1646433000.0
1.30369,40.0,44.0,ARUC,6.81942,1646433300.0
1.31669,40.0,44.0,ARUC,5.26154,1646436000.0
1.3117,40.0,44.0,ARUC,5.38818,1646436300.0
1.31075,40.0,44.0,ARUC,5.50341,1646436600.0
1.30995,40.0,44.0,ARUC,5.60465,1646436900.0
1.31081,40.0,44.0,ARUC,5.7688,1646437200.0
1.31182,40.0,44.0,ARUC,5.91553,1646437500.0
1.3107,40.0,44.0,ARUC,6.02369,1646437800.0
1.31676,40.0,44.0,ARUC,6.11411,1646438100.0
0.92749,32.0,35.0,BSHM,5.31806,1646352000.0
0.926845,32.0,35.0,BSHM,5.47515,1646352300.0
0.927523,32.0,35.0,BSHM,5.61437,1646352600.0
0.926693,32.0,35.0,BSHM,5.73559,1646352900.0
0.927086,32.0,35.0,BSHM,5.85716,1646353200.0
1.31771,32.0,35.0,BSHM,5.80372,1646353500.0
1.31906,32.0,35.0,BSHM,5.83936,1646353800.0
1.45082,32.0,35.0,BSHM,5.8738,1646354100.0
1.30496,32.0,35.0,BSHM,4.38589,1646354400.0
0.754235,32.0,35.0,BSHM,5.0154,1646354700.0
0.652999,32.0,35.0,BSHM,4.90391,1646355000.0
0.652737,32.0,35.0,BSHM,4.57695,1646355300.0
0.46493,32.0,35.0,BSHM,4.48543,1646355600.0
0.463313,32.0,35.0,BSHM,4.47397,1646355900.0
0.436475,32.0,35.0,BSHM,4.56261,1646356200.0
0.414472,32.0,35.0,BSHM,4.61212,1646356500.0
0.41479,32.0,35.0,BSHM,4.63068,1646356800.0
0.58692,32.0,35.0,BSHM,4.75699,1646357100.0
0.651471,32.0,35.0,BSHM,4.80823,1646357400.0
0.752201,32.0,35.0,BSHM,4.93399,1646357700.0
0.921702,32.0,35.0,BSHM,5.07439,1646358000.0
0.928483,32.0,35.0,BSHM,5.13309,1646358300.0
0.934117,32.0,35.0,BSHM,4.7711,1646358600.0
0.934005,32.0,35.0,BSHM,4.12734,1646358900.0
0.92884,32.0,35.0,BSHM,4.0102,1646359200.0
0.756306,32.0,35.0,BSHM,3.88316,1646359500.0
0.587614,32.0,35.0,BSHM,3.96255,1646359800.0
0.585845,32.0,35.0,BSHM,3.86964,1646360100.0
0.535656,32.0,35.0,BSHM,3.70362,1646360400.0
0.6564,32.0,35.0,BSHM,3.38949,1646360700.0
0.591261,32.0,35.0,BSHM,3.35048,1646361000.0
0.757619,32.0,35.0,BSHM,3.34953,1646361300.0
0.955761,32.0,35.0,BSHM,3.33334,1646361600.0
1.31353,32.0,35.0,BSHM,3.295,1646361900.0
0.927246,32.0,35.0,BSHM,1.93854,1646362800.0
0.925985,32.0,35.0,BSHM,2.01436,1646363100.0
1.31024,32.0,35.0,BSHM,2.16118,1646363400.0
0.927784,32.0,35.0,BSHM,2.70796,1646363700.0
0.657215,32.0,35.0,BSHM,3.15431,1646364000.0
0.657122,32.0,35.0,BSHM,3.21192,1646364300.0
0.658306,32.0,35.0,BSHM,3.72058,1646364600.0
0.590674,32.0,35.0,BSHM,3.77684,1646364900.0
0.585988,32.0,35.0,BSHM,4.16006,1646365200.0
0.534486,32.0,35.0,BSHM,4.62836,1646365500.0
0.652108,32.0,35.0,BSHM,4.84034,1646365800.0
0.752162,32.0,35.0,BSHM,5.39703,1646366100.0
0.60064,32.0,35.0,BSHM,6.10917,1646366400.0
0.553295,32.0,35.0,BSHM,7.01574,1646366700.0
0.639275,32.0,35.0,BSHM,8.41868,1646367000.0
0.564768,32.0,35.0,BSHM,9.08191,1646367300.0
0.620733,32.0,35.0,BSHM,9.74942,1646367600.0
0.706512,32.0,35.0,BSHM,10.5339,1646367900.0
0.7208,32.0,35.0,BSHM,10.947,1646368200.0
0.72899,32.0,35.0,BSHM,11.3347,1646368500.0
0.552997,32.0,35.0,BSHM,11.6412,1646368800.0
0.662187,32.0,35.0,BSHM,11.9915,1646369100.0
0.654851,32.0,35.0,BSHM,12.3311,1646369400.0
0.590548,32.0,35.0,BSHM,12.7391,1646369700.0
0.5386,32.0,35.0,BSHM,13.1156,1646370000.0
0.534875,32.0,35.0,BSHM,13.6193,1646370300.0
0.534891,32.0,35.0,BSHM,14.0869,1646370600.0
0.463986,32.0,35.0,BSHM,14.7305,1646370900.0
0.416334,32.0,35.0,BSHM,15.2484,1646371200.0
0.400958,32.0,35.0,BSHM,15.6379,1646371500.0
0.422907,32.0,35.0,BSHM,15.9902,1646371800.0
0.399212,32.0,35.0,BSHM,16.4713,1646372100.0
0.398831,32.0,35.0,BSHM,16.6044,1646372400.0
0.441768,32.0,35.0,BSHM,16.9142,1646372700.0
0.541781,32.0,35.0,BSHM,17.2502,1646373000.0
0.59217,32.0,35.0,BSHM,17.9713,1646373300.0
0.594526,32.0,35.0,BSHM,17.8006,1646373600.0
0.512048,32.0,35.0,BSHM,17.5927,1646373900.0
0.545227,32.0,35.0,BSHM,17.3276,1646374200.0
0.594179,32.0,35.0,BSHM,17.3244,1646374500.0
0.500687,32.0,35.0,BSHM,17.7077,1646374800.0
0.467273,32.0,35.0,BSHM,18.0148,1646375100.0
0.480171,32.0,35.0,BSHM,18.1293,1646375400.0
0.5026,32.0,35.0,BSHM,18.2304,1646375700.0
0.498418,32.0,35.0,BSHM,18.1302,1646376000.0
0.533778,32.0,35.0,BSHM,18.14,1646376300.0
0.468111,32.0,35.0,BSHM,18.056,1646376600.0
0.49335,32.0,35.0,BSHM,16.9955,1646376900.0
0.532048,32.0,35.0,BSHM,18.0011,1646377200.0
0.532421,32.0,35.0,BSHM,18.1085,1646377500.0
0.582276,32.0,35.0,BSHM,18.2286,1646377800.0
0.492567,32.0,35.0,BSHM,18.358,1646378100.0
0.461201,32.0,35.0,BSHM,18.2647,1646378400.0
0.434111,32.0,35.0,BSHM,18.1896,1646378700.0
0.411883,32.0,35.0,BSHM,18.1485,1646379000.0
0.411805,32.0,35.0,BSHM,18.3535,1646379300.0
0.460652,32.0,35.0,BSHM,18.5456,1646379600.0
0.492799,32.0,35.0,BSHM,18.7354,1646379900.0
0.651064,32.0,35.0,BSHM,19.0315,1646380200.0
0.584645,32.0,35.0,BSHM,19.2154,1646380500.0
0.652006,32.0,35.0,BSHM,19.379,1646380800.0
0.922435,32.0,35.0,BSHM,19.6806,1646381100.0
1.30146,32.0,35.0,BSHM,19.9248,1646381400.0
1.52317,32.0,35.0,BSHM,24.6395,1646382900.0
1.48078,32.0,35.0,BSHM,25.2276,1646383200.0
0.985095,32.0,35.0,BSHM,25.5831,1646383500.0
0.784966,32.0,35.0,BSHM,26.1959,1646383800.0
0.784511,32.0,35.0,BSHM,26.7403,1646384100.0
1.3057,32.0,35.0,BSHM,27.3628,1646384400.0
0.939929,32.0,35.0,BSHM,27.5119,1646384700.0
0.928695,32.0,35.0,BSHM,27.8341,1646385000.0
0.927957,32.0,35.0,BSHM,28.3865,1646385300.0
0.927355,32.0,35.0,BSHM,29.0122,1646385600.0
0.928505,32.0,35.0,BSHM,29.5371,1646385900.0
1.30948,32.0,35.0,BSHM,30.0034,1646386200.0
1.30761,32.0,35.0,BSHM,29.8785,1646387100.0
0.922128,32.0,35.0,BSHM,30.3972,1646387400.0
0.924309,32.0,35.0,BSHM,30.2511,1646387700.0
1.31594,32.0,35.0,BSHM,30.9259,1646388000.0
1.31167,32.0,35.0,BSHM,30.8442,1646388300.0
1.36115,32.0,35.0,BSHM,29.6293,1646392200.0
1.33423,32.0,35.0,BSHM,29.4838,1646392500.0
0.706621,32.0,35.0,BSHM,28.9428,1646392800.0
0.677043,32.0,35.0,BSHM,28.8646,1646393100.0
0.620873,32.0,35.0,BSHM,28.9299,1646393400.0
0.614814,32.0,35.0,BSHM,28.9964,1646393700.0
0.617133,32.0,35.0,BSHM,28.9997,1646394000.0
0.619793,32.0,35.0,BSHM,29.0068,1646394300.0
0.508445,32.0,35.0,BSHM,29.7154,1646394600.0
0.665116,32.0,35.0,BSHM,30.5343,1646394900.0
0.550301,32.0,35.0,BSHM,29.8036,1646395200.0
0.552606,32.0,35.0,BSHM,29.2998,1646395500.0
0.512812,32.0,35.0,BSHM,28.281,1646395800.0
0.442036,32.0,35.0,BSHM,27.8979,1646396100.0
0.428608,32.0,35.0,BSHM,27.1897,1646396400.0
0.412808,32.0,35.0,BSHM,26.3963,1646396700.0
0.457119,32.0,35.0,BSHM,25.8048,1646397000.0
0.454846,32.0,35.0,BSHM,25.2284,1646397300.0
0.42605,32.0,35.0,BSHM,24.5326,1646397600.0
0.44715,32.0,35.0,BSHM,23.9256,1646397900.0
0.503425,32.0,35.0,BSHM,23.2544,1646398200.0
0.472999,32.0,35.0,BSHM,22.8234,1646398500.0
0.455323,32.0,35.0,BSHM,22.1954,1646398800.0
0.434746,32.0,35.0,BSHM,21.9167,1646399100.0
0.464396,32.0,35.0,BSHM,20.9292,1646399400.0
0.474886,32.0,35.0,BSHM,20.6595,1646399700.0
0.477355,32.0,35.0,BSHM,20.8018,1646400000.0
0.495142,32.0,35.0,BSHM,20.3823,1646400300.0
0.47075,32.0,35.0,BSHM,20.8127,1646400600.0
0.52385,32.0,35.0,BSHM,21.601,1646400900.0
0.468509,32.0,35.0,BSHM,21.7776,1646401200.0
0.477486,32.0,35.0,BSHM,21.5047,1646401500.0
0.50391,32.0,35.0,BSHM,21.3574,1646401800.0
0.526451,32.0,35.0,BSHM,21.1698,1646402100.0
0.539747,32.0,35.0,BSHM,21.0537,1646402400.0
0.612489,32.0,35.0,BSHM,20.7452,1646402700.0
0.694983,32.0,35.0,BSHM,20.4378,1646403000.0
0.570327,32.0,35.0,BSHM,20.2785,1646403300.0
0.607154,32.0,35.0,BSHM,20.1804,1646403600.0
0.571918,32.0,35.0,BSHM,20.0748,1646403900.0
0.521884,32.0,35.0,BSHM,19.5405,1646404200.0
0.602137,32.0,35.0,BSHM,19.1976,1646404500.0
0.551077,32.0,35.0,BSHM,18.9131,1646404800.0
0.618614,32.0,35.0,BSHM,18.5876,1646405100.0
0.675113,32.0,35.0,BSHM,18.2637,1646405400.0
0.776636,32.0,35.0,BSHM,18.2318,1646405700.0
0.695432,32.0,35.0,BSHM,16.8697,1646406000.0
0.602087,32.0,35.0,BSHM,16.1044,1646406300.0
0.672951,32.0,35.0,BSHM,14.6512,1646406600.0
0.595078,32.0,35.0,BSHM,13.6788,1646406900.0
0.545133,32.0,35.0,BSHM,13.0776,1646407200.0
0.547101,32.0,35.0,BSHM,12.7152,1646407500.0
0.671635,32.0,35.0,BSHM,11.9489,1646407800.0
0.598564,32.0,35.0,BSHM,12.0791,1646408100.0
0.793632,32.0,35.0,BSHM,11.839,1646408400.0
0.766108,32.0,35.0,BSHM,10.7623,1646408700.0
0.796602,32.0,35.0,BSHM,10.5722,1646409000.0
1.04685,32.0,35.0,BSHM,8.68836,1646412000.0
0.995146,32.0,35.0,BSHM,8.43154,1646412300.0
0.786871,32.0,35.0,BSHM,8.22246,1646412600.0
0.766248,32.0,35.0,BSHM,7.92431,1646412900.0
0.696556,32.0,35.0,BSHM,7.68658,1646413200.0
0.63175,32.0,35.0,BSHM,7.47139,1646413500.0
0.695953,32.0,35.0,BSHM,7.2539,1646413800.0
0.569007,32.0,35.0,BSHM,7.2057,1646414100.0
0.532482,32.0,35.0,BSHM,7.31725,1646414400.0
0.58218,32.0,35.0,BSHM,7.26703,1646414700.0
0.504346,32.0,35.0,BSHM,7.65728,1646415000.0
0.5554,32.0,35.0,BSHM,7.96203,1646415300.0
0.692047,32.0,35.0,BSHM,8.4742,1646415600.0
0.6967,32.0,35.0,BSHM,8.23039,1646415900.0
0.595591,32.0,35.0,BSHM,8.09594,1646416200.0
0.571259,32.0,35.0,BSHM,7.91527,1646416500.0
0.570442,32.0,35.0,BSHM,7.75992,1646416800.0
0.582534,32.0,35.0,BSHM,7.61741,1646417100.0
0.564766,32.0,35.0,BSHM,7.05274,1646417400.0
0.543568,32.0,35.0,BSHM,7.07773,1646417700.0
0.591136,32.0,35.0,BSHM,7.31599,1646418000.0
0.536742,32.0,35.0,BSHM,7.23714,1646418300.0
0.509464,32.0,35.0,BSHM,7.02373,1646418600.0
0.535408,32.0,35.0,BSHM,6.91642,1646418900.0
0.574287,32.0,35.0,BSHM,6.82889,1646419200.0
0.574929,32.0,35.0,BSHM,6.56534,1646419500.0
0.511793,32.0,35.0,BSHM,6.29531,1646419800.0
0.533228,32.0,35.0,BSHM,6.1669,1646420100.0
0.555313,32.0,35.0,BSHM,6.29292,1646420400.0
0.508115,32.0,35.0,BSHM,6.12587,1646420700.0
0.543761,32.0,35.0,BSHM,6.15052,1646421000.0
0.518549,32.0,35.0,BSHM,6.02201,1646421300.0
0.533264,32.0,35.0,BSHM,5.98018,1646421600.0
0.467798,32.0,35.0,BSHM,5.79315,1646421900.0
0.447089,32.0,35.0,BSHM,5.58157,1646422200.0
0.470445,32.0,35.0,BSHM,5.4609,1646422500.0
0.525299,32.0,35.0,BSHM,5.01791,1646422800.0
0.484893,32.0,35.0,BSHM,4.85468,1646423100.0
0.476759,32.0,35.0,BSHM,4.74776,1646423400.0
0.525711,32.0,35.0,BSHM,4.89163,1646423700.0
0.505392,32.0,35.0,BSHM,5.4669,1646424000.0
0.582557,32.0,35.0,BSHM,5.56849,1646424300.0
0.807118,32.0,35.0,BSHM,6.19036,1646424600.0
0.633583,32.0,35.0,BSHM,6.35888,1646424900.0
0.623137,32.0,35.0,BSHM,6.28171,1646425200.0
0.696381,32.0,35.0,BSHM,6.57119,1646425500.0
0.686421,32.0,35.0,BSHM,6.37992,1646425800.0
0.689398,32.0,35.0,BSHM,6.1912,1646426100.0
0.609645,32.0,35.0,BSHM,6.01679,1646426400.0
0.684399,32.0,35.0,BSHM,5.68888,1646426700.0
0.776821,32.0,35.0,BSHM,5.50161,1646427000.0
0.77639,32.0,35.0,BSHM,5.29603,1646427300.0
0.669973,32.0,35.0,BSHM,5.14017,1646427600.0
0.68886,32.0,35.0,BSHM,4.96628,1646427900.0
0.615462,32.0,35.0,BSHM,4.85549,1646428200.0
0.608805,32.0,35.0,BSHM,4.78501,1646428500.0
0.677564,32.0,35.0,BSHM,4.69791,1646428800.0
0.719048,32.0,35.0,BSHM,4.61818,1646429100.0
0.639721,32.0,35.0,BSHM,4.75948,1646429400.0
0.633393,32.0,35.0,BSHM,4.73792,1646429700.0
0.965462,32.0,35.0,BSHM,4.43765,1646430000.0
0.71808,32.0,35.0,BSHM,4.67731,1646430300.0
0.855504,32.0,35.0,BSHM,4.80076,1646430600.0
1.55992,32.0,35.0,BSHM,5.52574,1646430900.0
1.34769,32.0,35.0,BSHM,5.37209,1646431200.0
1.33875,32.0,35.0,BSHM,5.27928,1646431500.0
1.34155,32.0,35.0,BSHM,5.17628,1646431800.0
1.03758,32.0,35.0,BSHM,5.07304,1646432100.0
1.40211,32.0,35.0,BSHM,4.99915,1646432400.0
0.794599,32.0,35.0,BSHM,4.98926,1646432700.0
0.952067,32.0,35.0,BSHM,5.02115,1646433000.0
0.992142,32.0,35.0,BSHM,5.07432,1646433300.0
0.758702,32.0,35.0,BSHM,5.31401,1646433600.0
0.653185,32.0,35.0,BSHM,5.24792,1646433900.0
0.674999,32.0,35.0,BSHM,5.30045,1646434200.0
0.534122,32.0,35.0,BSHM,5.34018,1646434500.0
0.500462,32.0,35.0,BSHM,5.34802,1646434800.0
0.502311,32.0,35.0,BSHM,5.23449,1646435100.0
0.46463,32.0,35.0,BSHM,5.37265,1646435400.0
0.464718,32.0,35.0,BSHM,5.38579,1646435700.0
0.496813,32.0,35.0,BSHM,5.36972,1646436000.0
0.539742,32.0,35.0,BSHM,5.36174,1646436300.0
0.763334,32.0,35.0,BSHM,5.44048,1646436600.0
1.30333,32.0,35.0,BSHM,5.88756,1646437200.0
1.30307,32.0,35.0,BSHM,6.00085,1646437500.0
0.926901,32.0,35.0,BSHM,6.13945,1646437800.0
0.926282,32.0,35.0,BSHM,6.20919,1646438100.0
1.32653,35.0,33.0,NICO,3.7898,1646352000.0
1.31733,35.0,33.0,NICO,4.03125,1646352300.0
0.941856,35.0,33.0,NICO,3.81396,1646352600.0
0.933766,35.0,33.0,NICO,3.82429,1646352900.0
0.814236,35.0,33.0,NICO,3.56063,1646353200.0
0.65786,35.0,33.0,NICO,3.93661,1646353500.0
0.933581,35.0,33.0,NICO,3.50508,1646353800.0
1.31939,35.0,33.0,NICO,3.44991,1646354100.0
1.30174,35.0,33.0,NICO,4.18487,1646355300.0
1.3021,35.0,33.0,NICO,4.06536,1646355600.0
1.30562,35.0,33.0,NICO,5.09149,1646358900.0
0.927135,35.0,33.0,NICO,5.72973,1646359200.0
1.30358,35.0,33.0,NICO,2.93527,1646359500.0
0.757759,35.0,33.0,NICO,2.90028,1646359800.0
0.502026,35.0,33.0,NICO,2.81661,1646360100.0
0.464522,35.0,33.0,NICO,2.74637,1646360400.0
0.532422,35.0,33.0,NICO,2.61801,1646360700.0
0.533772,35.0,33.0,NICO,2.5286,1646361000.0
0.922454,35.0,33.0,NICO,2.43937,1646361300.0
1.31093,35.0,33.0,NICO,4.7568,1646364300.0
0.781443,35.0,33.0,NICO,3.92568,1646366100.0
0.538839,35.0,33.0,NICO,4.4124,1646366400.0
0.49717,35.0,33.0,NICO,4.96949,1646366700.0
0.49507,35.0,33.0,NICO,5.71701,1646367000.0
0.545236,35.0,33.0,NICO,6.32325,1646367300.0
0.756937,35.0,33.0,NICO,6.85895,1646367600.0
1.37818,35.0,33.0,NICO,7.63437,1646367900.0
1.30109,35.0,33.0,NICO,10.1882,1646368800.0
1.30137,35.0,33.0,NICO,10.4972,1646369100.0
1.43673,35.0,33.0,NICO,13.2716,1646372100.0
0.603595,35.0,33.0,NICO,13.3475,1646372400.0
0.521137,35.0,33.0,NICO,13.463,1646372700.0
0.475227,35.0,33.0,NICO,13.8287,1646373000.0
0.51172,35.0,33.0,NICO,14.0878,1646373300.0
0.662987,35.0,33.0,NICO,14.2195,1646373600.0
1.32388,35.0,33.0,NICO,14.5984,1646373900.0
1.30266,35.0,33.0,NICO,16.6063,1646374800.0
0.988229,35.0,33.0,NICO,15.8385,1646376900.0
0.770004,35.0,33.0,NICO,15.996,1646377200.0
0.668438,35.0,33.0,NICO,16.2382,1646377500.0
0.784841,35.0,33.0,NICO,16.6725,1646377800.0
0.803221,35.0,33.0,NICO,16.8873,1646378100.0
1.01422,35.0,33.0,NICO,17.9155,1646378400.0
1.31984,35.0,33.0,NICO,18.4808,1646378700.0
1.38522,35.0,33.0,NICO,19.4477,1646379300.0
1.03993,35.0,33.0,NICO,19.5654,1646379600.0
1.3818,35.0,33.0,NICO,19.9072,1646379900.0
1.30371,35.0,33.0,NICO,21.4157,1646380200.0
0.927443,35.0,33.0,NICO,21.1024,1646380500.0
1.30549,35.0,33.0,NICO,21.6732,1646380800.0
1.70724,35.0,33.0,NICO,22.2099,1646381100.0
1.34909,35.0,33.0,NICO,22.3253,1646381400.0
0.763267,35.0,33.0,NICO,22.8802,1646381700.0
0.762635,35.0,33.0,NICO,23.1332,1646382000.0
0.672242,35.0,33.0,NICO,23.3101,1646382300.0
0.754323,35.0,33.0,NICO,23.5976,1646382600.0
0.755182,35.0,33.0,NICO,24.0142,1646382900.0
0.754952,35.0,33.0,NICO,24.1048,1646383200.0
1.30091,35.0,33.0,NICO,24.0074,1646383500.0
0.975664,35.0,33.0,NICO,24.9668,1646387400.0
1.39991,35.0,33.0,NICO,25.1319,1646387700.0
1.01586,35.0,33.0,NICO,25.4442,1646388000.0
1.46486,35.0,33.0,NICO,25.7214,1646388300.0
2.61266,35.0,33.0,NICO,25.9047,1646388600.0
1.30318,35.0,33.0,NICO,26.6018,1646388900.0
1.30453,35.0,33.0,NICO,26.3929,1646389200.0
1.33394,35.0,33.0,NICO,28.0895,1646389800.0
1.36179,35.0,33.0,NICO,28.3553,1646390100.0
1.32402,35.0,33.0,NICO,30.7245,1646391300.0
1.30911,35.0,33.0,NICO,30.7409,1646391600.0
1.31166,35.0,33.0,NICO,30.6044,1646391900.0
1.30385,35.0,33.0,NICO,26.9919,1646393400.0
1.31963,35.0,33.0,NICO,26.8816,1646393700.0
0.802582,35.0,33.0,NICO,25.8123,1646394900.0
0.511967,35.0,33.0,NICO,25.5613,1646395200.0
0.45223,35.0,33.0,NICO,25.1386,1646395500.0
0.619557,35.0,33.0,NICO,24.659,1646395800.0
0.697619,35.0,33.0,NICO,24.2336,1646396100.0
0.810804,35.0,33.0,NICO,24.0855,1646396400.0
0.761241,35.0,33.0,NICO,23.1938,1646397600.0
0.675628,35.0,33.0,NICO,22.841,1646397900.0
0.76768,35.0,33.0,NICO,22.4657,1646398200.0
0.763005,35.0,33.0,NICO,22.0877,1646398500.0
0.768065,35.0,33.0,NICO,21.8161,1646398800.0
1.30183,35.0,33.0,NICO,22.0938,1646400000.0
0.922168,35.0,33.0,NICO,21.4403,1646400300.0
1.30214,35.0,33.0,NICO,21.0982,1646400600.0
1.30241,35.0,33.0,NICO,20.679,1646400900.0
1.303,35.0,33.0,NICO,21.098,1646402100.0
1.30171,35.0,33.0,NICO,21.0326,1646402400.0
1.30279,35.0,33.0,NICO,19.3392,1646402700.0
1.30343,35.0,33.0,NICO,19.2797,1646403000.0
1.30144,35.0,33.0,NICO,12.2411,1646407200.0
1.30292,35.0,33.0,NICO,11.9987,1646407500.0
1.3275,35.0,33.0,NICO,10.2473,1646410200.0
0.65843,35.0,33.0,NICO,9.79522,1646410500.0
0.937496,35.0,33.0,NICO,9.56158,1646410800.0
0.552988,35.0,33.0,NICO,9.09674,1646411100.0
0.546139,35.0,33.0,NICO,8.71878,1646411400.0
0.610682,35.0,33.0,NICO,8.40518,1646411700.0
0.68095,35.0,33.0,NICO,8.21981,1646412000.0
0.664671,35.0,33.0,NICO,8.0809,1646412300.0
0.791698,35.0,33.0,NICO,8.1305,1646412600.0
1.30126,35.0,33.0,NICO,8.80119,1646415600.0
1.30106,35.0,33.0,NICO,8.68269,1646415900.0
1.30106,35.0,33.0,NICO,8.51791,1646416200.0
0.957549,35.0,33.0,NICO,6.20453,1646416500.0
0.625151,35.0,33.0,NICO,6.01901,1646416800.0
0.597172,35.0,33.0,NICO,5.02898,1646417100.0
0.546106,35.0,33.0,NICO,5.0982,1646417400.0
0.595398,35.0,33.0,NICO,5.17322,1646417700.0
0.554438,35.0,33.0,NICO,5.15789,1646418000.0
0.763935,35.0,33.0,NICO,5.43007,1646418300.0
0.929168,35.0,33.0,NICO,5.06943,1646418600.0
0.752263,35.0,33.0,NICO,4.63624,1646418900.0
0.651654,35.0,33.0,NICO,4.64619,1646419200.0
0.652291,35.0,33.0,NICO,4.70141,1646419500.0
0.65257,35.0,33.0,NICO,5.37672,1646419800.0
0.933909,35.0,33.0,NICO,5.91821,1646420100.0
1.30313,35.0,33.0,NICO,6.53772,1646420400.0
1.3033,35.0,33.0,NICO,5.39701,1646420700.0
1.35223,35.0,33.0,NICO,6.69531,1646423700.0
1.31775,35.0,33.0,NICO,4.21644,1646424300.0
1.30128,35.0,33.0,NICO,6.47379,1646424900.0
1.31876,35.0,33.0,NICO,4.13873,1646427600.0
0.754816,35.0,33.0,NICO,4.169,1646427900.0
0.654703,35.0,33.0,NICO,4.23745,1646428200.0
0.586706,35.0,33.0,NICO,4.25985,1646428500.0
0.754418,35.0,33.0,NICO,4.27108,1646428800.0
0.765719,35.0,33.0,NICO,4.2611,1646429100.0
1.30426,35.0,33.0,NICO,4.02285,1646429700.0
0.511779,35.0,33.0,NICO,3.68811,1646430000.0
0.46511,35.0,33.0,NICO,3.80749,1646430300.0
0.4974,35.0,33.0,NICO,3.80077,1646430600.0
0.598742,35.0,33.0,NICO,3.63233,1646430900.0
0.757172,35.0,33.0,NICO,3.90722,1646431200.0
0.923535,35.0,33.0,NICO,5.15253,1646431500.0
0.659776,35.0,33.0,NICO,4.88621,1646431800.0
0.754981,35.0,33.0,NICO,4.54373,1646432100.0
0.653069,35.0,33.0,NICO,4.61299,1646432400.0
0.58382,35.0,33.0,NICO,4.64828,1646432700.0
0.754828,35.0,33.0,NICO,4.63904,1646433000.0
0.763906,35.0,33.0,NICO,4.67883,1646433300.0
1.30242,35.0,33.0,NICO,6.67205,1646434500.0
1.30243,35.0,33.0,NICO,6.61124,1646434800.0
1.32487,35.0,33.0,NICO,6.16106,1646436900.0
1.31871,35.0,33.0,NICO,6.23524,1646437200.0
0.930205,35.0,33.0,NICO,5.54601,1646437500.0
1.30239,35.0,33.0,NICO,4.97824,1646437800.0
1.31557,40.0,44.0,ARUC,4.20232,1646438700.0
1.3109,40.0,44.0,ARUC,4.33021,1646439000.0
0.924322,40.0,44.0,ARUC,5.59196,1646439300.0
0.923382,40.0,44.0,ARUC,5.62352,1646439600.0
1.30222,40.0,44.0,ARUC,6.24451,1646439900.0
1.30241,40.0,44.0,ARUC,5.91036,1646440200.0
1.30234,40.0,44.0,ARUC,5.66559,1646440500.0
0.758707,40.0,44.0,ARUC,6.50436,1646440800.0
1.30281,40.0,44.0,ARUC,8.59199,1646441100.0
1.30435,40.0,44.0,ARUC,4.00708,1646441700.0
1.30416,40.0,44.0,ARUC,3.9897,1646442000.0
1.30248,40.0,44.0,ARUC,3.96298,1646442300.0
1.30263,40.0,44.0,ARUC,3.98284,1646442600.0
1.3028,40.0,44.0,ARUC,3.98678,1646442900.0
1.30264,40.0,44.0,ARUC,3.9731,1646443200.0
0.448368,40.0,44.0,ARUC,3.68017,1646443500.0
0.355709,40.0,44.0,ARUC,3.7687,1646443800.0
1.30263,40.0,44.0,ARUC,3.89709,1646444100.0
1.30277,40.0,44.0,ARUC,3.84185,1646444400.0
0.940583,40.0,44.0,ARUC,4.57663,1646445000.0
1.30428,40.0,44.0,ARUC,2.84812,1646445300.0
0.786057,40.0,44.0,ARUC,3.35451,1646448600.0
1.30151,40.0,44.0,ARUC,5.74101,1646449500.0
1.30569,40.0,44.0,ARUC,6.56343,1646450100.0
1.30531,40.0,44.0,ARUC,6.8547,1646450400.0
0.921923,40.0,44.0,ARUC,7.36772,1646450700.0
0.921575,40.0,44.0,ARUC,7.65629,1646451000.0
0.920716,40.0,44.0,ARUC,7.96494,1646451300.0
0.920646,40.0,44.0,ARUC,8.50199,1646451600.0
0.922136,40.0,44.0,ARUC,8.96204,1646451900.0
0.753225,40.0,44.0,ARUC,9.71214,1646452200.0
0.751946,40.0,44.0,ARUC,10.1238,1646452500.0
0.752384,40.0,44.0,ARUC,10.5307,1646452800.0
0.920865,40.0,44.0,ARUC,10.9905,1646453100.0
0.921072,40.0,44.0,ARUC,11.5234,1646453400.0
0.775429,40.0,44.0,ARUC,11.2641,1646453700.0
0.40654,40.0,44.0,ARUC,10.5252,1646454000.0
0.499643,40.0,44.0,ARUC,11.6297,1646454300.0
0.92133,40.0,44.0,ARUC,12.0514,1646454600.0
0.921273,40.0,44.0,ARUC,12.4877,1646454900.0
1.30502,40.0,44.0,ARUC,13.6473,1646455200.0
0.921241,40.0,44.0,ARUC,16.6868,1646456400.0
1.30162,40.0,44.0,ARUC,17.5153,1646456700.0
0.925153,40.0,44.0,ARUC,15.7505,1646457000.0
0.941575,40.0,44.0,ARUC,15.9677,1646457300.0
0.589157,40.0,44.0,ARUC,15.2434,1646457900.0
1.30159,40.0,44.0,ARUC,18.9664,1646460000.0
1.30157,40.0,44.0,ARUC,19.1996,1646460300.0
1.30192,40.0,44.0,ARUC,19.3303,1646460600.0
1.30671,40.0,44.0,ARUC,17.0014,1646460900.0
1.30347,40.0,44.0,ARUC,17.1576,1646461200.0
0.653053,40.0,44.0,ARUC,18.118,1646462400.0
0.651723,40.0,44.0,ARUC,19.4367,1646462700.0
1.30238,40.0,44.0,ARUC,23.4775,1646465100.0
0.925633,40.0,44.0,ARUC,21.5361,1646465400.0
0.653097,40.0,44.0,ARUC,20.8395,1646465700.0
0.493948,40.0,44.0,ARUC,22.0715,1646466000.0
0.41311,40.0,44.0,ARUC,20.8919,1646466300.0
0.412918,40.0,44.0,ARUC,21.4224,1646466600.0
0.536999,40.0,44.0,ARUC,20.7855,1646466900.0
0.931191,40.0,44.0,ARUC,23.4435,1646467200.0
1.3203,40.0,44.0,ARUC,23.119,1646467500.0
1.32042,40.0,44.0,ARUC,23.6029,1646467800.0
0.926969,40.0,44.0,ARUC,23.7784,1646468100.0
0.927119,40.0,44.0,ARUC,24.0061,1646468400.0
1.32235,40.0,44.0,ARUC,25.135,1646468700.0
1.32471,40.0,44.0,ARUC,25.5495,1646469000.0
1.30362,40.0,44.0,ARUC,25.8242,1646469300.0
1.30319,40.0,44.0,ARUC,26.3509,1646469600.0
1.30365,40.0,44.0,ARUC,27.3704,1646469900.0
1.30964,40.0,44.0,ARUC,24.2797,1646470500.0
0.921826,40.0,44.0,ARUC,25.4535,1646470800.0
0.923955,40.0,44.0,ARUC,24.7624,1646471100.0
0.75377,40.0,44.0,ARUC,24.3106,1646471400.0
0.757464,40.0,44.0,ARUC,24.4336,1646471700.0
1.30434,40.0,44.0,ARUC,25.6039,1646473800.0
1.30368,40.0,44.0,ARUC,27.6983,1646475300.0
1.30364,40.0,44.0,ARUC,27.4963,1646475600.0
1.31156,40.0,44.0,ARUC,21.4904,1646477400.0
1.31171,40.0,44.0,ARUC,21.522,1646477700.0
1.31295,40.0,44.0,ARUC,21.5253,1646478000.0
1.31188,40.0,44.0,ARUC,21.4743,1646478300.0
0.661018,40.0,44.0,ARUC,20.5816,1646478600.0
0.464689,40.0,44.0,ARUC,21.3523,1646478900.0
1.31182,40.0,44.0,ARUC,21.5304,1646479200.0
1.32185,40.0,44.0,ARUC,21.4521,1646479500.0
1.30245,40.0,44.0,ARUC,20.423,1646479800.0
1.30226,40.0,44.0,ARUC,20.4599,1646480100.0
1.30235,40.0,44.0,ARUC,20.5253,1646480400.0
1.30259,40.0,44.0,ARUC,20.6199,1646480700.0
1.31661,40.0,44.0,ARUC,18.0373,1646483700.0
1.30284,40.0,44.0,ARUC,18.06,1646484000.0
1.30271,40.0,44.0,ARUC,18.0052,1646484300.0
1.30285,40.0,44.0,ARUC,18.0296,1646484600.0
1.30302,40.0,44.0,ARUC,18.1471,1646484900.0
0.754784,40.0,44.0,ARUC,20.6937,1646485200.0
0.654294,40.0,44.0,ARUC,19.8238,1646485500.0
0.398265,40.0,44.0,ARUC,19.0174,1646485800.0
0.418972,40.0,44.0,ARUC,18.8309,1646486100.0
0.922406,40.0,44.0,ARUC,18.326,1646486400.0
0.922644,40.0,44.0,ARUC,18.3286,1646486700.0
0.938954,40.0,44.0,ARUC,18.1699,1646487000.0
1.30515,40.0,44.0,ARUC,17.7887,1646487300.0
0.923231,40.0,44.0,ARUC,18.7176,1646487600.0
1.30553,40.0,44.0,ARUC,17.4694,1646487900.0
1.30683,40.0,44.0,ARUC,17.0817,1646488200.0
1.30418,40.0,44.0,ARUC,20.7804,1646489100.0
1.30419,40.0,44.0,ARUC,20.7166,1646489400.0
1.30168,40.0,44.0,ARUC,17.9624,1646490600.0
1.30154,40.0,44.0,ARUC,17.9183,1646490900.0
1.30166,40.0,44.0,ARUC,17.8639,1646491200.0
1.31076,40.0,44.0,ARUC,14.474,1646493600.0
0.921817,40.0,44.0,ARUC,13.0386,1646493900.0
0.766224,40.0,44.0,ARUC,12.6805,1646494200.0
0.556467,40.0,44.0,ARUC,12.4273,1646494500.0
0.4481,40.0,44.0,ARUC,12.3718,1646494800.0
0.374692,40.0,44.0,ARUC,12.0467,1646495100.0
0.353459,40.0,44.0,ARUC,12.2198,1646495400.0
0.403365,40.0,44.0,ARUC,12.2396,1646495700.0
1.30415,40.0,44.0,ARUC,11.9042,1646496000.0
0.926872,40.0,44.0,ARUC,10.3774,1646496300.0
0.927893,40.0,44.0,ARUC,10.0605,1646496600.0
1.30473,40.0,44.0,ARUC,10.594,1646496900.0
1.30659,40.0,44.0,ARUC,10.3495,1646497200.0
1.33999,40.0,44.0,ARUC,10.8198,1646497800.0
1.31469,40.0,44.0,ARUC,10.7252,1646498100.0
1.31611,40.0,44.0,ARUC,10.5894,1646498400.0
0.925816,40.0,44.0,ARUC,11.5343,1646498700.0
0.756349,40.0,44.0,ARUC,8.85611,1646499000.0
0.34357,40.0,44.0,ARUC,9.80062,1646499300.0
0.384988,40.0,44.0,ARUC,9.73634,1646499600.0
1.30512,40.0,44.0,ARUC,9.30964,1646499900.0
1.30509,40.0,44.0,ARUC,9.23954,1646500200.0
1.30491,40.0,44.0,ARUC,9.20406,1646500500.0
1.30739,40.0,44.0,ARUC,9.13192,1646500800.0
1.3035,40.0,44.0,ARUC,5.98074,1646502900.0
0.755798,40.0,44.0,ARUC,7.36647,1646503200.0
0.754246,40.0,44.0,ARUC,7.5887,1646503500.0
0.753563,40.0,44.0,ARUC,7.47033,1646503800.0
0.753401,40.0,44.0,ARUC,7.36861,1646504100.0
0.753262,40.0,44.0,ARUC,7.15062,1646504400.0
0.753579,40.0,44.0,ARUC,6.94875,1646504700.0
0.923053,40.0,44.0,ARUC,6.88721,1646505000.0
1.30193,40.0,44.0,ARUC,7.31015,1646505300.0
1.30192,40.0,44.0,ARUC,7.05084,1646505600.0
1.30223,40.0,44.0,ARUC,6.87495,1646505900.0
0.781007,40.0,44.0,ARUC,6.96131,1646506200.0
0.594827,40.0,44.0,ARUC,6.58721,1646506500.0
1.0078,40.0,44.0,ARUC,6.7222,1646506800.0
0.924171,40.0,44.0,ARUC,6.08869,1646507700.0
1.30558,40.0,44.0,ARUC,6.62918,1646508000.0
1.30558,40.0,44.0,ARUC,6.37407,1646508300.0
0.930352,40.0,44.0,ARUC,6.19017,1646508600.0
0.923811,40.0,44.0,ARUC,6.1788,1646508900.0
0.78106,40.0,44.0,ARUC,7.15156,1646509200.0
0.80037,40.0,44.0,ARUC,7.13966,1646509500.0
1.30858,40.0,44.0,ARUC,6.59281,1646509800.0
1.30926,40.0,44.0,ARUC,6.71654,1646510100.0
1.31005,40.0,44.0,ARUC,6.7985,1646510400.0
1.31236,40.0,44.0,ARUC,6.86232,1646510700.0
1.3043,40.0,44.0,ARUC,4.12681,1646511600.0
0.924116,40.0,44.0,ARUC,4.80079,1646511900.0
1.30911,40.0,44.0,ARUC,5.57468,1646512200.0
1.30865,40.0,44.0,ARUC,5.66902,1646512500.0
1.30927,40.0,44.0,ARUC,5.81529,1646512800.0
0.925253,40.0,44.0,ARUC,6.27903,1646513100.0
0.924174,40.0,44.0,ARUC,6.40902,1646513400.0
0.929169,40.0,44.0,ARUC,6.5152,1646513700.0
1.30449,40.0,44.0,ARUC,7.02581,1646514000.0
0.924269,40.0,44.0,ARUC,5.94932,1646514300.0
0.922223,40.0,44.0,ARUC,5.97525,1646514600.0
0.924118,40.0,44.0,ARUC,5.95015,1646514900.0
0.563428,40.0,44.0,ARUC,4.67636,1646515500.0
0.868432,40.0,44.0,ARUC,4.88035,1646515800.0
1.30501,40.0,44.0,ARUC,4.83929,1646516100.0
1.31074,40.0,44.0,ARUC,4.86631,1646516400.0
0.928885,40.0,44.0,ARUC,6.94189,1646517300.0
0.92154,40.0,44.0,ARUC,6.97061,1646517600.0
0.922634,40.0,44.0,ARUC,6.98923,1646517900.0
1.30318,40.0,44.0,ARUC,6.65636,1646518200.0
1.30448,40.0,44.0,ARUC,6.62616,1646518500.0
1.30359,40.0,44.0,ARUC,10.0704,1646518800.0
1.30353,40.0,44.0,ARUC,10.2761,1646519100.0
1.30354,40.0,44.0,ARUC,10.5326,1646519400.0
1.30559,40.0,44.0,ARUC,5.39894,1646520300.0
1.30314,40.0,44.0,ARUC,5.33288,1646520600.0
1.32441,40.0,44.0,ARUC,7.22395,1646522100.0
1.31077,40.0,44.0,ARUC,7.35977,1646522400.0
1.3119,40.0,44.0,ARUC,7.49663,1646522700.0
0.955044,40.0,44.0,ARUC,7.09151,1646523000.0
0.470649,40.0,44.0,ARUC,7.05669,1646523300.0
0.423256,40.0,44.0,ARUC,6.48684,1646523600.0
0.480375,40.0,44.0,ARUC,6.62051,1646523900.0
0.664226,40.0,44.0,ARUC,6.78406,1646524200.0
0.705787,40.0,44.0,ARUC,9.05335,1646524500.0
0.756758,32.0,35.0,BSHM,7.41469,1646438400.0
0.757254,32.0,35.0,BSHM,7.46542,1646438700.0
0.757839,32.0,35.0,BSHM,7.49979,1646439000.0
0.759609,32.0,35.0,BSHM,7.49116,1646439300.0
0.925454,32.0,35.0,BSHM,7.40316,1646439600.0
0.92281,32.0,35.0,BSHM,7.16916,1646439900.0
1.31299,32.0,35.0,BSHM,7.69765,1646440200.0
0.926034,32.0,35.0,BSHM,7.0507,1646440800.0
0.922762,32.0,35.0,BSHM,6.99277,1646441100.0
0.65872,32.0,35.0,BSHM,6.84313,1646441400.0
0.584324,32.0,35.0,BSHM,6.79262,1646441700.0
0.498004,32.0,35.0,BSHM,6.61695,1646442000.0
0.467235,32.0,35.0,BSHM,6.45021,1646442300.0
0.416418,32.0,35.0,BSHM,6.30559,1646442600.0
0.437912,32.0,35.0,BSHM,5.94895,1646442900.0
0.46533,32.0,35.0,BSHM,5.97151,1646443200.0
0.536043,32.0,35.0,BSHM,5.94184,1646443500.0
0.593645,32.0,35.0,BSHM,5.80228,1646443800.0
0.922151,32.0,35.0,BSHM,6.22731,1646444100.0
0.926767,32.0,35.0,BSHM,6.26272,1646444400.0
1.01462,32.0,35.0,BSHM,6.34272,1646444700.0
0.973524,32.0,35.0,BSHM,5.60601,1646445000.0
0.946972,32.0,35.0,BSHM,5.48997,1646445300.0
0.772593,32.0,35.0,BSHM,5.31826,1646445600.0
0.66556,32.0,35.0,BSHM,5.05927,1646445900.0
0.591204,32.0,35.0,BSHM,4.91068,1646446200.0
0.539708,32.0,35.0,BSHM,4.76706,1646446500.0
0.559568,32.0,35.0,BSHM,4.73184,1646446800.0
0.589691,32.0,35.0,BSHM,4.46772,1646447100.0
0.75975,32.0,35.0,BSHM,4.38758,1646447400.0
0.933182,32.0,35.0,BSHM,4.30133,1646447700.0
1.31401,32.0,35.0,BSHM,4.41138,1646448000.0
0.9413,32.0,35.0,BSHM,1.55315,1646448300.0
0.974464,32.0,35.0,BSHM,3.69409,1646448900.0
0.70256,32.0,35.0,BSHM,3.75342,1646449200.0
0.792192,32.0,35.0,BSHM,3.77239,1646449500.0
0.63694,32.0,35.0,BSHM,4.20927,1646449800.0
0.528558,32.0,35.0,BSHM,4.36018,1646450100.0
0.509923,32.0,35.0,BSHM,4.62007,1646450400.0
0.520269,32.0,35.0,BSHM,4.8377,1646450700.0
0.490524,32.0,35.0,BSHM,5.00472,1646451000.0
0.501182,32.0,35.0,BSHM,5.25955,1646451300.0
0.486635,32.0,35.0,BSHM,5.56154,1646451600.0
0.513259,32.0,35.0,BSHM,5.98017,1646451900.0
0.50626,32.0,35.0,BSHM,6.4758,1646452200.0
0.548888,32.0,35.0,BSHM,7.0407,1646452500.0
0.592324,32.0,35.0,BSHM,7.81218,1646452800.0
0.615637,32.0,35.0,BSHM,8.73046,1646453100.0
0.561261,32.0,35.0,BSHM,9.34213,1646453400.0
0.618666,32.0,35.0,BSHM,9.86897,1646453700.0
0.681546,32.0,35.0,BSHM,10.3198,1646454000.0
0.736397,32.0,35.0,BSHM,10.7816,1646454300.0
0.706545,32.0,35.0,BSHM,11.147,1646454600.0
0.683971,32.0,35.0,BSHM,11.5842,1646454900.0
0.781248,32.0,35.0,BSHM,11.9008,1646455200.0
0.585996,32.0,35.0,BSHM,11.9296,1646455500.0
0.654733,32.0,35.0,BSHM,12.5708,1646455800.0
0.496698,32.0,35.0,BSHM,13.1368,1646456100.0
0.46148,32.0,35.0,BSHM,13.4471,1646456400.0
0.457192,32.0,35.0,BSHM,13.7686,1646456700.0
0.439505,32.0,35.0,BSHM,14.1179,1646457000.0
0.397169,32.0,35.0,BSHM,14.6382,1646457300.0
0.374955,32.0,35.0,BSHM,15.0183,1646457600.0
0.386271,32.0,35.0,BSHM,15.4043,1646457900.0
0.387056,32.0,35.0,BSHM,15.6839,1646458200.0
0.40545,32.0,35.0,BSHM,16.0539,1646458500.0
0.461111,32.0,35.0,BSHM,16.4552,1646458800.0
0.426806,32.0,35.0,BSHM,16.776,1646459100.0
0.484533,32.0,35.0,BSHM,17.4363,1646459400.0
0.610942,32.0,35.0,BSHM,18.3373,1646459700.0
0.671702,32.0,35.0,BSHM,18.6255,1646460000.0
0.625932,32.0,35.0,BSHM,18.8595,1646460300.0
0.735135,32.0,35.0,BSHM,19.0482,1646460600.0
0.640797,32.0,35.0,BSHM,19.4436,1646460900.0
0.483362,32.0,35.0,BSHM,19.9809,1646461200.0
0.486639,32.0,35.0,BSHM,20.2686,1646461500.0
0.522789,32.0,35.0,BSHM,20.6132,1646461800.0
0.533963,32.0,35.0,BSHM,20.8977,1646462100.0
0.577896,32.0,35.0,BSHM,21.244,1646462400.0
0.489347,32.0,35.0,BSHM,21.7421,1646462700.0
0.46332,32.0,35.0,BSHM,21.3471,1646463000.0
0.584848,32.0,35.0,BSHM,22.4405,1646463300.0
0.583275,32.0,35.0,BSHM,22.7863,1646463600.0
0.652226,32.0,35.0,BSHM,23.6507,1646463900.0
0.58338,32.0,35.0,BSHM,24.125,1646464200.0
0.493731,32.0,35.0,BSHM,24.6128,1646464500.0
0.435025,32.0,35.0,BSHM,25.2781,1646464800.0
0.460915,32.0,35.0,BSHM,25.4092,1646465100.0
0.435051,32.0,35.0,BSHM,26.0519,1646465400.0
0.461689,32.0,35.0,BSHM,26.4001,1646465700.0
0.532734,32.0,35.0,BSHM,26.4698,1646466000.0
0.651574,32.0,35.0,BSHM,27.0075,1646466300.0
0.651475,32.0,35.0,BSHM,27.2479,1646466600.0
0.752649,32.0,35.0,BSHM,27.5737,1646466900.0
1.30251,32.0,35.0,BSHM,27.2128,1646467200.0
4.00819,32.0,35.0,BSHM,29.0503,1646469000.0
2.79805,32.0,35.0,BSHM,29.7473,1646469300.0
1.2669,32.0,35.0,BSHM,31.1932,1646469600.0
0.933361,32.0,35.0,BSHM,31.9788,1646469900.0
0.915869,32.0,35.0,BSHM,32.553,1646470200.0
1.29227,32.0,35.0,BSHM,33.3124,1646470500.0
1.4074,32.0,35.0,BSHM,33.7232,1646470800.0
1.3105,32.0,35.0,BSHM,32.762,1646473200.0
0.922557,32.0,35.0,BSHM,32.7359,1646473500.0
0.923339,32.0,35.0,BSHM,32.3946,1646473800.0
1.31315,32.0,35.0,BSHM,32.8773,1646474100.0
1.30764,32.0,35.0,BSHM,32.5606,1646474400.0
1.72611,32.0,35.0,BSHM,31.3298,1646477400.0
1.07293,32.0,35.0,BSHM,31.0959,1646477700.0
0.843359,32.0,35.0,BSHM,30.8551,1646478000.0
0.789477,32.0,35.0,BSHM,30.726,1646478300.0
0.590407,32.0,35.0,BSHM,30.5916,1646478600.0
0.514201,32.0,35.0,BSHM,30.006,1646478900.0
0.542162,32.0,35.0,BSHM,29.7974,1646479200.0
0.51455,32.0,35.0,BSHM,29.7505,1646479500.0
0.524639,32.0,35.0,BSHM,29.8923,1646479800.0
0.56634,32.0,35.0,BSHM,29.9356,1646480100.0
0.608527,32.0,35.0,BSHM,29.9964,1646480400.0
0.779839,32.0,35.0,BSHM,29.5328,1646480700.0
0.953291,32.0,35.0,BSHM,29.7856,1646481000.0
1.1017,32.0,35.0,BSHM,30.1501,1646481300.0
1.19293,32.0,35.0,BSHM,30.9658,1646481600.0
0.662329,32.0,35.0,BSHM,30.4138,1646481900.0
0.599801,32.0,35.0,BSHM,29.7147,1646482200.0
0.554596,32.0,35.0,BSHM,29.2445,1646482500.0
0.500968,32.0,35.0,BSHM,28.5732,1646482800.0
0.452768,32.0,35.0,BSHM,28.1137,1646483100.0
0.463717,32.0,35.0,BSHM,27.6707,1646483400.0
0.43178,32.0,35.0,BSHM,27.284,1646483700.0
0.476088,32.0,35.0,BSHM,27.1074,1646484000.0
0.478299,32.0,35.0,BSHM,26.6083,1646484300.0
0.505996,32.0,35.0,BSHM,26.0641,1646484600.0
0.538609,32.0,35.0,BSHM,25.6382,1646484900.0
0.486816,32.0,35.0,BSHM,25.678,1646485200.0
0.504688,32.0,35.0,BSHM,24.8187,1646485500.0
0.577116,32.0,35.0,BSHM,24.5643,1646485800.0
0.589857,32.0,35.0,BSHM,24.1737,1646486100.0
0.67902,32.0,35.0,BSHM,22.9288,1646486400.0
0.673593,32.0,35.0,BSHM,22.1068,1646486700.0
0.815569,32.0,35.0,BSHM,21.5262,1646487000.0
0.755699,32.0,35.0,BSHM,22.4042,1646487300.0
0.865202,32.0,35.0,BSHM,23.2335,1646487600.0
1.0413,32.0,35.0,BSHM,23.3974,1646487900.0
0.838205,32.0,35.0,BSHM,22.8515,1646488200.0
0.748496,32.0,35.0,BSHM,22.7359,1646488500.0
0.80811,32.0,35.0,BSHM,22.677,1646488800.0
0.734995,32.0,35.0,BSHM,22.8693,1646489100.0
0.641777,32.0,35.0,BSHM,22.8094,1646489400.0
0.618064,32.0,35.0,BSHM,22.4754,1646489700.0
0.587165,32.0,35.0,BSHM,22.8305,1646490000.0
0.53654,32.0,35.0,BSHM,22.7012,1646490300.0
0.615879,32.0,35.0,BSHM,22.5467,1646490600.0
0.559679,32.0,35.0,BSHM,22.6002,1646490900.0
0.598122,32.0,35.0,BSHM,22.7309,1646491200.0
0.688581,32.0,35.0,BSHM,22.8156,1646491500.0
0.789672,32.0,35.0,BSHM,22.8729,1646491800.0
0.705525,32.0,35.0,BSHM,22.7146,1646492100.0
0.62187,32.0,35.0,BSHM,22.3475,1646492400.0
0.69639,32.0,35.0,BSHM,21.6493,1646492700.0
0.687537,32.0,35.0,BSHM,21.4028,1646493000.0
0.621797,32.0,35.0,BSHM,21.2031,1646493300.0
0.608637,32.0,35.0,BSHM,20.9054,1646493600.0
0.566505,32.0,35.0,BSHM,20.2419,1646493900.0
0.624289,32.0,35.0,BSHM,19.903,1646494200.0
0.706701,32.0,35.0,BSHM,19.9487,1646494500.0
0.676148,32.0,35.0,BSHM,18.3556,1646494800.0
0.687462,32.0,35.0,BSHM,18.0479,1646495100.0
1.56627,32.0,35.0,BSHM,19.8465,1646495400.0
1.09475,32.0,35.0,BSHM,14.3012,1646498100.0
1.02166,32.0,35.0,BSHM,13.9171,1646498400.0
0.824753,32.0,35.0,BSHM,13.368,1646498700.0
0.785985,32.0,35.0,BSHM,12.9626,1646499000.0
0.710857,32.0,35.0,BSHM,12.5111,1646499300.0
0.579835,32.0,35.0,BSHM,12.1858,1646499600.0
0.621783,32.0,35.0,BSHM,11.993,1646499900.0
0.570797,32.0,35.0,BSHM,11.7048,1646500200.0
0.520588,32.0,35.0,BSHM,11.4978,1646500500.0
0.568987,32.0,35.0,BSHM,11.352,1646500800.0
0.581609,32.0,35.0,BSHM,11.5746,1646501100.0
0.636527,32.0,35.0,BSHM,11.5288,1646501400.0
0.650341,32.0,35.0,BSHM,11.5898,1646501700.0
0.710955,32.0,35.0,BSHM,11.4488,1646502000.0
0.668151,32.0,35.0,BSHM,11.1385,1646502300.0
0.581834,32.0,35.0,BSHM,10.8911,1646502600.0
0.632698,32.0,35.0,BSHM,10.6414,1646502900.0
0.535026,32.0,35.0,BSHM,10.2502,1646503200.0
0.568974,32.0,35.0,BSHM,9.98488,1646503500.0
0.608761,32.0,35.0,BSHM,9.97557,1646503800.0
0.648526,32.0,35.0,BSHM,9.94493,1646504100.0
0.5569,32.0,35.0,BSHM,9.53344,1646504400.0
0.512797,32.0,35.0,BSHM,9.10933,1646504700.0
0.532352,32.0,35.0,BSHM,8.8493,1646505000.0
0.58345,32.0,35.0,BSHM,8.5359,1646505300.0
0.603636,32.0,35.0,BSHM,8.19387,1646505600.0
0.597977,32.0,35.0,BSHM,7.73204,1646505900.0
0.640835,32.0,35.0,BSHM,7.42952,1646506200.0
0.728419,32.0,35.0,BSHM,7.12056,1646506500.0
0.843137,32.0,35.0,BSHM,6.8446,1646506800.0
0.816438,32.0,35.0,BSHM,6.85336,1646507100.0
0.776918,32.0,35.0,BSHM,6.66935,1646507400.0
0.757053,32.0,35.0,BSHM,6.45286,1646507700.0
0.620275,32.0,35.0,BSHM,6.34379,1646508000.0
0.517147,32.0,35.0,BSHM,6.14954,1646508300.0
0.547549,32.0,35.0,BSHM,6.12042,1646508600.0
0.501087,32.0,35.0,BSHM,5.88271,1646508900.0
0.510455,32.0,35.0,BSHM,5.7572,1646509200.0
0.498636,32.0,35.0,BSHM,5.69191,1646509500.0
0.528501,32.0,35.0,BSHM,5.70221,1646509800.0
0.476774,32.0,35.0,BSHM,5.77146,1646510100.0
0.478857,32.0,35.0,BSHM,5.96215,1646510400.0
0.545417,32.0,35.0,BSHM,6.07973,1646510700.0
0.586445,32.0,35.0,BSHM,6.03683,1646511000.0
0.629622,32.0,35.0,BSHM,5.95389,1646511300.0
0.662114,32.0,35.0,BSHM,5.97816,1646511600.0
0.644678,32.0,35.0,BSHM,5.90103,1646511900.0
0.625134,32.0,35.0,BSHM,5.74724,1646512200.0
0.608847,32.0,35.0,BSHM,5.49223,1646512500.0
0.552265,32.0,35.0,BSHM,5.28763,1646512800.0
0.60445,32.0,35.0,BSHM,5.09945,1646513100.0
0.584141,32.0,35.0,BSHM,5.15603,1646513400.0
0.545727,32.0,35.0,BSHM,5.24438,1646513700.0
0.585698,32.0,35.0,BSHM,5.37395,1646514000.0
0.447274,32.0,35.0,BSHM,5.34394,1646514300.0
0.452028,32.0,35.0,BSHM,5.35482,1646514600.0
0.407489,32.0,35.0,BSHM,5.48268,1646514900.0
0.397171,32.0,35.0,BSHM,5.39828,1646515200.0
0.412601,32.0,35.0,BSHM,5.58165,1646515500.0
0.447758,32.0,35.0,BSHM,5.63519,1646515800.0
0.479107,32.0,35.0,BSHM,5.97012,1646516100.0
0.591873,32.0,35.0,BSHM,6.35553,1646516400.0
0.596006,32.0,35.0,BSHM,6.58174,1646516700.0
0.678605,32.0,35.0,BSHM,6.56719,1646517000.0
0.670098,32.0,35.0,BSHM,6.64464,1646517300.0
0.941832,32.0,35.0,BSHM,6.37012,1646517600.0
1.31818,32.0,35.0,BSHM,6.0101,1646517900.0
1.01822,32.0,35.0,BSHM,5.75041,1646518200.0
1.45824,32.0,35.0,BSHM,5.51331,1646518500.0
0.813219,32.0,35.0,BSHM,5.98394,1646518800.0
0.808479,32.0,35.0,BSHM,5.99705,1646519100.0
0.978449,32.0,35.0,BSHM,6.33285,1646519400.0
0.754211,32.0,35.0,BSHM,6.83399,1646519700.0
0.653495,32.0,35.0,BSHM,6.81004,1646520000.0
0.753873,32.0,35.0,BSHM,6.98529,1646520300.0
0.534208,32.0,35.0,BSHM,7.18116,1646520600.0
0.494634,32.0,35.0,BSHM,7.29391,1646520900.0
0.533948,32.0,35.0,BSHM,7.38817,1646521200.0
0.493831,32.0,35.0,BSHM,7.19987,1646521500.0
0.493947,32.0,35.0,BSHM,7.51732,1646521800.0
0.473424,32.0,35.0,BSHM,7.28922,1646522100.0
0.465348,32.0,35.0,BSHM,7.2413,1646522400.0
0.537806,32.0,35.0,BSHM,6.71261,1646522700.0
0.594372,32.0,35.0,BSHM,6.47983,1646523000.0
0.772369,32.0,35.0,BSHM,7.0734,1646523300.0
0.940553,32.0,35.0,BSHM,6.89001,1646523600.0
0.933282,32.0,35.0,BSHM,8.11158,1646523900.0
0.757864,32.0,35.0,BSHM,8.18175,1646524200.0
0.757319,32.0,35.0,BSHM,8.29734,1646524500.0
1.39543,35.0,33.0,NICO,7.57043,1646438700.0
1.33379,35.0,33.0,NICO,7.50546,1646439000.0
0.941457,35.0,33.0,NICO,7.17302,1646439300.0
0.760543,35.0,33.0,NICO,6.86275,1646439600.0
0.599718,35.0,33.0,NICO,6.58654,1646439900.0
0.673469,35.0,33.0,NICO,6.39232,1646440200.0
0.93929,35.0,33.0,NICO,6.16777,1646440500.0
1.32143,35.0,33.0,NICO,5.9728,1646440800.0
1.36697,35.0,33.0,NICO,5.85403,1646441100.0
1.3037,35.0,33.0,NICO,5.98817,1646441400.0
1.30631,35.0,33.0,NICO,5.92612,1646441700.0
1.30573,35.0,33.0,NICO,4.75364,1646445000.0
0.923094,35.0,33.0,NICO,4.97304,1646445300.0
1.32817,35.0,33.0,NICO,4.57474,1646445600.0
0.823619,35.0,33.0,NICO,4.15669,1646445900.0
0.569839,35.0,33.0,NICO,4.21693,1646446200.0
0.510068,35.0,33.0,NICO,4.1285,1646446500.0
0.6001,35.0,33.0,NICO,3.9612,1646446800.0
0.710571,35.0,33.0,NICO,3.84564,1646447100.0
0.962676,35.0,33.0,NICO,3.92915,1646447400.0
1.30175,35.0,33.0,NICO,4.61024,1646448600.0
1.30611,35.0,33.0,NICO,4.71744,1646448900.0
1.4567,35.0,33.0,NICO,3.72542,1646451900.0
0.777332,35.0,33.0,NICO,4.02831,1646452200.0
0.488126,35.0,33.0,NICO,4.48956,1646452500.0
0.48227,35.0,33.0,NICO,4.91682,1646452800.0
0.508085,35.0,33.0,NICO,5.75212,1646453100.0
0.668602,35.0,33.0,NICO,6.48599,1646453400.0
0.995658,35.0,33.0,NICO,6.67115,1646453700.0
1.31119,35.0,33.0,NICO,10.2424,1646454900.0
1.32078,35.0,33.0,NICO,10.4779,1646455200.0
1.41392,35.0,33.0,NICO,14.3346,1646458200.0
0.569865,35.0,33.0,NICO,14.4466,1646458500.0
0.518587,35.0,33.0,NICO,14.8868,1646458800.0
0.557004,35.0,33.0,NICO,15.2981,1646459100.0
0.61159,35.0,33.0,NICO,15.6543,1646459400.0
0.826352,35.0,33.0,NICO,16.0548,1646459700.0
1.51717,35.0,33.0,NICO,16.3989,1646460000.0
4.80476,35.0,33.0,NICO,14.9904,1646463000.0
0.899254,35.0,33.0,NICO,18.0324,1646463300.0
0.759502,35.0,33.0,NICO,18.5266,1646463600.0
0.868309,35.0,33.0,NICO,19.149,1646463900.0
0.986065,35.0,33.0,NICO,19.9725,1646464200.0
1.28709,35.0,33.0,NICO,21.9492,1646464500.0
1.31162,35.0,33.0,NICO,22.1401,1646464800.0
1.30557,35.0,33.0,NICO,25.1933,1646466300.0
1.30421,35.0,33.0,NICO,25.3202,1646466600.0
1.30544,35.0,33.0,NICO,20.1902,1646466900.0
1.30134,35.0,33.0,NICO,25.6451,1646469300.0
1.30137,35.0,33.0,NICO,26.1796,1646469600.0
1.30788,35.0,33.0,NICO,26.2761,1646470200.0
1.32374,35.0,33.0,NICO,26.2851,1646470500.0
0.945616,35.0,33.0,NICO,27.633,1646473500.0
0.894939,35.0,33.0,NICO,27.6323,1646473800.0
1.26705,35.0,33.0,NICO,28.057,1646474100.0
0.898662,35.0,33.0,NICO,29.8167,1646474400.0
0.600967,35.0,33.0,NICO,30.3205,1646474700.0
0.477149,35.0,33.0,NICO,30.7207,1646475000.0
0.455539,35.0,33.0,NICO,30.7596,1646475300.0
0.611557,35.0,33.0,NICO,30.7536,1646475600.0
0.678419,35.0,33.0,NICO,30.8264,1646475900.0
0.810804,35.0,33.0,NICO,30.8694,1646476200.0
1.38429,35.0,33.0,NICO,32.0004,1646477400.0
1.31125,35.0,33.0,NICO,31.6658,1646477700.0
1.31214,35.0,33.0,NICO,30.8163,1646478000.0
1.3059,35.0,33.0,NICO,25.1091,1646479500.0
1.31155,35.0,33.0,NICO,24.5486,1646479800.0
1.3022,35.0,33.0,NICO,26.7336,1646481300.0
1.30176,35.0,33.0,NICO,25.8775,1646481600.0
0.810725,35.0,33.0,NICO,23.3126,1646483700.0
0.782123,35.0,33.0,NICO,23.3043,1646484000.0
0.728171,35.0,33.0,NICO,23.1572,1646484300.0
0.78855,35.0,33.0,NICO,22.9299,1646484600.0
0.829746,35.0,33.0,NICO,22.8268,1646484900.0
1.30237,35.0,33.0,NICO,23.3766,1646486100.0
1.30233,35.0,33.0,NICO,23.1363,1646486400.0
1.30347,35.0,33.0,NICO,23.308,1646486700.0
0.705108,35.0,33.0,NICO,21.5907,1646487000.0
0.55556,35.0,33.0,NICO,20.5346,1646487300.0
0.504767,35.0,33.0,NICO,20.582,1646487600.0
0.534208,35.0,33.0,NICO,20.3803,1646487900.0
0.622091,35.0,33.0,NICO,20.6962,1646488200.0
0.949975,35.0,33.0,NICO,21.4216,1646488500.0
1.30374,35.0,33.0,NICO,23.1775,1646488800.0
1.30355,35.0,33.0,NICO,23.2381,1646489100.0
1.30159,35.0,33.0,NICO,21.8641,1646493300.0
1.30168,35.0,33.0,NICO,21.7081,1646493600.0
1.84478,35.0,33.0,NICO,17.8332,1646495700.0
1.36759,35.0,33.0,NICO,17.5167,1646496000.0
0.962561,35.0,33.0,NICO,16.7022,1646496300.0
0.595894,35.0,33.0,NICO,15.2303,1646496600.0
0.513341,35.0,33.0,NICO,15.4416,1646496900.0
0.576797,35.0,33.0,NICO,15.0036,1646497200.0
0.764589,35.0,33.0,NICO,14.2107,1646497500.0
0.699661,35.0,33.0,NICO,13.5729,1646497800.0
0.948706,35.0,33.0,NICO,13.0973,1646498100.0
1.30644,35.0,33.0,NICO,11.2299,1646502000.0
1.3066,35.0,33.0,NICO,10.9609,1646502300.0
0.924235,35.0,33.0,NICO,10.8508,1646502900.0
1.31158,35.0,33.0,NICO,11.0931,1646503200.0
1.32049,35.0,33.0,NICO,6.24087,1646504700.0
0.757556,35.0,33.0,NICO,6.06744,1646505000.0
0.587527,35.0,33.0,NICO,6.25528,1646505300.0
0.58956,35.0,33.0,NICO,6.06641,1646505600.0
0.757842,35.0,33.0,NICO,5.56196,1646505900.0
1.30979,35.0,33.0,NICO,5.35184,1646506200.0
1.30383,35.0,33.0,NICO,7.27776,1646506500.0
1.30364,35.0,33.0,NICO,7.19948,1646506800.0
0.756534,35.0,33.0,NICO,3.82223,1646509500.0
0.545483,35.0,33.0,NICO,3.74505,1646509800.0
0.534631,35.0,33.0,NICO,3.64647,1646510100.0
0.538165,35.0,33.0,NICO,3.86075,1646510400.0
0.563615,35.0,33.0,NICO,3.84047,1646510700.0
0.923362,35.0,33.0,NICO,3.66097,1646511000.0
1.33107,35.0,33.0,NICO,3.66575,1646511300.0
0.753665,35.0,33.0,NICO,4.12114,1646514000.0
0.654058,35.0,33.0,NICO,4.24648,1646514300.0
0.586688,35.0,33.0,NICO,4.30425,1646514600.0
0.754182,35.0,33.0,NICO,4.39818,1646514900.0
0.756314,35.0,33.0,NICO,4.46702,1646515200.0
0.761337,35.0,33.0,NICO,4.29596,1646515800.0
0.533414,35.0,33.0,NICO,4.34524,1646516100.0
0.476754,35.0,33.0,NICO,4.51194,1646516400.0
0.503964,35.0,33.0,NICO,4.64104,1646516700.0
0.550397,35.0,33.0,NICO,4.73551,1646517000.0
0.754911,35.0,33.0,NICO,4.86934,1646517300.0
0.922878,35.0,33.0,NICO,5.32025,1646517600.0
0.765804,35.0,33.0,NICO,5.29411,1646517900.0
0.652645,35.0,33.0,NICO,5.17381,1646518200.0
0.653319,35.0,33.0,NICO,5.40689,1646518500.0
0.583766,35.0,33.0,NICO,5.54338,1646518800.0
0.653877,35.0,33.0,NICO,5.691,1646519100.0
0.755353,35.0,33.0,NICO,5.84445,1646519400.0
1.30263,35.0,33.0,NICO,5.2205,1646520600.0
1.30248,35.0,33.0,NICO,5.22264,1646520900.0
1.07647,35.0,33.0,NICO,6.90229,1646522100.0
0.78903,35.0,33.0,NICO,7.10752,1646522400.0
0.792617,35.0,33.0,NICO,7.25235,1646522700.0
0.924844,35.0,33.0,NICO,6.24701,1646523000.0
0.922915,35.0,33.0,NICO,6.29342,1646523300.0
0.75346,35.0,33.0,NICO,6.31607,1646523600.0
0.921647,35.0,33.0,NICO,5.97289,1646523900.0
1.30409,35.0,33.0,NICO,5.76625,1646524200.0
1.32154,40.0,44.0,ARUC,14.5706,1646524800.0
1.32322,40.0,44.0,ARUC,14.519,1646525100.0
0.931858,40.0,44.0,ARUC,11.203,1646525400.0
0.927779,40.0,44.0,ARUC,11.1975,1646525700.0
0.943091,40.0,44.0,ARUC,11.1711,1646526000.0
1.30211,40.0,44.0,ARUC,8.71415,1646526300.0
1.30229,40.0,44.0,ARUC,8.85591,1646526600.0
0.759108,40.0,44.0,ARUC,8.5862,1646526900.0
1.3051,40.0,44.0,ARUC,8.63087,1646527200.0
1.30329,40.0,44.0,ARUC,6.53831,1646528400.0
1.30271,40.0,44.0,ARUC,6.50633,1646528700.0
1.30288,40.0,44.0,ARUC,6.41749,1646529000.0
1.30308,40.0,44.0,ARUC,6.31269,1646529300.0
0.656023,40.0,44.0,ARUC,4.80674,1646529600.0
0.362852,40.0,44.0,ARUC,4.72784,1646529900.0
0.93577,40.0,44.0,ARUC,5.38687,1646530200.0
1.30285,40.0,44.0,ARUC,5.90351,1646530500.0
1.31823,40.0,44.0,ARUC,5.84801,1646530800.0
1.30655,40.0,44.0,ARUC,5.37182,1646531100.0
1.30327,40.0,44.0,ARUC,5.36076,1646531400.0
0.7632,40.0,44.0,ARUC,3.65945,1646534700.0
1.30139,40.0,44.0,ARUC,6.62032,1646535600.0
1.31078,40.0,44.0,ARUC,7.5219,1646536500.0
0.922605,40.0,44.0,ARUC,9.08408,1646536800.0
0.92108,40.0,44.0,ARUC,8.96237,1646537100.0
0.920819,40.0,44.0,ARUC,9.13564,1646537400.0
0.921851,40.0,44.0,ARUC,9.51417,1646537700.0
0.922647,40.0,44.0,ARUC,9.96332,1646538000.0
0.754652,40.0,44.0,ARUC,10.6731,1646538300.0
0.75181,40.0,44.0,ARUC,10.9701,1646538600.0
0.752182,40.0,44.0,ARUC,11.3497,1646538900.0
0.92086,40.0,44.0,ARUC,11.5086,1646539200.0
0.92083,40.0,44.0,ARUC,11.9674,1646539500.0
0.763364,40.0,44.0,ARUC,12.19,1646539800.0
0.537513,40.0,44.0,ARUC,10.2874,1646540100.0
0.465502,40.0,44.0,ARUC,10.5488,1646540400.0
0.921742,40.0,44.0,ARUC,14.557,1646540700.0
0.921223,40.0,44.0,ARUC,14.9315,1646541000.0
0.924111,40.0,44.0,ARUC,15.201,1646541300.0
0.921861,40.0,44.0,ARUC,15.848,1646542500.0
1.30164,40.0,44.0,ARUC,18.0086,1646542800.0
1.30158,40.0,44.0,ARUC,18.3822,1646543100.0
0.494591,40.0,44.0,ARUC,16.4979,1646544300.0
0.496305,40.0,44.0,ARUC,16.4405,1646544600.0
1.30102,40.0,44.0,ARUC,18.1595,1646546100.0
1.30096,40.0,44.0,ARUC,18.4628,1646546400.0
1.30106,40.0,44.0,ARUC,18.7655,1646546700.0
1.31378,40.0,44.0,ARUC,18.6366,1646547000.0
1.30313,40.0,44.0,ARUC,19.0142,1646547300.0
0.922696,40.0,44.0,ARUC,20.5643,1646547600.0
1.30108,40.0,44.0,ARUC,22.159,1646547900.0
0.651818,40.0,44.0,ARUC,21.238,1646548500.0
0.582895,40.0,44.0,ARUC,20.2969,1646548800.0
0.930499,40.0,44.0,ARUC,19.8375,1646549100.0
1.30256,40.0,44.0,ARUC,22.2688,1646551200.0
1.302,40.0,44.0,ARUC,21.7509,1646551500.0
0.921459,40.0,44.0,ARUC,20.8555,1646551800.0
0.655247,40.0,44.0,ARUC,20.3672,1646552100.0
0.65517,40.0,44.0,ARUC,20.4232,1646552400.0
0.921655,40.0,44.0,ARUC,20.4203,1646552700.0
0.667911,40.0,44.0,ARUC,20.6225,1646553000.0
0.926724,40.0,44.0,ARUC,21.2011,1646553300.0
1.31911,40.0,44.0,ARUC,21.9138,1646553600.0
1.31747,40.0,44.0,ARUC,22.532,1646553900.0
0.952938,40.0,44.0,ARUC,23.719,1646554200.0
1.31605,40.0,44.0,ARUC,23.4781,1646554500.0
1.3174,40.0,44.0,ARUC,23.9934,1646554800.0
1.31897,40.0,44.0,ARUC,24.5362,1646555100.0
1.30529,40.0,44.0,ARUC,23.4125,1646555400.0
1.30913,40.0,44.0,ARUC,23.4289,1646555700.0
1.31045,40.0,44.0,ARUC,24.7262,1646556600.0
0.753106,40.0,44.0,ARUC,24.1377,1646556900.0
0.754042,40.0,44.0,ARUC,24.6467,1646557200.0
0.753642,40.0,44.0,ARUC,25.212,1646557500.0
0.755234,40.0,44.0,ARUC,25.5702,1646557800.0
1.32576,40.0,44.0,ARUC,26.7371,1646558100.0
1.30502,40.0,44.0,ARUC,25.3952,1646559900.0
1.30302,40.0,44.0,ARUC,23.9225,1646561400.0
1.30282,40.0,44.0,ARUC,23.8113,1646561700.0
1.31813,40.0,44.0,ARUC,21.7608,1646563500.0
1.31228,40.0,44.0,ARUC,21.6987,1646563800.0
1.31349,40.0,44.0,ARUC,21.6921,1646564100.0
1.3149,40.0,44.0,ARUC,21.5122,1646564400.0
0.757389,40.0,44.0,ARUC,21.0494,1646564700.0
0.46206,40.0,44.0,ARUC,20.4785,1646565000.0
0.925117,40.0,44.0,ARUC,21.1105,1646565300.0
0.927315,40.0,44.0,ARUC,20.912,1646565600.0
1.30476,40.0,44.0,ARUC,20.2161,1646565900.0
1.3302,40.0,44.0,ARUC,20.0581,1646566200.0
1.30266,40.0,44.0,ARUC,17.5829,1646570100.0
1.30251,40.0,44.0,ARUC,17.5815,1646570400.0
1.30238,40.0,44.0,ARUC,17.5412,1646570700.0
1.30251,40.0,44.0,ARUC,17.4923,1646571000.0
0.936298,40.0,44.0,ARUC,17.778,1646571300.0
0.925017,40.0,44.0,ARUC,17.848,1646571600.0
0.462084,40.0,44.0,ARUC,17.7034,1646571900.0
0.39337,40.0,44.0,ARUC,17.7131,1646572200.0
0.920711,40.0,44.0,ARUC,18.5301,1646572500.0
0.920677,40.0,44.0,ARUC,18.4626,1646572800.0
0.756166,40.0,44.0,ARUC,18.5277,1646573100.0
1.3024,40.0,44.0,ARUC,18.6155,1646573400.0
0.922028,40.0,44.0,ARUC,19.5026,1646573700.0
1.30286,40.0,44.0,ARUC,18.6879,1646574000.0
1.30275,40.0,44.0,ARUC,18.7554,1646574300.0
1.30465,40.0,44.0,ARUC,19.0261,1646575200.0
1.30321,40.0,44.0,ARUC,19.0013,1646575500.0
1.30124,40.0,44.0,ARUC,19.402,1646577000.0
1.30128,40.0,44.0,ARUC,19.1426,1646577300.0
0.921897,40.0,44.0,ARUC,12.8807,1646580000.0
0.921481,40.0,44.0,ARUC,12.6236,1646580300.0
1.30235,40.0,44.0,ARUC,13.8716,1646580600.0
1.30227,40.0,44.0,ARUC,13.3985,1646580900.0
1.30231,40.0,44.0,ARUC,12.9562,1646581200.0
0.461681,40.0,44.0,ARUC,10.9511,1646581500.0
0.394135,40.0,44.0,ARUC,10.5555,1646581800.0
1.30483,40.0,44.0,ARUC,11.6132,1646582100.0
1.30454,40.0,44.0,ARUC,11.1476,1646582400.0
1.30431,40.0,44.0,ARUC,10.618,1646582700.0
1.3047,40.0,44.0,ARUC,10.3024,1646583000.0
0.922755,40.0,44.0,ARUC,10.936,1646583300.0
1.30526,40.0,44.0,ARUC,12.0362,1646583600.0
1.31044,40.0,44.0,ARUC,9.30235,1646584200.0
0.924158,40.0,44.0,ARUC,10.2105,1646584500.0
0.924464,40.0,44.0,ARUC,10.2544,1646584800.0
0.924735,40.0,44.0,ARUC,7.63621,1646585100.0
0.377235,40.0,44.0,ARUC,7.60718,1646585400.0
0.362916,40.0,44.0,ARUC,7.68283,1646585700.0
1.30612,40.0,44.0,ARUC,9.37939,1646586000.0
1.3058,40.0,44.0,ARUC,9.35813,1646586300.0
1.30575,40.0,44.0,ARUC,9.38013,1646586600.0
1.30674,40.0,44.0,ARUC,9.36976,1646586900.0
1.30374,40.0,44.0,ARUC,4.81751,1646589000.0
1.30603,40.0,44.0,ARUC,4.71978,1646589300.0
0.757682,40.0,44.0,ARUC,6.40101,1646589600.0
0.753628,40.0,44.0,ARUC,6.37003,1646589900.0
0.753779,40.0,44.0,ARUC,6.40861,1646590200.0
0.753575,40.0,44.0,ARUC,6.40054,1646590500.0
0.753433,40.0,44.0,ARUC,6.49791,1646590800.0
0.923584,40.0,44.0,ARUC,6.25566,1646591100.0
1.30195,40.0,44.0,ARUC,6.03361,1646591400.0
1.30185,40.0,44.0,ARUC,5.92054,1646591700.0
1.30192,40.0,44.0,ARUC,5.74942,1646592000.0
0.927369,40.0,44.0,ARUC,4.71647,1646592300.0
0.537188,40.0,44.0,ARUC,4.51378,1646592600.0
0.660774,40.0,44.0,ARUC,4.37906,1646592900.0
1.37315,40.0,44.0,ARUC,5.85793,1646593200.0
1.30779,40.0,44.0,ARUC,5.66814,1646593500.0
0.925517,40.0,44.0,ARUC,4.30422,1646593800.0
0.928116,40.0,44.0,ARUC,4.18303,1646594100.0
1.30837,40.0,44.0,ARUC,5.08932,1646594400.0
0.949878,40.0,44.0,ARUC,4.92406,1646594700.0
0.928883,40.0,44.0,ARUC,5.01658,1646595000.0
0.923563,40.0,44.0,ARUC,4.80811,1646595300.0
0.923926,40.0,44.0,ARUC,4.82279,1646595600.0
0.924731,40.0,44.0,ARUC,4.90785,1646595900.0
1.30956,40.0,44.0,ARUC,5.58315,1646596200.0
1.3103,40.0,44.0,ARUC,5.86895,1646596500.0
1.3124,40.0,44.0,ARUC,6.04959,1646596800.0
0.924652,40.0,44.0,ARUC,4.29468,1646598000.0
1.30995,40.0,44.0,ARUC,4.53077,1646598300.0
1.30934,40.0,44.0,ARUC,4.76122,1646598600.0
1.30883,40.0,44.0,ARUC,4.99685,1646598900.0
0.925444,40.0,44.0,ARUC,5.48819,1646599200.0
0.924462,40.0,44.0,ARUC,5.6427,1646599500.0
0.756612,40.0,44.0,ARUC,6.42985,1646599800.0
0.753,40.0,44.0,ARUC,5.80319,1646600100.0
0.752498,40.0,44.0,ARUC,5.85502,1646600400.0
0.753755,40.0,44.0,ARUC,5.86631,1646600700.0
0.801057,40.0,44.0,ARUC,4.68025,1646601000.0
0.551456,40.0,44.0,ARUC,4.16817,1646601300.0
1.30493,40.0,44.0,ARUC,3.85267,1646602200.0
1.3058,40.0,44.0,ARUC,3.81558,1646602500.0
0.921652,40.0,44.0,ARUC,6.34283,1646603700.0
0.92186,40.0,44.0,ARUC,6.35663,1646604000.0
1.30343,40.0,44.0,ARUC,5.21569,1646604300.0
1.30428,40.0,44.0,ARUC,5.13209,1646604600.0
1.30282,40.0,44.0,ARUC,7.47204,1646604900.0
1.30263,40.0,44.0,ARUC,7.63741,1646605200.0
1.30265,40.0,44.0,ARUC,7.73978,1646605500.0
1.30363,40.0,44.0,ARUC,7.72678,1646605800.0
1.31377,40.0,44.0,ARUC,3.65759,1646606100.0
1.39223,40.0,44.0,ARUC,5.05504,1646608200.0
1.30995,40.0,44.0,ARUC,5.18324,1646608500.0
1.31092,40.0,44.0,ARUC,5.31178,1646608800.0
1.31205,40.0,44.0,ARUC,5.39888,1646609100.0
0.942196,40.0,44.0,ARUC,5.35264,1646609400.0
0.468479,40.0,44.0,ARUC,4.63715,1646609700.0
0.402907,40.0,44.0,ARUC,4.47771,1646610000.0
0.466525,40.0,44.0,ARUC,3.95724,1646610300.0
0.659735,40.0,44.0,ARUC,3.80505,1646610600.0
0.775926,40.0,44.0,ARUC,3.97585,1646610900.0
0.753402,32.0,35.0,BSHM,6.81834,1646524800.0
0.753607,32.0,35.0,BSHM,6.96867,1646525100.0
0.754326,32.0,35.0,BSHM,7.06661,1646525400.0
0.922872,32.0,35.0,BSHM,7.32381,1646525700.0
0.755339,32.0,35.0,BSHM,6.53808,1646526000.0
1.308,32.0,35.0,BSHM,7.54579,1646526300.0
1.30369,32.0,35.0,BSHM,6.53851,1646526600.0
0.924193,32.0,35.0,BSHM,6.58903,1646526900.0
0.752514,32.0,35.0,BSHM,6.18047,1646527200.0
0.651524,32.0,35.0,BSHM,6.54161,1646527500.0
0.531771,32.0,35.0,BSHM,6.39544,1646527800.0
0.49417,32.0,35.0,BSHM,6.31463,1646528100.0
0.496786,32.0,35.0,BSHM,6.01183,1646528400.0
0.435226,32.0,35.0,BSHM,5.68286,1646528700.0
0.435761,32.0,35.0,BSHM,5.34712,1646529000.0
0.462286,32.0,35.0,BSHM,5.17047,1646529300.0
0.533746,32.0,35.0,BSHM,4.98639,1646529600.0
0.537858,32.0,35.0,BSHM,4.87829,1646529900.0
0.75279,32.0,35.0,BSHM,5.3349,1646530200.0
0.923141,32.0,35.0,BSHM,5.18285,1646530500.0
1.30695,32.0,35.0,BSHM,5.36266,1646530800.0
1.31808,32.0,35.0,BSHM,4.32703,1646531100.0
0.927794,32.0,35.0,BSHM,4.138,1646531400.0
0.756388,32.0,35.0,BSHM,4.06609,1646531700.0
0.662878,32.0,35.0,BSHM,3.99926,1646532000.0
0.6554,32.0,35.0,BSHM,3.92797,1646532300.0
0.585595,32.0,35.0,BSHM,3.66461,1646532600.0
0.587429,32.0,35.0,BSHM,3.59812,1646532900.0
0.657124,32.0,35.0,BSHM,3.65087,1646533200.0
0.668482,32.0,35.0,BSHM,3.48547,1646533500.0
0.931801,32.0,35.0,BSHM,3.36129,1646533800.0
1.31897,32.0,35.0,BSHM,2.7161,1646534700.0
0.926759,32.0,35.0,BSHM,2.64245,1646535000.0
0.662684,32.0,35.0,BSHM,2.7181,1646535300.0
0.760157,32.0,35.0,BSHM,2.79791,1646535600.0
0.6602,32.0,35.0,BSHM,2.90875,1646535900.0
0.50175,32.0,35.0,BSHM,3.23884,1646536200.0
0.49688,32.0,35.0,BSHM,3.35055,1646536500.0
0.494402,32.0,35.0,BSHM,3.53981,1646536800.0
0.49412,32.0,35.0,BSHM,3.71839,1646537100.0
0.462204,32.0,35.0,BSHM,3.90064,1646537400.0
0.461371,32.0,35.0,BSHM,4.1732,1646537700.0
0.462219,32.0,35.0,BSHM,4.50519,1646538000.0
0.461555,32.0,35.0,BSHM,4.10954,1646538300.0
0.531515,32.0,35.0,BSHM,5.48705,1646538600.0
0.55285,32.0,35.0,BSHM,6.46381,1646538900.0
0.560617,32.0,35.0,BSHM,7.6507,1646539200.0
0.561484,32.0,35.0,BSHM,8.88903,1646539500.0
0.607683,32.0,35.0,BSHM,9.89465,1646539800.0
0.626549,32.0,35.0,BSHM,11.0795,1646540100.0
0.705348,32.0,35.0,BSHM,12.2248,1646540400.0
0.716355,32.0,35.0,BSHM,12.7421,1646540700.0
0.700397,32.0,35.0,BSHM,13.1599,1646541000.0
0.553165,32.0,35.0,BSHM,12.4643,1646541300.0
0.607193,32.0,35.0,BSHM,12.7318,1646541600.0
0.659955,32.0,35.0,BSHM,13.1903,1646541900.0
0.538464,32.0,35.0,BSHM,13.7768,1646542200.0
0.497746,32.0,35.0,BSHM,14.4215,1646542500.0
0.4396,32.0,35.0,BSHM,14.8977,1646542800.0
0.437777,32.0,35.0,BSHM,15.4741,1646543100.0
0.381132,32.0,35.0,BSHM,16.2013,1646543400.0
0.364974,32.0,35.0,BSHM,16.7838,1646543700.0
0.384414,32.0,35.0,BSHM,17.4263,1646544000.0
0.398461,32.0,35.0,BSHM,17.6383,1646544300.0
0.398496,32.0,35.0,BSHM,17.9971,1646544600.0
0.441872,32.0,35.0,BSHM,18.1376,1646544900.0
0.44102,32.0,35.0,BSHM,18.4974,1646545200.0
0.592426,32.0,35.0,BSHM,19.2209,1646545500.0
0.594544,32.0,35.0,BSHM,19.7711,1646545800.0
0.653034,32.0,35.0,BSHM,19.6474,1646546100.0
0.583826,32.0,35.0,BSHM,19.6276,1646546400.0
0.58364,32.0,35.0,BSHM,20.0742,1646546700.0
0.493646,32.0,35.0,BSHM,20.4707,1646547000.0
0.435895,32.0,35.0,BSHM,20.7424,1646547300.0
0.435016,32.0,35.0,BSHM,21.068,1646547600.0
0.461042,32.0,35.0,BSHM,21.2341,1646547900.0
0.461222,32.0,35.0,BSHM,21.2703,1646548200.0
0.492938,32.0,35.0,BSHM,21.3822,1646548500.0
0.461319,32.0,35.0,BSHM,21.1436,1646548800.0
0.493138,32.0,35.0,BSHM,20.2339,1646549100.0
0.652978,32.0,35.0,BSHM,19.889,1646549400.0
0.582902,32.0,35.0,BSHM,20.6866,1646549700.0
0.583094,32.0,35.0,BSHM,20.4491,1646550000.0
0.582659,32.0,35.0,BSHM,20.5132,1646550300.0
0.582708,32.0,35.0,BSHM,20.7342,1646550600.0
0.461233,32.0,35.0,BSHM,20.9626,1646550900.0
0.460606,32.0,35.0,BSHM,21.0559,1646551200.0
0.460733,32.0,35.0,BSHM,21.0417,1646551500.0
0.460516,32.0,35.0,BSHM,21.15,1646551800.0
0.531799,32.0,35.0,BSHM,21.2391,1646552100.0
0.582066,32.0,35.0,BSHM,21.4248,1646552400.0
0.582012,32.0,35.0,BSHM,21.3623,1646552700.0
0.582391,32.0,35.0,BSHM,21.2801,1646553000.0
0.752789,32.0,35.0,BSHM,21.4351,1646553300.0
1.30145,32.0,35.0,BSHM,21.5468,1646553600.0
1.30224,32.0,35.0,BSHM,21.5735,1646553900.0
1.3015,32.0,35.0,BSHM,23.6397,1646554200.0
1.30466,32.0,35.0,BSHM,25.3003,1646555700.0
0.923204,32.0,35.0,BSHM,25.8654,1646556000.0
0.92139,32.0,35.0,BSHM,26.2283,1646556300.0
1.30275,32.0,35.0,BSHM,26.7046,1646556600.0
1.30445,32.0,35.0,BSHM,27.0415,1646556900.0
0.768353,32.0,35.0,BSHM,26.6874,1646557200.0
0.927901,32.0,35.0,BSHM,26.3894,1646557500.0
0.928601,32.0,35.0,BSHM,26.5692,1646557800.0
0.927875,32.0,35.0,BSHM,26.8414,1646558100.0
0.927283,32.0,35.0,BSHM,27.1833,1646558400.0
1.31018,32.0,35.0,BSHM,27.5662,1646558700.0
1.31026,32.0,35.0,BSHM,27.0419,1646559300.0
1.30307,32.0,35.0,BSHM,27.094,1646559600.0
0.921346,32.0,35.0,BSHM,27.7635,1646559900.0
1.32733,32.0,35.0,BSHM,27.6392,1646560200.0
1.30997,32.0,35.0,BSHM,27.4626,1646560500.0
1.30702,32.0,35.0,BSHM,26.5534,1646561100.0
1.32122,32.0,35.0,BSHM,26.6623,1646561400.0
1.30558,32.0,35.0,BSHM,22.6962,1646565000.0
0.788093,32.0,35.0,BSHM,23.1163,1646565300.0
0.679828,32.0,35.0,BSHM,23.0496,1646565600.0
0.628862,32.0,35.0,BSHM,23.0342,1646565900.0
0.615685,32.0,35.0,BSHM,23.0214,1646566200.0
0.612065,32.0,35.0,BSHM,22.8694,1646566500.0
0.617041,32.0,35.0,BSHM,22.7091,1646566800.0
0.984126,32.0,35.0,BSHM,23.619,1646567100.0
0.795955,32.0,35.0,BSHM,23.631,1646567400.0
1.39193,32.0,35.0,BSHM,23.7019,1646567700.0
0.9721,32.0,35.0,BSHM,22.265,1646568000.0
0.688584,32.0,35.0,BSHM,21.9947,1646568300.0
0.610426,32.0,35.0,BSHM,21.7951,1646568600.0
0.547773,32.0,35.0,BSHM,21.3866,1646568900.0
0.505088,32.0,35.0,BSHM,21.0974,1646569200.0
0.506195,32.0,35.0,BSHM,20.8994,1646569500.0
0.479402,32.0,35.0,BSHM,20.6834,1646569800.0
0.47705,32.0,35.0,BSHM,20.3827,1646570100.0
0.471791,32.0,35.0,BSHM,20.2991,1646570400.0
0.458804,32.0,35.0,BSHM,20.2974,1646570700.0
0.477575,32.0,35.0,BSHM,20.3795,1646571000.0
0.428424,32.0,35.0,BSHM,20.202,1646571300.0
0.446279,32.0,35.0,BSHM,19.9956,1646571600.0
0.508925,32.0,35.0,BSHM,19.7966,1646571900.0
0.511576,32.0,35.0,BSHM,19.5951,1646572200.0
0.470858,32.0,35.0,BSHM,19.4463,1646572500.0
0.465064,32.0,35.0,BSHM,19.5737,1646572800.0
0.46056,32.0,35.0,BSHM,19.6799,1646573100.0
0.44318,32.0,35.0,BSHM,19.5855,1646573400.0
0.490123,32.0,35.0,BSHM,19.5521,1646573700.0
0.461584,32.0,35.0,BSHM,19.3923,1646574000.0
0.479013,32.0,35.0,BSHM,19.5192,1646574300.0
0.503954,32.0,35.0,BSHM,19.4644,1646574600.0
0.550038,32.0,35.0,BSHM,19.8173,1646574900.0
0.842818,32.0,35.0,BSHM,19.9757,1646575200.0
0.70547,32.0,35.0,BSHM,20.3423,1646575500.0
0.67261,32.0,35.0,BSHM,20.4051,1646575800.0
0.625175,32.0,35.0,BSHM,20.7561,1646576100.0
0.605161,32.0,35.0,BSHM,21.3474,1646576400.0
0.67207,32.0,35.0,BSHM,21.3652,1646576700.0
0.60212,32.0,35.0,BSHM,21.5679,1646577000.0
0.606029,32.0,35.0,BSHM,21.7192,1646577300.0
0.769396,32.0,35.0,BSHM,21.8768,1646577600.0
0.771141,32.0,35.0,BSHM,22.0031,1646577900.0
0.668334,32.0,35.0,BSHM,21.8302,1646578200.0
0.663025,32.0,35.0,BSHM,21.4864,1646578500.0
0.605825,32.0,35.0,BSHM,20.8242,1646578800.0
0.659607,32.0,35.0,BSHM,20.2857,1646579100.0
0.554743,32.0,35.0,BSHM,19.8509,1646579400.0
0.545476,32.0,35.0,BSHM,19.6192,1646579700.0
0.56896,32.0,35.0,BSHM,19.1619,1646580000.0
0.673764,32.0,35.0,BSHM,18.7428,1646580300.0
0.697635,32.0,35.0,BSHM,18.2292,1646580600.0
0.761196,32.0,35.0,BSHM,17.1305,1646580900.0
0.762374,32.0,35.0,BSHM,16.6559,1646581200.0
1.33595,32.0,35.0,BSHM,17.1308,1646581500.0
0.980496,32.0,35.0,BSHM,11.0238,1646584200.0
0.942693,32.0,35.0,BSHM,10.7095,1646584500.0
0.766153,32.0,35.0,BSHM,10.5386,1646584800.0
0.769065,32.0,35.0,BSHM,10.1326,1646585100.0
0.664962,32.0,35.0,BSHM,10.1848,1646585400.0
0.594444,32.0,35.0,BSHM,9.68247,1646585700.0
0.663707,32.0,35.0,BSHM,9.19635,1646586000.0
0.595058,32.0,35.0,BSHM,8.79909,1646586300.0
0.511235,32.0,35.0,BSHM,8.65826,1646586600.0
0.539352,32.0,35.0,BSHM,8.36773,1646586900.0
0.543967,32.0,35.0,BSHM,8.46232,1646587200.0
0.59601,32.0,35.0,BSHM,8.28974,1646587500.0
0.604961,32.0,35.0,BSHM,8.30979,1646587800.0
0.667756,32.0,35.0,BSHM,8.22766,1646588100.0
0.63039,32.0,35.0,BSHM,7.94417,1646588400.0
0.554494,32.0,35.0,BSHM,7.7481,1646588700.0
0.608623,32.0,35.0,BSHM,7.48805,1646589000.0
0.608828,32.0,35.0,BSHM,7.36089,1646589300.0
0.600689,32.0,35.0,BSHM,6.67187,1646589600.0
0.56374,32.0,35.0,BSHM,6.71837,1646589900.0
0.717969,32.0,35.0,BSHM,7.2514,1646590200.0
0.625786,32.0,35.0,BSHM,6.97944,1646590500.0
0.529589,32.0,35.0,BSHM,6.74734,1646590800.0
0.530973,32.0,35.0,BSHM,6.61676,1646591100.0
0.618696,32.0,35.0,BSHM,6.52278,1646591400.0
0.614966,32.0,35.0,BSHM,6.39536,1646591700.0
0.538107,32.0,35.0,BSHM,6.0721,1646592000.0
0.510067,32.0,35.0,BSHM,5.81882,1646592300.0
0.570204,32.0,35.0,BSHM,5.61973,1646592600.0
0.48059,32.0,35.0,BSHM,5.34143,1646592900.0
0.534616,32.0,35.0,BSHM,5.27142,1646593200.0
0.456887,32.0,35.0,BSHM,5.10547,1646593500.0
0.468807,32.0,35.0,BSHM,5.02958,1646593800.0
0.457844,32.0,35.0,BSHM,4.90149,1646594100.0
0.455051,32.0,35.0,BSHM,4.69906,1646594400.0
0.489506,32.0,35.0,BSHM,4.57852,1646594700.0
0.485927,32.0,35.0,BSHM,4.55377,1646595000.0
0.489759,32.0,35.0,BSHM,4.49815,1646595300.0
0.49832,32.0,35.0,BSHM,4.28625,1646595600.0
0.546434,32.0,35.0,BSHM,4.06189,1646595900.0
0.524728,32.0,35.0,BSHM,4.34496,1646596200.0
0.56743,32.0,35.0,BSHM,4.76691,1646596500.0
0.648971,32.0,35.0,BSHM,4.94506,1646596800.0
0.700878,32.0,35.0,BSHM,5.21331,1646597100.0
0.675659,32.0,35.0,BSHM,5.64694,1646597400.0
0.772349,32.0,35.0,BSHM,6.12472,1646597700.0
0.67977,32.0,35.0,BSHM,5.81605,1646598000.0
0.664916,32.0,35.0,BSHM,5.70516,1646598300.0
0.665247,32.0,35.0,BSHM,5.62571,1646598600.0
0.587723,32.0,35.0,BSHM,5.28126,1646598900.0
0.562456,32.0,35.0,BSHM,5.10501,1646599200.0
0.547587,32.0,35.0,BSHM,4.90124,1646599500.0
0.501348,32.0,35.0,BSHM,4.82738,1646599800.0
0.537468,32.0,35.0,BSHM,4.77433,1646600100.0
0.497697,32.0,35.0,BSHM,4.79651,1646600400.0
0.500466,32.0,35.0,BSHM,4.76178,1646600700.0
0.427795,32.0,35.0,BSHM,4.75456,1646601000.0
0.405079,32.0,35.0,BSHM,4.66679,1646601300.0
0.392222,32.0,35.0,BSHM,4.69701,1646601600.0
0.407549,32.0,35.0,BSHM,4.64861,1646601900.0
0.412002,32.0,35.0,BSHM,4.66571,1646602200.0
0.503099,32.0,35.0,BSHM,4.68693,1646602500.0
0.453139,32.0,35.0,BSHM,4.74299,1646602800.0
0.546651,32.0,35.0,BSHM,4.91312,1646603100.0
0.66639,32.0,35.0,BSHM,5.67003,1646603400.0
0.932626,32.0,35.0,BSHM,5.71773,1646603700.0
1.30912,32.0,35.0,BSHM,5.51402,1646604000.0
0.96152,32.0,35.0,BSHM,5.39095,1646604300.0
1.34497,32.0,35.0,BSHM,5.25038,1646604600.0
1.34832,32.0,35.0,BSHM,5.17215,1646604900.0
0.764861,32.0,35.0,BSHM,5.17875,1646605200.0
0.937483,32.0,35.0,BSHM,5.14177,1646605500.0
0.757558,32.0,35.0,BSHM,5.41159,1646605800.0
0.653563,32.0,35.0,BSHM,5.36388,1646606100.0
0.753656,32.0,35.0,BSHM,5.41666,1646606400.0
0.584803,32.0,35.0,BSHM,5.50835,1646606700.0
0.494187,32.0,35.0,BSHM,5.62859,1646607000.0
0.532993,32.0,35.0,BSHM,5.7139,1646607300.0
0.493459,32.0,35.0,BSHM,5.72069,1646607600.0
0.471888,32.0,35.0,BSHM,5.85142,1646607900.0
0.466798,32.0,35.0,BSHM,5.59939,1646608200.0
0.46274,32.0,35.0,BSHM,5.58802,1646608500.0
0.53447,32.0,35.0,BSHM,5.30858,1646608800.0
0.586962,32.0,35.0,BSHM,5.15535,1646609100.0
0.674129,32.0,35.0,BSHM,5.21657,1646609400.0
0.926959,32.0,35.0,BSHM,5.28551,1646609700.0
0.924453,32.0,35.0,BSHM,6.1519,1646610000.0
0.755339,32.0,35.0,BSHM,6.17846,1646610300.0
0.753666,32.0,35.0,BSHM,6.27712,1646610600.0
0.753647,32.0,35.0,BSHM,6.38999,1646610900.0
1.37425,35.0,33.0,NICO,5.64657,1646524800.0
1.32366,35.0,33.0,NICO,5.7095,1646525100.0
0.771766,35.0,33.0,NICO,5.64678,1646525400.0
0.657236,35.0,33.0,NICO,5.70174,1646525700.0
0.499496,35.0,33.0,NICO,5.53135,1646526000.0
0.600755,35.0,33.0,NICO,5.3856,1646526300.0
0.760033,35.0,33.0,NICO,5.27408,1646526600.0
0.926952,35.0,33.0,NICO,5.30128,1646526900.0
0.929648,35.0,33.0,NICO,4.81955,1646527200.0
1.30168,35.0,33.0,NICO,4.21598,1646527500.0
1.31238,35.0,33.0,NICO,3.97809,1646531100.0
0.753729,35.0,33.0,NICO,3.68131,1646531400.0
0.93183,35.0,33.0,NICO,3.65961,1646531700.0
0.65319,35.0,33.0,NICO,3.42717,1646532000.0
0.464271,35.0,33.0,NICO,3.31341,1646532300.0
0.469284,35.0,33.0,NICO,3.24078,1646532600.0
0.532619,35.0,33.0,NICO,2.96946,1646532900.0
0.752492,35.0,33.0,NICO,2.87361,1646533200.0
1.30497,35.0,33.0,NICO,2.85552,1646533500.0
1.30192,35.0,33.0,NICO,3.23685,1646534700.0
1.30972,35.0,33.0,NICO,3.3274,1646535000.0
0.773031,35.0,33.0,NICO,3.13748,1646538000.0
0.54755,35.0,33.0,NICO,3.63195,1646538300.0
0.53746,35.0,33.0,NICO,3.83872,1646538600.0
0.585434,35.0,33.0,NICO,4.1598,1646538900.0
0.552997,35.0,33.0,NICO,4.53364,1646539200.0
0.752932,35.0,33.0,NICO,5.10329,1646539500.0
1.33069,35.0,33.0,NICO,5.97537,1646539800.0
1.30096,35.0,33.0,NICO,8.87804,1646541000.0
1.30092,35.0,33.0,NICO,9.2469,1646541300.0
1.33913,35.0,33.0,NICO,19.3115,1646549100.0
0.753185,35.0,33.0,NICO,19.4356,1646549400.0
0.656056,35.0,33.0,NICO,19.4208,1646549700.0
0.588956,35.0,33.0,NICO,19.4872,1646550000.0
0.754674,35.0,33.0,NICO,19.6501,1646550300.0
1.31596,35.0,33.0,NICO,19.5708,1646550600.0
1.3088,35.0,33.0,NICO,20.3708,1646550900.0
1.30365,35.0,33.0,NICO,20.9306,1646552700.0
1.30543,35.0,33.0,NICO,16.9289,1646553000.0
1.31399,35.0,33.0,NICO,20.0659,1646553300.0
0.923301,35.0,33.0,NICO,22.9651,1646554200.0
0.921938,35.0,33.0,NICO,23.0586,1646554500.0
0.761339,35.0,33.0,NICO,23.4108,1646554800.0
0.652039,35.0,33.0,NICO,23.4315,1646555100.0
0.58342,35.0,33.0,NICO,23.3307,1646555400.0
0.752617,35.0,33.0,NICO,23.3683,1646555700.0
1.09231,35.0,33.0,NICO,23.7383,1646559600.0
0.767691,35.0,33.0,NICO,23.8875,1646559900.0
0.955523,35.0,33.0,NICO,24.1319,1646560200.0
1.02728,35.0,33.0,NICO,24.2059,1646560500.0
1.37567,35.0,33.0,NICO,24.2795,1646560800.0
1.30278,35.0,33.0,NICO,26.2595,1646561400.0
1.39988,35.0,33.0,NICO,25.5001,1646562000.0
1.33294,35.0,33.0,NICO,25.517,1646562300.0
0.922284,35.0,33.0,NICO,24.0607,1646563800.0
0.92722,35.0,33.0,NICO,24.2769,1646564100.0
1.32299,35.0,33.0,NICO,23.6535,1646564400.0
1.3035,35.0,33.0,NICO,19.7978,1646565600.0
1.30462,35.0,33.0,NICO,19.5572,1646565900.0
1.30151,35.0,33.0,NICO,22.3736,1646566200.0
1.50111,35.0,33.0,NICO,18.5542,1646566500.0
0.768994,35.0,33.0,NICO,19.125,1646566800.0
0.524911,35.0,33.0,NICO,18.7938,1646567100.0
0.475809,35.0,33.0,NICO,18.7337,1646567400.0
0.546458,35.0,33.0,NICO,18.6567,1646567700.0
0.762868,35.0,33.0,NICO,18.3844,1646568000.0
0.962539,35.0,33.0,NICO,18.4378,1646568300.0
0.984651,35.0,33.0,NICO,17.3909,1646569800.0
0.761692,35.0,33.0,NICO,17.3691,1646570100.0
0.779828,35.0,33.0,NICO,17.6417,1646570400.0
0.765667,35.0,33.0,NICO,17.8123,1646570700.0
0.768659,35.0,33.0,NICO,17.923,1646571000.0
1.3021,35.0,33.0,NICO,18.8627,1646572200.0
1.30206,35.0,33.0,NICO,19.2491,1646572500.0
1.30302,35.0,33.0,NICO,19.4623,1646572800.0
1.30269,35.0,33.0,NICO,19.5411,1646573100.0
0.700423,35.0,33.0,NICO,16.8924,1646573400.0
0.612749,35.0,33.0,NICO,16.8175,1646573700.0
0.515929,35.0,33.0,NICO,17.1115,1646574000.0
0.510824,35.0,33.0,NICO,17.2605,1646574300.0
0.516341,35.0,33.0,NICO,17.5642,1646574600.0
0.938276,35.0,33.0,NICO,19.1837,1646574900.0
1.30295,35.0,33.0,NICO,19.2955,1646575200.0
1.30185,35.0,33.0,NICO,17.7187,1646579400.0
1.30137,35.0,33.0,NICO,17.6685,1646579700.0
1.3039,35.0,33.0,NICO,11.8814,1646582700.0
0.923988,35.0,33.0,NICO,11.4129,1646583000.0
1.30225,35.0,33.0,NICO,9.35053,1646584500.0
1.30136,35.0,33.0,NICO,9.07991,1646584800.0
1.30268,35.0,33.0,NICO,9.40877,1646588100.0
1.30222,35.0,33.0,NICO,9.1025,1646588400.0
1.3136,35.0,33.0,NICO,8.93579,1646588700.0
0.756229,35.0,33.0,NICO,7.27392,1646589000.0
0.6523,35.0,33.0,NICO,6.40874,1646589300.0
0.495313,35.0,33.0,NICO,5.9311,1646589600.0
0.464177,35.0,33.0,NICO,5.8051,1646589900.0
0.531621,35.0,33.0,NICO,5.74267,1646590200.0
0.533693,35.0,33.0,NICO,5.67727,1646590500.0
0.920599,35.0,33.0,NICO,5.64198,1646590800.0
0.752968,35.0,33.0,NICO,4.52863,1646591100.0
0.752292,35.0,33.0,NICO,4.41635,1646591400.0
0.652404,35.0,33.0,NICO,4.34883,1646591700.0
0.751585,35.0,33.0,NICO,4.32858,1646592000.0
0.92047,35.0,33.0,NICO,5.61306,1646592300.0
0.922727,35.0,33.0,NICO,7.36192,1646592600.0
1.30229,35.0,33.0,NICO,7.33288,1646592900.0
0.659488,35.0,33.0,NICO,4.46726,1646595600.0
0.655816,35.0,33.0,NICO,4.4151,1646595900.0
0.464814,35.0,33.0,NICO,4.41946,1646596200.0
0.497358,35.0,33.0,NICO,4.41629,1646596500.0
0.539028,35.0,33.0,NICO,4.4375,1646596800.0
0.925702,35.0,33.0,NICO,4.4913,1646597100.0
1.32682,35.0,33.0,NICO,4.44574,1646597400.0
0.754804,35.0,33.0,NICO,4.37463,1646600100.0
0.654323,35.0,33.0,NICO,4.37809,1646600400.0
0.584246,35.0,33.0,NICO,4.36641,1646600700.0
0.753534,35.0,33.0,NICO,4.28296,1646601000.0
0.585076,35.0,33.0,NICO,4.12516,1646601300.0
0.65509,35.0,33.0,NICO,3.91758,1646601600.0
0.493945,35.0,33.0,NICO,3.89903,1646601900.0
0.447785,35.0,33.0,NICO,4.01903,1646602200.0
0.539432,35.0,33.0,NICO,4.09833,1646602500.0
0.651853,35.0,33.0,NICO,4.17578,1646602800.0
0.753652,35.0,33.0,NICO,4.34771,1646603100.0
1.3034,35.0,33.0,NICO,4.53763,1646603400.0
1.30554,35.0,33.0,NICO,5.42414,1646603700.0
0.926218,35.0,33.0,NICO,4.93026,1646604000.0
0.651461,35.0,33.0,NICO,4.69817,1646604300.0
0.582748,35.0,33.0,NICO,4.74241,1646604600.0
0.582705,35.0,33.0,NICO,4.53338,1646604900.0
0.584842,35.0,33.0,NICO,4.55326,1646605200.0
0.752513,35.0,33.0,NICO,4.65552,1646605500.0
1.32145,35.0,33.0,NICO,4.67294,1646605800.0
1.30215,35.0,33.0,NICO,5.06611,1646606700.0
1.30177,35.0,33.0,NICO,4.99126,1646607000.0
1.40517,35.0,33.0,NICO,6.07158,1646607300.0
0.944225,35.0,33.0,NICO,6.17354,1646607600.0
0.674286,35.0,33.0,NICO,6.12169,1646607900.0
0.664262,35.0,33.0,NICO,6.18767,1646608200.0
0.951569,35.0,33.0,NICO,6.5725,1646608500.0
1.3414,35.0,33.0,NICO,6.64377,1646608800.0
0.927175,35.0,33.0,NICO,5.24781,1646609100.0
0.923852,35.0,33.0,NICO,5.30362,1646609400.0
0.753574,35.0,33.0,NICO,5.30911,1646609700.0
0.761335,35.0,33.0,NICO,5.24739,1646610000.0
1.3029,35.0,33.0,NICO,4.53818,1646610300.0
1.30371,35.0,33.0,NICO,5.1786,1646610900.0
1.3027,40.0,44.0,ARUC,6.52099,1646611800.0
0.921466,40.0,44.0,ARUC,6.95029,1646612100.0
1.30259,40.0,44.0,ARUC,6.42778,1646612400.0
1.30277,40.0,44.0,ARUC,6.30173,1646612700.0
0.948168,40.0,44.0,ARUC,6.05081,1646613000.0
1.30252,40.0,44.0,ARUC,6.71123,1646613300.0
1.30284,40.0,44.0,ARUC,6.7378,1646613600.0
1.30343,40.0,44.0,ARUC,4.23678,1646614500.0
1.30259,40.0,44.0,ARUC,4.3867,1646614800.0
1.30248,40.0,44.0,ARUC,4.588,1646615100.0
1.3026,40.0,44.0,ARUC,4.78244,1646615400.0
0.768578,40.0,44.0,ARUC,4.31205,1646615700.0
0.417796,40.0,44.0,ARUC,4.24119,1646616000.0
0.680426,40.0,44.0,ARUC,4.31857,1646616300.0
1.30247,40.0,44.0,ARUC,5.07746,1646616600.0
1.30552,40.0,44.0,ARUC,5.14118,1646616900.0
1.30397,40.0,44.0,ARUC,3.44331,1646617500.0
1.31348,40.0,44.0,ARUC,3.4891,1646617800.0
0.930309,40.0,44.0,ARUC,3.69632,1646620800.0
0.98116,40.0,44.0,ARUC,4.35763,1646621100.0
1.30144,40.0,44.0,ARUC,8.89854,1646621700.0
1.3016,40.0,44.0,ARUC,9.0641,1646622000.0
1.30892,40.0,44.0,ARUC,5.97536,1646622600.0
0.922745,40.0,44.0,ARUC,6.7612,1646622900.0
0.920854,40.0,44.0,ARUC,5.47922,1646623200.0
0.921814,40.0,44.0,ARUC,5.38987,1646623500.0
0.922748,40.0,44.0,ARUC,5.47617,1646623800.0
0.922467,40.0,44.0,ARUC,5.57948,1646624100.0
0.758301,40.0,44.0,ARUC,5.85683,1646624400.0
0.75183,40.0,44.0,ARUC,5.87199,1646624700.0
0.751957,40.0,44.0,ARUC,6.11482,1646625000.0
0.921004,40.0,44.0,ARUC,6.66138,1646625300.0
0.920928,40.0,44.0,ARUC,6.88943,1646625600.0
0.752838,40.0,44.0,ARUC,8.12795,1646625900.0
0.540891,40.0,44.0,ARUC,8.77358,1646626200.0
0.403286,40.0,44.0,ARUC,9.4978,1646626500.0
0.922417,40.0,44.0,ARUC,9.07754,1646626800.0
0.92149,40.0,44.0,ARUC,9.31771,1646627100.0
0.922091,40.0,44.0,ARUC,9.63485,1646627400.0
1.30297,40.0,44.0,ARUC,13.4485,1646628300.0
0.922226,40.0,44.0,ARUC,12.7095,1646628600.0
1.30163,40.0,44.0,ARUC,13.9976,1646628900.0
1.30178,40.0,44.0,ARUC,14.4889,1646629200.0
1.30887,40.0,44.0,ARUC,12.6427,1646629800.0
1.30419,40.0,44.0,ARUC,12.8311,1646630100.0
0.50194,40.0,44.0,ARUC,12.9037,1646630400.0
1.30174,40.0,44.0,ARUC,16.6547,1646632200.0
1.30138,40.0,44.0,ARUC,17.001,1646632500.0
1.3015,40.0,44.0,ARUC,17.3891,1646632800.0
1.30329,40.0,44.0,ARUC,14.7304,1646633400.0
1.30495,40.0,44.0,ARUC,14.9694,1646633700.0
1.30149,40.0,44.0,ARUC,18.6292,1646634000.0
0.655436,40.0,44.0,ARUC,17.0778,1646634600.0
0.583822,40.0,44.0,ARUC,17.2861,1646634900.0
0.655312,40.0,44.0,ARUC,17.3881,1646635200.0
1.303,40.0,44.0,ARUC,18.6362,1646637300.0
0.922929,40.0,44.0,ARUC,18.6829,1646637600.0
0.493849,40.0,44.0,ARUC,19.594,1646637900.0
0.395222,40.0,44.0,ARUC,19.4024,1646638200.0
0.414792,40.0,44.0,ARUC,19.3624,1646638500.0
0.496243,40.0,44.0,ARUC,19.5902,1646638800.0
0.759494,40.0,44.0,ARUC,19.9733,1646639100.0
1.32915,40.0,44.0,ARUC,19.3191,1646639400.0
0.97326,40.0,44.0,ARUC,19.9295,1646639700.0
0.942659,40.0,44.0,ARUC,20.1975,1646640000.0
0.940513,40.0,44.0,ARUC,20.4625,1646640300.0
1.32978,40.0,44.0,ARUC,20.7765,1646640600.0
1.32712,40.0,44.0,ARUC,21.3132,1646640900.0
1.32935,40.0,44.0,ARUC,21.7774,1646641200.0
1.55446,40.0,44.0,ARUC,21.9784,1646641500.0
1.30505,40.0,44.0,ARUC,28.2727,1646642100.0
0.924241,40.0,44.0,ARUC,24.2621,1646642400.0
0.926014,40.0,44.0,ARUC,22.2476,1646642700.0
0.752864,40.0,44.0,ARUC,23.0745,1646643000.0
0.756298,40.0,44.0,ARUC,23.2238,1646643300.0
0.754,40.0,44.0,ARUC,23.0316,1646643600.0
0.754626,40.0,44.0,ARUC,23.1661,1646643900.0
0.928655,40.0,44.0,ARUC,22.4704,1646644200.0
1.30553,40.0,44.0,ARUC,25.9049,1646646300.0
1.30458,40.0,44.0,ARUC,26.3101,1646647500.0
1.30346,40.0,44.0,ARUC,26.2366,1646647800.0
1.31597,40.0,44.0,ARUC,21.4984,1646649600.0
1.30892,40.0,44.0,ARUC,21.3948,1646649900.0
1.30835,40.0,44.0,ARUC,21.5143,1646650200.0
1.30908,40.0,44.0,ARUC,21.6332,1646650500.0
1.30994,40.0,44.0,ARUC,21.489,1646650800.0
0.536719,40.0,44.0,ARUC,23.1282,1646651100.0
0.653519,40.0,44.0,ARUC,22.3145,1646651400.0
0.92419,40.0,44.0,ARUC,20.7314,1646651700.0
1.30255,40.0,44.0,ARUC,20.3593,1646652000.0
1.30369,40.0,44.0,ARUC,20.3508,1646652300.0
1.32179,40.0,44.0,ARUC,20.1818,1646652600.0
1.31971,40.0,44.0,ARUC,19.6631,1646652900.0
1.3211,40.0,44.0,ARUC,19.2526,1646653200.0
1.39463,40.0,44.0,ARUC,19.0349,1646653500.0
1.30369,40.0,44.0,ARUC,19.033,1646656200.0
1.30295,40.0,44.0,ARUC,19.0081,1646656500.0
1.30296,40.0,44.0,ARUC,19.0253,1646656800.0
0.920833,40.0,44.0,ARUC,20.332,1646657100.0
0.920871,40.0,44.0,ARUC,20.2873,1646657400.0
0.753437,40.0,44.0,ARUC,20.7366,1646657700.0
0.58488,40.0,44.0,ARUC,19.3155,1646658000.0
0.377385,40.0,44.0,ARUC,19.111,1646658300.0
0.920801,40.0,44.0,ARUC,18.6129,1646658600.0
0.920914,40.0,44.0,ARUC,18.4476,1646658900.0
0.921923,40.0,44.0,ARUC,18.4651,1646659200.0
0.494178,40.0,44.0,ARUC,18.7188,1646659500.0
0.659626,40.0,44.0,ARUC,19.6516,1646659800.0
1.30274,40.0,44.0,ARUC,19.387,1646660100.0
1.30297,40.0,44.0,ARUC,19.378,1646660400.0
1.30891,40.0,44.0,ARUC,19.3224,1646660700.0
1.30462,40.0,44.0,ARUC,21.6739,1646661600.0
1.30124,40.0,44.0,ARUC,19.603,1646663100.0
1.30126,40.0,44.0,ARUC,19.4836,1646663400.0
0.926311,40.0,44.0,ARUC,14.0922,1646666100.0
0.922041,40.0,44.0,ARUC,13.6732,1646666400.0
0.924193,40.0,44.0,ARUC,13.2777,1646666700.0
1.3027,40.0,44.0,ARUC,14.7952,1646667000.0
1.30261,40.0,44.0,ARUC,14.3181,1646667300.0
0.586237,40.0,44.0,ARUC,12.7936,1646667600.0
0.369464,40.0,44.0,ARUC,11.9761,1646667900.0
0.769517,40.0,44.0,ARUC,11.6033,1646668200.0
0.696147,40.0,44.0,ARUC,9.3087,1646668500.0
0.77969,40.0,44.0,ARUC,6.92669,1646668800.0
0.924329,40.0,44.0,ARUC,12.8853,1646669100.0
1.31461,40.0,44.0,ARUC,12.0178,1646669400.0
0.923063,40.0,44.0,ARUC,11.7548,1646670300.0
0.922801,40.0,44.0,ARUC,11.6529,1646670600.0
1.30749,40.0,44.0,ARUC,10.423,1646670900.0
0.923943,40.0,44.0,ARUC,8.4007,1646671200.0
0.537797,40.0,44.0,ARUC,9.03313,1646671500.0
0.320326,40.0,44.0,ARUC,9.30519,1646671800.0
0.925035,40.0,44.0,ARUC,7.91639,1646672100.0
1.30788,40.0,44.0,ARUC,9.66867,1646672400.0
1.30738,40.0,44.0,ARUC,9.69778,1646672700.0
0.925249,40.0,44.0,ARUC,8.04057,1646673000.0
1.3026,40.0,44.0,ARUC,6.16977,1646673300.0
1.3042,40.0,44.0,ARUC,4.64509,1646675100.0
1.30431,40.0,44.0,ARUC,4.5619,1646675400.0
0.924982,40.0,44.0,ARUC,6.42089,1646675700.0
0.754508,40.0,44.0,ARUC,5.70325,1646676000.0
0.754633,40.0,44.0,ARUC,5.71791,1646676300.0
0.754855,40.0,44.0,ARUC,5.76144,1646676600.0
0.754571,40.0,44.0,ARUC,5.86555,1646676900.0
0.758206,40.0,44.0,ARUC,5.92455,1646677200.0
1.30685,40.0,44.0,ARUC,6.49917,1646677500.0
1.30737,40.0,44.0,ARUC,6.3673,1646677800.0
1.30664,40.0,44.0,ARUC,6.27414,1646678100.0
1.35393,40.0,44.0,ARUC,6.2385,1646678400.0
0.54809,40.0,44.0,ARUC,5.48564,1646678700.0
0.668302,40.0,44.0,ARUC,5.79125,1646679000.0
0.926015,40.0,44.0,ARUC,5.18334,1646680200.0
1.30949,40.0,44.0,ARUC,6.26586,1646680500.0
1.30545,40.0,44.0,ARUC,5.9113,1646680800.0
0.925596,40.0,44.0,ARUC,5.62729,1646681100.0
0.923267,40.0,44.0,ARUC,5.56981,1646681400.0
0.923512,40.0,44.0,ARUC,5.57795,1646681700.0
0.924418,40.0,44.0,ARUC,5.61794,1646682000.0
1.31032,40.0,44.0,ARUC,6.16329,1646682300.0
1.30948,40.0,44.0,ARUC,6.4981,1646682600.0
1.31017,40.0,44.0,ARUC,6.85207,1646682900.0
0.927569,40.0,44.0,ARUC,4.27851,1646684100.0
0.925802,40.0,44.0,ARUC,4.42046,1646684400.0
1.31158,40.0,44.0,ARUC,5.31028,1646684700.0
1.31083,40.0,44.0,ARUC,5.55024,1646685000.0
0.931827,40.0,44.0,ARUC,5.51911,1646685300.0
0.755453,40.0,44.0,ARUC,5.07733,1646685600.0
0.65378,40.0,44.0,ARUC,6.2197,1646685900.0
0.921808,40.0,44.0,ARUC,7.55481,1646686200.0
0.921802,40.0,44.0,ARUC,7.8351,1646686500.0
0.921808,40.0,44.0,ARUC,7.96476,1646686800.0
0.923686,40.0,44.0,ARUC,7.00651,1646687100.0
1.31138,40.0,44.0,ARUC,7.2407,1646687400.0
0.526671,40.0,44.0,ARUC,4.38627,1646688000.0
0.535345,40.0,44.0,ARUC,4.3483,1646688300.0
1.30573,40.0,44.0,ARUC,4.30056,1646688600.0
0.921951,40.0,44.0,ARUC,7.75721,1646689800.0
0.922069,40.0,44.0,ARUC,7.89124,1646690100.0
1.30319,40.0,44.0,ARUC,6.58773,1646690400.0
1.303,40.0,44.0,ARUC,6.45363,1646690700.0
1.30412,40.0,44.0,ARUC,9.37441,1646691000.0
1.30365,40.0,44.0,ARUC,9.61165,1646691300.0
1.30364,40.0,44.0,ARUC,9.71556,1646691600.0
1.3043,40.0,44.0,ARUC,9.63317,1646691900.0
1.30496,40.0,44.0,ARUC,5.27446,1646692800.0
1.30661,40.0,44.0,ARUC,5.33672,1646693100.0
1.31244,40.0,44.0,ARUC,6.70288,1646694600.0
1.31059,40.0,44.0,ARUC,6.94428,1646694900.0
1.31156,40.0,44.0,ARUC,7.11788,1646695200.0
0.767248,40.0,44.0,ARUC,6.49386,1646695500.0
0.543535,40.0,44.0,ARUC,5.93663,1646695800.0
0.433905,40.0,44.0,ARUC,5.51324,1646696100.0
0.701057,40.0,44.0,ARUC,7.80969,1646696400.0
1.05763,40.0,44.0,ARUC,7.26083,1646696700.0
0.924781,32.0,35.0,BSHM,7.1833,1646611200.0
0.926185,32.0,35.0,BSHM,7.20566,1646611500.0
1.30464,32.0,35.0,BSHM,7.31329,1646611800.0
1.30419,32.0,35.0,BSHM,7.28005,1646612100.0
0.922172,32.0,35.0,BSHM,6.28674,1646612400.0
1.30487,32.0,35.0,BSHM,7.02787,1646612700.0
0.930544,32.0,35.0,BSHM,7.08502,1646613000.0
0.753635,32.0,35.0,BSHM,6.72752,1646613300.0
0.653597,32.0,35.0,BSHM,7.08651,1646613600.0
0.532335,32.0,35.0,BSHM,7.05173,1646613900.0
0.494676,32.0,35.0,BSHM,7.10567,1646614200.0
0.498626,32.0,35.0,BSHM,6.74625,1646614500.0
0.585184,32.0,35.0,BSHM,6.91606,1646614800.0
0.495845,32.0,35.0,BSHM,6.59186,1646615100.0
0.535418,32.0,35.0,BSHM,6.51743,1646615400.0
0.758061,32.0,35.0,BSHM,6.49652,1646615700.0
0.793205,32.0,35.0,BSHM,6.6006,1646616000.0
1.30265,32.0,35.0,BSHM,6.41177,1646616300.0
1.30328,32.0,35.0,BSHM,6.44837,1646616600.0
1.34236,32.0,35.0,BSHM,6.37388,1646617200.0
0.938054,32.0,35.0,BSHM,6.1268,1646617500.0
0.765976,32.0,35.0,BSHM,5.96754,1646617800.0
0.667496,32.0,35.0,BSHM,5.81286,1646618100.0
0.660211,32.0,35.0,BSHM,5.72656,1646618400.0
0.589526,32.0,35.0,BSHM,5.05587,1646618700.0
0.539334,32.0,35.0,BSHM,4.83871,1646619000.0
0.588585,32.0,35.0,BSHM,5.05963,1646619300.0
0.766813,32.0,35.0,BSHM,5.27702,1646619600.0
1.32194,32.0,35.0,BSHM,5.23622,1646619900.0
0.972833,32.0,35.0,BSHM,1.91535,1646620500.0
0.940454,32.0,35.0,BSHM,4.61555,1646620800.0
0.940594,32.0,35.0,BSHM,4.52983,1646621100.0
0.668914,32.0,35.0,BSHM,4.50192,1646621400.0
0.769665,32.0,35.0,BSHM,4.44414,1646621700.0
0.608573,32.0,35.0,BSHM,4.22739,1646622000.0
0.550822,32.0,35.0,BSHM,4.61786,1646622300.0
0.508083,32.0,35.0,BSHM,4.71304,1646622600.0
0.543541,32.0,35.0,BSHM,4.85656,1646622900.0
0.501179,32.0,35.0,BSHM,4.99888,1646623200.0
0.499346,32.0,35.0,BSHM,5.08904,1646623500.0
0.500401,32.0,35.0,BSHM,5.25766,1646623800.0
0.49723,32.0,35.0,BSHM,5.46371,1646624100.0
0.496173,32.0,35.0,BSHM,5.78535,1646624400.0
0.536535,32.0,35.0,BSHM,6.17762,1646624700.0
0.590033,32.0,35.0,BSHM,6.83701,1646625000.0
0.671729,32.0,35.0,BSHM,7.40904,1646625300.0
0.766954,32.0,35.0,BSHM,7.99853,1646625600.0
0.93472,32.0,35.0,BSHM,8.69709,1646625900.0
1.33613,32.0,35.0,BSHM,9.35736,1646626200.0
0.920366,32.0,35.0,BSHM,10.9138,1646627400.0
0.75152,32.0,35.0,BSHM,11.0291,1646627700.0
0.757328,32.0,35.0,BSHM,11.6854,1646628000.0
0.651318,32.0,35.0,BSHM,11.9947,1646628300.0
0.582373,32.0,35.0,BSHM,12.2061,1646628600.0
0.582305,32.0,35.0,BSHM,12.6278,1646628900.0
0.582338,32.0,35.0,BSHM,12.8848,1646629200.0
0.582337,32.0,35.0,BSHM,13.1809,1646629500.0
0.532173,32.0,35.0,BSHM,13.4625,1646629800.0
0.651862,32.0,35.0,BSHM,13.8022,1646630100.0
0.751436,32.0,35.0,BSHM,14.1627,1646630400.0
0.920388,32.0,35.0,BSHM,14.4697,1646630700.0
1.30158,32.0,35.0,BSHM,14.7643,1646631000.0
0.924562,32.0,35.0,BSHM,15.3433,1646631300.0
1.30289,32.0,35.0,BSHM,15.7808,1646631600.0
0.928366,32.0,35.0,BSHM,16.1435,1646631900.0
0.758236,32.0,35.0,BSHM,16.4275,1646632200.0
0.584637,32.0,35.0,BSHM,16.7771,1646632500.0
0.584729,32.0,35.0,BSHM,17.0144,1646632800.0
0.4953,32.0,35.0,BSHM,17.1961,1646633100.0
0.462358,32.0,35.0,BSHM,17.4757,1646633400.0
0.435648,32.0,35.0,BSHM,17.7028,1646633700.0
0.461183,32.0,35.0,BSHM,17.9875,1646634000.0
0.461257,32.0,35.0,BSHM,18.1974,1646634300.0
0.493296,32.0,35.0,BSHM,18.3773,1646634600.0
0.493259,32.0,35.0,BSHM,18.6197,1646634900.0
0.493079,32.0,35.0,BSHM,18.3845,1646635200.0
0.590875,32.0,35.0,BSHM,18.1869,1646635500.0
0.582841,32.0,35.0,BSHM,18.6725,1646635800.0
0.752446,32.0,35.0,BSHM,19.0956,1646636100.0
0.58257,32.0,35.0,BSHM,19.2787,1646636400.0
0.493228,32.0,35.0,BSHM,19.8532,1646636700.0
0.461179,32.0,35.0,BSHM,19.9904,1646637000.0
0.46095,32.0,35.0,BSHM,20.1517,1646637300.0
0.460838,32.0,35.0,BSHM,20.3067,1646637600.0
0.434583,32.0,35.0,BSHM,20.5385,1646637900.0
0.492653,32.0,35.0,BSHM,20.6599,1646638200.0
0.535702,32.0,35.0,BSHM,21.0841,1646638500.0
0.582782,32.0,35.0,BSHM,21.2166,1646638800.0
0.582787,32.0,35.0,BSHM,21.246,1646639100.0
0.754203,32.0,35.0,BSHM,21.3934,1646639400.0
1.30226,32.0,35.0,BSHM,21.5146,1646639700.0
1.30327,32.0,35.0,BSHM,21.6985,1646640000.0
1.30238,32.0,35.0,BSHM,23.8049,1646640600.0
1.30205,32.0,35.0,BSHM,23.9316,1646640900.0
1.56761,32.0,35.0,BSHM,24.4173,1646641200.0
1.39568,32.0,35.0,BSHM,24.813,1646641500.0
1.00381,32.0,35.0,BSHM,25.465,1646641800.0
0.957109,32.0,35.0,BSHM,25.8921,1646642100.0
0.775434,32.0,35.0,BSHM,26.4554,1646642400.0
0.774953,32.0,35.0,BSHM,26.7029,1646642700.0
0.774502,32.0,35.0,BSHM,27.1718,1646643000.0
1.39761,32.0,35.0,BSHM,28.0408,1646643300.0
1.36051,32.0,35.0,BSHM,23.6725,1646645400.0
1.3058,32.0,35.0,BSHM,23.4508,1646645700.0
0.922362,32.0,35.0,BSHM,25.0924,1646646000.0
0.965032,32.0,35.0,BSHM,26.8047,1646646300.0
0.930027,32.0,35.0,BSHM,26.1957,1646646600.0
0.96756,32.0,35.0,BSHM,26.2443,1646646900.0
1.32853,32.0,35.0,BSHM,25.9024,1646647200.0
1.49635,32.0,35.0,BSHM,24.9767,1646649300.0
1.01329,32.0,35.0,BSHM,25.0414,1646649600.0
0.721143,32.0,35.0,BSHM,25.2181,1646649900.0
0.794122,32.0,35.0,BSHM,25.3484,1646650200.0
0.69533,32.0,35.0,BSHM,25.5661,1646650500.0
0.567362,32.0,35.0,BSHM,25.9304,1646650800.0
0.614817,32.0,35.0,BSHM,26.0039,1646651100.0
0.498727,32.0,35.0,BSHM,26.4129,1646651400.0
0.494578,32.0,35.0,BSHM,26.7352,1646651700.0
0.529028,32.0,35.0,BSHM,26.9757,1646652000.0
0.527034,32.0,35.0,BSHM,27.3189,1646652300.0
0.524886,32.0,35.0,BSHM,27.484,1646652600.0
0.562889,32.0,35.0,BSHM,27.8901,1646652900.0
0.657545,32.0,35.0,BSHM,27.9705,1646653200.0
0.703784,32.0,35.0,BSHM,28.0125,1646653500.0
0.782659,32.0,35.0,BSHM,28.0459,1646653800.0
0.671082,32.0,35.0,BSHM,28.3951,1646654100.0
0.560205,32.0,35.0,BSHM,28.8086,1646654400.0
0.552023,32.0,35.0,BSHM,28.5373,1646654700.0
0.512273,32.0,35.0,BSHM,28.2084,1646655000.0
0.451997,32.0,35.0,BSHM,28.0038,1646655300.0
0.440315,32.0,35.0,BSHM,27.7527,1646655600.0
0.420011,32.0,35.0,BSHM,27.5712,1646655900.0
0.418372,32.0,35.0,BSHM,27.366,1646656200.0
0.437668,32.0,35.0,BSHM,27.4082,1646656500.0
0.45412,32.0,35.0,BSHM,27.0132,1646656800.0
0.436195,32.0,35.0,BSHM,26.6983,1646657100.0
0.485051,32.0,35.0,BSHM,26.3252,1646657400.0
0.499093,32.0,35.0,BSHM,26.1708,1646657700.0
0.491984,32.0,35.0,BSHM,25.4491,1646658000.0
0.438566,32.0,35.0,BSHM,25.0885,1646658300.0
0.449528,32.0,35.0,BSHM,24.4791,1646658600.0
0.433624,32.0,35.0,BSHM,24.3469,1646658900.0
0.424394,32.0,35.0,BSHM,24.3647,1646659200.0
0.424311,32.0,35.0,BSHM,24.4234,1646659500.0
0.451845,32.0,35.0,BSHM,24.2343,1646659800.0
0.496962,32.0,35.0,BSHM,24.6947,1646660100.0
0.506646,32.0,35.0,BSHM,25.2398,1646660400.0
0.565119,32.0,35.0,BSHM,25.6986,1646660700.0
0.550294,32.0,35.0,BSHM,25.4739,1646661000.0
0.645617,32.0,35.0,BSHM,25.3186,1646661300.0
0.799393,32.0,35.0,BSHM,25.3505,1646661600.0
0.639365,32.0,35.0,BSHM,24.7474,1646661900.0
0.684581,32.0,35.0,BSHM,24.3932,1646662200.0
0.571281,32.0,35.0,BSHM,24.3966,1646662500.0
0.609351,32.0,35.0,BSHM,23.9029,1646662800.0
0.565101,32.0,35.0,BSHM,23.8319,1646663100.0
0.559366,32.0,35.0,BSHM,23.7248,1646663400.0
0.675728,32.0,35.0,BSHM,23.6436,1646663700.0
0.712442,32.0,35.0,BSHM,23.5738,1646664000.0
0.687173,32.0,35.0,BSHM,23.5393,1646664300.0
0.684903,32.0,35.0,BSHM,23.2514,1646664600.0
0.617294,32.0,35.0,BSHM,22.9733,1646664900.0
0.677462,32.0,35.0,BSHM,22.1628,1646665200.0
0.631314,32.0,35.0,BSHM,21.7575,1646665500.0
0.60896,32.0,35.0,BSHM,21.384,1646665800.0
0.623647,32.0,35.0,BSHM,20.9514,1646666100.0
0.672012,32.0,35.0,BSHM,19.7367,1646666400.0
0.824443,32.0,35.0,BSHM,19.6953,1646666700.0
0.770363,32.0,35.0,BSHM,17.8317,1646667000.0
0.767377,32.0,35.0,BSHM,17.4997,1646667300.0
0.937937,32.0,35.0,BSHM,16.336,1646667600.0
1.76797,32.0,35.0,BSHM,14.251,1646670300.0
0.991479,32.0,35.0,BSHM,14.4055,1646670600.0
0.819542,32.0,35.0,BSHM,13.9014,1646670900.0
0.821138,32.0,35.0,BSHM,13.5942,1646671200.0
0.75125,32.0,35.0,BSHM,13.3964,1646671500.0
0.586449,32.0,35.0,BSHM,13.1523,1646671800.0
0.572312,32.0,35.0,BSHM,12.8241,1646672100.0
0.580097,32.0,35.0,BSHM,12.5355,1646672400.0
0.572695,32.0,35.0,BSHM,12.2175,1646672700.0
0.56773,32.0,35.0,BSHM,11.9033,1646673000.0
0.536225,32.0,35.0,BSHM,11.6743,1646673300.0
0.627652,32.0,35.0,BSHM,11.3146,1646673600.0
0.64683,32.0,35.0,BSHM,10.8098,1646673900.0
0.699823,32.0,35.0,BSHM,10.3041,1646674200.0
0.695808,32.0,35.0,BSHM,9.72067,1646674500.0
0.581455,32.0,35.0,BSHM,9.19051,1646674800.0
0.612854,32.0,35.0,BSHM,8.77861,1646675100.0
0.621705,32.0,35.0,BSHM,8.48413,1646675400.0
0.629512,32.0,35.0,BSHM,7.8602,1646675700.0
0.583398,32.0,35.0,BSHM,7.72431,1646676000.0
0.65624,32.0,35.0,BSHM,8.1205,1646676300.0
0.595298,32.0,35.0,BSHM,7.929,1646676600.0
0.535241,32.0,35.0,BSHM,7.75556,1646676900.0
0.53918,32.0,35.0,BSHM,7.70003,1646677200.0
0.550025,32.0,35.0,BSHM,7.55732,1646677500.0
0.58668,32.0,35.0,BSHM,7.40046,1646677800.0
0.577232,32.0,35.0,BSHM,7.04098,1646678100.0
0.519294,32.0,35.0,BSHM,6.77355,1646678400.0
0.553777,32.0,35.0,BSHM,6.65525,1646678700.0
0.51766,32.0,35.0,BSHM,6.41376,1646679000.0
0.623179,32.0,35.0,BSHM,6.47959,1646679300.0
0.561114,32.0,35.0,BSHM,6.53293,1646679600.0
0.526393,32.0,35.0,BSHM,6.62028,1646679900.0
0.501982,32.0,35.0,BSHM,6.73154,1646680200.0
0.463598,32.0,35.0,BSHM,6.7394,1646680500.0
0.48169,32.0,35.0,BSHM,6.76485,1646680800.0
0.523642,32.0,35.0,BSHM,6.82436,1646681100.0
0.522016,32.0,35.0,BSHM,6.67336,1646681400.0
0.444353,32.0,35.0,BSHM,6.52569,1646681700.0
0.485056,32.0,35.0,BSHM,6.4115,1646682000.0
0.569989,32.0,35.0,BSHM,6.27073,1646682300.0
0.54458,32.0,35.0,BSHM,6.41005,1646682600.0
0.535011,32.0,35.0,BSHM,6.59499,1646682900.0
0.687927,32.0,35.0,BSHM,6.74667,1646683200.0
0.667903,32.0,35.0,BSHM,6.98123,1646683500.0
0.708679,32.0,35.0,BSHM,6.9869,1646683800.0
0.705396,32.0,35.0,BSHM,7.00972,1646684100.0
0.597426,32.0,35.0,BSHM,6.6841,1646684400.0
0.543081,32.0,35.0,BSHM,6.45381,1646684700.0
0.554975,32.0,35.0,BSHM,6.35619,1646685000.0
0.505042,32.0,35.0,BSHM,6.21521,1646685300.0
0.545642,32.0,35.0,BSHM,6.19663,1646685600.0
0.595327,32.0,35.0,BSHM,6.24476,1646685900.0
0.505757,32.0,35.0,BSHM,6.18091,1646686200.0
0.537952,32.0,35.0,BSHM,6.14496,1646686500.0
0.497683,32.0,35.0,BSHM,6.22109,1646686800.0
0.468068,32.0,35.0,BSHM,6.1894,1646687100.0
0.413619,32.0,35.0,BSHM,6.3265,1646687400.0
0.450379,32.0,35.0,BSHM,6.33262,1646687700.0
0.421626,32.0,35.0,BSHM,6.41309,1646688000.0
0.452985,32.0,35.0,BSHM,6.41708,1646688300.0
0.599588,32.0,35.0,BSHM,6.47505,1646688600.0
0.519163,32.0,35.0,BSHM,6.31393,1646688900.0
0.612473,32.0,35.0,BSHM,6.23616,1646689200.0
0.85689,32.0,35.0,BSHM,6.64486,1646689500.0
1.37154,32.0,35.0,BSHM,6.88081,1646689800.0
1.37775,32.0,35.0,BSHM,6.79851,1646690100.0
1.17633,32.0,35.0,BSHM,6.70482,1646690400.0
1.40933,32.0,35.0,BSHM,6.61613,1646690700.0
1.41596,32.0,35.0,BSHM,6.52636,1646691000.0
0.792324,32.0,35.0,BSHM,6.68578,1646691300.0
0.957129,32.0,35.0,BSHM,6.81492,1646691600.0
0.716449,32.0,35.0,BSHM,6.87768,1646691900.0
0.757542,32.0,35.0,BSHM,6.8796,1646692200.0
0.661558,32.0,35.0,BSHM,7.00426,1646692500.0
0.541754,32.0,35.0,BSHM,7.11263,1646692800.0
0.498909,32.0,35.0,BSHM,7.21217,1646693100.0
0.532839,32.0,35.0,BSHM,7.28264,1646693400.0
0.493392,32.0,35.0,BSHM,7.20087,1646693700.0
0.466643,32.0,35.0,BSHM,7.18078,1646694000.0
0.496907,32.0,35.0,BSHM,7.22939,1646694300.0
0.49605,32.0,35.0,BSHM,7.27761,1646694600.0
0.587387,32.0,35.0,BSHM,7.17717,1646694900.0
0.598907,32.0,35.0,BSHM,7.2364,1646695200.0
0.770512,32.0,35.0,BSHM,7.29355,1646695500.0
0.993486,32.0,35.0,BSHM,7.16246,1646695800.0
0.940255,32.0,35.0,BSHM,7.91294,1646696100.0
0.76138,32.0,35.0,BSHM,7.9716,1646696400.0
0.759475,32.0,35.0,BSHM,8.0391,1646696700.0
0.75861,32.0,35.0,BSHM,8.11428,1646697000.0
0.758533,32.0,35.0,BSHM,8.17961,1646697300.0
1.33173,35.0,33.0,NICO,5.35506,1646611200.0
0.943866,35.0,33.0,NICO,5.52047,1646611500.0
0.764459,35.0,33.0,NICO,5.3701,1646611800.0
0.597037,35.0,33.0,NICO,5.35793,1646612100.0
0.932463,35.0,33.0,NICO,5.48339,1646612400.0
0.933717,35.0,33.0,NICO,5.61363,1646612700.0
1.00557,35.0,33.0,NICO,5.64502,1646613000.0
1.30214,35.0,33.0,NICO,5.32046,1646613300.0
1.30259,35.0,33.0,NICO,5.38631,1646616600.0
1.30228,35.0,33.0,NICO,5.31547,1646616900.0
1.31104,35.0,33.0,NICO,5.19224,1646617200.0
0.75344,35.0,33.0,NICO,5.5322,1646617500.0
0.662557,35.0,33.0,NICO,5.23562,1646617800.0
0.504018,35.0,33.0,NICO,5.25852,1646618100.0
0.496085,35.0,33.0,NICO,5.14313,1646618400.0
0.587143,35.0,33.0,NICO,4.99312,1646618700.0
0.599142,35.0,33.0,NICO,4.9198,1646619000.0
0.929618,35.0,33.0,NICO,4.83042,1646619300.0
1.30478,35.0,33.0,NICO,7.10212,1646625300.0
1.30366,35.0,33.0,NICO,7.27402,1646625600.0
1.30748,35.0,33.0,NICO,9.30779,1646627400.0
0.81286,35.0,33.0,NICO,12.0215,1646631300.0
0.619343,35.0,33.0,NICO,12.1836,1646631600.0
0.526599,35.0,33.0,NICO,12.6067,1646631900.0
0.518504,35.0,33.0,NICO,13.0643,1646632200.0
0.579096,35.0,33.0,NICO,13.4806,1646632500.0
1.35928,35.0,33.0,NICO,13.858,1646632800.0
0.766781,35.0,33.0,NICO,15.7853,1646635500.0
0.764911,35.0,33.0,NICO,16.0912,1646635800.0
0.669146,35.0,33.0,NICO,16.3755,1646636100.0
0.775191,35.0,33.0,NICO,16.8118,1646636400.0
1.35714,35.0,33.0,NICO,17.1273,1646636700.0
1.30877,35.0,33.0,NICO,20.2397,1646637000.0
1.30485,35.0,33.0,NICO,20.3866,1646638800.0
1.30572,35.0,33.0,NICO,20.6087,1646639100.0
1.30435,35.0,33.0,NICO,20.7123,1646639400.0
1.30103,35.0,33.0,NICO,21.8825,1646641500.0
0.927231,35.0,33.0,NICO,21.1153,1646641800.0
0.922332,35.0,33.0,NICO,21.4337,1646642100.0
1.6132,35.0,33.0,NICO,21.3098,1646645700.0
0.782215,35.0,33.0,NICO,21.4176,1646646000.0
0.784756,35.0,33.0,NICO,21.9374,1646646300.0
0.558462,35.0,33.0,NICO,22.5418,1646646600.0
0.480993,35.0,33.0,NICO,22.9303,1646646900.0
0.477377,35.0,33.0,NICO,23.2368,1646647200.0
0.501423,35.0,33.0,NICO,23.764,1646647500.0
0.676415,35.0,33.0,NICO,23.7492,1646647800.0
1.00741,35.0,33.0,NICO,25.0199,1646648100.0
1.32265,35.0,33.0,NICO,26.9615,1646648400.0
1.48712,35.0,33.0,NICO,27.2118,1646648700.0
1.30641,35.0,33.0,NICO,24.3625,1646649900.0
1.30546,35.0,33.0,NICO,24.438,1646650200.0
1.31047,35.0,33.0,NICO,24.8693,1646650500.0
1.31148,35.0,33.0,NICO,23.5477,1646651700.0
1.30883,35.0,33.0,NICO,23.3161,1646652000.0
0.787369,35.0,33.0,NICO,23.931,1646653200.0
0.530907,35.0,33.0,NICO,23.9123,1646653500.0
0.456584,35.0,33.0,NICO,24.1274,1646653800.0
0.560014,35.0,33.0,NICO,23.8249,1646654100.0
0.715395,35.0,33.0,NICO,23.9423,1646654400.0
0.976013,35.0,33.0,NICO,24.0851,1646654700.0
1.05484,35.0,33.0,NICO,24.1453,1646655900.0
0.767962,35.0,33.0,NICO,24.0719,1646656200.0
0.676025,35.0,33.0,NICO,23.9995,1646656500.0
0.775604,35.0,33.0,NICO,23.8575,1646656800.0
0.773131,35.0,33.0,NICO,23.7233,1646657100.0
1.0675,35.0,33.0,NICO,23.7407,1646657400.0
1.30331,35.0,33.0,NICO,23.0649,1646658300.0
1.3026,35.0,33.0,NICO,22.7813,1646658600.0
1.30266,35.0,33.0,NICO,23.3558,1646658900.0
1.30234,35.0,33.0,NICO,23.2729,1646659200.0
0.619296,35.0,33.0,NICO,22.5561,1646659500.0
0.566964,35.0,33.0,NICO,22.0886,1646659800.0
0.518053,35.0,33.0,NICO,22.1646,1646660100.0
0.569137,35.0,33.0,NICO,22.3351,1646660400.0
0.624816,35.0,33.0,NICO,22.6185,1646660700.0
0.94903,35.0,33.0,NICO,22.4552,1646661000.0
1.30283,35.0,33.0,NICO,22.3883,1646661300.0
1.30183,35.0,33.0,NICO,22.0669,1646661900.0
1.30261,35.0,33.0,NICO,21.7095,1646662200.0
1.30224,35.0,33.0,NICO,19.911,1646665500.0
1.30135,35.0,33.0,NICO,19.8129,1646665800.0
1.31508,35.0,33.0,NICO,16.0536,1646668500.0
0.792621,35.0,33.0,NICO,15.532,1646668800.0
0.588769,35.0,33.0,NICO,14.7709,1646669100.0
0.698412,35.0,33.0,NICO,14.7377,1646669400.0
0.786995,35.0,33.0,NICO,14.2831,1646669700.0
0.790056,35.0,33.0,NICO,13.8327,1646670000.0
0.958682,35.0,33.0,NICO,13.4786,1646670300.0
1.60916,35.0,33.0,NICO,13.2222,1646670600.0
1.30176,35.0,33.0,NICO,10.4959,1646670900.0
1.302,35.0,33.0,NICO,10.2129,1646671200.0
1.30553,35.0,33.0,NICO,9.51258,1646674200.0
1.30297,35.0,33.0,NICO,9.17994,1646674500.0
1.30766,35.0,33.0,NICO,8.91884,1646674800.0
0.924452,35.0,33.0,NICO,7.27414,1646675100.0
0.656169,35.0,33.0,NICO,6.51197,1646675400.0
0.584956,35.0,33.0,NICO,5.89333,1646675700.0
0.532622,35.0,33.0,NICO,5.80982,1646676000.0
0.53258,35.0,33.0,NICO,5.71587,1646676300.0
0.583586,35.0,33.0,NICO,5.67828,1646676600.0
0.754044,35.0,33.0,NICO,5.62624,1646676900.0
0.760864,35.0,33.0,NICO,5.29796,1646677200.0
0.756118,35.0,33.0,NICO,5.25445,1646677500.0
0.6589,35.0,33.0,NICO,5.25484,1646677800.0
0.758334,35.0,33.0,NICO,5.25304,1646678100.0
0.77291,35.0,33.0,NICO,6.07757,1646678400.0
0.772188,35.0,33.0,NICO,8.29754,1646678700.0
1.30322,35.0,33.0,NICO,11.3126,1646679000.0
1.35794,35.0,33.0,NICO,7.45923,1646680500.0
1.41106,35.0,33.0,NICO,7.41222,1646680800.0
0.757941,35.0,33.0,NICO,4.95858,1646681400.0
0.656444,35.0,33.0,NICO,4.80606,1646681700.0
0.47073,35.0,33.0,NICO,4.85127,1646682000.0
0.535329,35.0,33.0,NICO,4.74861,1646682300.0
0.548506,35.0,33.0,NICO,4.7898,1646682600.0
0.770148,35.0,33.0,NICO,4.89318,1646682900.0
1.30136,35.0,33.0,NICO,6.83056,1646683800.0
0.757763,35.0,33.0,NICO,4.68269,1646686200.0
0.753213,35.0,33.0,NICO,4.77609,1646686500.0
0.535789,35.0,33.0,NICO,4.8986,1646686800.0
0.653393,35.0,33.0,NICO,5.01297,1646687100.0
0.436903,35.0,33.0,NICO,4.97148,1646687400.0
0.441307,35.0,33.0,NICO,4.91099,1646687700.0
0.654717,35.0,33.0,NICO,4.9372,1646688000.0
0.662534,35.0,33.0,NICO,4.98838,1646688300.0
0.926378,35.0,33.0,NICO,5.03072,1646688600.0
1.30994,35.0,33.0,NICO,6.20305,1646689800.0
1.30548,35.0,33.0,NICO,6.11819,1646690100.0
0.585116,35.0,33.0,NICO,5.37535,1646690400.0
0.53393,35.0,33.0,NICO,5.38971,1646690700.0
0.584393,35.0,33.0,NICO,5.4751,1646691000.0
0.586913,35.0,33.0,NICO,5.58052,1646691300.0
0.754902,35.0,33.0,NICO,5.79024,1646691600.0
1.30845,35.0,33.0,NICO,5.86404,1646691900.0
1.30234,35.0,33.0,NICO,6.39295,1646693100.0
1.3028,35.0,33.0,NICO,6.27565,1646693400.0
1.38617,35.0,33.0,NICO,6.73261,1646694300.0
0.766532,35.0,33.0,NICO,6.8914,1646694600.0
0.7643,35.0,33.0,NICO,7.07096,1646694900.0
0.763441,35.0,33.0,NICO,6.61986,1646695200.0
0.931004,35.0,33.0,NICO,6.34145,1646695500.0
0.761883,35.0,33.0,NICO,6.39761,1646695800.0
0.771634,35.0,33.0,NICO,6.37108,1646696100.0
1.30277,35.0,33.0,NICO,5.44981,1646696400.0
1.30596,35.0,33.0,NICO,4.76946,1646697000.0
0.785705,35.0,33.0,NICO,5.61142,1646697300.0
1.30202,40.0,44.0,ARUC,8.00365,1646697900.0
0.920981,40.0,44.0,ARUC,8.17734,1646698200.0
1.30202,40.0,44.0,ARUC,7.45813,1646698500.0
1.30197,40.0,44.0,ARUC,7.08458,1646698800.0
1.30241,40.0,44.0,ARUC,6.8293,1646699100.0
0.949758,40.0,44.0,ARUC,7.88082,1646699400.0
1.30198,40.0,44.0,ARUC,8.33599,1646699700.0
1.30445,40.0,44.0,ARUC,4.57626,1646700600.0
0.922178,40.0,44.0,ARUC,4.2873,1646700900.0
0.92175,40.0,44.0,ARUC,4.50989,1646701200.0
0.921792,40.0,44.0,ARUC,4.6851,1646701500.0
0.927584,40.0,44.0,ARUC,4.57579,1646701800.0
0.369483,40.0,44.0,ARUC,4.38688,1646702100.0
0.470928,40.0,44.0,ARUC,4.60971,1646702400.0
1.30308,40.0,44.0,ARUC,5.01771,1646702700.0
1.30445,40.0,44.0,ARUC,5.05353,1646703000.0
1.30349,40.0,44.0,ARUC,3.08711,1646703600.0
1.30577,40.0,44.0,ARUC,3.13318,1646703900.0
0.776716,40.0,44.0,ARUC,3.86736,1646706900.0
0.946012,40.0,44.0,ARUC,3.31229,1646707200.0
1.30134,40.0,44.0,ARUC,6.3563,1646707800.0
1.30133,40.0,44.0,ARUC,6.42468,1646708100.0
1.3036,40.0,44.0,ARUC,6.90686,1646709000.0
1.30168,40.0,44.0,ARUC,7.18347,1646709300.0
1.30165,40.0,44.0,ARUC,7.69102,1646709600.0
1.30177,40.0,44.0,ARUC,8.23769,1646709900.0
0.92089,40.0,44.0,ARUC,8.18488,1646710200.0
1.30185,40.0,44.0,ARUC,9.6228,1646710500.0
0.751943,40.0,44.0,ARUC,9.64854,1646710800.0
0.751811,40.0,44.0,ARUC,10.3463,1646711100.0
0.920883,40.0,44.0,ARUC,10.651,1646711400.0
0.921011,40.0,44.0,ARUC,11.1973,1646711700.0
0.922033,40.0,44.0,ARUC,11.4533,1646712000.0
0.537737,40.0,44.0,ARUC,10.4158,1646712300.0
0.398534,40.0,44.0,ARUC,10.1571,1646712600.0
0.926198,40.0,44.0,ARUC,11.4447,1646712900.0
0.921234,40.0,44.0,ARUC,11.758,1646713200.0
0.921651,40.0,44.0,ARUC,12.1754,1646713500.0
1.30359,40.0,44.0,ARUC,13.3939,1646714700.0
1.30682,40.0,44.0,ARUC,12.2562,1646715600.0
1.30539,40.0,44.0,ARUC,12.3882,1646715900.0
1.30211,40.0,44.0,ARUC,16.3349,1646718300.0
1.3012,40.0,44.0,ARUC,16.3864,1646718600.0
1.30123,40.0,44.0,ARUC,16.4724,1646718900.0
1.30351,40.0,44.0,ARUC,13.2521,1646719500.0
1.30482,40.0,44.0,ARUC,13.295,1646719800.0
1.30163,40.0,44.0,ARUC,17.1023,1646720100.0
1.30423,40.0,44.0,ARUC,17.2817,1646720400.0
0.760823,40.0,44.0,ARUC,14.7841,1646720700.0
0.582803,40.0,44.0,ARUC,15.2762,1646721000.0
0.651522,40.0,44.0,ARUC,15.4309,1646721300.0
1.30322,40.0,44.0,ARUC,17.6012,1646723400.0
0.923715,40.0,44.0,ARUC,16.8533,1646723700.0
0.921757,40.0,44.0,ARUC,16.5509,1646724000.0
0.92136,40.0,44.0,ARUC,16.6369,1646724300.0
0.921429,40.0,44.0,ARUC,16.6901,1646724600.0
1.30242,40.0,44.0,ARUC,17.5788,1646724900.0
0.942363,40.0,44.0,ARUC,18.0931,1646725500.0
0.934572,40.0,44.0,ARUC,18.3902,1646725800.0
0.936859,40.0,44.0,ARUC,18.7168,1646726100.0
1.32133,40.0,44.0,ARUC,18.9882,1646726400.0
1.31935,40.0,44.0,ARUC,19.3664,1646726700.0
1.31928,40.0,44.0,ARUC,19.6981,1646727000.0
0.927731,40.0,44.0,ARUC,19.9877,1646727300.0
1.35915,40.0,44.0,ARUC,20.313,1646727600.0
1.3021,40.0,44.0,ARUC,21.0508,1646728500.0
1.32244,40.0,44.0,ARUC,20.1997,1646728800.0
0.921563,40.0,44.0,ARUC,21.4043,1646729100.0
0.653383,40.0,44.0,ARUC,20.6896,1646729400.0
0.753554,40.0,44.0,ARUC,20.2667,1646729700.0
0.753519,40.0,44.0,ARUC,20.1948,1646730000.0
0.925095,40.0,44.0,ARUC,19.4683,1646730300.0
1.30685,40.0,44.0,ARUC,24.0038,1646732400.0
1.30277,40.0,44.0,ARUC,22.3526,1646733900.0
1.3186,40.0,44.0,ARUC,19.7803,1646735700.0
1.30913,40.0,44.0,ARUC,19.9046,1646736000.0
1.30844,40.0,44.0,ARUC,20.1755,1646736300.0
1.30786,40.0,44.0,ARUC,20.4403,1646736600.0
1.30854,40.0,44.0,ARUC,20.5682,1646736900.0
0.497758,40.0,44.0,ARUC,19.8656,1646737200.0
0.493913,40.0,44.0,ARUC,20.3366,1646737500.0
0.925455,40.0,44.0,ARUC,20.843,1646737800.0
0.94433,40.0,44.0,ARUC,20.6059,1646738100.0
1.30217,40.0,44.0,ARUC,20.1981,1646738400.0
1.30226,40.0,44.0,ARUC,20.2249,1646738700.0
1.31056,40.0,44.0,ARUC,19.0162,1646739000.0
1.30212,40.0,44.0,ARUC,18.37,1646742300.0
1.30188,40.0,44.0,ARUC,18.2887,1646742600.0
1.3018,40.0,44.0,ARUC,18.248,1646742900.0
1.3018,40.0,44.0,ARUC,18.1443,1646743200.0
0.92176,40.0,44.0,ARUC,19.4189,1646743500.0
0.753598,40.0,44.0,ARUC,19.9225,1646743800.0
0.922065,40.0,44.0,ARUC,19.3536,1646744100.0
0.349697,40.0,44.0,ARUC,17.8155,1646744400.0
0.438935,40.0,44.0,ARUC,17.6723,1646744700.0
0.920723,40.0,44.0,ARUC,18.1153,1646745000.0
0.921547,40.0,44.0,ARUC,18.1568,1646745300.0
1.30338,40.0,44.0,ARUC,17.9624,1646745600.0
1.30272,40.0,44.0,ARUC,17.9227,1646745900.0
0.922144,40.0,44.0,ARUC,18.9259,1646746200.0
1.30291,40.0,44.0,ARUC,17.6441,1646746500.0
1.30769,40.0,44.0,ARUC,17.602,1646746800.0
1.30297,40.0,44.0,ARUC,19.0827,1646747700.0
1.30125,40.0,44.0,ARUC,18.4659,1646749200.0
1.30126,40.0,44.0,ARUC,18.2034,1646749500.0
1.30264,40.0,44.0,ARUC,13.8518,1646752200.0
0.921495,40.0,44.0,ARUC,11.7707,1646752500.0
0.922129,40.0,44.0,ARUC,11.4622,1646752800.0
0.761779,40.0,44.0,ARUC,11.3112,1646753100.0
0.497188,40.0,44.0,ARUC,10.867,1646753400.0
0.446126,40.0,44.0,ARUC,10.5482,1646753700.0
0.342599,40.0,44.0,ARUC,10.5419,1646754000.0
0.470773,40.0,44.0,ARUC,10.1678,1646754300.0
0.927104,40.0,44.0,ARUC,10.5153,1646754600.0
0.92449,40.0,44.0,ARUC,10.3987,1646754900.0
0.927142,40.0,44.0,ARUC,10.251,1646755200.0
1.30599,40.0,44.0,ARUC,9.93126,1646755500.0
1.30369,40.0,44.0,ARUC,10.9378,1646755800.0
1.3096,40.0,44.0,ARUC,8.01719,1646756400.0
1.30767,40.0,44.0,ARUC,7.90941,1646756700.0
0.922585,40.0,44.0,ARUC,9.03642,1646757000.0
0.75345,40.0,44.0,ARUC,7.94768,1646757300.0
0.592902,40.0,44.0,ARUC,7.47539,1646757600.0
0.370125,40.0,44.0,ARUC,7.6779,1646757900.0
0.676054,40.0,44.0,ARUC,7.82813,1646758200.0
1.30536,40.0,44.0,ARUC,8.47357,1646758500.0
1.30559,40.0,44.0,ARUC,8.46028,1646758800.0
1.30527,40.0,44.0,ARUC,8.51753,1646759100.0
1.32608,40.0,44.0,ARUC,8.57549,1646759400.0
1.30624,40.0,44.0,ARUC,4.03198,1646761200.0
1.30485,40.0,44.0,ARUC,3.96175,1646761500.0
0.923007,40.0,44.0,ARUC,6.21052,1646761800.0
0.753693,40.0,44.0,ARUC,6.01351,1646762100.0
0.753337,40.0,44.0,ARUC,6.07325,1646762400.0
0.753451,40.0,44.0,ARUC,6.08379,1646762700.0
0.753585,40.0,44.0,ARUC,6.09822,1646763000.0
0.754373,40.0,44.0,ARUC,6.09483,1646763300.0
0.933919,40.0,44.0,ARUC,5.82249,1646763600.0
1.30254,40.0,44.0,ARUC,5.2557,1646763900.0
1.30268,40.0,44.0,ARUC,5.04078,1646764200.0
1.30843,40.0,44.0,ARUC,5.00044,1646764500.0
0.772386,40.0,44.0,ARUC,4.56932,1646764800.0
0.601155,40.0,44.0,ARUC,4.51388,1646765100.0
0.923738,40.0,44.0,ARUC,4.41613,1646766300.0
1.3048,40.0,44.0,ARUC,5.08694,1646766600.0
1.30521,40.0,44.0,ARUC,4.91571,1646766900.0
0.924055,40.0,44.0,ARUC,4.86837,1646767200.0
0.922302,40.0,44.0,ARUC,4.86593,1646767500.0
0.921959,40.0,44.0,ARUC,4.90628,1646767800.0
0.92239,40.0,44.0,ARUC,4.97085,1646768100.0
1.30732,40.0,44.0,ARUC,5.63761,1646768400.0
1.30669,40.0,44.0,ARUC,5.80139,1646768700.0
1.30614,40.0,44.0,ARUC,5.97985,1646769000.0
1.35349,40.0,44.0,ARUC,6.04419,1646769300.0
0.935982,40.0,44.0,ARUC,4.10716,1646770200.0
0.922859,40.0,44.0,ARUC,4.15536,1646770500.0
1.30712,40.0,44.0,ARUC,4.91241,1646770800.0
0.933757,40.0,44.0,ARUC,4.99258,1646771100.0
0.925732,40.0,44.0,ARUC,5.14607,1646771400.0
0.653354,40.0,44.0,ARUC,6.13138,1646771700.0
0.653267,40.0,44.0,ARUC,6.22798,1646772000.0
0.754236,40.0,44.0,ARUC,6.5345,1646772300.0
0.652681,40.0,44.0,ARUC,5.83383,1646772600.0
0.754409,40.0,44.0,ARUC,5.30751,1646772900.0
1.30436,40.0,44.0,ARUC,6.39425,1646773200.0
0.629219,40.0,44.0,ARUC,3.78232,1646774100.0
0.490536,40.0,44.0,ARUC,3.69488,1646774400.0
1.30441,40.0,44.0,ARUC,3.77648,1646774700.0
0.922263,40.0,44.0,ARUC,6.0615,1646775900.0
0.921903,40.0,44.0,ARUC,6.14121,1646776200.0
1.30411,40.0,44.0,ARUC,5.28825,1646776500.0
1.30378,40.0,44.0,ARUC,5.20574,1646776800.0
0.92408,40.0,44.0,ARUC,6.19154,1646777100.0
1.30278,40.0,44.0,ARUC,7.35535,1646777400.0
1.30282,40.0,44.0,ARUC,7.57617,1646777700.0
1.30303,40.0,44.0,ARUC,7.71567,1646778000.0
1.30712,40.0,44.0,ARUC,2.83945,1646779800.0
1.30588,40.0,44.0,ARUC,2.8319,1646780100.0
1.31351,40.0,44.0,ARUC,5.31143,1646780700.0
1.31118,40.0,44.0,ARUC,5.3937,1646781000.0
1.31036,40.0,44.0,ARUC,5.50867,1646781300.0
1.31131,40.0,44.0,ARUC,5.68076,1646781600.0
0.708115,40.0,44.0,ARUC,6.11222,1646781900.0
0.468237,40.0,44.0,ARUC,5.24593,1646782200.0
0.383393,40.0,44.0,ARUC,5.39753,1646782500.0
0.440937,40.0,44.0,ARUC,4.91168,1646782800.0
0.594702,40.0,44.0,ARUC,4.74603,1646783100.0
1.40732,40.0,44.0,ARUC,6.18751,1646783700.0
0.756167,32.0,35.0,BSHM,6.58897,1646697600.0
0.926213,32.0,35.0,BSHM,6.48647,1646697900.0
0.929453,32.0,35.0,BSHM,6.51373,1646698200.0
0.921849,32.0,35.0,BSHM,5.87368,1646698500.0
1.30303,32.0,35.0,BSHM,5.77084,1646698800.0
0.929714,32.0,35.0,BSHM,5.81291,1646699100.0
0.752809,32.0,35.0,BSHM,5.68198,1646699400.0
0.652653,32.0,35.0,BSHM,5.69075,1646699700.0
0.532231,32.0,35.0,BSHM,5.89473,1646700000.0
0.466673,32.0,35.0,BSHM,5.87079,1646700300.0
0.463005,32.0,35.0,BSHM,5.78435,1646700600.0
0.436362,32.0,35.0,BSHM,5.91028,1646700900.0
0.413826,32.0,35.0,BSHM,6.00168,1646701200.0
0.413972,32.0,35.0,BSHM,6.0422,1646701500.0
0.587541,32.0,35.0,BSHM,6.13287,1646701800.0
0.653157,32.0,35.0,BSHM,6.44232,1646702100.0
0.753916,32.0,35.0,BSHM,6.40885,1646702400.0
0.92436,32.0,35.0,BSHM,6.45227,1646702700.0
1.31104,32.0,35.0,BSHM,6.47788,1646703000.0
0.943181,32.0,35.0,BSHM,6.18676,1646703300.0
0.927498,32.0,35.0,BSHM,5.77966,1646703600.0
0.92541,32.0,35.0,BSHM,5.73866,1646703900.0
0.75465,32.0,35.0,BSHM,5.68066,1646704200.0
0.655414,32.0,35.0,BSHM,5.70296,1646704500.0
0.587894,32.0,35.0,BSHM,5.34398,1646704800.0
0.585709,32.0,35.0,BSHM,5.25263,1646705100.0
0.66132,32.0,35.0,BSHM,5.53088,1646705400.0
0.760892,32.0,35.0,BSHM,5.51171,1646705700.0
0.938847,32.0,35.0,BSHM,5.36902,1646706000.0
1.30288,32.0,35.0,BSHM,2.40641,1646706600.0
1.30291,32.0,35.0,BSHM,2.45001,1646706900.0
1.30504,32.0,35.0,BSHM,4.2054,1646708400.0
0.926729,32.0,35.0,BSHM,4.19821,1646708700.0
0.92433,32.0,35.0,BSHM,4.20782,1646709000.0
0.7536,32.0,35.0,BSHM,4.24626,1646709300.0
0.652262,32.0,35.0,BSHM,4.45014,1646709600.0
0.583429,32.0,35.0,BSHM,4.5935,1646709900.0
0.493237,32.0,35.0,BSHM,5.10582,1646710200.0
0.493195,32.0,35.0,BSHM,5.44146,1646710500.0
0.537193,32.0,35.0,BSHM,5.70559,1646710800.0
0.582975,32.0,35.0,BSHM,6.28332,1646711100.0
0.586401,32.0,35.0,BSHM,7.19043,1646711400.0
0.654917,32.0,35.0,BSHM,7.76124,1646711700.0
0.670066,32.0,35.0,BSHM,8.53118,1646712000.0
0.665346,32.0,35.0,BSHM,9.05594,1646712300.0
0.776273,32.0,35.0,BSHM,9.58055,1646712600.0
0.779179,32.0,35.0,BSHM,10.0303,1646712900.0
0.73073,32.0,35.0,BSHM,10.4524,1646713200.0
0.619965,32.0,35.0,BSHM,10.9419,1646713500.0
0.611574,32.0,35.0,BSHM,11.4178,1646713800.0
0.653199,32.0,35.0,BSHM,11.8083,1646714100.0
0.583891,32.0,35.0,BSHM,12.1691,1646714400.0
0.493763,32.0,35.0,BSHM,12.5496,1646714700.0
0.461192,32.0,35.0,BSHM,12.9625,1646715000.0
0.493026,32.0,35.0,BSHM,13.3663,1646715300.0
0.437577,32.0,35.0,BSHM,13.584,1646715600.0
0.413783,32.0,35.0,BSHM,13.95,1646715900.0
0.385383,32.0,35.0,BSHM,14.34,1646716200.0
0.396096,32.0,35.0,BSHM,14.5782,1646716500.0
0.384688,32.0,35.0,BSHM,15.001,1646716800.0
0.416465,32.0,35.0,BSHM,15.32,1646717100.0
0.407199,32.0,35.0,BSHM,15.8132,1646717400.0
0.445233,32.0,35.0,BSHM,15.9091,1646717700.0
0.503993,32.0,35.0,BSHM,16.4499,1646718000.0
0.560358,32.0,35.0,BSHM,16.9216,1646718300.0
0.504695,32.0,35.0,BSHM,16.8078,1646718600.0
0.535694,32.0,35.0,BSHM,17.146,1646718900.0
0.58493,32.0,35.0,BSHM,17.1876,1646719200.0
0.497572,32.0,35.0,BSHM,17.5145,1646719500.0
0.46325,32.0,35.0,BSHM,17.8685,1646719800.0
0.494071,32.0,35.0,BSHM,18.1164,1646720100.0
0.462329,32.0,35.0,BSHM,18.2555,1646720400.0
0.49669,32.0,35.0,BSHM,18.3225,1646720700.0
0.533395,32.0,35.0,BSHM,18.3218,1646721000.0
0.493851,32.0,35.0,BSHM,17.5936,1646721300.0
0.532569,32.0,35.0,BSHM,17.2854,1646721600.0
0.531964,32.0,35.0,BSHM,18.3051,1646721900.0
0.583068,32.0,35.0,BSHM,18.4697,1646722200.0
0.582481,32.0,35.0,BSHM,18.5661,1646722500.0
0.531817,32.0,35.0,BSHM,18.5346,1646722800.0
0.49287,32.0,35.0,BSHM,18.6932,1646723100.0
0.49241,32.0,35.0,BSHM,18.3555,1646723400.0
0.460868,32.0,35.0,BSHM,18.2003,1646723700.0
0.435355,32.0,35.0,BSHM,18.4703,1646724000.0
0.492634,32.0,35.0,BSHM,18.5789,1646724300.0
0.532355,32.0,35.0,BSHM,18.4737,1646724600.0
0.582359,32.0,35.0,BSHM,18.5441,1646724900.0
0.582497,32.0,35.0,BSHM,18.5789,1646725200.0
0.752187,32.0,35.0,BSHM,18.9342,1646725500.0
0.922849,32.0,35.0,BSHM,18.9643,1646725800.0
1.3046,32.0,35.0,BSHM,18.9754,1646726100.0
2.11531,32.0,35.0,BSHM,20.6125,1646727300.0
1.40412,32.0,35.0,BSHM,20.9053,1646727600.0
1.41448,32.0,35.0,BSHM,21.2895,1646727900.0
0.969309,32.0,35.0,BSHM,21.5662,1646728200.0
0.776442,32.0,35.0,BSHM,22.1089,1646728500.0
0.788728,32.0,35.0,BSHM,22.5049,1646728800.0
0.801539,32.0,35.0,BSHM,23.0364,1646729100.0
0.781291,32.0,35.0,BSHM,23.3663,1646729400.0
0.939863,32.0,35.0,BSHM,23.6042,1646729700.0
0.938231,32.0,35.0,BSHM,24.0299,1646730000.0
0.943798,32.0,35.0,BSHM,24.3659,1646730300.0
1.30771,32.0,35.0,BSHM,24.4719,1646730600.0
1.30713,32.0,35.0,BSHM,23.1146,1646731800.0
0.92275,32.0,35.0,BSHM,24.5598,1646732100.0
0.935892,32.0,35.0,BSHM,24.6078,1646732400.0
1.30964,32.0,35.0,BSHM,26.3608,1646732700.0
1.32441,32.0,35.0,BSHM,26.4446,1646733000.0
1.3103,32.0,35.0,BSHM,25.3951,1646733600.0
1.68506,32.0,35.0,BSHM,26.6979,1646735700.0
1.00254,32.0,35.0,BSHM,26.9669,1646736000.0
0.714468,32.0,35.0,BSHM,27.3902,1646736300.0
0.801274,32.0,35.0,BSHM,27.8513,1646736600.0
0.696674,32.0,35.0,BSHM,28.3786,1646736900.0
0.645231,32.0,35.0,BSHM,28.5147,1646737200.0
0.541944,32.0,35.0,BSHM,28.3487,1646737500.0
0.487144,32.0,35.0,BSHM,28.5283,1646737800.0
0.497364,32.0,35.0,BSHM,28.6551,1646738100.0
0.576314,32.0,35.0,BSHM,28.5027,1646738400.0
0.566201,32.0,35.0,BSHM,28.56,1646738700.0
0.612194,32.0,35.0,BSHM,28.5003,1646739000.0
0.613052,32.0,35.0,BSHM,27.9932,1646739300.0
0.751315,32.0,35.0,BSHM,27.5153,1646739600.0
1.11197,32.0,35.0,BSHM,26.8422,1646739900.0
1.38801,32.0,35.0,BSHM,26.9453,1646740200.0
1.07794,32.0,35.0,BSHM,26.8472,1646740500.0
0.968432,32.0,35.0,BSHM,26.7672,1646740800.0
0.786979,32.0,35.0,BSHM,26.6233,1646741100.0
0.610826,32.0,35.0,BSHM,26.6173,1646741400.0
0.603324,32.0,35.0,BSHM,26.4609,1646741700.0
0.549815,32.0,35.0,BSHM,26.5092,1646742000.0
0.512774,32.0,35.0,BSHM,26.4901,1646742300.0
0.520499,32.0,35.0,BSHM,26.0322,1646742600.0
0.516966,32.0,35.0,BSHM,25.6584,1646742900.0
0.515367,32.0,35.0,BSHM,25.4949,1646743200.0
0.490667,32.0,35.0,BSHM,25.0331,1646743500.0
0.499079,32.0,35.0,BSHM,24.6885,1646743800.0
0.633099,32.0,35.0,BSHM,24.6703,1646744100.0
0.599361,32.0,35.0,BSHM,24.5584,1646744400.0
0.610504,32.0,35.0,BSHM,24.0701,1646744700.0
0.519453,32.0,35.0,BSHM,23.6896,1646745000.0
0.62637,32.0,35.0,BSHM,23.637,1646745300.0
0.638895,32.0,35.0,BSHM,23.5811,1646745600.0
0.67897,32.0,35.0,BSHM,23.1104,1646745900.0
0.559838,32.0,35.0,BSHM,22.601,1646746200.0
0.642459,32.0,35.0,BSHM,22.2071,1646746500.0
0.625403,32.0,35.0,BSHM,22.0749,1646746800.0
0.695828,32.0,35.0,BSHM,21.4718,1646747100.0
0.694196,32.0,35.0,BSHM,21.4603,1646747400.0
0.692388,32.0,35.0,BSHM,21.5053,1646747700.0
0.631111,32.0,35.0,BSHM,21.5647,1646748000.0
0.676965,32.0,35.0,BSHM,21.6227,1646748300.0
0.630473,32.0,35.0,BSHM,21.5792,1646748600.0
0.607424,32.0,35.0,BSHM,21.213,1646748900.0
0.609835,32.0,35.0,BSHM,21.2352,1646749200.0
0.614632,32.0,35.0,BSHM,21.233,1646749500.0
0.780417,32.0,35.0,BSHM,20.9725,1646749800.0
0.792153,32.0,35.0,BSHM,21.0415,1646750100.0
0.795759,32.0,35.0,BSHM,20.6307,1646750400.0
0.779339,32.0,35.0,BSHM,20.0456,1646750700.0
0.679075,32.0,35.0,BSHM,19.718,1646751000.0
0.675883,32.0,35.0,BSHM,19.4072,1646751300.0
0.618424,32.0,35.0,BSHM,18.8952,1646751600.0
0.552991,32.0,35.0,BSHM,18.8021,1646751900.0
0.522328,32.0,35.0,BSHM,19.1498,1646752200.0
0.565458,32.0,35.0,BSHM,18.1986,1646752500.0
0.696577,32.0,35.0,BSHM,18.1706,1646752800.0
0.738026,32.0,35.0,BSHM,18.096,1646753100.0
0.77147,32.0,35.0,BSHM,16.8971,1646753400.0
0.824602,32.0,35.0,BSHM,16.5177,1646753700.0
1.45402,32.0,35.0,BSHM,12.6269,1646756700.0
1.41244,32.0,35.0,BSHM,12.194,1646757000.0
1.42074,32.0,35.0,BSHM,11.7855,1646757300.0
1.03815,32.0,35.0,BSHM,11.3687,1646757600.0
0.736581,32.0,35.0,BSHM,11.1118,1646757900.0
0.652651,32.0,35.0,BSHM,10.9452,1646758200.0
0.604506,32.0,35.0,BSHM,10.2765,1646758500.0
0.575778,32.0,35.0,BSHM,9.96397,1646758800.0
0.566437,32.0,35.0,BSHM,9.75616,1646759100.0
0.546312,32.0,35.0,BSHM,9.98915,1646759400.0
0.655362,32.0,35.0,BSHM,9.7081,1646759700.0
0.730403,32.0,35.0,BSHM,9.70862,1646760000.0
0.807925,32.0,35.0,BSHM,9.50899,1646760300.0
0.802952,32.0,35.0,BSHM,9.00729,1646760600.0
0.631301,32.0,35.0,BSHM,8.63677,1646760900.0
0.623589,32.0,35.0,BSHM,8.20388,1646761200.0
0.586508,32.0,35.0,BSHM,7.77468,1646761500.0
0.600167,32.0,35.0,BSHM,7.50371,1646761800.0
0.58994,32.0,35.0,BSHM,7.26002,1646762100.0
0.68176,32.0,35.0,BSHM,7.07951,1646762400.0
0.62864,32.0,35.0,BSHM,6.85771,1646762700.0
0.565416,32.0,35.0,BSHM,6.69174,1646763000.0
0.536377,32.0,35.0,BSHM,6.45034,1646763300.0
0.610905,32.0,35.0,BSHM,6.3806,1646763600.0
0.56073,32.0,35.0,BSHM,5.98604,1646763900.0
0.554334,32.0,35.0,BSHM,5.75573,1646764200.0
0.555733,32.0,35.0,BSHM,5.64506,1646764500.0
0.568638,32.0,35.0,BSHM,5.54381,1646764800.0
0.511417,32.0,35.0,BSHM,5.44651,1646765100.0
0.622835,32.0,35.0,BSHM,5.44261,1646765400.0
0.808281,32.0,35.0,BSHM,5.43542,1646765700.0
0.65001,32.0,35.0,BSHM,5.53898,1646766000.0
0.602903,32.0,35.0,BSHM,5.50682,1646766300.0
0.50534,32.0,35.0,BSHM,5.36809,1646766600.0
0.486432,32.0,35.0,BSHM,5.2449,1646766900.0
0.566877,32.0,35.0,BSHM,5.07809,1646767200.0
0.530612,32.0,35.0,BSHM,4.95924,1646767500.0
0.437828,32.0,35.0,BSHM,4.992,1646767800.0
0.458619,32.0,35.0,BSHM,4.99972,1646768100.0
0.558218,32.0,35.0,BSHM,4.67085,1646768400.0
0.531239,32.0,35.0,BSHM,5.02975,1646768700.0
0.528309,32.0,35.0,BSHM,5.25912,1646769000.0
0.585741,32.0,35.0,BSHM,5.76996,1646769300.0
0.697248,32.0,35.0,BSHM,6.31248,1646769600.0
0.615692,32.0,35.0,BSHM,5.81207,1646769900.0
0.548778,32.0,35.0,BSHM,5.52239,1646770200.0
0.516638,32.0,35.0,BSHM,5.5291,1646770500.0
0.46853,32.0,35.0,BSHM,5.47085,1646770800.0
0.487569,32.0,35.0,BSHM,5.44331,1646771100.0
0.566712,32.0,35.0,BSHM,5.32702,1646771400.0
0.563413,32.0,35.0,BSHM,5.34803,1646771700.0
0.500523,32.0,35.0,BSHM,5.34261,1646772000.0
0.513225,32.0,35.0,BSHM,5.34638,1646772300.0
0.489386,32.0,35.0,BSHM,5.3705,1646772600.0
0.509942,32.0,35.0,BSHM,5.23859,1646772900.0
0.461047,32.0,35.0,BSHM,5.18236,1646773200.0
0.5127,32.0,35.0,BSHM,5.13228,1646773500.0
0.561643,32.0,35.0,BSHM,5.18774,1646773800.0
0.570518,32.0,35.0,BSHM,4.44407,1646774100.0
0.613449,32.0,35.0,BSHM,4.45895,1646774400.0
0.719042,32.0,35.0,BSHM,3.94678,1646774700.0
0.812656,32.0,35.0,BSHM,4.63675,1646775000.0
1.01052,32.0,35.0,BSHM,4.88879,1646775300.0
1.22219,32.0,35.0,BSHM,5.54416,1646775600.0
1.33518,32.0,35.0,BSHM,5.44214,1646775900.0
1.33781,32.0,35.0,BSHM,5.32879,1646776200.0
1.34095,32.0,35.0,BSHM,5.22402,1646776500.0
1.41205,32.0,35.0,BSHM,5.34587,1646776800.0
1.39,32.0,35.0,BSHM,5.24842,1646777100.0
0.792557,32.0,35.0,BSHM,5.41798,1646777400.0
0.955499,32.0,35.0,BSHM,5.4041,1646777700.0
0.803096,32.0,35.0,BSHM,5.65477,1646778000.0
0.764119,32.0,35.0,BSHM,5.78307,1646778300.0
0.754236,32.0,35.0,BSHM,5.74928,1646778600.0
0.656084,32.0,35.0,BSHM,5.82197,1646778900.0
0.585049,32.0,35.0,BSHM,5.89084,1646779200.0
0.535883,32.0,35.0,BSHM,5.95557,1646779500.0
0.498602,32.0,35.0,BSHM,5.79997,1646779800.0
0.440478,32.0,35.0,BSHM,5.92259,1646780100.0
0.496652,32.0,35.0,BSHM,5.94555,1646780400.0
0.496234,32.0,35.0,BSHM,5.98068,1646780700.0
0.659038,32.0,35.0,BSHM,5.72119,1646781000.0
0.762429,32.0,35.0,BSHM,5.97627,1646781300.0
0.781465,32.0,35.0,BSHM,5.85159,1646781600.0
1.31311,32.0,35.0,BSHM,6.20846,1646781900.0
0.949192,32.0,35.0,BSHM,6.42776,1646782200.0
0.928376,32.0,35.0,BSHM,6.53575,1646782500.0
0.756844,32.0,35.0,BSHM,6.6659,1646782800.0
0.757436,32.0,35.0,BSHM,6.76549,1646783100.0
0.756761,32.0,35.0,BSHM,6.84337,1646783400.0
0.756685,32.0,35.0,BSHM,6.90775,1646783700.0
0.758416,35.0,33.0,NICO,5.59291,1646697600.0
0.656491,35.0,33.0,NICO,5.53948,1646697900.0
0.655561,35.0,33.0,NICO,5.37463,1646698200.0
0.759028,35.0,33.0,NICO,5.28624,1646698500.0
0.924185,35.0,33.0,NICO,5.45615,1646698800.0
1.3858,35.0,33.0,NICO,5.25786,1646699100.0
1.31773,35.0,33.0,NICO,5.62122,1646703300.0
1.30643,35.0,33.0,NICO,5.52069,1646703600.0
1.30103,35.0,33.0,NICO,6.31841,1646703900.0
1.30181,35.0,33.0,NICO,6.48178,1646706600.0
0.920673,35.0,33.0,NICO,6.50451,1646706900.0
1.30171,35.0,33.0,NICO,6.57875,1646707200.0
1.30412,35.0,33.0,NICO,5.8463,1646709000.0
1.3072,35.0,33.0,NICO,5.80289,1646709300.0
1.32968,35.0,33.0,NICO,4.08529,1646710800.0
0.655271,35.0,33.0,NICO,4.89351,1646711100.0
0.443142,35.0,33.0,NICO,4.89146,1646711400.0
0.442929,35.0,33.0,NICO,5.26978,1646711700.0
0.541549,35.0,33.0,NICO,5.59957,1646712000.0
0.757768,35.0,33.0,NICO,6.30077,1646712300.0
0.935724,35.0,33.0,NICO,6.89671,1646712600.0
1.30184,35.0,33.0,NICO,9.62973,1646713500.0
1.58985,35.0,33.0,NICO,13.2854,1646716800.0
0.639795,35.0,33.0,NICO,13.5187,1646717100.0
0.558339,35.0,33.0,NICO,13.4814,1646717400.0
0.488111,35.0,33.0,NICO,13.7942,1646717700.0
0.519806,35.0,33.0,NICO,13.9341,1646718000.0
0.654289,35.0,33.0,NICO,14.0397,1646718300.0
1.3479,35.0,33.0,NICO,14.083,1646718600.0
1.30214,35.0,33.0,NICO,16.3875,1646719200.0
0.951484,35.0,33.0,NICO,14.8533,1646721600.0
0.938801,35.0,33.0,NICO,14.9415,1646721900.0
0.782464,35.0,33.0,NICO,15.0826,1646722200.0
0.966476,35.0,33.0,NICO,15.3057,1646722500.0
1.06322,35.0,33.0,NICO,15.513,1646722800.0
1.01788,35.0,33.0,NICO,17.0746,1646723100.0
1.35885,35.0,33.0,NICO,17.991,1646723400.0
2.03696,35.0,33.0,NICO,18.3234,1646724300.0
1.3038,35.0,33.0,NICO,19.2806,1646724900.0
0.942413,35.0,33.0,NICO,20.3865,1646725500.0
1.31377,35.0,33.0,NICO,19.374,1646725800.0
0.763299,35.0,33.0,NICO,19.4461,1646726100.0
0.762648,35.0,33.0,NICO,19.5209,1646726400.0
0.592212,35.0,33.0,NICO,19.658,1646726700.0
0.663011,35.0,33.0,NICO,19.6965,1646727000.0
0.755343,35.0,33.0,NICO,19.7639,1646727300.0
0.753913,35.0,33.0,NICO,20.1733,1646727600.0
1.30099,35.0,33.0,NICO,20.9248,1646727900.0
1.30127,35.0,33.0,NICO,21.1828,1646728200.0
1.30669,35.0,33.0,NICO,18.5325,1646728500.0
1.32943,35.0,33.0,NICO,18.4652,1646728800.0
0.781918,35.0,33.0,NICO,19.8545,1646732100.0
0.96911,35.0,33.0,NICO,20.2607,1646732400.0
0.789896,35.0,33.0,NICO,21.2727,1646732700.0
0.552649,35.0,33.0,NICO,22.7761,1646733000.0
0.508139,35.0,33.0,NICO,23.4198,1646733300.0
0.44402,35.0,33.0,NICO,23.959,1646733600.0
0.540945,35.0,33.0,NICO,24.2489,1646733900.0
0.671307,35.0,33.0,NICO,24.6297,1646734200.0
0.802781,35.0,33.0,NICO,25.6589,1646734500.0
1.44649,35.0,33.0,NICO,27.6303,1646734800.0
1.30504,35.0,33.0,NICO,25.9896,1646736000.0
1.30367,35.0,33.0,NICO,25.5034,1646736300.0
1.30494,35.0,33.0,NICO,25.1259,1646736600.0
1.33055,35.0,33.0,NICO,23.2762,1646737800.0
1.30845,35.0,33.0,NICO,23.0835,1646738100.0
1.13505,35.0,33.0,NICO,23.7623,1646739000.0
0.570341,35.0,33.0,NICO,23.1094,1646739300.0
0.499882,35.0,33.0,NICO,23.3871,1646739600.0
0.511045,35.0,33.0,NICO,23.8004,1646739900.0
0.605444,35.0,33.0,NICO,23.9417,1646740200.0
0.833558,35.0,33.0,NICO,23.9963,1646740500.0
1.30117,35.0,33.0,NICO,24.9848,1646741100.0
1.30121,35.0,33.0,NICO,24.8714,1646741400.0
1.55396,35.0,33.0,NICO,22.2136,1646742000.0
0.774773,35.0,33.0,NICO,22.2425,1646742300.0
0.684804,35.0,33.0,NICO,22.2045,1646742600.0
0.965967,35.0,33.0,NICO,22.117,1646742900.0
0.968268,35.0,33.0,NICO,22.0091,1646743200.0
1.04626,35.0,33.0,NICO,21.9175,1646743500.0
1.30264,35.0,33.0,NICO,22.1505,1646744400.0
1.30192,35.0,33.0,NICO,22.0199,1646744700.0
0.921555,35.0,33.0,NICO,21.9808,1646745000.0
1.3025,35.0,33.0,NICO,21.9495,1646745300.0
1.30309,35.0,33.0,NICO,21.6545,1646745600.0
0.798654,35.0,33.0,NICO,19.3159,1646745900.0
0.588889,35.0,33.0,NICO,19.1367,1646746200.0
0.563306,35.0,33.0,NICO,19.1782,1646746500.0
0.520751,35.0,33.0,NICO,19.3231,1646746800.0
0.602773,35.0,33.0,NICO,19.1526,1646747100.0
1.30274,35.0,33.0,NICO,20.3697,1646747400.0
1.30171,35.0,33.0,NICO,18.3378,1646748000.0
1.30234,35.0,33.0,NICO,18.2031,1646748300.0
1.30202,35.0,33.0,NICO,16.806,1646751600.0
1.30118,35.0,33.0,NICO,16.78,1646751900.0
1.32481,35.0,33.0,NICO,15.3503,1646754300.0
1.31401,35.0,33.0,NICO,15.0493,1646754600.0
0.935826,35.0,33.0,NICO,14.5744,1646754900.0
0.656472,35.0,33.0,NICO,12.872,1646755200.0
0.598229,35.0,33.0,NICO,13.5993,1646755500.0
0.681287,35.0,33.0,NICO,13.2199,1646755800.0
0.95604,35.0,33.0,NICO,12.7575,1646756100.0
0.931923,35.0,33.0,NICO,11.104,1646756400.0
0.955167,35.0,33.0,NICO,10.6993,1646756700.0
1.30209,35.0,33.0,NICO,8.81268,1646760300.0
1.30127,35.0,33.0,NICO,8.63662,1646760600.0
0.921339,35.0,33.0,NICO,6.90502,1646760900.0
0.587293,35.0,33.0,NICO,6.49505,1646761200.0
0.535415,35.0,33.0,NICO,5.52546,1646761500.0
0.534157,35.0,33.0,NICO,5.04506,1646761800.0
0.585405,35.0,33.0,NICO,4.93992,1646762100.0
0.654758,35.0,33.0,NICO,4.87918,1646762400.0
0.770141,35.0,33.0,NICO,4.79303,1646762700.0
0.939792,35.0,33.0,NICO,3.92184,1646763300.0
0.755279,35.0,33.0,NICO,3.91058,1646763600.0
0.65756,35.0,33.0,NICO,3.89255,1646763900.0
0.757809,35.0,33.0,NICO,4.75438,1646764200.0
0.762831,35.0,33.0,NICO,4.8121,1646764500.0
1.33331,35.0,33.0,NICO,3.96595,1646764800.0
1.30224,35.0,33.0,NICO,6.47027,1646765100.0
1.30286,35.0,33.0,NICO,6.41705,1646765400.0
1.1057,35.0,33.0,NICO,5.81868,1646766600.0
1.36924,35.0,33.0,NICO,3.97729,1646766900.0
0.768312,35.0,33.0,NICO,4.01389,1646767200.0
0.550328,35.0,33.0,NICO,3.91109,1646767500.0
0.604858,35.0,33.0,NICO,3.93949,1646767800.0
0.759753,35.0,33.0,NICO,4.003,1646768100.0
1.45564,35.0,33.0,NICO,4.16974,1646768400.0
1.30994,35.0,33.0,NICO,4.21352,1646769000.0
1.30102,35.0,33.0,NICO,5.49401,1646769600.0
1.30103,35.0,33.0,NICO,5.54841,1646769900.0
0.766294,35.0,33.0,NICO,3.80297,1646772300.0
0.753931,35.0,33.0,NICO,3.80805,1646772600.0
0.653244,35.0,33.0,NICO,3.83127,1646772900.0
0.92371,35.0,33.0,NICO,3.87818,1646773200.0
0.925029,35.0,33.0,NICO,3.89479,1646773500.0
1.31167,35.0,33.0,NICO,3.92984,1646773800.0
1.33057,35.0,33.0,NICO,4.18821,1646774100.0
0.513868,35.0,33.0,NICO,4.03419,1646774400.0
0.500824,35.0,33.0,NICO,4.14661,1646774700.0
0.762892,35.0,33.0,NICO,4.25339,1646775000.0
0.784898,35.0,33.0,NICO,4.30747,1646775300.0
0.939959,35.0,33.0,NICO,4.25033,1646775600.0
1.30855,35.0,33.0,NICO,5.37801,1646775900.0
1.30277,35.0,33.0,NICO,5.3155,1646776200.0
0.656435,35.0,33.0,NICO,4.63457,1646776500.0
0.652528,35.0,33.0,NICO,4.65901,1646776800.0
0.652399,35.0,33.0,NICO,4.51348,1646777100.0
0.654533,35.0,33.0,NICO,4.54755,1646777400.0
0.924467,35.0,33.0,NICO,4.63481,1646777700.0
1.30559,35.0,33.0,NICO,4.75121,1646778000.0
1.30191,35.0,33.0,NICO,5.63155,1646779200.0
1.302,35.0,33.0,NICO,5.59622,1646779500.0
0.931523,35.0,33.0,NICO,4.87141,1646781300.0
0.923859,35.0,33.0,NICO,4.86788,1646781600.0
0.924436,35.0,33.0,NICO,4.91229,1646781900.0
0.925668,35.0,33.0,NICO,4.96154,1646782200.0
1.30403,35.0,33.0,NICO,4.17819,1646782500.0
1.45331,35.0,33.0,NICO,6.33113,1646782800.0
0.923254,40.0,44.0,ARUC,5.00777,1646784000.0
0.923976,40.0,44.0,ARUC,5.23147,1646784300.0
1.30242,40.0,44.0,ARUC,6.5503,1646784600.0
1.30234,40.0,44.0,ARUC,6.49853,1646784900.0
1.3024,40.0,44.0,ARUC,6.49604,1646785200.0
1.34319,40.0,44.0,ARUC,6.50608,1646785500.0
1.30669,40.0,44.0,ARUC,3.93663,1646786400.0
0.922995,40.0,44.0,ARUC,4.62174,1646786700.0
0.923109,40.0,44.0,ARUC,4.73128,1646787000.0
1.30274,40.0,44.0,ARUC,5.40258,1646787300.0
1.30259,40.0,44.0,ARUC,5.56701,1646787600.0
0.934774,40.0,44.0,ARUC,4.97914,1646787900.0
0.38215,40.0,44.0,ARUC,4.93645,1646788200.0
0.382949,40.0,44.0,ARUC,4.81902,1646788500.0
0.921148,40.0,44.0,ARUC,5.10947,1646788800.0
1.30318,40.0,44.0,ARUC,5.92769,1646789100.0
1.30392,40.0,44.0,ARUC,2.90168,1646789700.0
1.30507,40.0,44.0,ARUC,2.94827,1646790000.0
1.32383,40.0,44.0,ARUC,3.97728,1646793000.0
0.779736,40.0,44.0,ARUC,3.87162,1646793300.0
1.30168,40.0,44.0,ARUC,6.85624,1646793900.0
1.30147,40.0,44.0,ARUC,6.8363,1646794200.0
0.922734,40.0,44.0,ARUC,6.92507,1646795100.0
0.92207,40.0,44.0,ARUC,7.02641,1646795400.0
0.921869,40.0,44.0,ARUC,7.20739,1646795700.0
0.920719,40.0,44.0,ARUC,7.25575,1646796000.0
0.920694,40.0,44.0,ARUC,7.58301,1646796300.0
0.92078,40.0,44.0,ARUC,7.93007,1646796600.0
0.75206,40.0,44.0,ARUC,8.38611,1646796900.0
0.751819,40.0,44.0,ARUC,8.52091,1646797200.0
0.920878,40.0,44.0,ARUC,8.45632,1646797500.0
0.920991,40.0,44.0,ARUC,8.78669,1646797800.0
0.921897,40.0,44.0,ARUC,9.07194,1646798100.0
0.653436,40.0,44.0,ARUC,8.8746,1646798400.0
0.398838,40.0,44.0,ARUC,8.78913,1646798700.0
0.754218,40.0,44.0,ARUC,10.0776,1646799000.0
0.921219,40.0,44.0,ARUC,9.82155,1646799300.0
0.921275,40.0,44.0,ARUC,10.167,1646799600.0
1.30525,40.0,44.0,ARUC,12.4772,1646800800.0
0.922709,40.0,44.0,ARUC,13.606,1646801100.0
0.921944,40.0,44.0,ARUC,12.8244,1646801400.0
1.30151,40.0,44.0,ARUC,15.2769,1646801700.0
1.30156,40.0,44.0,ARUC,15.5398,1646802000.0
0.442442,40.0,44.0,ARUC,12.6977,1646802900.0
0.934854,40.0,44.0,ARUC,12.8591,1646803200.0
1.30168,40.0,44.0,ARUC,15.7216,1646804400.0
1.30092,40.0,44.0,ARUC,15.9442,1646804700.0
1.30091,40.0,44.0,ARUC,16.3642,1646805000.0
1.30375,40.0,44.0,ARUC,14.1156,1646805600.0
1.30387,40.0,44.0,ARUC,14.3123,1646805900.0
1.30102,40.0,44.0,ARUC,17.6091,1646806200.0
1.30133,40.0,44.0,ARUC,17.6823,1646806500.0
1.30469,40.0,44.0,ARUC,17.2895,1646806800.0
0.582904,40.0,44.0,ARUC,17.3675,1646807100.0
0.651194,40.0,44.0,ARUC,17.5283,1646807400.0
1.3046,40.0,44.0,ARUC,20.91,1646809500.0
1.30176,40.0,44.0,ARUC,20.9983,1646809800.0
0.596861,40.0,44.0,ARUC,18.6685,1646810100.0
0.521755,40.0,44.0,ARUC,19.69,1646810400.0
0.506041,40.0,44.0,ARUC,18.9082,1646810700.0
0.627187,40.0,44.0,ARUC,18.6724,1646811000.0
0.888121,40.0,44.0,ARUC,22.1956,1646811300.0
1.07365,40.0,44.0,ARUC,23.0637,1646811600.0
1.32785,40.0,44.0,ARUC,22.3946,1646811900.0
1.32572,40.0,44.0,ARUC,22.818,1646812200.0
0.936396,40.0,44.0,ARUC,23.1708,1646812500.0
0.943401,40.0,44.0,ARUC,23.4576,1646812800.0
1.3282,40.0,44.0,ARUC,23.8713,1646813100.0
1.32799,40.0,44.0,ARUC,24.3231,1646813400.0
1.35356,40.0,44.0,ARUC,24.4986,1646813700.0
1.30569,40.0,44.0,ARUC,23.8607,1646814300.0
1.30568,40.0,44.0,ARUC,23.8131,1646814600.0
1.31272,40.0,44.0,ARUC,24.1387,1646814900.0
0.921555,40.0,44.0,ARUC,23.2859,1646815200.0
0.657179,40.0,44.0,ARUC,22.9081,1646815500.0
0.755879,40.0,44.0,ARUC,22.8176,1646815800.0
0.75517,40.0,44.0,ARUC,22.8419,1646816100.0
0.926918,40.0,44.0,ARUC,22.507,1646816400.0
1.30478,40.0,44.0,ARUC,26.5114,1646818500.0
1.30305,40.0,44.0,ARUC,26.0574,1646820000.0
1.30472,40.0,44.0,ARUC,25.7671,1646820300.0
1.3414,40.0,44.0,ARUC,22.6698,1646821800.0
1.30962,40.0,44.0,ARUC,22.5631,1646822100.0
1.31065,40.0,44.0,ARUC,22.6473,1646822400.0
1.30981,40.0,44.0,ARUC,22.5936,1646822700.0
1.3091,40.0,44.0,ARUC,22.4261,1646823000.0
0.588307,40.0,44.0,ARUC,19.4709,1646823300.0
0.653091,40.0,44.0,ARUC,22.135,1646823600.0
1.30979,40.0,44.0,ARUC,22.0649,1646823900.0
0.930244,40.0,44.0,ARUC,21.6379,1646824200.0
1.30282,40.0,44.0,ARUC,21.2317,1646824500.0
1.30486,40.0,44.0,ARUC,19.2024,1646828400.0
1.303,40.0,44.0,ARUC,19.1059,1646828700.0
1.30322,40.0,44.0,ARUC,19.0884,1646829000.0
0.923068,40.0,44.0,ARUC,21.1362,1646829300.0
0.921897,40.0,44.0,ARUC,21.0346,1646829600.0
0.753317,40.0,44.0,ARUC,21.372,1646829900.0
0.924034,40.0,44.0,ARUC,20.9362,1646830200.0
0.37711,40.0,44.0,ARUC,18.6809,1646830500.0
0.413094,40.0,44.0,ARUC,18.5339,1646830800.0
0.920723,40.0,44.0,ARUC,18.782,1646831100.0
0.921161,40.0,44.0,ARUC,18.5966,1646831400.0
1.30361,40.0,44.0,ARUC,18.4896,1646831700.0
1.30238,40.0,44.0,ARUC,18.2137,1646832000.0
0.921356,40.0,44.0,ARUC,19.0504,1646832300.0
1.30238,40.0,44.0,ARUC,17.7359,1646832600.0
1.30409,40.0,44.0,ARUC,17.4878,1646832900.0
1.30305,40.0,44.0,ARUC,19.0536,1646833800.0
1.30131,40.0,44.0,ARUC,18.7095,1646835300.0
1.3013,40.0,44.0,ARUC,18.6028,1646835600.0
1.3027,40.0,44.0,ARUC,14.8388,1646838300.0
0.756157,40.0,44.0,ARUC,12.6267,1646838600.0
0.465876,40.0,44.0,ARUC,12.7638,1646838900.0
0.386523,40.0,44.0,ARUC,11.7016,1646839200.0
0.431319,40.0,44.0,ARUC,11.8292,1646839500.0
0.506385,40.0,44.0,ARUC,12.0228,1646839800.0
0.413001,40.0,44.0,ARUC,11.6902,1646840100.0
0.462374,40.0,44.0,ARUC,11.8319,1646840400.0
1.30771,40.0,44.0,ARUC,12.5835,1646840700.0
1.30856,40.0,44.0,ARUC,12.1295,1646841000.0
1.30956,40.0,44.0,ARUC,11.6795,1646841300.0
1.30885,40.0,44.0,ARUC,11.162,1646841600.0
0.929672,40.0,44.0,ARUC,11.8918,1646841900.0
1.31255,40.0,44.0,ARUC,9.72601,1646842500.0
1.30799,40.0,44.0,ARUC,9.56215,1646842800.0
0.922844,40.0,44.0,ARUC,10.9129,1646843100.0
0.753641,40.0,44.0,ARUC,9.64055,1646843400.0
0.654919,40.0,44.0,ARUC,8.57344,1646843700.0
0.339847,40.0,44.0,ARUC,8.74018,1646844000.0
0.438798,40.0,44.0,ARUC,8.68033,1646844300.0
1.30668,40.0,44.0,ARUC,9.23698,1646844600.0
1.30695,40.0,44.0,ARUC,9.17884,1646844900.0
1.30727,40.0,44.0,ARUC,9.20091,1646845200.0
1.31507,40.0,44.0,ARUC,9.19794,1646845500.0
1.30777,40.0,44.0,ARUC,5.22219,1646847300.0
1.3034,40.0,44.0,ARUC,5.17066,1646847600.0
0.923687,40.0,44.0,ARUC,7.2776,1646847900.0
0.922014,40.0,44.0,ARUC,7.20739,1646848200.0
0.922002,40.0,44.0,ARUC,7.1005,1646848500.0
0.921876,40.0,44.0,ARUC,6.92144,1646848800.0
0.921961,40.0,44.0,ARUC,6.76309,1646849100.0
0.923198,40.0,44.0,ARUC,6.65013,1646849400.0
1.30207,40.0,44.0,ARUC,6.32494,1646849700.0
1.30197,40.0,44.0,ARUC,6.09583,1646850000.0
1.30203,40.0,44.0,ARUC,5.92889,1646850300.0
1.30404,40.0,44.0,ARUC,5.72672,1646850600.0
0.793041,40.0,44.0,ARUC,5.84582,1646850900.0
0.593971,40.0,44.0,ARUC,5.65975,1646851200.0
1.33026,40.0,44.0,ARUC,5.87355,1646852100.0
0.922976,40.0,44.0,ARUC,4.81133,1646852400.0
1.3038,40.0,44.0,ARUC,5.52178,1646852700.0
1.30405,40.0,44.0,ARUC,5.31098,1646853000.0
0.925131,40.0,44.0,ARUC,5.35583,1646853300.0
0.75267,40.0,44.0,ARUC,6.2485,1646853600.0
0.922321,40.0,44.0,ARUC,5.35524,1646853900.0
0.922324,40.0,44.0,ARUC,5.40637,1646854200.0
1.30707,40.0,44.0,ARUC,6.09753,1646854500.0
1.30766,40.0,44.0,ARUC,6.27365,1646854800.0
1.307,40.0,44.0,ARUC,6.44047,1646855100.0
1.31507,40.0,44.0,ARUC,6.55676,1646855400.0
1.30328,40.0,44.0,ARUC,3.3946,1646856300.0
0.923261,40.0,44.0,ARUC,4.28771,1646856600.0
1.30751,40.0,44.0,ARUC,5.29205,1646856900.0
1.30805,40.0,44.0,ARUC,5.43015,1646857200.0
1.30866,40.0,44.0,ARUC,5.54359,1646857500.0
0.924543,40.0,44.0,ARUC,5.82372,1646857800.0
0.923736,40.0,44.0,ARUC,5.93302,1646858100.0
1.30528,40.0,44.0,ARUC,6.15494,1646858400.0
1.30551,40.0,44.0,ARUC,6.21122,1646858700.0
0.928771,40.0,44.0,ARUC,6.04275,1646859000.0
0.92807,40.0,44.0,ARUC,6.16269,1646859300.0
0.757295,40.0,44.0,ARUC,5.34609,1646859600.0
0.936678,40.0,44.0,ARUC,4.88521,1646859900.0
0.542271,40.0,44.0,ARUC,3.57597,1646860200.0
1.31905,40.0,44.0,ARUC,3.42467,1646860500.0
1.3036,40.0,44.0,ARUC,3.46143,1646860800.0
0.922886,40.0,44.0,ARUC,6.44801,1646862000.0
0.921368,40.0,44.0,ARUC,6.46502,1646862300.0
1.30351,40.0,44.0,ARUC,5.30094,1646862600.0
1.30375,40.0,44.0,ARUC,5.24154,1646862900.0
1.30695,40.0,44.0,ARUC,5.17842,1646863200.0
1.30241,40.0,44.0,ARUC,7.84697,1646863500.0
1.30243,40.0,44.0,ARUC,7.92465,1646863800.0
1.30258,40.0,44.0,ARUC,7.94032,1646864100.0
1.30867,40.0,44.0,ARUC,3.05676,1646865300.0
1.31037,40.0,44.0,ARUC,3.11031,1646865600.0
1.31663,40.0,44.0,ARUC,5.50061,1646866800.0
1.31066,40.0,44.0,ARUC,5.68359,1646867100.0
1.31075,40.0,44.0,ARUC,5.81504,1646867400.0
1.30995,40.0,44.0,ARUC,5.88501,1646867700.0
0.589711,40.0,44.0,ARUC,5.14914,1646868000.0
0.441058,40.0,44.0,ARUC,5.60056,1646868300.0
0.386636,40.0,44.0,ARUC,5.17734,1646868600.0
0.441431,40.0,44.0,ARUC,4.89363,1646868900.0
0.792653,40.0,44.0,ARUC,4.59423,1646869200.0
1.30384,40.0,44.0,ARUC,4.35051,1646870100.0
0.754538,32.0,35.0,BSHM,7.50193,1646784000.0
0.923082,32.0,35.0,BSHM,7.46607,1646784300.0
0.921078,32.0,35.0,BSHM,6.38649,1646784600.0
1.38933,32.0,35.0,BSHM,6.86767,1646784900.0
1.30969,32.0,35.0,BSHM,6.9113,1646785200.0
0.75411,32.0,35.0,BSHM,6.42463,1646785500.0
0.654302,32.0,35.0,BSHM,6.57719,1646785800.0
0.584704,32.0,35.0,BSHM,6.78386,1646786100.0
0.533073,32.0,35.0,BSHM,6.84083,1646786400.0
0.58346,32.0,35.0,BSHM,6.70296,1646786700.0
0.534027,32.0,35.0,BSHM,6.78748,1646787000.0
0.495791,32.0,35.0,BSHM,6.85097,1646787300.0
0.49493,32.0,35.0,BSHM,6.46497,1646787600.0
0.652393,32.0,35.0,BSHM,6.7887,1646787900.0
0.652866,32.0,35.0,BSHM,6.90232,1646788200.0
0.753927,32.0,35.0,BSHM,6.89467,1646788500.0
0.923921,32.0,35.0,BSHM,6.97266,1646788800.0
1.30266,32.0,35.0,BSHM,6.99294,1646789100.0
0.950057,32.0,35.0,BSHM,6.82169,1646789400.0
0.944015,32.0,35.0,BSHM,6.58671,1646789700.0
0.942327,32.0,35.0,BSHM,6.51708,1646790000.0
0.764166,32.0,35.0,BSHM,6.45115,1646790300.0
0.66046,32.0,35.0,BSHM,6.34082,1646790600.0
0.59069,32.0,35.0,BSHM,5.99306,1646790900.0
0.588552,32.0,35.0,BSHM,5.87499,1646791200.0
0.548324,32.0,35.0,BSHM,5.77688,1646791500.0
0.658509,32.0,35.0,BSHM,5.80103,1646791800.0
0.761719,32.0,35.0,BSHM,5.7159,1646792100.0
0.974908,32.0,35.0,BSHM,5.60093,1646792400.0
1.32098,32.0,35.0,BSHM,5.42933,1646792700.0
1.30382,32.0,35.0,BSHM,5.16932,1646793000.0
1.33746,32.0,35.0,BSHM,4.60021,1646793600.0
0.930646,32.0,35.0,BSHM,3.74188,1646793900.0
0.604638,32.0,35.0,BSHM,4.40642,1646794200.0
0.661408,32.0,35.0,BSHM,4.7051,1646794500.0
0.502708,32.0,35.0,BSHM,4.67628,1646794800.0
0.4999,32.0,35.0,BSHM,4.69255,1646795100.0
0.502457,32.0,35.0,BSHM,4.8056,1646795400.0
0.467102,32.0,35.0,BSHM,4.78797,1646795700.0
0.465602,32.0,35.0,BSHM,4.83409,1646796000.0
0.465176,32.0,35.0,BSHM,4.93144,1646796300.0
0.500593,32.0,35.0,BSHM,5.09755,1646796600.0
0.542357,32.0,35.0,BSHM,5.37404,1646796900.0
0.585147,32.0,35.0,BSHM,5.7505,1646797200.0
0.595686,32.0,35.0,BSHM,6.08642,1646797500.0
0.758115,32.0,35.0,BSHM,6.55854,1646797800.0
0.928431,32.0,35.0,BSHM,7.17385,1646798100.0
0.939756,32.0,35.0,BSHM,7.5588,1646798400.0
1.35834,32.0,35.0,BSHM,7.99917,1646798700.0
0.924416,32.0,35.0,BSHM,9.12143,1646799600.0
0.921214,32.0,35.0,BSHM,9.23777,1646799900.0
0.776655,32.0,35.0,BSHM,9.45318,1646800200.0
0.753214,32.0,35.0,BSHM,9.86015,1646800500.0
0.582851,32.0,35.0,BSHM,10.0725,1646800800.0
0.533359,32.0,35.0,BSHM,10.3627,1646801100.0
0.495204,32.0,35.0,BSHM,10.6836,1646801400.0
0.436554,32.0,35.0,BSHM,11.0379,1646801700.0
0.415253,32.0,35.0,BSHM,11.4646,1646802000.0
0.4373,32.0,35.0,BSHM,11.9198,1646802300.0
0.442393,32.0,35.0,BSHM,12.5807,1646802600.0
0.466699,32.0,35.0,BSHM,13.0549,1646802900.0
0.542844,32.0,35.0,BSHM,13.7448,1646803200.0
0.667784,32.0,35.0,BSHM,14.0824,1646803500.0
0.666613,32.0,35.0,BSHM,14.7355,1646803800.0
0.597849,32.0,35.0,BSHM,15.0887,1646804100.0
0.668696,32.0,35.0,BSHM,15.3748,1646804400.0
0.653272,32.0,35.0,BSHM,14.9665,1646804700.0
0.584075,32.0,35.0,BSHM,15.2055,1646805000.0
0.632299,32.0,35.0,BSHM,15.6358,1646805300.0
0.524303,32.0,35.0,BSHM,15.9953,1646805600.0
0.455389,32.0,35.0,BSHM,16.5277,1646805900.0
0.48669,32.0,35.0,BSHM,16.749,1646806200.0
0.486645,32.0,35.0,BSHM,17.0403,1646806500.0
0.527288,32.0,35.0,BSHM,17.5323,1646806800.0
0.573393,32.0,35.0,BSHM,17.9201,1646807100.0
0.49384,32.0,35.0,BSHM,18.0929,1646807400.0
0.58571,32.0,35.0,BSHM,18.426,1646807700.0
0.58348,32.0,35.0,BSHM,18.7496,1646808000.0
0.534683,32.0,35.0,BSHM,18.8095,1646808300.0
0.534516,32.0,35.0,BSHM,19.0535,1646808600.0
0.492761,32.0,35.0,BSHM,19.3416,1646808900.0
0.492665,32.0,35.0,BSHM,19.4434,1646809200.0
0.434453,32.0,35.0,BSHM,19.6318,1646809500.0
0.412145,32.0,35.0,BSHM,19.7433,1646809800.0
0.460678,32.0,35.0,BSHM,19.9314,1646810100.0
0.531968,32.0,35.0,BSHM,20.1664,1646810400.0
0.532331,32.0,35.0,BSHM,20.1403,1646810700.0
0.582272,32.0,35.0,BSHM,20.263,1646811000.0
0.582411,32.0,35.0,BSHM,20.2963,1646811300.0
0.751928,32.0,35.0,BSHM,20.5091,1646811600.0
0.920718,32.0,35.0,BSHM,20.473,1646811900.0
1.30147,32.0,35.0,BSHM,20.5396,1646812200.0
1.31501,32.0,35.0,BSHM,24.3912,1646814300.0
0.925409,32.0,35.0,BSHM,24.8433,1646814600.0
0.911425,32.0,35.0,BSHM,25.0498,1646814900.0
1.11031,32.0,35.0,BSHM,25.5108,1646815200.0
1.1156,32.0,35.0,BSHM,25.2517,1646815500.0
0.908926,32.0,35.0,BSHM,27.6393,1646815800.0
0.923217,32.0,35.0,BSHM,27.8641,1646816100.0
0.923074,32.0,35.0,BSHM,28.1604,1646816400.0
0.923206,32.0,35.0,BSHM,28.4788,1646816700.0
1.30668,32.0,35.0,BSHM,31.4017,1646817000.0
1.30191,32.0,35.0,BSHM,25.0012,1646817900.0
0.920848,32.0,35.0,BSHM,25.9022,1646818200.0
0.921179,32.0,35.0,BSHM,26.1826,1646818500.0
1.3135,32.0,35.0,BSHM,26.6937,1646818800.0
1.31329,32.0,35.0,BSHM,26.5952,1646819100.0
1.30439,32.0,35.0,BSHM,23.8314,1646819700.0
0.975991,32.0,35.0,BSHM,30.848,1646821800.0
0.696878,32.0,35.0,BSHM,29.0863,1646822100.0
0.800326,32.0,35.0,BSHM,27.0675,1646822400.0
0.700765,32.0,35.0,BSHM,27.401,1646822700.0
0.618221,32.0,35.0,BSHM,27.7174,1646823000.0
0.664768,32.0,35.0,BSHM,27.8914,1646823300.0
0.563847,32.0,35.0,BSHM,28.1191,1646823600.0
0.555216,32.0,35.0,BSHM,28.2096,1646823900.0
0.570208,32.0,35.0,BSHM,28.4607,1646824200.0
0.604592,32.0,35.0,BSHM,28.5846,1646824500.0
0.607949,32.0,35.0,BSHM,28.7051,1646824800.0
0.680261,32.0,35.0,BSHM,28.6463,1646825100.0
0.671168,32.0,35.0,BSHM,28.2352,1646825400.0
0.779524,32.0,35.0,BSHM,28.0669,1646825700.0
1.37098,32.0,35.0,BSHM,28.2502,1646826000.0
0.992583,32.0,35.0,BSHM,27.7551,1646826300.0
0.720771,32.0,35.0,BSHM,27.5473,1646826600.0
0.562788,32.0,35.0,BSHM,27.5842,1646826900.0
0.515366,32.0,35.0,BSHM,27.0161,1646827200.0
0.453734,32.0,35.0,BSHM,26.3542,1646827500.0
0.454313,32.0,35.0,BSHM,26.1053,1646827800.0
0.428098,32.0,35.0,BSHM,25.9009,1646828100.0
0.421042,32.0,35.0,BSHM,25.7144,1646828400.0
0.413658,32.0,35.0,BSHM,25.329,1646828700.0
0.462552,32.0,35.0,BSHM,24.8299,1646829000.0
0.447893,32.0,35.0,BSHM,24.5615,1646829300.0
0.542538,32.0,35.0,BSHM,24.3349,1646829600.0
0.519377,32.0,35.0,BSHM,24.2736,1646829900.0
0.552326,32.0,35.0,BSHM,23.7479,1646830200.0
0.508284,32.0,35.0,BSHM,23.4378,1646830500.0
0.437613,32.0,35.0,BSHM,23.1925,1646830800.0
0.469642,32.0,35.0,BSHM,22.8214,1646831100.0
0.421816,32.0,35.0,BSHM,22.8527,1646831400.0
0.424818,32.0,35.0,BSHM,22.8201,1646831700.0
0.431779,32.0,35.0,BSHM,22.9582,1646832000.0
0.457779,32.0,35.0,BSHM,22.9225,1646832300.0
0.523484,32.0,35.0,BSHM,23.1812,1646832600.0
0.675756,32.0,35.0,BSHM,22.6871,1646832900.0
0.621007,32.0,35.0,BSHM,22.3316,1646833200.0
0.781897,32.0,35.0,BSHM,21.3352,1646833500.0
0.783635,32.0,35.0,BSHM,20.8007,1646833800.0
0.617978,32.0,35.0,BSHM,20.744,1646834100.0
0.672332,32.0,35.0,BSHM,20.7054,1646834400.0
0.614445,32.0,35.0,BSHM,20.6913,1646834700.0
0.557618,32.0,35.0,BSHM,20.6761,1646835000.0
0.595919,32.0,35.0,BSHM,20.6725,1646835300.0
0.598045,32.0,35.0,BSHM,20.7026,1646835600.0
0.700952,32.0,35.0,BSHM,20.7603,1646835900.0
0.771325,32.0,35.0,BSHM,20.854,1646836200.0
0.942782,32.0,35.0,BSHM,20.9607,1646836500.0
0.806628,32.0,35.0,BSHM,20.6207,1646836800.0
0.68081,32.0,35.0,BSHM,20.517,1646837100.0
0.678593,32.0,35.0,BSHM,20.0995,1646837400.0
0.670624,32.0,35.0,BSHM,19.8843,1646837700.0
0.547823,32.0,35.0,BSHM,20.5967,1646838000.0
0.548094,32.0,35.0,BSHM,20.3846,1646838300.0
0.563206,32.0,35.0,BSHM,19.7278,1646838600.0
0.602242,32.0,35.0,BSHM,19.82,1646838900.0
0.683593,32.0,35.0,BSHM,20.3603,1646839200.0
0.767532,32.0,35.0,BSHM,17.33,1646839500.0
0.794889,32.0,35.0,BSHM,16.9684,1646839800.0
1.6392,32.0,35.0,BSHM,18.7996,1646840100.0
0.992358,32.0,35.0,BSHM,13.5723,1646842800.0
0.83971,32.0,35.0,BSHM,13.1488,1646843100.0
0.78664,32.0,35.0,BSHM,12.7831,1646843400.0
0.807046,32.0,35.0,BSHM,12.5806,1646843700.0
0.576476,32.0,35.0,BSHM,12.8347,1646844000.0
0.567386,32.0,35.0,BSHM,12.4857,1646844300.0
0.607201,32.0,35.0,BSHM,12.3478,1646844600.0
0.559799,32.0,35.0,BSHM,11.8271,1646844900.0
0.567884,32.0,35.0,BSHM,11.3757,1646845200.0
0.691297,32.0,35.0,BSHM,10.278,1646845500.0
0.622021,32.0,35.0,BSHM,10.3125,1646845800.0
0.657455,32.0,35.0,BSHM,10.0261,1646846100.0
0.776041,32.0,35.0,BSHM,9.84187,1646846400.0
0.778835,32.0,35.0,BSHM,9.46104,1646846700.0
0.635049,32.0,35.0,BSHM,9.05481,1646847000.0
0.606026,32.0,35.0,BSHM,8.7659,1646847300.0
0.609176,32.0,35.0,BSHM,8.46116,1646847600.0
0.634024,32.0,35.0,BSHM,8.09586,1646847900.0
0.689726,32.0,35.0,BSHM,7.78564,1646848200.0
0.638409,32.0,35.0,BSHM,7.70884,1646848500.0
0.573505,32.0,35.0,BSHM,7.66598,1646848800.0
0.488082,32.0,35.0,BSHM,7.2776,1646849100.0
0.439657,32.0,35.0,BSHM,7.38906,1646849400.0
0.454265,32.0,35.0,BSHM,7.26439,1646849700.0
0.477612,32.0,35.0,BSHM,7.17775,1646850000.0
0.510693,32.0,35.0,BSHM,7.12183,1646850300.0
0.480998,32.0,35.0,BSHM,6.79949,1646850600.0
0.486595,32.0,35.0,BSHM,6.65957,1646850900.0
0.668214,32.0,35.0,BSHM,6.06886,1646851200.0
0.650586,32.0,35.0,BSHM,5.92839,1646851500.0
0.778211,32.0,35.0,BSHM,5.73388,1646851800.0
0.855203,32.0,35.0,BSHM,5.46307,1646852100.0
0.835729,32.0,35.0,BSHM,5.30421,1646852400.0
0.595324,32.0,35.0,BSHM,5.30424,1646852700.0
0.500856,32.0,35.0,BSHM,5.17417,1646853000.0
0.542349,32.0,35.0,BSHM,5.18773,1646853300.0
0.517034,32.0,35.0,BSHM,5.00171,1646853600.0
0.475777,32.0,35.0,BSHM,4.93975,1646853900.0
0.48283,32.0,35.0,BSHM,4.95222,1646854200.0
0.554533,32.0,35.0,BSHM,4.85965,1646854500.0
0.520347,32.0,35.0,BSHM,5.17399,1646854800.0
0.518572,32.0,35.0,BSHM,5.41026,1646855100.0
0.556683,32.0,35.0,BSHM,5.87879,1646855400.0
0.611567,32.0,35.0,BSHM,5.98158,1646855700.0
0.62048,32.0,35.0,BSHM,5.88466,1646856000.0
0.686847,32.0,35.0,BSHM,5.99727,1646856300.0
0.595237,32.0,35.0,BSHM,5.83428,1646856600.0
0.614741,32.0,35.0,BSHM,5.60085,1646856900.0
0.552341,32.0,35.0,BSHM,5.40934,1646857200.0
0.709818,32.0,35.0,BSHM,4.98022,1646857500.0
0.633237,32.0,35.0,BSHM,4.88075,1646857800.0
0.585327,32.0,35.0,BSHM,4.8714,1646858100.0
0.641893,32.0,35.0,BSHM,4.80493,1646858400.0
0.592834,32.0,35.0,BSHM,4.80766,1646858700.0
0.500484,32.0,35.0,BSHM,4.77825,1646859000.0
0.490654,32.0,35.0,BSHM,4.74318,1646859300.0
0.467802,32.0,35.0,BSHM,4.76258,1646859600.0
0.429677,32.0,35.0,BSHM,4.88139,1646859900.0
0.452786,32.0,35.0,BSHM,4.85976,1646860200.0
0.517974,32.0,35.0,BSHM,4.9772,1646860500.0
0.55665,32.0,35.0,BSHM,5.15161,1646860800.0
0.621337,32.0,35.0,BSHM,5.57192,1646861100.0
0.853671,32.0,35.0,BSHM,5.71867,1646861400.0
0.97627,32.0,35.0,BSHM,5.6956,1646861700.0
1.30969,32.0,35.0,BSHM,4.9651,1646862000.0
1.30877,32.0,35.0,BSHM,4.83934,1646862300.0
1.30935,32.0,35.0,BSHM,4.67708,1646862600.0
1.39176,32.0,35.0,BSHM,5.04529,1646862900.0
1.3723,32.0,35.0,BSHM,4.94903,1646863200.0
0.771642,32.0,35.0,BSHM,4.95295,1646863500.0
0.94395,32.0,35.0,BSHM,4.99358,1646863800.0
0.985988,32.0,35.0,BSHM,5.02645,1646864100.0
0.763197,32.0,35.0,BSHM,5.35664,1646864400.0
0.754834,32.0,35.0,BSHM,5.45383,1646864700.0
0.654059,32.0,35.0,BSHM,5.54172,1646865000.0
0.583873,32.0,35.0,BSHM,5.6515,1646865300.0
0.533668,32.0,35.0,BSHM,5.71899,1646865600.0
0.583996,32.0,35.0,BSHM,5.77489,1646865900.0
0.493143,32.0,35.0,BSHM,5.72875,1646866200.0
0.583942,32.0,35.0,BSHM,5.90172,1646866500.0
0.584378,32.0,35.0,BSHM,5.93453,1646866800.0
0.656653,32.0,35.0,BSHM,5.94282,1646867100.0
0.922985,32.0,35.0,BSHM,5.94591,1646867400.0
1.305,32.0,35.0,BSHM,5.97267,1646867700.0
1.30465,32.0,35.0,BSHM,6.15437,1646868000.0
1.30468,32.0,35.0,BSHM,6.28871,1646868300.0
0.923317,32.0,35.0,BSHM,6.38954,1646868600.0
0.753224,32.0,35.0,BSHM,6.5267,1646868900.0
0.753291,32.0,35.0,BSHM,6.63537,1646869200.0
0.753517,32.0,35.0,BSHM,6.75579,1646869500.0
0.753244,32.0,35.0,BSHM,6.83934,1646869800.0
0.753846,32.0,35.0,BSHM,6.88415,1646870100.0
1.30379,35.0,33.0,NICO,5.35031,1646784000.0
1.30133,35.0,33.0,NICO,5.36983,1646784300.0
1.30166,35.0,33.0,NICO,4.36055,1646786400.0
1.30241,35.0,33.0,NICO,4.24188,1646786700.0
1.34383,35.0,33.0,NICO,5.10629,1646789400.0
1.30512,35.0,33.0,NICO,5.03635,1646789700.0
0.933103,35.0,33.0,NICO,4.93001,1646790000.0
0.959181,35.0,33.0,NICO,4.96675,1646790600.0
0.757317,35.0,33.0,NICO,4.95794,1646790900.0
0.505102,35.0,33.0,NICO,4.89451,1646791200.0
0.501109,35.0,33.0,NICO,4.82696,1646791500.0
0.586528,35.0,33.0,NICO,4.76924,1646791800.0
0.761135,35.0,33.0,NICO,4.82781,1646792100.0
1.32111,35.0,33.0,NICO,4.81892,1646792400.0
1.32603,35.0,33.0,NICO,3.99048,1646796600.0
0.926229,35.0,33.0,NICO,4.17484,1646796900.0
0.542612,35.0,33.0,NICO,4.60494,1646797200.0
0.538411,35.0,33.0,NICO,5.11273,1646797500.0
0.592907,35.0,33.0,NICO,4.28458,1646797800.0
0.924793,35.0,33.0,NICO,5.54967,1646798100.0
0.93223,35.0,33.0,NICO,5.82191,1646798400.0
1.30899,35.0,33.0,NICO,8.61397,1646799600.0
1.44761,35.0,33.0,NICO,10.3949,1646802600.0
0.834445,35.0,33.0,NICO,11.0595,1646802900.0
0.617618,35.0,33.0,NICO,11.4577,1646803200.0
0.675089,35.0,33.0,NICO,11.8303,1646803500.0
0.82207,35.0,33.0,NICO,12.2306,1646803800.0
1.15754,35.0,33.0,NICO,12.5247,1646804100.0
1.33253,35.0,33.0,NICO,15.6128,1646807700.0
0.899501,35.0,33.0,NICO,15.8786,1646808000.0
0.73235,35.0,33.0,NICO,16.7248,1646808300.0
1.25121,35.0,33.0,NICO,16.8523,1646808600.0
1.31435,35.0,33.0,NICO,16.8489,1646808900.0
1.30426,35.0,33.0,NICO,19.6285,1646811000.0
1.30529,35.0,33.0,NICO,15.5498,1646811600.0
1.84967,35.0,33.0,NICO,20.1144,1646812200.0
1.00331,35.0,33.0,NICO,22.1279,1646812500.0
1.06937,35.0,33.0,NICO,22.0388,1646812800.0
0.828488,35.0,33.0,NICO,22.3577,1646813100.0
0.759619,35.0,33.0,NICO,22.7301,1646813400.0
0.75229,35.0,33.0,NICO,22.4859,1646813700.0
0.754055,35.0,33.0,NICO,18.0108,1646814000.0
0.920504,35.0,33.0,NICO,15.4592,1646814300.0
1.30621,35.0,33.0,NICO,8.49186,1646814600.0
0.780292,35.0,33.0,NICO,23.063,1646818200.0
0.766515,35.0,33.0,NICO,23.6077,1646818500.0
0.631408,35.0,33.0,NICO,24.5877,1646818800.0
0.545298,35.0,33.0,NICO,24.8696,1646819100.0
0.544346,35.0,33.0,NICO,25.1491,1646819400.0
0.597874,35.0,33.0,NICO,25.6879,1646819700.0
0.710257,35.0,33.0,NICO,25.221,1646820000.0
0.961334,35.0,33.0,NICO,25.3964,1646820300.0
1.32375,35.0,33.0,NICO,24.0692,1646820600.0
1.35729,35.0,33.0,NICO,24.5044,1646820900.0
1.30589,35.0,33.0,NICO,24.3414,1646821800.0
1.30882,35.0,33.0,NICO,24.2977,1646822100.0
1.30224,35.0,33.0,NICO,24.3361,1646824200.0
1.3159,35.0,33.0,NICO,24.2427,1646824500.0
1.30127,35.0,33.0,NICO,26.2299,1646824800.0
1.36357,35.0,33.0,NICO,23.7013,1646825400.0
0.668069,35.0,33.0,NICO,23.5922,1646825700.0
0.499228,35.0,33.0,NICO,23.6542,1646826000.0
0.499261,35.0,33.0,NICO,23.5212,1646826300.0
0.672153,35.0,33.0,NICO,23.4727,1646826600.0
0.932335,35.0,33.0,NICO,23.4012,1646826900.0
0.79495,35.0,33.0,NICO,23.4708,1646827200.0
1.30112,35.0,33.0,NICO,23.6254,1646827500.0
0.768965,35.0,33.0,NICO,21.875,1646828400.0
0.668858,35.0,33.0,NICO,21.6816,1646828700.0
0.953445,35.0,33.0,NICO,21.3716,1646829000.0
0.951622,35.0,33.0,NICO,21.278,1646829300.0
0.975377,35.0,33.0,NICO,21.2577,1646829600.0
1.30906,35.0,33.0,NICO,19.6975,1646830500.0
1.30236,35.0,33.0,NICO,22.266,1646830800.0
0.922086,35.0,33.0,NICO,22.5426,1646831100.0
1.30239,35.0,33.0,NICO,22.4113,1646831400.0
1.02741,35.0,33.0,NICO,21.336,1646831700.0
0.688102,35.0,33.0,NICO,19.4696,1646832000.0
0.573678,35.0,33.0,NICO,19.4238,1646832300.0
0.554281,35.0,33.0,NICO,19.4421,1646832600.0
0.521428,35.0,33.0,NICO,19.4505,1646832900.0
0.640109,35.0,33.0,NICO,19.3986,1646833200.0
0.921267,35.0,33.0,NICO,19.4634,1646833500.0
1.30181,35.0,33.0,NICO,18.178,1646833800.0
1.30243,35.0,33.0,NICO,17.9073,1646834100.0
1.30092,35.0,33.0,NICO,19.1034,1646838000.0
1.32459,35.0,33.0,NICO,16.8153,1646840400.0
0.933481,35.0,33.0,NICO,16.3165,1646840700.0
0.930766,35.0,33.0,NICO,15.9365,1646841000.0
0.516846,35.0,33.0,NICO,14.4222,1646841300.0
0.686262,35.0,33.0,NICO,15.1096,1646841600.0
0.961585,35.0,33.0,NICO,14.7255,1646841900.0
0.993881,35.0,33.0,NICO,14.0501,1646842200.0
1.06303,35.0,33.0,NICO,13.6953,1646842500.0
1.49223,35.0,33.0,NICO,7.34302,1646846100.0
0.775124,35.0,33.0,NICO,8.51732,1646846400.0
0.593846,35.0,33.0,NICO,7.72037,1646846700.0
0.502477,35.0,33.0,NICO,7.26873,1646847000.0
0.511571,35.0,33.0,NICO,7.01902,1646847300.0
0.534807,35.0,33.0,NICO,6.87566,1646847600.0
0.757279,35.0,33.0,NICO,6.21402,1646847900.0
0.941082,35.0,33.0,NICO,6.03492,1646848200.0
1.3078,35.0,33.0,NICO,4.67303,1646849400.0
0.753669,35.0,33.0,NICO,4.61364,1646849700.0
0.653257,35.0,33.0,NICO,4.51171,1646850000.0
0.753876,35.0,33.0,NICO,5.09626,1646850300.0
0.760421,35.0,33.0,NICO,5.06861,1646850600.0
1.30821,35.0,33.0,NICO,4.38485,1646850900.0
1.30195,35.0,33.0,NICO,6.03441,1646851200.0
1.30206,35.0,33.0,NICO,5.92132,1646851500.0
1.31544,35.0,33.0,NICO,7.61803,1646852400.0
0.938681,35.0,33.0,NICO,7.39044,1646852700.0
1.31258,35.0,33.0,NICO,7.16666,1646853000.0
1.42149,35.0,33.0,NICO,3.75397,1646853900.0
0.780392,35.0,33.0,NICO,3.82148,1646854200.0
0.566317,35.0,33.0,NICO,3.91033,1646854500.0
0.615756,35.0,33.0,NICO,3.98625,1646854800.0
0.664322,35.0,33.0,NICO,4.05379,1646855100.0
1.43171,35.0,33.0,NICO,4.04057,1646855400.0
0.927637,35.0,33.0,NICO,3.64488,1646858400.0
0.752757,35.0,33.0,NICO,3.70176,1646858700.0
0.65269,35.0,33.0,NICO,3.76081,1646859000.0
0.756272,35.0,33.0,NICO,3.82932,1646859300.0
0.92124,35.0,33.0,NICO,3.90911,1646859600.0
1.30551,35.0,33.0,NICO,3.96828,1646859900.0
1.30353,35.0,33.0,NICO,3.67531,1646860800.0
0.657388,35.0,33.0,NICO,3.29546,1646861100.0
0.587529,35.0,33.0,NICO,3.47303,1646861400.0
0.501851,35.0,33.0,NICO,3.69681,1646861700.0
0.56896,35.0,33.0,NICO,3.92474,1646862000.0
0.755547,35.0,33.0,NICO,4.38866,1646862300.0
0.585946,35.0,33.0,NICO,4.32757,1646862600.0
0.651361,35.0,33.0,NICO,4.22307,1646862900.0
0.651305,35.0,33.0,NICO,4.14118,1646863200.0
0.651454,35.0,33.0,NICO,4.24625,1646863500.0
0.921627,35.0,33.0,NICO,4.41058,1646863800.0
0.934151,35.0,33.0,NICO,4.50807,1646864100.0
1.30163,35.0,33.0,NICO,4.60077,1646865300.0
1.30166,35.0,33.0,NICO,4.56197,1646865600.0
1.21919,35.0,33.0,NICO,5.32968,1646867100.0
0.809387,35.0,33.0,NICO,5.13891,1646867400.0
0.778112,35.0,33.0,NICO,5.55409,1646867700.0
0.928188,35.0,33.0,NICO,5.48227,1646868000.0
0.930383,35.0,33.0,NICO,5.61708,1646868300.0
1.30264,35.0,33.0,NICO,5.04035,1646868600.0
1.30632,35.0,33.0,NICO,5.05397,1646868900.0
1.41326,35.0,33.0,NICO,4.77545,1646869500.0
1.32477,35.0,33.0,NICO,4.7847,1646869800.0
0.950898,35.0,33.0,NICO,4.99162,1646870100.0
1.30203,40.0,44.0,ARUC,5.34181,1646870400.0
1.30219,40.0,44.0,ARUC,5.35247,1646870700.0
1.30238,40.0,44.0,ARUC,5.25401,1646871000.0
1.3023,40.0,44.0,ARUC,5.23208,1646871300.0
0.761163,40.0,44.0,ARUC,6.25094,1646871600.0
1.30347,40.0,44.0,ARUC,8.18819,1646871900.0
1.31626,40.0,44.0,ARUC,4.44446,1646872800.0
1.30271,40.0,44.0,ARUC,4.49857,1646873100.0
1.30286,40.0,44.0,ARUC,4.65146,1646873400.0
1.30304,40.0,44.0,ARUC,4.73607,1646873700.0
1.30288,40.0,44.0,ARUC,4.8809,1646874000.0
0.441335,40.0,44.0,ARUC,5.26031,1646874300.0
0.382666,40.0,44.0,ARUC,5.39309,1646874600.0
1.30303,40.0,44.0,ARUC,5.166,1646874900.0
1.30301,40.0,44.0,ARUC,5.2499,1646875200.0
1.30666,40.0,44.0,ARUC,4.35897,1646875800.0
1.30604,40.0,44.0,ARUC,4.43085,1646876100.0
0.773789,40.0,44.0,ARUC,4.8279,1646879400.0
1.30211,40.0,44.0,ARUC,7.18531,1646880000.0
1.30143,40.0,44.0,ARUC,7.22218,1646880300.0
1.30167,40.0,44.0,ARUC,7.1152,1646881500.0
0.921964,40.0,44.0,ARUC,6.5889,1646881800.0
0.921143,40.0,44.0,ARUC,6.92328,1646882100.0
0.922349,40.0,44.0,ARUC,7.28442,1646882400.0
1.30181,40.0,44.0,ARUC,8.45389,1646882700.0
0.754954,40.0,44.0,ARUC,8.20288,1646883000.0
0.752046,40.0,44.0,ARUC,8.46248,1646883300.0
0.752799,40.0,44.0,ARUC,8.75743,1646883600.0
0.921237,40.0,44.0,ARUC,8.91914,1646883900.0
0.921918,40.0,44.0,ARUC,9.25286,1646884200.0
0.761005,40.0,44.0,ARUC,9.41859,1646884500.0
0.382979,40.0,44.0,ARUC,9.38883,1646884800.0
0.501583,40.0,44.0,ARUC,9.71115,1646885100.0
0.921296,40.0,44.0,ARUC,10.5224,1646885400.0
0.921299,40.0,44.0,ARUC,10.8396,1646885700.0
1.31539,40.0,44.0,ARUC,10.6036,1646886000.0
1.30455,40.0,44.0,ARUC,14.538,1646886900.0
0.921912,40.0,44.0,ARUC,14.4008,1646887200.0
1.30153,40.0,44.0,ARUC,15.1165,1646887500.0
1.30151,40.0,44.0,ARUC,15.3914,1646887800.0
1.30419,40.0,44.0,ARUC,11.7456,1646888100.0
1.30336,40.0,44.0,ARUC,11.7039,1646888400.0
1.30117,40.0,44.0,ARUC,17.1499,1646890800.0
1.30118,40.0,44.0,ARUC,17.4974,1646891100.0
1.30272,40.0,44.0,ARUC,17.7098,1646891400.0
1.30613,40.0,44.0,ARUC,13.9603,1646891700.0
1.30341,40.0,44.0,ARUC,14.158,1646892000.0
1.3013,40.0,44.0,ARUC,17.9546,1646892300.0
1.3017,40.0,44.0,ARUC,18.2697,1646892600.0
0.659675,40.0,44.0,ARUC,17.2536,1646893200.0
0.651358,40.0,44.0,ARUC,17.1345,1646893500.0
1.30214,40.0,44.0,ARUC,21.6746,1646895900.0
0.923919,40.0,44.0,ARUC,20.1906,1646896200.0
0.921693,40.0,44.0,ARUC,20.4805,1646896500.0
0.921646,40.0,44.0,ARUC,20.8534,1646896800.0
0.922868,40.0,44.0,ARUC,21.1649,1646897100.0
1.30972,40.0,44.0,ARUC,22.7114,1646897400.0
1.35011,40.0,44.0,ARUC,23.0602,1646897700.0
1.32366,40.0,44.0,ARUC,23.293,1646898000.0
1.32168,40.0,44.0,ARUC,23.7044,1646898300.0
0.930014,40.0,44.0,ARUC,24.2479,1646898600.0
0.94063,40.0,44.0,ARUC,24.4261,1646898900.0
1.324,40.0,44.0,ARUC,24.767,1646899200.0
1.32166,40.0,44.0,ARUC,25.2553,1646899500.0
1.32984,40.0,44.0,ARUC,25.6238,1646899800.0
0.754596,40.0,44.0,ARUC,23.5238,1646901300.0
0.752808,40.0,44.0,ARUC,23.7934,1646901600.0
0.922965,40.0,44.0,ARUC,23.066,1646901900.0
0.922151,40.0,44.0,ARUC,23.8578,1646902200.0
0.929399,40.0,44.0,ARUC,24.1515,1646902500.0
1.30449,40.0,44.0,ARUC,28.4543,1646904600.0
1.30268,40.0,44.0,ARUC,28.4553,1646906100.0
1.30269,40.0,44.0,ARUC,28.4794,1646906400.0
1.30872,40.0,44.0,ARUC,26.1136,1646908200.0
1.30882,40.0,44.0,ARUC,26.3205,1646908500.0
1.30969,40.0,44.0,ARUC,26.4779,1646908800.0
1.30894,40.0,44.0,ARUC,26.5541,1646909100.0
0.711913,40.0,44.0,ARUC,25.5792,1646909400.0
0.58483,40.0,44.0,ARUC,25.9011,1646909700.0
0.92728,40.0,44.0,ARUC,27.2008,1646910000.0
0.929096,40.0,44.0,ARUC,26.9841,1646910300.0
1.30289,40.0,44.0,ARUC,25.9991,1646910600.0
1.30279,40.0,44.0,ARUC,25.9946,1646910900.0
1.30339,40.0,44.0,ARUC,26.0245,1646911200.0
1.31077,40.0,44.0,ARUC,23.1838,1646914500.0
1.30297,40.0,44.0,ARUC,23.0793,1646914800.0
1.30316,40.0,44.0,ARUC,22.9928,1646915100.0
1.30338,40.0,44.0,ARUC,22.8905,1646915400.0
0.921037,40.0,44.0,ARUC,24.3127,1646915700.0
0.753377,40.0,44.0,ARUC,24.2851,1646916000.0
0.756373,40.0,44.0,ARUC,24.2912,1646916300.0
0.414006,40.0,44.0,ARUC,21.8668,1646916600.0
0.413412,40.0,44.0,ARUC,21.5133,1646916900.0
1.30259,40.0,44.0,ARUC,20.4442,1646917200.0
0.494579,40.0,44.0,ARUC,20.4728,1646917500.0
1.30495,40.0,44.0,ARUC,21.6461,1646917800.0
1.30309,40.0,44.0,ARUC,21.5581,1646918100.0
0.921634,40.0,44.0,ARUC,22.6236,1646918400.0
1.30307,40.0,44.0,ARUC,21.0659,1646918700.0
1.30354,40.0,44.0,ARUC,20.8508,1646919000.0
1.30305,40.0,44.0,ARUC,24.0291,1646919900.0
1.30354,40.0,44.0,ARUC,23.9093,1646920200.0
1.30132,40.0,44.0,ARUC,23.4636,1646921400.0
1.30127,40.0,44.0,ARUC,23.3312,1646921700.0
1.30419,40.0,44.0,ARUC,17.2155,1646924400.0
0.922062,40.0,44.0,ARUC,15.356,1646924700.0
0.922048,40.0,44.0,ARUC,15.0707,1646925000.0
1.30212,40.0,44.0,ARUC,16.3836,1646925300.0
0.811599,40.0,44.0,ARUC,11.2007,1646925600.0
0.539441,40.0,44.0,ARUC,16.323,1646925900.0
0.437192,40.0,44.0,ARUC,15.543,1646926200.0
0.377714,40.0,44.0,ARUC,15.2648,1646926500.0
0.58664,40.0,44.0,ARUC,14.2578,1646926800.0
0.937294,40.0,44.0,ARUC,11.0253,1646927100.0
1.30588,40.0,44.0,ARUC,15.0884,1646927400.0
1.30648,40.0,44.0,ARUC,14.9362,1646927700.0
0.923851,40.0,44.0,ARUC,16.0275,1646928000.0
1.31565,40.0,44.0,ARUC,13.2422,1646928600.0
1.30897,40.0,44.0,ARUC,13.1694,1646928900.0
0.923152,40.0,44.0,ARUC,14.6922,1646929200.0
0.754266,40.0,44.0,ARUC,12.6423,1646929500.0
0.65546,40.0,44.0,ARUC,11.1672,1646929800.0
0.362495,40.0,44.0,ARUC,12.3275,1646930100.0
0.436112,40.0,44.0,ARUC,12.4885,1646930400.0
1.30684,40.0,44.0,ARUC,11.7479,1646930700.0
1.30646,40.0,44.0,ARUC,11.6511,1646931000.0
1.3067,40.0,44.0,ARUC,11.6509,1646931300.0
1.3117,40.0,44.0,ARUC,11.5958,1646931600.0
1.30342,40.0,44.0,ARUC,6.50117,1646933700.0
0.923201,40.0,44.0,ARUC,8.97181,1646934000.0
0.921911,40.0,44.0,ARUC,8.86762,1646934300.0
0.921796,40.0,44.0,ARUC,8.75301,1646934600.0
0.921784,40.0,44.0,ARUC,8.62871,1646934900.0
0.921682,40.0,44.0,ARUC,8.54127,1646935200.0
0.92235,40.0,44.0,ARUC,8.41577,1646935500.0
1.30222,40.0,44.0,ARUC,8.74046,1646935800.0
1.30211,40.0,44.0,ARUC,8.4691,1646936100.0
1.30201,40.0,44.0,ARUC,8.17067,1646936400.0
1.3029,40.0,44.0,ARUC,7.96049,1646936700.0
1.31646,40.0,44.0,ARUC,8.26792,1646937000.0
0.655375,40.0,44.0,ARUC,8.00497,1646937300.0
0.770596,40.0,44.0,ARUC,7.87993,1646937600.0
1.30808,40.0,44.0,ARUC,7.75824,1646938200.0
0.923602,40.0,44.0,ARUC,6.50221,1646938500.0
1.13113,40.0,44.0,ARUC,8.17336,1646938800.0
1.30503,40.0,44.0,ARUC,6.91289,1646939100.0
0.925819,40.0,44.0,ARUC,6.70911,1646939400.0
0.753986,40.0,44.0,ARUC,6.11739,1646939700.0
0.92221,40.0,44.0,ARUC,6.9462,1646940000.0
0.922246,40.0,44.0,ARUC,6.98263,1646940300.0
1.30605,40.0,44.0,ARUC,7.4536,1646940600.0
1.30646,40.0,44.0,ARUC,7.67559,1646940900.0
1.30694,40.0,44.0,ARUC,7.92103,1646941200.0
1.30947,40.0,44.0,ARUC,8.07613,1646941500.0
1.30368,40.0,44.0,ARUC,4.61752,1646942400.0
0.923584,40.0,44.0,ARUC,5.56519,1646942700.0
1.30781,40.0,44.0,ARUC,6.62335,1646943000.0
1.30746,40.0,44.0,ARUC,6.65362,1646943300.0
1.30794,40.0,44.0,ARUC,6.76947,1646943600.0
0.924833,40.0,44.0,ARUC,6.89881,1646943900.0
0.766024,40.0,44.0,ARUC,8.06412,1646944200.0
0.757701,40.0,44.0,ARUC,8.24201,1646944500.0
0.925712,40.0,44.0,ARUC,8.8768,1646944800.0
0.757157,40.0,44.0,ARUC,7.51399,1646945100.0
0.922404,40.0,44.0,ARUC,6.19964,1646945400.0
1.30703,40.0,44.0,ARUC,7.6142,1646945700.0
0.544175,40.0,44.0,ARUC,5.2424,1646946000.0
1.30452,40.0,44.0,ARUC,4.77698,1646946900.0
1.31432,40.0,44.0,ARUC,4.80048,1646947200.0
0.925672,40.0,44.0,ARUC,8.80398,1646948100.0
0.921632,40.0,44.0,ARUC,8.83141,1646948400.0
0.92298,40.0,44.0,ARUC,8.81514,1646948700.0
1.3038,40.0,44.0,ARUC,7.34427,1646949000.0
1.30623,40.0,44.0,ARUC,7.2338,1646949300.0
1.30278,40.0,44.0,ARUC,10.4135,1646949600.0
1.30272,40.0,44.0,ARUC,10.474,1646949900.0
1.30283,40.0,44.0,ARUC,10.5196,1646950200.0
1.3233,40.0,44.0,ARUC,8.06227,1646952900.0
1.31384,40.0,44.0,ARUC,8.19819,1646953200.0
1.31274,40.0,44.0,ARUC,8.33312,1646953500.0
1.3128,40.0,44.0,ARUC,8.45451,1646953800.0
1.31181,40.0,44.0,ARUC,8.6491,1646954100.0
1.31278,40.0,44.0,ARUC,8.77566,1646954400.0
1.31391,40.0,44.0,ARUC,8.84246,1646954700.0
1.31724,40.0,44.0,ARUC,8.90811,1646955000.0
1.30444,40.0,44.0,ARUC,7.07091,1646956200.0
1.30212,40.0,44.0,ARUC,7.05715,1646956500.0
0.926584,32.0,35.0,BSHM,5.80882,1646870400.0
0.924199,32.0,35.0,BSHM,5.05019,1646870700.0
1.36081,32.0,35.0,BSHM,5.63448,1646871000.0
1.31423,32.0,35.0,BSHM,7.49814,1646871300.0
0.755007,32.0,35.0,BSHM,6.66773,1646871600.0
0.668559,32.0,35.0,BSHM,6.81588,1646871900.0
0.594893,32.0,35.0,BSHM,7.58436,1646872200.0
0.494917,32.0,35.0,BSHM,7.20282,1646872500.0
0.497815,32.0,35.0,BSHM,7.28405,1646872800.0
0.536143,32.0,35.0,BSHM,7.84902,1646873100.0
0.443907,32.0,35.0,BSHM,7.4785,1646873400.0
0.498129,32.0,35.0,BSHM,6.88041,1646873700.0
0.600865,32.0,35.0,BSHM,6.871,1646874000.0
0.6609,32.0,35.0,BSHM,6.69857,1646874300.0
0.662952,32.0,35.0,BSHM,6.75206,1646874600.0
0.771483,32.0,35.0,BSHM,7.16463,1646874900.0
0.952523,32.0,35.0,BSHM,8.01849,1646875200.0
0.968401,32.0,35.0,BSHM,8.14147,1646875500.0
0.942514,32.0,35.0,BSHM,7.39146,1646875800.0
0.936481,32.0,35.0,BSHM,7.31734,1646876100.0
0.76414,32.0,35.0,BSHM,7.23682,1646876400.0
0.663415,32.0,35.0,BSHM,7.16611,1646876700.0
0.659459,32.0,35.0,BSHM,7.0838,1646877000.0
0.591263,32.0,35.0,BSHM,6.95602,1646877300.0
0.658024,32.0,35.0,BSHM,6.83723,1646877600.0
0.591351,32.0,35.0,BSHM,6.24783,1646877900.0
0.761729,32.0,35.0,BSHM,6.69457,1646878200.0
0.944743,32.0,35.0,BSHM,6.62883,1646878500.0
1.31672,32.0,35.0,BSHM,6.4902,1646878800.0
0.967516,32.0,35.0,BSHM,6.84835,1646879100.0
1.34331,32.0,35.0,BSHM,3.72098,1646879400.0
0.932217,32.0,35.0,BSHM,3.74385,1646879700.0
0.669697,32.0,35.0,BSHM,4.6709,1646880000.0
0.772897,32.0,35.0,BSHM,4.97556,1646880300.0
0.605515,32.0,35.0,BSHM,5.22172,1646880600.0
0.54293,32.0,35.0,BSHM,5.36995,1646880900.0
0.557234,32.0,35.0,BSHM,5.67885,1646881200.0
0.591624,32.0,35.0,BSHM,6.06229,1646881500.0
0.591078,32.0,35.0,BSHM,6.14698,1646881800.0
0.590103,32.0,35.0,BSHM,6.26449,1646882100.0
0.587538,32.0,35.0,BSHM,6.31469,1646882400.0
0.585859,32.0,35.0,BSHM,6.37901,1646882700.0
0.587859,32.0,35.0,BSHM,6.55898,1646883000.0
0.600546,32.0,35.0,BSHM,7.19616,1646883300.0
0.511531,32.0,35.0,BSHM,7.77666,1646883600.0
0.554105,32.0,35.0,BSHM,8.55887,1646883900.0
0.598006,32.0,35.0,BSHM,9.16963,1646884200.0
0.601244,32.0,35.0,BSHM,9.6156,1646884500.0
0.676406,32.0,35.0,BSHM,10.2514,1646884800.0
0.790689,32.0,35.0,BSHM,10.9533,1646885100.0
0.79572,32.0,35.0,BSHM,10.8097,1646885400.0
0.595634,32.0,35.0,BSHM,11.0759,1646885700.0
0.594917,32.0,35.0,BSHM,11.4069,1646886000.0
0.655215,32.0,35.0,BSHM,11.6516,1646886300.0
0.58676,32.0,35.0,BSHM,12.3304,1646886600.0
0.534068,32.0,35.0,BSHM,12.618,1646886900.0
0.462235,32.0,35.0,BSHM,12.8957,1646887200.0
0.46157,32.0,35.0,BSHM,13.2005,1646887500.0
0.436157,32.0,35.0,BSHM,13.4913,1646887800.0
0.381088,32.0,35.0,BSHM,13.8308,1646888100.0
0.410042,32.0,35.0,BSHM,14.1014,1646888400.0
0.419654,32.0,35.0,BSHM,14.0233,1646888700.0
0.41995,32.0,35.0,BSHM,14.1765,1646889000.0
0.471235,32.0,35.0,BSHM,13.8417,1646889300.0
0.539031,32.0,35.0,BSHM,14.2425,1646889600.0
0.66392,32.0,35.0,BSHM,14.7197,1646889900.0
0.787407,32.0,35.0,BSHM,15.9202,1646890200.0
1.30582,32.0,35.0,BSHM,15.5681,1646890500.0
0.922119,32.0,35.0,BSHM,15.779,1646890800.0
0.752832,32.0,35.0,BSHM,15.9743,1646891100.0
0.65262,32.0,35.0,BSHM,16.5261,1646891400.0
0.53254,32.0,35.0,BSHM,16.8426,1646891700.0
0.414932,32.0,35.0,BSHM,17.1402,1646892000.0
0.461295,32.0,35.0,BSHM,17.5355,1646892300.0
0.461464,32.0,35.0,BSHM,17.8742,1646892600.0
0.493395,32.0,35.0,BSHM,18.2532,1646892900.0
0.532873,32.0,35.0,BSHM,18.689,1646893200.0
0.462935,32.0,35.0,BSHM,19.0108,1646893500.0
0.583303,32.0,35.0,BSHM,19.3363,1646893800.0
0.58326,32.0,35.0,BSHM,19.2691,1646894100.0
0.583964,32.0,35.0,BSHM,19.287,1646894400.0
0.651026,32.0,35.0,BSHM,19.6429,1646894700.0
0.533684,32.0,35.0,BSHM,19.9057,1646895000.0
0.4936,32.0,35.0,BSHM,20.5439,1646895300.0
0.434567,32.0,35.0,BSHM,20.4401,1646895600.0
0.460607,32.0,35.0,BSHM,20.9188,1646895900.0
0.492467,32.0,35.0,BSHM,21.2421,1646896200.0
0.582767,32.0,35.0,BSHM,21.3938,1646896500.0
0.582846,32.0,35.0,BSHM,21.564,1646896800.0
0.751777,32.0,35.0,BSHM,21.4403,1646897100.0
0.751722,32.0,35.0,BSHM,21.6642,1646897400.0
0.920892,32.0,35.0,BSHM,21.8583,1646897700.0
0.921835,32.0,35.0,BSHM,21.9008,1646898000.0
1.30181,32.0,35.0,BSHM,22.1644,1646898300.0
1.30956,32.0,35.0,BSHM,22.424,1646898600.0
1.33343,32.0,35.0,BSHM,25.2412,1646899800.0
1.31895,32.0,35.0,BSHM,25.5459,1646900100.0
0.929329,32.0,35.0,BSHM,26.1527,1646900400.0
0.760873,32.0,35.0,BSHM,26.417,1646900700.0
0.758857,32.0,35.0,BSHM,26.8842,1646901000.0
0.764182,32.0,35.0,BSHM,29.1336,1646901300.0
0.662869,32.0,35.0,BSHM,30.3309,1646901600.0
0.773502,32.0,35.0,BSHM,31.5013,1646901900.0
0.931156,32.0,35.0,BSHM,33.2896,1646902200.0
0.931099,32.0,35.0,BSHM,33.6224,1646902500.0
0.954957,32.0,35.0,BSHM,33.8666,1646902800.0
1.30214,32.0,35.0,BSHM,26.0795,1646904000.0
0.920955,32.0,35.0,BSHM,26.5599,1646904300.0
0.921223,32.0,35.0,BSHM,26.6297,1646904600.0
1.33672,32.0,35.0,BSHM,29.7129,1646904900.0
1.31931,32.0,35.0,BSHM,29.7642,1646905200.0
1.30907,32.0,35.0,BSHM,26.5969,1646905500.0
1.3062,32.0,35.0,BSHM,26.716,1646905800.0
1.31641,32.0,35.0,BSHM,26.8413,1646906100.0
1.31137,32.0,35.0,BSHM,35.1703,1646908200.0
0.675224,32.0,35.0,BSHM,32.5825,1646908500.0
0.769794,32.0,35.0,BSHM,31.7983,1646908800.0
0.665287,32.0,35.0,BSHM,31.5456,1646909100.0
0.54986,32.0,35.0,BSHM,31.5007,1646909400.0
0.471382,32.0,35.0,BSHM,30.1478,1646909700.0
0.497551,32.0,35.0,BSHM,29.3957,1646910000.0
0.464337,32.0,35.0,BSHM,29.1065,1646910300.0
0.496883,32.0,35.0,BSHM,28.956,1646910600.0
0.534483,32.0,35.0,BSHM,28.966,1646910900.0
0.585115,32.0,35.0,BSHM,28.675,1646911200.0
0.586456,32.0,35.0,BSHM,28.4723,1646911500.0
0.655568,32.0,35.0,BSHM,28.9523,1646911800.0
0.953623,32.0,35.0,BSHM,27.5094,1646912100.0
1.05206,32.0,35.0,BSHM,27.6147,1646912400.0
0.778998,32.0,35.0,BSHM,28.2078,1646912700.0
0.595621,32.0,35.0,BSHM,28.1582,1646913000.0
0.503716,32.0,35.0,BSHM,28.7943,1646913300.0
0.441303,32.0,35.0,BSHM,28.8845,1646913600.0
0.442306,32.0,35.0,BSHM,28.6566,1646913900.0
0.439106,32.0,35.0,BSHM,28.9945,1646914200.0
0.43627,32.0,35.0,BSHM,29.4654,1646914500.0
0.402214,32.0,35.0,BSHM,29.544,1646914800.0
0.441021,32.0,35.0,BSHM,29.8375,1646915100.0
0.439869,32.0,35.0,BSHM,29.8067,1646915400.0
0.495341,32.0,35.0,BSHM,29.9377,1646915700.0
0.471787,32.0,35.0,BSHM,29.727,1646916000.0
0.536441,32.0,35.0,BSHM,29.4489,1646916300.0
0.467578,32.0,35.0,BSHM,29.074,1646916600.0
0.420027,32.0,35.0,BSHM,28.9368,1646916900.0
0.468152,32.0,35.0,BSHM,28.4861,1646917200.0
0.40071,32.0,35.0,BSHM,28.2224,1646917500.0
0.427124,32.0,35.0,BSHM,28.4008,1646917800.0
0.425442,32.0,35.0,BSHM,29.1822,1646918100.0
0.467984,32.0,35.0,BSHM,29.2308,1646918400.0
0.499573,32.0,35.0,BSHM,29.5836,1646918700.0
0.593952,32.0,35.0,BSHM,29.4333,1646919000.0
0.59422,32.0,35.0,BSHM,29.2576,1646919300.0
0.753303,32.0,35.0,BSHM,28.8252,1646919600.0
0.921642,32.0,35.0,BSHM,28.9668,1646919900.0
0.755691,32.0,35.0,BSHM,28.541,1646920200.0
0.652209,32.0,35.0,BSHM,28.3257,1646920500.0
0.585265,32.0,35.0,BSHM,28.597,1646920800.0
0.533505,32.0,35.0,BSHM,28.117,1646921100.0
0.583561,32.0,35.0,BSHM,27.8746,1646921400.0
0.583398,32.0,35.0,BSHM,27.8307,1646921700.0
0.652392,32.0,35.0,BSHM,27.9186,1646922000.0
0.753624,32.0,35.0,BSHM,27.4808,1646922300.0
0.920634,32.0,35.0,BSHM,27.4328,1646922600.0
0.755367,32.0,35.0,BSHM,26.5311,1646922900.0
0.661267,32.0,35.0,BSHM,26.8001,1646923200.0
0.606374,32.0,35.0,BSHM,26.0132,1646923500.0
0.588977,32.0,35.0,BSHM,25.8265,1646923800.0
0.544023,32.0,35.0,BSHM,25.2485,1646924100.0
0.53956,32.0,35.0,BSHM,25.0189,1646924400.0
0.543935,32.0,35.0,BSHM,23.4567,1646924700.0
0.661058,32.0,35.0,BSHM,23.3008,1646925000.0
0.936908,32.0,35.0,BSHM,22.758,1646925300.0
0.924504,32.0,35.0,BSHM,19.8302,1646925600.0
0.92465,32.0,35.0,BSHM,19.6026,1646925900.0
1.34659,32.0,35.0,BSHM,22.0421,1646926200.0
0.989087,32.0,35.0,BSHM,17.3834,1646928900.0
0.776123,32.0,35.0,BSHM,18.8963,1646929200.0
0.667934,32.0,35.0,BSHM,17.9406,1646929500.0
0.624374,32.0,35.0,BSHM,17.3486,1646929800.0
0.562884,32.0,35.0,BSHM,16.7216,1646930100.0
0.550882,32.0,35.0,BSHM,16.3948,1646930400.0
0.668606,32.0,35.0,BSHM,14.9247,1646930700.0
0.667721,32.0,35.0,BSHM,14.4377,1646931000.0
0.668738,32.0,35.0,BSHM,15.3035,1646931300.0
0.776714,32.0,35.0,BSHM,15.4098,1646931600.0
0.781192,32.0,35.0,BSHM,13.5213,1646931900.0
0.946741,32.0,35.0,BSHM,13.3727,1646932200.0
0.950814,32.0,35.0,BSHM,13.042,1646932500.0
0.931073,32.0,35.0,BSHM,12.4845,1646932800.0
0.723276,32.0,35.0,BSHM,12.1158,1646933100.0
0.668363,32.0,35.0,BSHM,11.7987,1646933400.0
0.666019,32.0,35.0,BSHM,11.3213,1646933700.0
0.613789,32.0,35.0,BSHM,11.076,1646934000.0
0.683024,32.0,35.0,BSHM,10.8178,1646934300.0
0.627861,32.0,35.0,BSHM,10.3039,1646934600.0
0.648393,32.0,35.0,BSHM,9.67111,1646934900.0
0.519189,32.0,35.0,BSHM,9.3442,1646935200.0
0.491463,32.0,35.0,BSHM,9.19683,1646935500.0
0.542236,32.0,35.0,BSHM,8.9434,1646935800.0
0.606454,32.0,35.0,BSHM,8.62107,1646936100.0
0.525775,32.0,35.0,BSHM,9.80598,1646936400.0
0.563635,32.0,35.0,BSHM,9.89917,1646936700.0
0.604962,32.0,35.0,BSHM,10.1636,1646937000.0
0.620779,32.0,35.0,BSHM,10.5976,1646937300.0
0.55585,32.0,35.0,BSHM,10.008,1646937600.0
0.627124,32.0,35.0,BSHM,9.80395,1646937900.0
0.675201,32.0,35.0,BSHM,8.7148,1646938200.0
0.683142,32.0,35.0,BSHM,8.64923,1646938500.0
0.617958,32.0,35.0,BSHM,8.67623,1646938800.0
0.524629,32.0,35.0,BSHM,8.53443,1646939100.0
0.67814,32.0,35.0,BSHM,8.51025,1646939400.0
0.611866,32.0,35.0,BSHM,8.25611,1646939700.0
0.608753,32.0,35.0,BSHM,8.1474,1646940000.0
0.558927,32.0,35.0,BSHM,8.03365,1646940300.0
0.679104,32.0,35.0,BSHM,8.05068,1646940600.0
0.619744,32.0,35.0,BSHM,7.86258,1646940900.0
0.67533,32.0,35.0,BSHM,7.80483,1646941200.0
1.07407,32.0,35.0,BSHM,7.72985,1646941500.0
1.55647,32.0,35.0,BSHM,7.58034,1646941800.0
1.31,32.0,35.0,BSHM,7.97244,1646942700.0
1.30647,32.0,35.0,BSHM,8.0999,1646943000.0
1.30589,32.0,35.0,BSHM,8.22205,1646943300.0
1.34064,32.0,35.0,BSHM,7.82128,1646943900.0
0.98974,32.0,35.0,BSHM,7.94652,1646944200.0
0.807391,32.0,35.0,BSHM,8.08412,1646944500.0
0.724243,32.0,35.0,BSHM,8.21102,1646944800.0
0.684075,32.0,35.0,BSHM,8.38316,1646945100.0
0.603561,32.0,35.0,BSHM,8.55296,1646945400.0
0.6002,32.0,35.0,BSHM,8.61308,1646945700.0
0.69587,32.0,35.0,BSHM,8.63478,1646946000.0
0.667152,32.0,35.0,BSHM,8.77058,1646946300.0
0.569005,32.0,35.0,BSHM,8.6234,1646946600.0
0.655051,32.0,35.0,BSHM,9.0702,1646946900.0
0.641502,32.0,35.0,BSHM,9.26738,1646947200.0
0.735768,32.0,35.0,BSHM,9.19266,1646947500.0
0.738134,32.0,35.0,BSHM,9.80946,1646947800.0
0.781506,32.0,35.0,BSHM,9.68553,1646948100.0
0.906291,32.0,35.0,BSHM,9.52687,1646948400.0
1.3127,32.0,35.0,BSHM,9.33151,1646948700.0
0.980329,32.0,35.0,BSHM,9.13469,1646949000.0
1.38657,32.0,35.0,BSHM,8.96428,1646949300.0
0.769194,32.0,35.0,BSHM,9.25057,1646949600.0
0.769394,32.0,35.0,BSHM,9.27313,1646949900.0
0.966618,32.0,35.0,BSHM,9.46408,1646950200.0
0.928076,32.0,35.0,BSHM,10.322,1646950500.0
0.925301,32.0,35.0,BSHM,9.21011,1646950800.0
0.850796,32.0,35.0,BSHM,9.36509,1646951100.0
0.625508,32.0,35.0,BSHM,9.43796,1646951400.0
0.585961,32.0,35.0,BSHM,9.31098,1646951700.0
0.63937,32.0,35.0,BSHM,9.0951,1646952000.0
0.533855,32.0,35.0,BSHM,9.14255,1646952300.0
0.579387,32.0,35.0,BSHM,9.54938,1646952600.0
0.602246,32.0,35.0,BSHM,9.35059,1646952900.0
0.665753,32.0,35.0,BSHM,9.58075,1646953200.0
0.765461,32.0,35.0,BSHM,9.14706,1646953500.0
0.659739,32.0,35.0,BSHM,8.80159,1646953800.0
0.662462,32.0,35.0,BSHM,8.67373,1646954100.0
0.932896,32.0,35.0,BSHM,9.0436,1646954400.0
0.991436,32.0,35.0,BSHM,9.09632,1646954700.0
0.92931,32.0,35.0,BSHM,9.10406,1646955000.0
0.926296,32.0,35.0,BSHM,9.21316,1646955300.0
0.926834,32.0,35.0,BSHM,9.31901,1646955600.0
0.92747,32.0,35.0,BSHM,9.38083,1646955900.0
0.929335,32.0,35.0,BSHM,9.41437,1646956200.0
1.30782,32.0,35.0,BSHM,9.40903,1646956500.0
0.757297,35.0,33.0,NICO,4.58682,1646870400.0
0.694463,35.0,33.0,NICO,5.24129,1646870700.0
0.668993,35.0,33.0,NICO,5.32977,1646871000.0
0.951947,35.0,33.0,NICO,6.10217,1646871300.0
0.975981,35.0,33.0,NICO,6.08321,1646871600.0
0.775953,35.0,33.0,NICO,5.06205,1646871900.0
0.948789,35.0,33.0,NICO,4.69389,1646872200.0
1.3068,35.0,33.0,NICO,4.73426,1646875800.0
0.756568,35.0,33.0,NICO,4.77839,1646876100.0
0.980792,35.0,33.0,NICO,5.09089,1646876400.0
0.601422,35.0,33.0,NICO,5.29787,1646876700.0
0.502204,35.0,33.0,NICO,5.35692,1646877000.0
0.521797,35.0,33.0,NICO,5.42962,1646877300.0
0.59724,35.0,33.0,NICO,5.61186,1646877600.0
0.926103,35.0,33.0,NICO,5.56189,1646877900.0
1.33902,35.0,33.0,NICO,5.54517,1646878200.0
0.755199,35.0,33.0,NICO,5.88943,1646882400.0
0.54167,35.0,33.0,NICO,5.30044,1646882700.0
0.49885,35.0,33.0,NICO,5.76466,1646883000.0
0.537337,35.0,33.0,NICO,5.96624,1646883300.0
0.675148,35.0,33.0,NICO,6.13042,1646883600.0
0.754496,35.0,33.0,NICO,5.09928,1646883900.0
1.30798,35.0,33.0,NICO,3.2404,1646884200.0
1.32099,35.0,33.0,NICO,9.89013,1646885700.0
1.33962,35.0,33.0,NICO,10.0942,1646886000.0
0.679147,35.0,33.0,NICO,12.511,1646889600.0
0.609663,35.0,33.0,NICO,12.8662,1646889900.0
0.515341,35.0,33.0,NICO,13.1818,1646890200.0
0.556319,35.0,33.0,NICO,13.5777,1646890500.0
0.694948,35.0,33.0,NICO,14.0097,1646890800.0
1.32525,35.0,33.0,NICO,17.2365,1646893800.0
0.755076,35.0,33.0,NICO,17.3848,1646894100.0
0.653344,35.0,33.0,NICO,17.4633,1646894400.0
0.924998,35.0,33.0,NICO,17.9528,1646894700.0
0.928457,35.0,33.0,NICO,18.4308,1646895000.0
1.3329,35.0,33.0,NICO,19.1517,1646895300.0
1.30469,35.0,33.0,NICO,19.874,1646897100.0
0.924614,35.0,33.0,NICO,18.7079,1646897400.0
1.30449,35.0,33.0,NICO,18.5184,1646897700.0
1.31329,35.0,33.0,NICO,21.897,1646898000.0
0.997046,35.0,33.0,NICO,22.3453,1646898300.0
0.93172,35.0,33.0,NICO,22.6738,1646898600.0
0.93407,35.0,33.0,NICO,23.0908,1646898900.0
0.796239,35.0,33.0,NICO,23.7222,1646899200.0
0.92996,35.0,33.0,NICO,24.0551,1646899500.0
1.303,35.0,33.0,NICO,24.4057,1646899800.0
0.921492,35.0,33.0,NICO,24.0564,1646900100.0
1.30162,35.0,33.0,NICO,24.1621,1646900400.0
1.3041,35.0,33.0,NICO,21.4268,1646900700.0
1.30309,35.0,33.0,NICO,21.8121,1646901000.0
0.923463,35.0,33.0,NICO,21.9043,1646904300.0
0.923426,35.0,33.0,NICO,22.0914,1646904600.0
0.925634,35.0,33.0,NICO,22.9742,1646904900.0
0.757019,35.0,33.0,NICO,24.4388,1646905200.0
0.584065,35.0,33.0,NICO,25.9494,1646905500.0
0.493376,35.0,33.0,NICO,27.2785,1646905800.0
0.494032,35.0,33.0,NICO,27.4581,1646906100.0
0.653449,35.0,33.0,NICO,28.2215,1646906400.0
0.758084,35.0,33.0,NICO,28.2703,1646906700.0
0.936272,35.0,33.0,NICO,28.4676,1646907000.0
1.30242,35.0,33.0,NICO,30.1928,1646907900.0
1.30251,35.0,33.0,NICO,30.0584,1646908200.0
1.30163,35.0,33.0,NICO,25.7301,1646910300.0
1.30206,35.0,33.0,NICO,25.6205,1646910600.0
1.31893,35.0,33.0,NICO,27.6729,1646911500.0
0.764392,35.0,33.0,NICO,26.3179,1646911800.0
0.495933,35.0,33.0,NICO,26.8034,1646912100.0
0.498596,35.0,33.0,NICO,26.7877,1646912400.0
0.672734,35.0,33.0,NICO,27.2387,1646912700.0
0.754482,35.0,33.0,NICO,27.8228,1646913000.0
0.769904,35.0,33.0,NICO,27.8646,1646913300.0
0.760042,35.0,33.0,NICO,23.1489,1646914500.0
0.658382,35.0,33.0,NICO,23.9583,1646914800.0
0.76347,35.0,33.0,NICO,24.125,1646915100.0
0.929201,35.0,33.0,NICO,22.545,1646915400.0
0.931126,35.0,33.0,NICO,22.4222,1646915700.0
1.30246,35.0,33.0,NICO,28.5832,1646916900.0
1.30261,35.0,33.0,NICO,28.1052,1646917200.0
1.30263,35.0,33.0,NICO,28.2866,1646917500.0
1.30283,35.0,33.0,NICO,27.7992,1646917800.0
1.30156,35.0,33.0,NICO,24.344,1646919000.0
1.30112,35.0,33.0,NICO,23.9776,1646919300.0
1.30301,35.0,33.0,NICO,25.9183,1646919600.0
1.30318,35.0,33.0,NICO,25.6789,1646919900.0
1.30108,35.0,33.0,NICO,24.2775,1646924100.0
1.30143,35.0,33.0,NICO,24.1237,1646924400.0
1.40887,35.0,33.0,NICO,17.2034,1646926200.0
1.02411,35.0,33.0,NICO,16.6653,1646926500.0
1.45086,35.0,33.0,NICO,16.3033,1646926800.0
1.03703,35.0,33.0,NICO,19.3755,1646927100.0
0.757684,35.0,33.0,NICO,15.9032,1646927400.0
0.943105,35.0,33.0,NICO,16.3475,1646927700.0
1.3014,35.0,33.0,NICO,11.6122,1646932800.0
1.3014,35.0,33.0,NICO,11.3446,1646933100.0
0.657945,35.0,33.0,NICO,10.3821,1646933700.0
0.597824,35.0,33.0,NICO,9.00035,1646934000.0
0.66607,35.0,33.0,NICO,8.02617,1646934300.0
0.665095,35.0,33.0,NICO,7.87082,1646934600.0
0.70662,35.0,33.0,NICO,7.6647,1646934900.0
0.960303,35.0,33.0,NICO,7.49713,1646935200.0
1.31037,35.0,33.0,NICO,6.16508,1646935500.0
0.754666,35.0,33.0,NICO,6.0769,1646935800.0
0.754078,35.0,33.0,NICO,6.00107,1646936100.0
0.923101,35.0,33.0,NICO,6.01228,1646936400.0
0.926698,35.0,33.0,NICO,6.00029,1646936700.0
1.30853,35.0,33.0,NICO,6.0849,1646937000.0
1.30221,35.0,33.0,NICO,9.4616,1646937300.0
1.3022,35.0,33.0,NICO,9.36832,1646937600.0
0.775214,35.0,33.0,NICO,6.2017,1646940600.0
0.785272,35.0,33.0,NICO,6.00114,1646940900.0
0.543425,35.0,33.0,NICO,5.94008,1646941200.0
0.520871,35.0,33.0,NICO,6.13054,1646941500.0
0.657903,35.0,33.0,NICO,6.39828,1646941800.0
0.93347,35.0,33.0,NICO,6.22825,1646942100.0
1.31183,35.0,33.0,NICO,5.22873,1646944500.0
0.75398,35.0,33.0,NICO,5.29948,1646944800.0
0.754149,35.0,33.0,NICO,5.35763,1646945100.0
0.885873,35.0,33.0,NICO,5.65711,1646945400.0
0.923239,35.0,33.0,NICO,5.51982,1646945700.0
0.927911,35.0,33.0,NICO,5.58907,1646946000.0
1.43756,35.0,33.0,NICO,7.19535,1646946600.0
0.726407,35.0,33.0,NICO,6.79284,1646946900.0
0.516776,35.0,33.0,NICO,6.5496,1646947200.0
0.719751,35.0,33.0,NICO,6.82855,1646947500.0
1.12173,35.0,33.0,NICO,7.677,1646947800.0
1.24623,35.0,33.0,NICO,7.66507,1646948100.0
1.30326,35.0,33.0,NICO,7.4568,1646948400.0
0.660277,35.0,33.0,NICO,6.80187,1646948700.0
0.652836,35.0,33.0,NICO,6.48218,1646949000.0
0.620172,35.0,33.0,NICO,6.26071,1646949300.0
0.70733,35.0,33.0,NICO,6.36869,1646949600.0
0.924379,35.0,33.0,NICO,6.56704,1646949900.0
0.932276,35.0,33.0,NICO,6.64374,1646950200.0
1.30263,35.0,33.0,NICO,7.03878,1646951400.0
1.30236,35.0,33.0,NICO,7.06844,1646951700.0
1.3145,35.0,33.0,NICO,6.49992,1646953500.0
1.30281,35.0,33.0,NICO,6.5479,1646953800.0
1.30274,35.0,33.0,NICO,6.57749,1646954100.0
1.30293,35.0,33.0,NICO,6.64048,1646954400.0
1.30315,35.0,33.0,NICO,6.71905,1646954700.0
1.30533,35.0,33.0,NICO,6.71137,1646955000.0
1.31455,35.0,33.0,NICO,7.00967,1646955600.0
1.31177,35.0,33.0,NICO,6.95348,1646955900.0
1.31081,35.0,33.0,NICO,6.86897,1646956200.0
0.672665,35.0,33.0,NICO,8.44359,1646956500.0
1.30297,40.0,44.0,ARUC,7.16804,1646956800.0
1.30325,40.0,44.0,ARUC,7.15247,1646957100.0
1.30358,40.0,44.0,ARUC,7.05127,1646957400.0
0.947586,40.0,44.0,ARUC,6.92911,1646957700.0
1.30497,40.0,44.0,ARUC,6.52991,1646958900.0
0.921783,40.0,44.0,ARUC,6.05365,1646959200.0
0.921649,40.0,44.0,ARUC,6.04611,1646959500.0
0.92771,40.0,44.0,ARUC,6.05544,1646959800.0
1.30266,40.0,44.0,ARUC,5.57916,1646960100.0
0.660766,40.0,44.0,ARUC,5.6121,1646960400.0
0.367127,40.0,44.0,ARUC,5.15858,1646960700.0
1.3025,40.0,44.0,ARUC,5.73599,1646961000.0
1.30263,40.0,44.0,ARUC,5.7375,1646961300.0
1.31366,40.0,44.0,ARUC,5.77014,1646961600.0
1.31939,40.0,44.0,ARUC,5.99466,1646961900.0
1.30721,40.0,44.0,ARUC,6.02172,1646962200.0
0.767993,40.0,44.0,ARUC,3.33514,1646965500.0
1.30126,40.0,44.0,ARUC,7.38295,1646966400.0
1.30737,40.0,44.0,ARUC,6.83047,1646967000.0
1.30622,40.0,44.0,ARUC,6.76337,1646967300.0
0.92109,40.0,44.0,ARUC,7.12974,1646967600.0
0.921373,40.0,44.0,ARUC,7.44646,1646967900.0
0.922271,40.0,44.0,ARUC,7.80342,1646968200.0
0.922044,40.0,44.0,ARUC,8.0755,1646968500.0
0.925583,40.0,44.0,ARUC,8.27935,1646968800.0
0.928881,40.0,44.0,ARUC,9.64129,1646969100.0
0.754904,40.0,44.0,ARUC,9.28577,1646969400.0
0.754894,40.0,44.0,ARUC,9.62682,1646969700.0
0.926097,40.0,44.0,ARUC,9.74114,1646970000.0
0.926367,40.0,44.0,ARUC,10.03,1646970300.0
0.764955,40.0,44.0,ARUC,9.88451,1646970600.0
0.39912,40.0,44.0,ARUC,8.95815,1646970900.0
0.439251,40.0,44.0,ARUC,9.65916,1646971200.0
0.923186,40.0,44.0,ARUC,11.3691,1646971500.0
0.922567,40.0,44.0,ARUC,11.8506,1646971800.0
1.32083,40.0,44.0,ARUC,11.9859,1646972100.0
1.3026,40.0,44.0,ARUC,13.6313,1646972700.0
1.30179,40.0,44.0,ARUC,14.1843,1646973000.0
0.921083,40.0,44.0,ARUC,13.8261,1646973300.0
1.30259,40.0,44.0,ARUC,15.3166,1646973600.0
1.31861,40.0,44.0,ARUC,13.106,1646974200.0
1.31129,40.0,44.0,ARUC,13.4344,1646974500.0
0.465418,40.0,44.0,ARUC,12.5562,1646974800.0
0.930084,40.0,44.0,ARUC,12.8321,1646975100.0
1.30117,40.0,44.0,ARUC,16.1213,1646976900.0
1.30114,40.0,44.0,ARUC,16.4439,1646977200.0
1.30202,40.0,44.0,ARUC,16.6726,1646977500.0
1.32642,40.0,44.0,ARUC,15.2383,1646977800.0
1.30788,40.0,44.0,ARUC,15.5939,1646978100.0
0.938645,40.0,44.0,ARUC,15.8198,1646978400.0
1.3014,40.0,44.0,ARUC,15.9813,1646978700.0
0.753034,40.0,44.0,ARUC,15.7291,1646979300.0
0.58329,40.0,44.0,ARUC,15.6096,1646979600.0
1.32684,40.0,44.0,ARUC,19.3685,1646980800.0
1.30224,40.0,44.0,ARUC,18.919,1646982000.0
1.30196,40.0,44.0,ARUC,19.1023,1646982300.0
0.922331,40.0,44.0,ARUC,19.1776,1646982600.0
0.795512,40.0,44.0,ARUC,18.52,1646982900.0
0.697466,40.0,44.0,ARUC,18.3097,1646983200.0
1.30503,40.0,44.0,ARUC,19.2722,1646983500.0
1.46449,40.0,44.0,ARUC,20.0927,1646983800.0
1.33617,40.0,44.0,ARUC,20.3439,1646984100.0
0.941677,40.0,44.0,ARUC,22.5129,1646984400.0
0.937785,40.0,44.0,ARUC,22.9331,1646984700.0
0.936313,40.0,44.0,ARUC,23.2871,1646985000.0
0.935574,40.0,44.0,ARUC,21.8376,1646985300.0
0.935276,40.0,44.0,ARUC,22.2248,1646985600.0
1.34002,40.0,44.0,ARUC,23.5387,1646985900.0
1.30358,40.0,44.0,ARUC,21.5584,1646986500.0
1.30269,40.0,44.0,ARUC,21.3424,1646986800.0
1.30307,40.0,44.0,ARUC,21.1729,1646987100.0
0.753825,40.0,44.0,ARUC,22.9444,1646987400.0
0.753062,40.0,44.0,ARUC,23.363,1646987700.0
0.923532,40.0,44.0,ARUC,24.5622,1646988000.0
0.923175,40.0,44.0,ARUC,24.9285,1646988300.0
0.924583,40.0,44.0,ARUC,25.3184,1646988600.0
1.30335,40.0,44.0,ARUC,27.2212,1646992200.0
1.30316,40.0,44.0,ARUC,27.3912,1646992500.0
1.32176,40.0,44.0,ARUC,28.595,1646994300.0
1.31652,40.0,44.0,ARUC,28.6801,1646994600.0
1.31819,40.0,44.0,ARUC,28.8754,1646994900.0
1.32014,40.0,44.0,ARUC,28.9831,1646995200.0
1.31835,40.0,44.0,ARUC,29.0865,1646995500.0
0.538718,40.0,44.0,ARUC,27.4752,1646995800.0
0.939718,40.0,44.0,ARUC,29.5101,1646996100.0
0.945013,40.0,44.0,ARUC,29.275,1646996400.0
1.30713,40.0,44.0,ARUC,28.5468,1646996700.0
1.30667,40.0,44.0,ARUC,28.3812,1646997000.0
1.31385,40.0,44.0,ARUC,27.9463,1646997300.0
1.3614,40.0,44.0,ARUC,26.4997,1646997600.0
1.3153,40.0,44.0,ARUC,23.0638,1647000600.0
1.30271,40.0,44.0,ARUC,22.963,1647000900.0
1.30259,40.0,44.0,ARUC,22.6109,1647001200.0
1.30272,40.0,44.0,ARUC,22.2722,1647001500.0
0.921095,40.0,44.0,ARUC,21.277,1647001800.0
0.757918,40.0,44.0,ARUC,21.5968,1647002100.0
0.754014,40.0,44.0,ARUC,21.473,1647002400.0
0.46452,40.0,44.0,ARUC,20.4742,1647002700.0
0.396371,40.0,44.0,ARUC,20.2747,1647003000.0
0.924521,40.0,44.0,ARUC,20.9275,1647003300.0
0.561036,40.0,44.0,ARUC,19.8342,1647003600.0
0.702732,40.0,44.0,ARUC,21.0487,1647003900.0
1.30348,40.0,44.0,ARUC,21.3708,1647004200.0
1.30369,40.0,44.0,ARUC,21.0837,1647004500.0
1.3036,40.0,44.0,ARUC,20.6805,1647004800.0
1.30367,40.0,44.0,ARUC,20.4309,1647005100.0
1.30446,40.0,44.0,ARUC,18.4588,1647006000.0
1.30371,40.0,44.0,ARUC,18.5374,1647006300.0
1.30141,40.0,44.0,ARUC,15.9221,1647007500.0
1.30127,40.0,44.0,ARUC,15.8836,1647007800.0
1.30154,40.0,44.0,ARUC,15.8671,1647008100.0
1.31569,40.0,44.0,ARUC,17.7363,1647010500.0
0.923117,40.0,44.0,ARUC,15.1294,1647010800.0
0.922799,40.0,44.0,ARUC,14.9515,1647011100.0
1.30302,40.0,44.0,ARUC,17.0934,1647011400.0
0.986748,40.0,44.0,ARUC,10.0856,1647011700.0
0.589294,40.0,44.0,ARUC,14.303,1647012000.0
0.449581,40.0,44.0,ARUC,13.6499,1647012300.0
0.346356,40.0,44.0,ARUC,13.2475,1647012600.0
0.601144,40.0,44.0,ARUC,13.8482,1647012900.0
1.11911,40.0,44.0,ARUC,15.5288,1647013200.0
1.30442,40.0,44.0,ARUC,14.8281,1647013500.0
1.30482,40.0,44.0,ARUC,14.5438,1647013800.0
1.30852,40.0,44.0,ARUC,14.4399,1647014100.0
1.32731,40.0,44.0,ARUC,12.6453,1647014700.0
0.923784,40.0,44.0,ARUC,13.6872,1647015000.0
0.923853,40.0,44.0,ARUC,13.714,1647015300.0
0.923692,40.0,44.0,ARUC,13.7824,1647015600.0
0.754798,40.0,44.0,ARUC,12.5548,1647015900.0
0.369552,40.0,44.0,ARUC,11.1743,1647016200.0
0.355721,40.0,44.0,ARUC,11.0993,1647016500.0
0.930453,40.0,44.0,ARUC,11.5217,1647016800.0
1.30909,40.0,44.0,ARUC,13.1191,1647017100.0
1.30851,40.0,44.0,ARUC,13.1623,1647017400.0
1.31401,40.0,44.0,ARUC,13.1638,1647017700.0
1.30342,40.0,44.0,ARUC,10.1375,1647018300.0
1.30305,40.0,44.0,ARUC,9.81601,1647018600.0
1.30456,40.0,44.0,ARUC,8.12099,1647019800.0
0.771496,40.0,44.0,ARUC,9.89468,1647020100.0
0.925698,40.0,44.0,ARUC,10.8433,1647020400.0
0.926152,40.0,44.0,ARUC,10.7422,1647020700.0
0.925675,40.0,44.0,ARUC,10.7189,1647021000.0
0.92564,40.0,44.0,ARUC,10.645,1647021300.0
0.925507,40.0,44.0,ARUC,10.5224,1647021600.0
1.31029,40.0,44.0,ARUC,9.39575,1647021900.0
1.31114,40.0,44.0,ARUC,9.22682,1647022200.0
1.31,40.0,44.0,ARUC,9.04171,1647022500.0
1.31195,40.0,44.0,ARUC,8.77608,1647022800.0
1.32322,40.0,44.0,ARUC,9.08821,1647023100.0
0.591785,40.0,44.0,ARUC,8.52662,1647023400.0
0.658748,40.0,44.0,ARUC,8.33801,1647023700.0
1.30951,40.0,44.0,ARUC,5.92167,1647024600.0
1.31414,40.0,44.0,ARUC,5.88603,1647024900.0
1.32169,40.0,44.0,ARUC,7.13124,1647025500.0
0.925056,40.0,44.0,ARUC,7.3305,1647025800.0
0.922953,40.0,44.0,ARUC,7.21753,1647026100.0
0.922696,40.0,44.0,ARUC,7.13321,1647026400.0
0.924818,40.0,44.0,ARUC,7.16344,1647026700.0
1.3073,40.0,44.0,ARUC,7.97817,1647027000.0
1.30781,40.0,44.0,ARUC,8.18644,1647027300.0
1.31034,40.0,44.0,ARUC,8.30577,1647027600.0
1.3054,40.0,44.0,ARUC,5.48654,1647028500.0
0.924647,40.0,44.0,ARUC,5.74211,1647028800.0
1.3085,40.0,44.0,ARUC,6.15454,1647029100.0
1.30856,40.0,44.0,ARUC,6.27959,1647029400.0
1.30825,40.0,44.0,ARUC,6.49963,1647029700.0
0.928961,40.0,44.0,ARUC,5.7144,1647030000.0
0.925467,40.0,44.0,ARUC,5.85215,1647030300.0
0.926513,40.0,44.0,ARUC,6.02261,1647030600.0
0.923426,40.0,44.0,ARUC,7.39067,1647030900.0
0.922795,40.0,44.0,ARUC,7.51992,1647031200.0
0.922944,40.0,44.0,ARUC,7.62756,1647031500.0
0.923822,40.0,44.0,ARUC,7.71542,1647031800.0
1.34216,40.0,44.0,ARUC,6.72733,1647032100.0
1.36186,40.0,44.0,ARUC,6.80557,1647032400.0
1.30625,40.0,44.0,ARUC,4.21284,1647033000.0
1.30918,40.0,44.0,ARUC,4.21041,1647033300.0
1.30458,40.0,44.0,ARUC,5.94039,1647034500.0
1.30458,40.0,44.0,ARUC,5.74687,1647034800.0
1.30427,40.0,44.0,ARUC,5.54142,1647035100.0
1.30591,40.0,44.0,ARUC,5.39053,1647035400.0
1.30324,40.0,44.0,ARUC,8.85505,1647035700.0
1.30311,40.0,44.0,ARUC,8.7751,1647036000.0
1.3031,40.0,44.0,ARUC,8.69955,1647036300.0
1.31664,40.0,44.0,ARUC,5.83569,1647038100.0
1.32763,40.0,44.0,ARUC,4.93177,1647039000.0
1.30952,40.0,44.0,ARUC,5.06442,1647039300.0
1.31049,40.0,44.0,ARUC,5.19481,1647039600.0
1.30965,40.0,44.0,ARUC,5.30148,1647039900.0
1.30967,40.0,44.0,ARUC,5.54106,1647040200.0
0.601756,40.0,44.0,ARUC,5.42113,1647040500.0
0.468348,40.0,44.0,ARUC,5.18554,1647040800.0
0.40119,40.0,44.0,ARUC,4.98194,1647041100.0
0.472051,40.0,44.0,ARUC,5.12122,1647041400.0
0.620467,40.0,44.0,ARUC,6.64924,1647041700.0
1.3165,40.0,44.0,ARUC,10.8325,1647042000.0
0.932167,40.0,44.0,ARUC,7.21721,1647042300.0
0.926048,40.0,44.0,ARUC,7.21229,1647042600.0
0.926033,40.0,44.0,ARUC,7.07447,1647042900.0
0.783924,32.0,35.0,BSHM,6.88079,1646956800.0
1.67924,32.0,35.0,BSHM,6.57832,1646957100.0
1.30473,32.0,35.0,BSHM,6.2218,1646957400.0
0.755955,32.0,35.0,BSHM,6.34946,1646957700.0
0.753913,32.0,35.0,BSHM,6.32958,1646958000.0
0.652529,32.0,35.0,BSHM,6.70433,1646958300.0
0.532439,32.0,35.0,BSHM,6.85574,1646958600.0
0.495313,32.0,35.0,BSHM,6.85592,1646958900.0
0.496314,32.0,35.0,BSHM,6.90384,1646959200.0
0.462198,32.0,35.0,BSHM,6.94721,1646959500.0
0.462589,32.0,35.0,BSHM,6.84407,1646959800.0
0.495176,32.0,35.0,BSHM,6.93278,1646960100.0
0.585283,32.0,35.0,BSHM,6.80205,1646960400.0
0.752461,32.0,35.0,BSHM,7.0383,1646960700.0
0.754036,32.0,35.0,BSHM,7.04982,1646961000.0
0.923116,32.0,35.0,BSHM,6.85635,1646961300.0
0.973458,32.0,35.0,BSHM,6.45549,1646961600.0
1.31896,32.0,35.0,BSHM,5.89386,1646961900.0
0.928534,32.0,35.0,BSHM,5.24094,1646962200.0
0.756651,32.0,35.0,BSHM,5.53477,1646962500.0
0.593051,32.0,35.0,BSHM,5.51269,1646962800.0
0.58634,32.0,35.0,BSHM,5.42717,1646963100.0
0.535557,32.0,35.0,BSHM,5.46132,1646963400.0
0.539298,32.0,35.0,BSHM,5.41996,1646963700.0
0.588643,32.0,35.0,BSHM,5.35825,1646964000.0
0.665133,32.0,35.0,BSHM,5.58734,1646964300.0
0.932665,32.0,35.0,BSHM,5.75547,1646964600.0
0.944201,32.0,35.0,BSHM,5.77882,1646964900.0
0.660085,32.0,35.0,BSHM,4.67472,1646965200.0
0.674121,32.0,35.0,BSHM,4.86741,1646965500.0
0.770519,32.0,35.0,BSHM,4.84135,1646965800.0
0.665908,32.0,35.0,BSHM,4.80701,1646966100.0
0.595732,32.0,35.0,BSHM,4.78412,1646966400.0
0.597592,32.0,35.0,BSHM,5.22876,1646966700.0
0.538534,32.0,35.0,BSHM,5.31813,1646967000.0
0.539207,32.0,35.0,BSHM,5.13009,1646967300.0
0.538063,32.0,35.0,BSHM,5.1503,1646967600.0
0.498088,32.0,35.0,BSHM,5.17565,1646967900.0
0.466108,32.0,35.0,BSHM,5.2035,1646968200.0
0.469562,32.0,35.0,BSHM,5.24465,1646968500.0
0.464222,32.0,35.0,BSHM,5.43312,1646968800.0
0.464356,32.0,35.0,BSHM,5.00232,1646969100.0
0.533709,32.0,35.0,BSHM,5.98905,1646969400.0
0.560118,32.0,35.0,BSHM,6.43895,1646969700.0
0.605481,32.0,35.0,BSHM,7.38905,1646970000.0
0.59748,32.0,35.0,BSHM,7.88085,1646970300.0
0.603569,32.0,35.0,BSHM,8.66057,1646970600.0
0.683663,32.0,35.0,BSHM,9.23441,1646970900.0
0.816193,32.0,35.0,BSHM,9.76955,1646971200.0
0.818079,32.0,35.0,BSHM,10.1297,1646971500.0
0.783079,32.0,35.0,BSHM,10.3806,1646971800.0
0.770447,32.0,35.0,BSHM,11.6822,1646972100.0
0.752898,32.0,35.0,BSHM,12.0127,1646972400.0
0.655437,32.0,35.0,BSHM,12.3543,1646972700.0
0.583697,32.0,35.0,BSHM,12.8221,1646973000.0
0.493331,32.0,35.0,BSHM,13.2469,1646973300.0
0.532534,32.0,35.0,BSHM,13.8294,1646973600.0
0.50262,32.0,35.0,BSHM,14.1962,1646973900.0
0.43734,32.0,35.0,BSHM,14.538,1646974200.0
0.415776,32.0,35.0,BSHM,15.046,1646974500.0
0.467452,32.0,35.0,BSHM,15.5682,1646974800.0
0.400071,32.0,35.0,BSHM,16.1688,1646975100.0
0.424592,32.0,35.0,BSHM,16.2757,1646975400.0
0.472464,32.0,35.0,BSHM,16.7527,1646975700.0
0.489152,32.0,35.0,BSHM,17.5124,1646976000.0
0.565282,32.0,35.0,BSHM,18.6651,1646976300.0
0.614951,32.0,35.0,BSHM,19.0588,1646976600.0
0.555245,32.0,35.0,BSHM,18.9438,1646976900.0
0.596919,32.0,35.0,BSHM,18.8907,1646977200.0
0.594558,32.0,35.0,BSHM,19.303,1646977500.0
0.503004,32.0,35.0,BSHM,19.2282,1646977800.0
0.447826,32.0,35.0,BSHM,19.0716,1646978100.0
0.443695,32.0,35.0,BSHM,18.7346,1646978400.0
0.467197,32.0,35.0,BSHM,18.6249,1646978700.0
0.500517,32.0,35.0,BSHM,18.6721,1646979000.0
0.538041,32.0,35.0,BSHM,18.5602,1646979300.0
0.465483,32.0,35.0,BSHM,18.5102,1646979600.0
0.508806,32.0,35.0,BSHM,18.2575,1646979900.0
0.585997,32.0,35.0,BSHM,17.9874,1646980200.0
0.584746,32.0,35.0,BSHM,17.9891,1646980500.0
0.592045,32.0,35.0,BSHM,18.3609,1646980800.0
0.499549,32.0,35.0,BSHM,18.9697,1646981100.0
0.498282,32.0,35.0,BSHM,18.9466,1646981400.0
0.463275,32.0,35.0,BSHM,19.2297,1646981700.0
0.462758,32.0,35.0,BSHM,19.3416,1646982000.0
0.413957,32.0,35.0,BSHM,19.6692,1646982300.0
0.464059,32.0,35.0,BSHM,20.0305,1646982600.0
0.583088,32.0,35.0,BSHM,19.2083,1646982900.0
0.582469,32.0,35.0,BSHM,19.6741,1646983200.0
0.58243,32.0,35.0,BSHM,19.9377,1646983500.0
0.651269,32.0,35.0,BSHM,20.2269,1646983800.0
0.922841,32.0,35.0,BSHM,20.5221,1646984100.0
1.30167,32.0,35.0,BSHM,20.7257,1646984400.0
1.30304,32.0,35.0,BSHM,20.9218,1646984700.0
1.4492,32.0,35.0,BSHM,23.0651,1646985900.0
1.3623,32.0,35.0,BSHM,23.5054,1646986200.0
0.942084,32.0,35.0,BSHM,24.159,1646986500.0
0.766255,32.0,35.0,BSHM,24.6134,1646986800.0
0.76561,32.0,35.0,BSHM,24.9494,1646987100.0
0.941692,32.0,35.0,BSHM,25.315,1646987400.0
0.942063,32.0,35.0,BSHM,25.8062,1646987700.0
0.791052,32.0,35.0,BSHM,28.8899,1646988000.0
0.944836,32.0,35.0,BSHM,30.3469,1646988300.0
0.942615,32.0,35.0,BSHM,30.6955,1646988600.0
0.942524,32.0,35.0,BSHM,31.0272,1646988900.0
0.947949,32.0,35.0,BSHM,31.4577,1646989200.0
1.31998,32.0,35.0,BSHM,26.0922,1646990100.0
0.924015,32.0,35.0,BSHM,27.056,1646990400.0
0.926475,32.0,35.0,BSHM,26.8563,1646990700.0
1.40037,32.0,35.0,BSHM,28.8707,1646991000.0
1.32176,32.0,35.0,BSHM,29.0312,1646991300.0
1.32092,32.0,35.0,BSHM,26.6989,1646991600.0
1.31603,32.0,35.0,BSHM,27.3289,1646991900.0
1.32453,32.0,35.0,BSHM,27.8851,1646992200.0
1.12282,32.0,35.0,BSHM,32.8484,1646994300.0
0.757215,32.0,35.0,BSHM,34.9451,1646994600.0
0.827305,32.0,35.0,BSHM,34.1811,1646994900.0
0.761551,32.0,35.0,BSHM,34.3449,1646995200.0
0.625639,32.0,35.0,BSHM,34.4898,1646995500.0
0.549659,32.0,35.0,BSHM,34.3717,1646995800.0
0.582812,32.0,35.0,BSHM,34.436,1646996100.0
0.530016,32.0,35.0,BSHM,34.8043,1646996400.0
0.581955,32.0,35.0,BSHM,35.09,1646996700.0
0.621069,32.0,35.0,BSHM,35.2165,1646997000.0
0.638326,32.0,35.0,BSHM,35.4397,1646997300.0
0.680887,32.0,35.0,BSHM,35.639,1646997600.0
0.685884,32.0,35.0,BSHM,34.9644,1646997900.0
0.773955,32.0,35.0,BSHM,35.2705,1646998200.0
0.842672,32.0,35.0,BSHM,35.9371,1646998500.0
0.628476,32.0,35.0,BSHM,35.3105,1646998800.0
0.576841,32.0,35.0,BSHM,36.2294,1646999100.0
0.534346,32.0,35.0,BSHM,35.492,1646999400.0
0.497533,32.0,35.0,BSHM,34.6801,1646999700.0
0.457754,32.0,35.0,BSHM,33.92,1647000000.0
0.464099,32.0,35.0,BSHM,33.2234,1647000300.0
0.449399,32.0,35.0,BSHM,32.6337,1647000600.0
0.479245,32.0,35.0,BSHM,32.5208,1647000900.0
0.485534,32.0,35.0,BSHM,30.2594,1647001200.0
0.479437,32.0,35.0,BSHM,29.0422,1647001500.0
0.502079,32.0,35.0,BSHM,28.2278,1647001800.0
0.482044,32.0,35.0,BSHM,27.2686,1647002100.0
0.477368,32.0,35.0,BSHM,26.9419,1647002400.0
0.524181,32.0,35.0,BSHM,26.1787,1647002700.0
0.598656,32.0,35.0,BSHM,25.7962,1647003000.0
0.644821,32.0,35.0,BSHM,23.8088,1647003300.0
0.651477,32.0,35.0,BSHM,23.5146,1647003600.0
0.740206,32.0,35.0,BSHM,24.2738,1647003900.0
0.775757,32.0,35.0,BSHM,23.352,1647004200.0
0.789566,32.0,35.0,BSHM,22.9677,1647004500.0
0.871846,32.0,35.0,BSHM,21.603,1647004800.0
0.986642,32.0,35.0,BSHM,19.6998,1647005100.0
0.982262,32.0,35.0,BSHM,19.5611,1647005400.0
0.803125,32.0,35.0,BSHM,19.7005,1647005700.0
0.900174,32.0,35.0,BSHM,20.2505,1647006000.0
0.745968,32.0,35.0,BSHM,20.4196,1647006300.0
0.688224,32.0,35.0,BSHM,20.1863,1647006600.0
0.660897,32.0,35.0,BSHM,20.2823,1647006900.0
0.591227,32.0,35.0,BSHM,20.5049,1647007200.0
0.619876,32.0,35.0,BSHM,20.7024,1647007500.0
0.618779,32.0,35.0,BSHM,20.8554,1647007800.0
0.635321,32.0,35.0,BSHM,21.0139,1647008100.0
0.723965,32.0,35.0,BSHM,22.7328,1647008400.0
0.754797,32.0,35.0,BSHM,21.2863,1647008700.0
0.618697,32.0,35.0,BSHM,23.9601,1647009000.0
0.591886,32.0,35.0,BSHM,23.7554,1647009300.0
0.560236,32.0,35.0,BSHM,23.2315,1647009600.0
0.58642,32.0,35.0,BSHM,23.221,1647009900.0
0.534595,32.0,35.0,BSHM,22.589,1647010200.0
0.539778,32.0,35.0,BSHM,22.3666,1647010500.0
0.653181,32.0,35.0,BSHM,22.8575,1647010800.0
0.75242,32.0,35.0,BSHM,20.0373,1647011100.0
0.756356,32.0,35.0,BSHM,19.9591,1647011400.0
0.753708,32.0,35.0,BSHM,18.2156,1647011700.0
0.753224,32.0,35.0,BSHM,18.1468,1647012000.0
1.31196,32.0,35.0,BSHM,19.8072,1647012300.0
1.07027,32.0,35.0,BSHM,14.4759,1647015000.0
1.00829,32.0,35.0,BSHM,14.1403,1647015300.0
0.809985,32.0,35.0,BSHM,17.7859,1647015600.0
0.700065,32.0,35.0,BSHM,16.8657,1647015900.0
0.624181,32.0,35.0,BSHM,18.6194,1647016200.0
0.570572,32.0,35.0,BSHM,17.9058,1647016500.0
0.621531,32.0,35.0,BSHM,18.2357,1647016800.0
0.569121,32.0,35.0,BSHM,17.4537,1647017100.0
0.546816,32.0,35.0,BSHM,16.8356,1647017400.0
0.652043,32.0,35.0,BSHM,14.5914,1647017700.0
0.642446,32.0,35.0,BSHM,14.2208,1647018000.0
0.708709,32.0,35.0,BSHM,14.1189,1647018300.0
0.737534,32.0,35.0,BSHM,14.1076,1647018600.0
0.807082,32.0,35.0,BSHM,13.9153,1647018900.0
0.740614,32.0,35.0,BSHM,13.5904,1647019200.0
0.635801,32.0,35.0,BSHM,13.3073,1647019500.0
0.630456,32.0,35.0,BSHM,12.9821,1647019800.0
0.580019,32.0,35.0,BSHM,12.5524,1647020100.0
0.622787,32.0,35.0,BSHM,12.3075,1647020400.0
0.598646,32.0,35.0,BSHM,12.3167,1647020700.0
0.653162,32.0,35.0,BSHM,12.3588,1647021000.0
0.589758,32.0,35.0,BSHM,12.1236,1647021300.0
0.511271,32.0,35.0,BSHM,11.9371,1647021600.0
0.517196,32.0,35.0,BSHM,11.7559,1647021900.0
0.58924,32.0,35.0,BSHM,11.612,1647022200.0
0.596094,32.0,35.0,BSHM,11.4666,1647022500.0
0.608944,32.0,35.0,BSHM,11.433,1647022800.0
0.643292,32.0,35.0,BSHM,11.1089,1647023100.0
0.608762,32.0,35.0,BSHM,11.1791,1647023400.0
0.617846,32.0,35.0,BSHM,11.055,1647023700.0
0.559546,32.0,35.0,BSHM,11.2962,1647024000.0
0.601928,32.0,35.0,BSHM,10.5989,1647024300.0
0.547877,32.0,35.0,BSHM,10.2868,1647024600.0
0.471112,32.0,35.0,BSHM,9.7101,1647024900.0
0.452305,32.0,35.0,BSHM,8.95025,1647025200.0
0.490266,32.0,35.0,BSHM,9.06398,1647025500.0
0.486756,32.0,35.0,BSHM,8.90946,1647025800.0
0.524782,32.0,35.0,BSHM,8.66703,1647026100.0
0.493572,32.0,35.0,BSHM,9.37568,1647026400.0
0.545408,32.0,35.0,BSHM,9.59726,1647026700.0
0.528199,32.0,35.0,BSHM,9.32145,1647027000.0
0.621708,32.0,35.0,BSHM,8.3156,1647027300.0
0.737529,32.0,35.0,BSHM,8.59815,1647027600.0
0.716011,32.0,35.0,BSHM,9.10088,1647027900.0
0.684501,32.0,35.0,BSHM,9.50436,1647028200.0
0.786646,32.0,35.0,BSHM,9.77952,1647028500.0
0.774968,32.0,35.0,BSHM,9.31853,1647028800.0
0.77107,32.0,35.0,BSHM,9.07507,1647029100.0
0.701533,32.0,35.0,BSHM,9.11541,1647029400.0
0.587167,32.0,35.0,BSHM,8.46251,1647029700.0
0.681006,32.0,35.0,BSHM,7.92018,1647030000.0
0.656081,32.0,35.0,BSHM,7.32031,1647030300.0
0.614415,32.0,35.0,BSHM,6.84233,1647030600.0
0.616636,32.0,35.0,BSHM,6.53007,1647030900.0
0.554573,32.0,35.0,BSHM,6.28164,1647031200.0
0.575585,32.0,35.0,BSHM,6.12955,1647031500.0
0.488447,32.0,35.0,BSHM,6.45524,1647031800.0
0.462684,32.0,35.0,BSHM,6.39049,1647032100.0
0.426102,32.0,35.0,BSHM,6.35869,1647032400.0
0.449182,32.0,35.0,BSHM,6.27478,1647032700.0
0.479368,32.0,35.0,BSHM,6.38784,1647033000.0
0.539799,32.0,35.0,BSHM,6.64283,1647033300.0
0.493568,32.0,35.0,BSHM,6.84019,1647033600.0
0.678691,32.0,35.0,BSHM,6.47633,1647033900.0
0.800263,32.0,35.0,BSHM,7.1917,1647034200.0
1.35087,32.0,35.0,BSHM,5.70217,1647034500.0
1.34992,32.0,35.0,BSHM,5.51197,1647034800.0
0.9896,32.0,35.0,BSHM,5.48641,1647035100.0
1.35249,32.0,35.0,BSHM,5.47519,1647035400.0
0.793661,32.0,35.0,BSHM,5.41305,1647035700.0
0.771928,32.0,35.0,BSHM,5.38343,1647036000.0
0.940905,32.0,35.0,BSHM,5.42233,1647036300.0
0.922941,32.0,35.0,BSHM,5.74261,1647036600.0
0.760839,32.0,35.0,BSHM,5.78992,1647036900.0
0.757703,32.0,35.0,BSHM,5.97176,1647037200.0
0.5857,32.0,35.0,BSHM,6.23305,1647037500.0
0.543431,32.0,35.0,BSHM,6.61138,1647037800.0
0.591849,32.0,35.0,BSHM,6.94698,1647038100.0
0.475459,32.0,35.0,BSHM,6.65147,1647038400.0
0.501785,32.0,35.0,BSHM,6.5215,1647038700.0
0.499816,32.0,35.0,BSHM,6.5906,1647039000.0
0.503956,32.0,35.0,BSHM,6.65996,1647039300.0
0.667404,32.0,35.0,BSHM,6.4118,1647039600.0
0.775138,32.0,35.0,BSHM,6.10671,1647039900.0
0.834941,32.0,35.0,BSHM,6.7826,1647040200.0
1.305,32.0,35.0,BSHM,6.83816,1647040500.0
0.926137,32.0,35.0,BSHM,7.01463,1647040800.0
0.803974,32.0,35.0,BSHM,7.40177,1647041100.0
0.777936,32.0,35.0,BSHM,7.63468,1647041400.0
0.775595,32.0,35.0,BSHM,7.84682,1647041700.0
0.777442,32.0,35.0,BSHM,7.96815,1647042000.0
0.779876,32.0,35.0,BSHM,8.09694,1647042300.0
0.966335,32.0,35.0,BSHM,8.41029,1647042600.0
0.781694,32.0,35.0,BSHM,6.34357,1647042900.0
0.599575,35.0,33.0,NICO,6.24506,1646956800.0
0.937007,35.0,33.0,NICO,5.93753,1646957100.0
0.807706,35.0,33.0,NICO,5.77203,1646957400.0
0.925334,35.0,33.0,NICO,5.50266,1646957700.0
0.755516,35.0,33.0,NICO,5.32752,1646961900.0
0.53494,35.0,33.0,NICO,5.32475,1646962200.0
0.534793,35.0,33.0,NICO,5.17177,1646962500.0
0.495256,35.0,33.0,NICO,5.1455,1646962800.0
0.586846,35.0,33.0,NICO,5.11036,1646963100.0
0.922344,35.0,33.0,NICO,5.17508,1646963400.0
0.930939,35.0,33.0,NICO,5.19491,1646963700.0
1.30193,35.0,33.0,NICO,6.23093,1646965500.0
1.30482,35.0,33.0,NICO,6.35679,1646965800.0
1.339,35.0,33.0,NICO,3.54986,1646969100.0
0.935937,35.0,33.0,NICO,4.02099,1646969400.0
0.514333,35.0,33.0,NICO,3.90637,1646969700.0
0.504979,35.0,33.0,NICO,4.42522,1646970000.0
0.545561,35.0,33.0,NICO,4.97059,1646970300.0
0.929138,35.0,33.0,NICO,5.33431,1646970600.0
0.940699,35.0,33.0,NICO,5.78361,1646970900.0
1.30341,35.0,33.0,NICO,8.93335,1646971800.0
1.30408,35.0,33.0,NICO,9.21118,1646972100.0
0.790903,35.0,33.0,NICO,12.8198,1646975700.0
0.695605,35.0,33.0,NICO,13.3522,1646976000.0
0.562225,35.0,33.0,NICO,13.7158,1646976300.0
0.559215,35.0,33.0,NICO,14.0397,1646976600.0
0.700176,35.0,33.0,NICO,14.3967,1646976900.0
1.40034,35.0,33.0,NICO,14.7827,1646979900.0
0.759133,35.0,33.0,NICO,14.9977,1646980200.0
0.682591,35.0,33.0,NICO,15.3771,1646980500.0
0.783407,35.0,33.0,NICO,15.6037,1646980800.0
0.934103,35.0,33.0,NICO,15.6941,1646981100.0
0.956968,35.0,33.0,NICO,16.0244,1646981400.0
1.30792,35.0,33.0,NICO,16.1808,1646981700.0
1.42942,35.0,33.0,NICO,19.2636,1646982900.0
0.966095,35.0,33.0,NICO,19.599,1646983200.0
1.31057,35.0,33.0,NICO,19.6168,1646983500.0
1.31367,35.0,33.0,NICO,18.2433,1646983800.0
1.34158,35.0,33.0,NICO,21.2393,1646984400.0
1.32641,35.0,33.0,NICO,21.4632,1646984700.0
0.938188,35.0,33.0,NICO,21.7354,1646985000.0
0.939146,35.0,33.0,NICO,21.9924,1646985300.0
0.713633,35.0,33.0,NICO,22.1001,1646985600.0
0.965469,35.0,33.0,NICO,22.2868,1646985900.0
0.841515,35.0,33.0,NICO,21.8162,1646986200.0
0.938632,35.0,33.0,NICO,22.0257,1646986500.0
1.30926,35.0,33.0,NICO,20.5679,1646986800.0
1.31449,35.0,33.0,NICO,20.7226,1646987100.0
1.42838,35.0,33.0,NICO,23.4965,1646990400.0
0.949089,35.0,33.0,NICO,23.769,1646990700.0
1.01924,35.0,33.0,NICO,23.3413,1646991000.0
0.775179,35.0,33.0,NICO,25.433,1646991300.0
0.596063,35.0,33.0,NICO,26.2283,1646991600.0
0.491737,35.0,33.0,NICO,27.0062,1646991900.0
0.543271,35.0,33.0,NICO,27.4442,1646992200.0
0.75814,35.0,33.0,NICO,27.9744,1646992500.0
0.781337,35.0,33.0,NICO,28.6089,1646992800.0
0.988895,35.0,33.0,NICO,29.0054,1646993100.0
1.30901,35.0,33.0,NICO,30.8781,1646994000.0
1.31124,35.0,33.0,NICO,29.3451,1646996400.0
1.31558,35.0,33.0,NICO,29.4935,1646996700.0
1.30356,35.0,33.0,NICO,32.2026,1646998200.0
1.3016,35.0,33.0,NICO,31.7441,1646998500.0
0.809919,35.0,33.0,NICO,25.7571,1647000600.0
0.771013,35.0,33.0,NICO,25.3179,1647000900.0
0.817758,35.0,33.0,NICO,24.3123,1647001200.0
0.957691,35.0,33.0,NICO,23.8214,1647001500.0
0.9656,35.0,33.0,NICO,23.2703,1647001800.0
1.30283,35.0,33.0,NICO,22.312,1647003000.0
1.30286,35.0,33.0,NICO,21.8343,1647003300.0
1.30273,35.0,33.0,NICO,21.9974,1647003600.0
1.30262,35.0,33.0,NICO,21.3595,1647003900.0
0.92139,35.0,33.0,NICO,17.9396,1647004500.0
0.645686,35.0,33.0,NICO,18.1433,1647004800.0
0.628136,35.0,33.0,NICO,18.3129,1647005100.0
0.563863,35.0,33.0,NICO,18.599,1647005400.0
0.629981,35.0,33.0,NICO,18.7661,1647005700.0
1.11494,35.0,33.0,NICO,19.3156,1647006000.0
1.30147,35.0,33.0,NICO,18.8582,1647010200.0
1.30162,35.0,33.0,NICO,19.0855,1647010500.0
1.3268,35.0,33.0,NICO,17.2998,1647012900.0
0.942656,35.0,33.0,NICO,17.1005,1647013200.0
0.658553,35.0,33.0,NICO,15.614,1647013500.0
0.520381,35.0,33.0,NICO,15.9142,1647013800.0
0.953529,35.0,33.0,NICO,16.2423,1647014100.0
0.975586,35.0,33.0,NICO,16.0587,1647014400.0
0.975232,35.0,33.0,NICO,15.8942,1647014700.0
1.43537,35.0,33.0,NICO,15.7812,1647015000.0
1.30224,35.0,33.0,NICO,11.9581,1647016200.0
1.30253,35.0,33.0,NICO,11.9165,1647016500.0
1.30134,35.0,33.0,NICO,14.3229,1647018900.0
1.30132,35.0,33.0,NICO,14.0307,1647019200.0
1.30198,35.0,33.0,NICO,13.8475,1647019500.0
0.920794,35.0,33.0,NICO,12.6857,1647019800.0
1.30125,35.0,33.0,NICO,12.6264,1647020100.0
0.998773,35.0,33.0,NICO,10.2159,1647020400.0
0.657271,35.0,33.0,NICO,10.1778,1647020700.0
0.533873,35.0,33.0,NICO,10.0323,1647021000.0
0.534401,35.0,33.0,NICO,9.90629,1647021300.0
0.538929,35.0,33.0,NICO,9.73191,1647021600.0
0.53223,35.0,33.0,NICO,9.61323,1647021900.0
0.583342,35.0,33.0,NICO,9.44398,1647022200.0
0.65376,35.0,33.0,NICO,9.11744,1647022500.0
0.922753,35.0,33.0,NICO,9.16641,1647022800.0
0.924132,35.0,33.0,NICO,10.3174,1647023100.0
0.921122,35.0,33.0,NICO,11.676,1647023400.0
1.30251,35.0,33.0,NICO,11.6588,1647023700.0
1.30395,35.0,33.0,NICO,4.89942,1647024600.0
1.45566,35.0,33.0,NICO,7.51456,1647026400.0
0.800786,35.0,33.0,NICO,7.4863,1647026700.0
0.568999,35.0,33.0,NICO,7.55699,1647027000.0
0.573602,35.0,33.0,NICO,7.49743,1647027300.0
0.687822,35.0,33.0,NICO,7.31808,1647027600.0
1.49094,35.0,33.0,NICO,7.05271,1647027900.0
1.30134,35.0,33.0,NICO,8.53165,1647028500.0
0.759855,35.0,33.0,NICO,4.88899,1647030900.0
0.661607,35.0,33.0,NICO,4.95499,1647031200.0
0.664669,35.0,33.0,NICO,4.91594,1647031500.0
0.938305,35.0,33.0,NICO,4.69132,1647031800.0
0.94198,35.0,33.0,NICO,4.68052,1647032100.0
1.30439,35.0,33.0,NICO,6.34517,1647034500.0
0.799092,35.0,33.0,NICO,5.55834,1647034800.0
0.764225,35.0,33.0,NICO,4.55309,1647035100.0
0.661066,35.0,33.0,NICO,4.74758,1647035400.0
0.662189,35.0,33.0,NICO,4.80601,1647035700.0
0.770368,35.0,33.0,NICO,4.82443,1647036000.0
0.950974,35.0,33.0,NICO,4.90873,1647036300.0
1.30243,35.0,33.0,NICO,6.42739,1647037500.0
1.30215,35.0,33.0,NICO,6.33805,1647037800.0
0.929388,35.0,33.0,NICO,6.02578,1647039900.0
0.926455,35.0,33.0,NICO,6.21434,1647040200.0
0.926376,35.0,33.0,NICO,6.26381,1647040500.0
0.956964,35.0,33.0,NICO,6.07744,1647040800.0
1.32658,35.0,33.0,NICO,5.72835,1647041100.0
1.31561,35.0,33.0,NICO,4.84847,1647041400.0
1.30933,35.0,33.0,NICO,4.7969,1647041700.0
0.926798,35.0,33.0,NICO,5.19362,1647042000.0
0.930234,35.0,33.0,NICO,5.08572,1647042300.0
0.758231,35.0,33.0,NICO,4.01938,1647042600.0
0.760896,35.0,33.0,NICO,4.1081,1647042900.0
1.30367,40.0,44.0,ARUC,7.83808,1647043200.0
1.30407,40.0,44.0,ARUC,7.44406,1647043500.0
0.952234,40.0,44.0,ARUC,7.2848,1647043800.0
1.30623,40.0,44.0,ARUC,4.18106,1647045000.0
0.92233,40.0,44.0,ARUC,4.73981,1647045300.0
0.922181,40.0,44.0,ARUC,4.80959,1647045600.0
0.935228,40.0,44.0,ARUC,4.86894,1647045900.0
1.30238,40.0,44.0,ARUC,5.39992,1647046200.0
0.662732,40.0,44.0,ARUC,3.81433,1647046500.0
0.364386,40.0,44.0,ARUC,3.28647,1647046800.0
0.596384,40.0,44.0,ARUC,3.45881,1647047100.0
1.30236,40.0,44.0,ARUC,5.92995,1647047400.0
1.30716,40.0,44.0,ARUC,5.99169,1647047700.0
1.31379,40.0,44.0,ARUC,3.90635,1647048000.0
1.30355,40.0,44.0,ARUC,3.95737,1647048300.0
1.31432,40.0,44.0,ARUC,4.02996,1647048600.0
0.772366,40.0,44.0,ARUC,3.63731,1647051600.0
1.39817,40.0,44.0,ARUC,3.46821,1647051900.0
1.30134,40.0,44.0,ARUC,7.29988,1647052500.0
1.30868,40.0,44.0,ARUC,7.11614,1647053400.0
0.922956,40.0,44.0,ARUC,7.94726,1647053700.0
0.922222,40.0,44.0,ARUC,7.93845,1647054000.0
0.921433,40.0,44.0,ARUC,7.91781,1647054300.0
0.921375,40.0,44.0,ARUC,8.12566,1647054600.0
0.921475,40.0,44.0,ARUC,8.37698,1647054900.0
0.754544,40.0,44.0,ARUC,8.97537,1647055200.0
0.752982,40.0,44.0,ARUC,9.294,1647055500.0
0.753424,40.0,44.0,ARUC,9.54317,1647055800.0
0.9225,40.0,44.0,ARUC,9.56657,1647056100.0
0.922713,40.0,44.0,ARUC,9.85939,1647056400.0
0.76829,40.0,44.0,ARUC,9.8291,1647056700.0
0.49732,40.0,44.0,ARUC,8.4803,1647057000.0
0.584687,40.0,44.0,ARUC,9.21012,1647057300.0
0.922651,40.0,44.0,ARUC,10.1331,1647057600.0
0.921569,40.0,44.0,ARUC,10.4268,1647057900.0
0.927157,40.0,44.0,ARUC,10.6627,1647058200.0
0.921839,40.0,44.0,ARUC,12.5971,1647059400.0
1.3014,40.0,44.0,ARUC,13.7881,1647059700.0
1.30141,40.0,44.0,ARUC,14.0997,1647060000.0
0.920851,40.0,44.0,ARUC,12.9264,1647060300.0
1.3086,40.0,44.0,ARUC,11.8039,1647060600.0
0.587473,40.0,44.0,ARUC,12.6836,1647061200.0
0.766803,40.0,44.0,ARUC,12.4848,1647061500.0
1.30118,40.0,44.0,ARUC,15.8357,1647063000.0
1.30109,40.0,44.0,ARUC,15.8488,1647063300.0
1.3013,40.0,44.0,ARUC,15.9297,1647063600.0
1.303,40.0,44.0,ARUC,13.7812,1647064200.0
1.30629,40.0,44.0,ARUC,13.9178,1647064500.0
0.752577,40.0,44.0,ARUC,15.1512,1647065400.0
0.582616,40.0,44.0,ARUC,15.5007,1647065700.0
0.652001,40.0,44.0,ARUC,15.6304,1647066000.0
1.30523,40.0,44.0,ARUC,16.3085,1647066600.0
1.3025,40.0,44.0,ARUC,21.9533,1647068100.0
1.30194,40.0,44.0,ARUC,22.0712,1647068400.0
0.921665,40.0,44.0,ARUC,20.4165,1647068700.0
0.92158,40.0,44.0,ARUC,20.8737,1647069000.0
0.921974,40.0,44.0,ARUC,21.3648,1647069300.0
1.3031,40.0,44.0,ARUC,23.6416,1647069600.0
0.952896,40.0,44.0,ARUC,24.377,1647070200.0
0.932194,40.0,44.0,ARUC,24.9919,1647070500.0
0.933446,40.0,44.0,ARUC,25.7033,1647070800.0
0.932141,40.0,44.0,ARUC,26.3157,1647071100.0
0.932804,40.0,44.0,ARUC,26.9673,1647071400.0
1.31792,40.0,44.0,ARUC,28.2937,1647071700.0
1.31955,40.0,44.0,ARUC,28.9997,1647072000.0
1.45456,40.0,44.0,ARUC,29.2604,1647072300.0
1.30256,40.0,44.0,ARUC,26.7231,1647072600.0
1.30221,40.0,44.0,ARUC,26.3858,1647072900.0
1.30289,40.0,44.0,ARUC,25.8459,1647073200.0
1.30873,40.0,44.0,ARUC,28.0117,1647073500.0
0.921699,40.0,44.0,ARUC,27.2086,1647073800.0
1.30543,40.0,44.0,ARUC,28.5129,1647074100.0
0.922532,40.0,44.0,ARUC,26.7024,1647074400.0
0.923377,40.0,44.0,ARUC,26.8494,1647074700.0
1.3082,40.0,44.0,ARUC,24.7378,1647075000.0
1.30341,40.0,44.0,ARUC,25.592,1647078300.0
1.303,40.0,44.0,ARUC,25.5765,1647078600.0
1.31934,40.0,44.0,ARUC,22.6793,1647080400.0
1.31242,40.0,44.0,ARUC,22.6419,1647080700.0
1.31156,40.0,44.0,ARUC,22.6473,1647081000.0
1.31264,40.0,44.0,ARUC,22.6484,1647081300.0
0.936418,40.0,44.0,ARUC,22.72,1647081600.0
0.535306,40.0,44.0,ARUC,21.0366,1647081900.0
0.655122,40.0,44.0,ARUC,21.413,1647082200.0
0.931796,40.0,44.0,ARUC,22.2219,1647082500.0
1.31997,40.0,44.0,ARUC,21.2051,1647082800.0
1.32195,40.0,44.0,ARUC,20.9918,1647083100.0
1.3032,40.0,44.0,ARUC,20.5624,1647087000.0
1.30302,40.0,44.0,ARUC,20.8824,1647087300.0
1.30286,40.0,44.0,ARUC,20.9041,1647087600.0
1.30302,40.0,44.0,ARUC,21.2855,1647087900.0
1.30322,40.0,44.0,ARUC,21.6223,1647088200.0
0.923305,40.0,44.0,ARUC,22.2213,1647088500.0
0.928059,40.0,44.0,ARUC,20.2634,1647088800.0
0.494393,40.0,44.0,ARUC,20.7306,1647089100.0
0.942408,40.0,44.0,ARUC,21.9559,1647089400.0
1.30239,40.0,44.0,ARUC,21.5391,1647089700.0
1.30342,40.0,44.0,ARUC,21.496,1647090000.0
1.30335,40.0,44.0,ARUC,21.5027,1647090300.0
1.30346,40.0,44.0,ARUC,21.2014,1647090600.0
1.30383,40.0,44.0,ARUC,21.0697,1647090900.0
1.30367,40.0,44.0,ARUC,21.0538,1647091200.0
1.3139,40.0,44.0,ARUC,21.0191,1647091500.0
1.30611,40.0,44.0,ARUC,22.4421,1647092100.0
1.3038,40.0,44.0,ARUC,22.4077,1647092400.0
1.30118,40.0,44.0,ARUC,21.6068,1647093900.0
1.30123,40.0,44.0,ARUC,21.5683,1647094200.0
0.654219,40.0,44.0,ARUC,17.8498,1647095100.0
0.760616,40.0,44.0,ARUC,17.8768,1647095400.0
0.923621,40.0,44.0,ARUC,17.8794,1647096900.0
0.921822,40.0,44.0,ARUC,17.7731,1647097200.0
0.926218,40.0,44.0,ARUC,17.5217,1647097500.0
0.659029,40.0,44.0,ARUC,16.6591,1647097800.0
0.657498,40.0,44.0,ARUC,16.3616,1647098100.0
0.444078,40.0,44.0,ARUC,15.8207,1647098400.0
0.364253,40.0,44.0,ARUC,15.9907,1647098700.0
0.932525,40.0,44.0,ARUC,17.8917,1647099000.0
1.31041,40.0,44.0,ARUC,16.4041,1647099300.0
1.31062,40.0,44.0,ARUC,15.9406,1647099600.0
1.30995,40.0,44.0,ARUC,15.534,1647099900.0
1.31517,40.0,44.0,ARUC,15.2127,1647100200.0
1.31113,40.0,44.0,ARUC,15.0668,1647101100.0
1.31126,40.0,44.0,ARUC,14.8545,1647101400.0
1.31222,40.0,44.0,ARUC,14.6116,1647101700.0
0.924905,40.0,44.0,ARUC,12.129,1647102000.0
0.534752,40.0,44.0,ARUC,11.6958,1647102300.0
0.349422,40.0,44.0,ARUC,11.1513,1647102600.0
0.928246,40.0,44.0,ARUC,10.8359,1647102900.0
1.30892,40.0,44.0,ARUC,13.1957,1647103200.0
1.30828,40.0,44.0,ARUC,13.2442,1647103500.0
1.30936,40.0,44.0,ARUC,13.2958,1647103800.0
1.30373,40.0,44.0,ARUC,7.46634,1647105900.0
1.30486,40.0,44.0,ARUC,7.35449,1647106200.0
0.92201,40.0,44.0,ARUC,9.06692,1647106500.0
0.922059,40.0,44.0,ARUC,9.00675,1647106800.0
0.92218,40.0,44.0,ARUC,8.93462,1647107100.0
0.922023,40.0,44.0,ARUC,8.77277,1647107400.0
0.921997,40.0,44.0,ARUC,8.68674,1647107700.0
1.30181,40.0,44.0,ARUC,8.27106,1647108000.0
1.30187,40.0,44.0,ARUC,8.07205,1647108300.0
1.30193,40.0,44.0,ARUC,7.90892,1647108600.0
1.30184,40.0,44.0,ARUC,7.75375,1647108900.0
0.666467,40.0,44.0,ARUC,6.3637,1647109500.0
0.662976,40.0,44.0,ARUC,6.18764,1647109800.0
0.925075,40.0,44.0,ARUC,5.85218,1647111000.0
1.30416,40.0,44.0,ARUC,6.75891,1647111300.0
1.30387,40.0,44.0,ARUC,6.45501,1647111600.0
0.922752,40.0,44.0,ARUC,6.09291,1647111900.0
0.922294,40.0,44.0,ARUC,6.05223,1647112200.0
0.922502,40.0,44.0,ARUC,6.0657,1647112500.0
0.922572,40.0,44.0,ARUC,6.01888,1647112800.0
0.926438,40.0,44.0,ARUC,5.94818,1647113100.0
1.30638,40.0,44.0,ARUC,6.63091,1647113400.0
1.3074,40.0,44.0,ARUC,6.75266,1647113700.0
1.30837,40.0,44.0,ARUC,3.27741,1647114600.0
0.925318,40.0,44.0,ARUC,4.45932,1647114900.0
1.3085,40.0,44.0,ARUC,5.7378,1647115200.0
1.30804,40.0,44.0,ARUC,5.91385,1647115500.0
1.3081,40.0,44.0,ARUC,6.15398,1647115800.0
0.932887,40.0,44.0,ARUC,6.25615,1647116100.0
0.924202,40.0,44.0,ARUC,6.36049,1647116400.0
0.789264,40.0,44.0,ARUC,7.41345,1647116700.0
0.956125,40.0,44.0,ARUC,8.07324,1647117000.0
0.950487,40.0,44.0,ARUC,8.05672,1647117300.0
0.795843,40.0,44.0,ARUC,6.4673,1647117600.0
0.922857,40.0,44.0,ARUC,5.52844,1647117900.0
0.508381,40.0,44.0,ARUC,4.15788,1647119100.0
1.30611,40.0,44.0,ARUC,3.99348,1647119400.0
1.30443,40.0,44.0,ARUC,5.82153,1647120600.0
1.30378,40.0,44.0,ARUC,5.74878,1647120900.0
1.30377,40.0,44.0,ARUC,5.64443,1647121200.0
1.30375,40.0,44.0,ARUC,5.48495,1647121500.0
1.30361,40.0,44.0,ARUC,8.0456,1647121800.0
1.30332,40.0,44.0,ARUC,8.2263,1647122100.0
1.30331,40.0,44.0,ARUC,8.49455,1647122400.0
1.30433,40.0,44.0,ARUC,8.64238,1647122700.0
1.31619,40.0,44.0,ARUC,4.23637,1647123900.0
1.30607,40.0,44.0,ARUC,4.19305,1647124200.0
1.31629,40.0,44.0,ARUC,6.12141,1647125400.0
1.31796,40.0,44.0,ARUC,6.28016,1647125700.0
1.31991,40.0,44.0,ARUC,6.41573,1647126000.0
1.31812,40.0,44.0,ARUC,6.61132,1647126300.0
1.3181,40.0,44.0,ARUC,6.80761,1647126600.0
1.31649,40.0,44.0,ARUC,6.94002,1647126900.0
1.3178,40.0,44.0,ARUC,7.06879,1647127200.0
1.33085,40.0,44.0,ARUC,8.01768,1647128100.0
1.33346,40.0,44.0,ARUC,8.14785,1647128400.0
0.933318,40.0,44.0,ARUC,8.06115,1647128700.0
0.931935,40.0,44.0,ARUC,8.10357,1647129000.0
0.969022,40.0,44.0,ARUC,8.07342,1647129300.0
1.30382,32.0,35.0,BSHM,7.88462,1647043200.0
1.31377,32.0,35.0,BSHM,5.66695,1647043800.0
0.922565,32.0,35.0,BSHM,6.08818,1647044100.0
0.92285,32.0,35.0,BSHM,5.91599,1647044400.0
0.587341,32.0,35.0,BSHM,6.34883,1647044700.0
0.536995,32.0,35.0,BSHM,6.52908,1647045000.0
0.657946,32.0,35.0,BSHM,6.80561,1647045300.0
0.58718,32.0,35.0,BSHM,6.81958,1647045600.0
0.53589,32.0,35.0,BSHM,6.64881,1647045900.0
0.587882,32.0,35.0,BSHM,6.6925,1647046200.0
0.752846,32.0,35.0,BSHM,6.6493,1647046500.0
0.654811,32.0,35.0,BSHM,6.66208,1647046800.0
0.752271,32.0,35.0,BSHM,6.71779,1647047100.0
0.921777,32.0,35.0,BSHM,6.70731,1647047400.0
1.3045,32.0,35.0,BSHM,6.73201,1647047700.0
1.3291,32.0,35.0,BSHM,6.78456,1647048000.0
1.30856,32.0,35.0,BSHM,5.6582,1647048300.0
1.30684,32.0,35.0,BSHM,5.69697,1647048600.0
0.760335,32.0,35.0,BSHM,6.27314,1647048900.0
0.755047,32.0,35.0,BSHM,6.2712,1647049200.0
0.656887,32.0,35.0,BSHM,6.18029,1647049500.0
0.653811,32.0,35.0,BSHM,6.12769,1647049800.0
0.655302,32.0,35.0,BSHM,5.91289,1647050100.0
0.759861,32.0,35.0,BSHM,5.97649,1647050400.0
0.927064,32.0,35.0,BSHM,6.03365,1647050700.0
1.30744,32.0,35.0,BSHM,6.02334,1647051000.0
1.31325,32.0,35.0,BSHM,6.04889,1647051300.0
1.31897,32.0,35.0,BSHM,5.31215,1647051900.0
0.925081,32.0,35.0,BSHM,5.30232,1647052200.0
0.65853,32.0,35.0,BSHM,5.23293,1647052500.0
0.76079,32.0,35.0,BSHM,5.12714,1647052800.0
0.594561,32.0,35.0,BSHM,5.39357,1647053100.0
0.58788,32.0,35.0,BSHM,5.3831,1647053400.0
0.549176,32.0,35.0,BSHM,5.27885,1647053700.0
0.589506,32.0,35.0,BSHM,5.27746,1647054000.0
0.65692,32.0,35.0,BSHM,5.23377,1647054300.0
0.534806,32.0,35.0,BSHM,5.34019,1647054600.0
0.536131,32.0,35.0,BSHM,5.30989,1647054900.0
0.585191,32.0,35.0,BSHM,4.62646,1647055200.0
0.753377,32.0,35.0,BSHM,5.37997,1647055500.0
0.656062,32.0,35.0,BSHM,6.03579,1647055800.0
0.602616,32.0,35.0,BSHM,6.43887,1647056100.0
0.587888,32.0,35.0,BSHM,7.03591,1647056400.0
0.616229,32.0,35.0,BSHM,7.50724,1647056700.0
0.703916,32.0,35.0,BSHM,8.00761,1647057000.0
0.710885,32.0,35.0,BSHM,8.20463,1647057300.0
0.996509,32.0,35.0,BSHM,8.45664,1647057600.0
0.762111,32.0,35.0,BSHM,8.70486,1647057900.0
0.770245,32.0,35.0,BSHM,8.92141,1647058200.0
0.92637,32.0,35.0,BSHM,9.22802,1647058500.0
0.756812,32.0,35.0,BSHM,9.53647,1647058800.0
0.754797,32.0,35.0,BSHM,9.85968,1647059100.0
0.586675,32.0,35.0,BSHM,10.1908,1647059400.0
0.651079,32.0,35.0,BSHM,10.5576,1647059700.0
0.592904,32.0,35.0,BSHM,10.9305,1647060000.0
0.501054,32.0,35.0,BSHM,11.3665,1647060300.0
0.439371,32.0,35.0,BSHM,11.9144,1647060600.0
0.468749,32.0,35.0,BSHM,12.3529,1647060900.0
0.430359,32.0,35.0,BSHM,12.8588,1647061200.0
0.421549,32.0,35.0,BSHM,13.3093,1647061500.0
0.433803,32.0,35.0,BSHM,13.6466,1647061800.0
0.551954,32.0,35.0,BSHM,14.1548,1647062100.0
0.670078,32.0,35.0,BSHM,15.5796,1647062400.0
0.669838,32.0,35.0,BSHM,16.0404,1647062700.0
0.775459,32.0,35.0,BSHM,16.4431,1647063000.0
0.752513,32.0,35.0,BSHM,15.9022,1647063300.0
0.753951,32.0,35.0,BSHM,16.7903,1647063600.0
0.586832,32.0,35.0,BSHM,16.7771,1647063900.0
0.540565,32.0,35.0,BSHM,16.7115,1647064200.0
0.494781,32.0,35.0,BSHM,16.7125,1647064500.0
0.494525,32.0,35.0,BSHM,16.6845,1647064800.0
0.494815,32.0,35.0,BSHM,16.6789,1647065100.0
0.535408,32.0,35.0,BSHM,16.773,1647065400.0
0.462885,32.0,35.0,BSHM,16.8371,1647065700.0
0.496227,32.0,35.0,BSHM,16.6617,1647066000.0
0.585106,32.0,35.0,BSHM,16.4422,1647066300.0
0.585458,32.0,35.0,BSHM,16.7138,1647066600.0
0.652986,32.0,35.0,BSHM,16.9483,1647066900.0
0.584034,32.0,35.0,BSHM,17.8879,1647067200.0
0.532849,32.0,35.0,BSHM,18.8751,1647067500.0
0.461298,32.0,35.0,BSHM,19.2815,1647067800.0
0.492782,32.0,35.0,BSHM,19.1744,1647068100.0
0.532819,32.0,35.0,BSHM,20.1248,1647068400.0
0.532212,32.0,35.0,BSHM,20.6569,1647068700.0
0.652145,32.0,35.0,BSHM,20.1381,1647069000.0
0.752422,32.0,35.0,BSHM,19.6266,1647069300.0
0.752169,32.0,35.0,BSHM,19.9299,1647069600.0
0.752367,32.0,35.0,BSHM,20.1491,1647069900.0
0.922125,32.0,35.0,BSHM,20.4579,1647070200.0
1.3029,32.0,35.0,BSHM,20.8852,1647070500.0
1.30723,32.0,35.0,BSHM,21.1349,1647070800.0
1.43712,32.0,35.0,BSHM,25.2709,1647072000.0
1.34346,32.0,35.0,BSHM,25.8848,1647072300.0
0.936027,32.0,35.0,BSHM,26.9925,1647072600.0
0.767308,32.0,35.0,BSHM,28.0005,1647072900.0
0.76025,32.0,35.0,BSHM,28.7467,1647073200.0
0.935899,32.0,35.0,BSHM,29.4019,1647073500.0
0.934349,32.0,35.0,BSHM,30.0085,1647073800.0
0.763893,32.0,35.0,BSHM,33.8586,1647074100.0
0.924562,32.0,35.0,BSHM,35.728,1647074400.0
0.924821,32.0,35.0,BSHM,36.1671,1647074700.0
0.924547,32.0,35.0,BSHM,36.4338,1647075000.0
0.926498,32.0,35.0,BSHM,36.449,1647075300.0
1.30467,32.0,35.0,BSHM,29.1429,1647076200.0
1.30206,32.0,35.0,BSHM,28.8439,1647076500.0
0.921122,32.0,35.0,BSHM,29.7664,1647076800.0
1.37299,32.0,35.0,BSHM,29.9701,1647077100.0
1.31763,32.0,35.0,BSHM,29.91,1647077400.0
1.37077,32.0,35.0,BSHM,29.7541,1647077700.0
1.70467,32.0,35.0,BSHM,28.4051,1647081300.0
1.40115,32.0,35.0,BSHM,28.2193,1647081600.0
1.39042,32.0,35.0,BSHM,27.8576,1647081900.0
0.680008,32.0,35.0,BSHM,27.5571,1647082200.0
0.613584,32.0,35.0,BSHM,27.5304,1647082500.0
0.670833,32.0,35.0,BSHM,27.6301,1647082800.0
0.668573,32.0,35.0,BSHM,27.5864,1647083100.0
0.668177,32.0,35.0,BSHM,27.5718,1647083400.0
0.593055,32.0,35.0,BSHM,28.0038,1647083700.0
0.756706,32.0,35.0,BSHM,28.9986,1647084000.0
0.544838,32.0,35.0,BSHM,28.6408,1647084300.0
0.592732,32.0,35.0,BSHM,28.1402,1647084600.0
0.591218,32.0,35.0,BSHM,27.7518,1647084900.0
0.542277,32.0,35.0,BSHM,28.5105,1647085200.0
0.476213,32.0,35.0,BSHM,27.7461,1647085500.0
0.507071,32.0,35.0,BSHM,27.5579,1647085800.0
0.472723,32.0,35.0,BSHM,26.8135,1647086100.0
0.661971,32.0,35.0,BSHM,27.9269,1647086400.0
0.559717,32.0,35.0,BSHM,27.0509,1647086700.0
0.537816,32.0,35.0,BSHM,26.8871,1647087000.0
0.503863,32.0,35.0,BSHM,26.258,1647087300.0
0.610932,32.0,35.0,BSHM,25.0154,1647087600.0
0.502025,32.0,35.0,BSHM,25.9708,1647087900.0
0.469883,32.0,35.0,BSHM,26.2002,1647088200.0
0.483022,32.0,35.0,BSHM,25.9316,1647088500.0
0.5543,32.0,35.0,BSHM,26.5408,1647088800.0
0.518053,32.0,35.0,BSHM,26.2645,1647089100.0
0.548503,32.0,35.0,BSHM,26.861,1647089400.0
0.558655,32.0,35.0,BSHM,26.6071,1647089700.0
0.504481,32.0,35.0,BSHM,25.9146,1647090000.0
0.471734,32.0,35.0,BSHM,25.8004,1647090300.0
0.479727,32.0,35.0,BSHM,25.9001,1647090600.0
0.552822,32.0,35.0,BSHM,25.6289,1647090900.0
0.5999,32.0,35.0,BSHM,25.809,1647091200.0
0.692,32.0,35.0,BSHM,25.9441,1647091500.0
0.721551,32.0,35.0,BSHM,25.3721,1647091800.0
0.953585,32.0,35.0,BSHM,24.4902,1647092100.0
0.780358,32.0,35.0,BSHM,24.7339,1647092400.0
0.624466,32.0,35.0,BSHM,24.7804,1647092700.0
0.669761,32.0,35.0,BSHM,24.8711,1647093000.0
0.556483,32.0,35.0,BSHM,24.9091,1647093300.0
0.60184,32.0,35.0,BSHM,24.9467,1647093600.0
0.599388,32.0,35.0,BSHM,24.9931,1647093900.0
0.604087,32.0,35.0,BSHM,25.0829,1647094200.0
0.768737,32.0,35.0,BSHM,25.173,1647094500.0
0.820474,32.0,35.0,BSHM,25.1217,1647094800.0
0.956805,32.0,35.0,BSHM,25.0174,1647095100.0
0.963552,32.0,35.0,BSHM,27.459,1647095400.0
0.955395,32.0,35.0,BSHM,27.5508,1647095700.0
0.768336,32.0,35.0,BSHM,26.0057,1647096000.0
0.768419,32.0,35.0,BSHM,25.5734,1647096300.0
0.667152,32.0,35.0,BSHM,24.1471,1647096600.0
0.688377,32.0,35.0,BSHM,23.696,1647096900.0
0.661092,32.0,35.0,BSHM,21.5723,1647097200.0
0.610249,32.0,35.0,BSHM,21.0572,1647097500.0
0.768554,32.0,35.0,BSHM,19.2858,1647097800.0
0.766123,32.0,35.0,BSHM,19.024,1647098100.0
0.935852,32.0,35.0,BSHM,18.6376,1647098400.0
1.42783,32.0,35.0,BSHM,14.3468,1647101100.0
1.36544,32.0,35.0,BSHM,13.9445,1647101400.0
0.972332,32.0,35.0,BSHM,17.5847,1647101700.0
0.978738,32.0,35.0,BSHM,17.4642,1647102000.0
0.984319,32.0,35.0,BSHM,17.1656,1647102300.0
0.789833,32.0,35.0,BSHM,15.4116,1647102600.0
0.960397,32.0,35.0,BSHM,16.1821,1647102900.0
0.687732,32.0,35.0,BSHM,15.6548,1647103200.0
0.614962,32.0,35.0,BSHM,15.9172,1647103500.0
0.609045,32.0,35.0,BSHM,15.7138,1647103800.0
0.573392,32.0,35.0,BSHM,14.0025,1647104100.0
0.560321,32.0,35.0,BSHM,14.0229,1647104400.0
0.690956,32.0,35.0,BSHM,12.256,1647104700.0
0.780622,32.0,35.0,BSHM,12.2122,1647105000.0
0.777796,32.0,35.0,BSHM,11.7815,1647105300.0
0.792003,32.0,35.0,BSHM,11.2653,1647105600.0
0.680818,32.0,35.0,BSHM,10.8941,1647105900.0
0.64276,32.0,35.0,BSHM,10.5334,1647106200.0
0.674426,32.0,35.0,BSHM,9.75095,1647106500.0
0.606663,32.0,35.0,BSHM,9.67263,1647106800.0
0.615316,32.0,35.0,BSHM,9.74745,1647107100.0
0.556324,32.0,35.0,BSHM,9.36292,1647107400.0
0.50974,32.0,35.0,BSHM,9.02825,1647107700.0
0.510975,32.0,35.0,BSHM,8.72827,1647108000.0
0.52481,32.0,35.0,BSHM,8.42804,1647108300.0
0.554159,32.0,35.0,BSHM,8.15838,1647108600.0
0.524982,32.0,35.0,BSHM,8.70937,1647108900.0
0.508603,32.0,35.0,BSHM,8.59913,1647109200.0
0.56408,32.0,35.0,BSHM,8.60567,1647109500.0
0.582119,32.0,35.0,BSHM,8.8132,1647109800.0
0.69239,32.0,35.0,BSHM,8.67637,1647110100.0
0.614291,32.0,35.0,BSHM,7.31951,1647110400.0
0.671506,32.0,35.0,BSHM,6.21617,1647110700.0
0.547291,32.0,35.0,BSHM,6.2526,1647111000.0
0.56302,32.0,35.0,BSHM,6.14328,1647111300.0
0.559451,32.0,35.0,BSHM,6.07385,1647111600.0
0.578067,32.0,35.0,BSHM,5.89893,1647111900.0
0.62267,32.0,35.0,BSHM,5.5767,1647112200.0
0.52121,32.0,35.0,BSHM,6.17384,1647112500.0
0.564685,32.0,35.0,BSHM,6.25379,1647112800.0
0.54666,32.0,35.0,BSHM,6.42012,1647113100.0
0.55133,32.0,35.0,BSHM,6.114,1647113400.0
0.644346,32.0,35.0,BSHM,5.75673,1647113700.0
0.630772,32.0,35.0,BSHM,6.00275,1647114000.0
0.627978,32.0,35.0,BSHM,6.14217,1647114300.0
0.647846,32.0,35.0,BSHM,6.0796,1647114600.0
0.684332,32.0,35.0,BSHM,6.12927,1647114900.0
0.686878,32.0,35.0,BSHM,6.01427,1647115200.0
0.630744,32.0,35.0,BSHM,5.89423,1647115500.0
0.678322,32.0,35.0,BSHM,5.83454,1647115800.0
0.923461,32.0,35.0,BSHM,5.45468,1647116100.0
0.923266,32.0,35.0,BSHM,5.31968,1647116400.0
0.923558,32.0,35.0,BSHM,5.24883,1647116700.0
0.924185,32.0,35.0,BSHM,5.1495,1647117000.0
1.3063,32.0,35.0,BSHM,4.95076,1647117300.0
0.826573,32.0,35.0,BSHM,5.86438,1647117600.0
0.69277,32.0,35.0,BSHM,5.79159,1647117900.0
0.80149,32.0,35.0,BSHM,6.06775,1647118200.0
0.974177,32.0,35.0,BSHM,6.5972,1647118500.0
0.645058,32.0,35.0,BSHM,6.39512,1647118800.0
0.726492,32.0,35.0,BSHM,6.58399,1647119100.0
0.714409,32.0,35.0,BSHM,7.10264,1647119400.0
0.80149,32.0,35.0,BSHM,6.907,1647119700.0
1.05224,32.0,35.0,BSHM,6.17303,1647120000.0
1.33854,32.0,35.0,BSHM,4.80243,1647120300.0
1.32593,32.0,35.0,BSHM,4.75924,1647120600.0
1.32308,32.0,35.0,BSHM,4.68936,1647120900.0
1.07318,32.0,35.0,BSHM,4.56016,1647121200.0
1.40634,32.0,35.0,BSHM,4.57578,1647121500.0
0.960859,32.0,35.0,BSHM,4.52471,1647121800.0
0.806679,32.0,35.0,BSHM,4.60529,1647122100.0
0.955461,32.0,35.0,BSHM,4.57287,1647122400.0
0.922678,32.0,35.0,BSHM,4.78055,1647122700.0
0.756102,32.0,35.0,BSHM,4.91693,1647123000.0
0.754625,32.0,35.0,BSHM,5.04921,1647123300.0
0.585839,32.0,35.0,BSHM,5.21277,1647123600.0
0.537186,32.0,35.0,BSHM,5.32363,1647123900.0
0.507606,32.0,35.0,BSHM,5.76452,1647124200.0
0.439355,32.0,35.0,BSHM,5.80621,1647124500.0
0.465156,32.0,35.0,BSHM,5.91612,1647124800.0
0.497145,32.0,35.0,BSHM,6.03147,1647125100.0
0.497428,32.0,35.0,BSHM,6.12,1647125400.0
0.671897,32.0,35.0,BSHM,6.33264,1647125700.0
0.953506,32.0,35.0,BSHM,6.37449,1647126000.0
0.935704,32.0,35.0,BSHM,6.08657,1647126300.0
1.30436,32.0,35.0,BSHM,5.97379,1647126600.0
0.927475,32.0,35.0,BSHM,6.09591,1647126900.0
0.754923,32.0,35.0,BSHM,6.21143,1647127200.0
0.754525,32.0,35.0,BSHM,6.30568,1647127500.0
0.754164,32.0,35.0,BSHM,6.4086,1647127800.0
0.753853,32.0,35.0,BSHM,6.49936,1647128100.0
0.754153,32.0,35.0,BSHM,6.57975,1647128400.0
0.924595,32.0,35.0,BSHM,6.67735,1647128700.0
0.926431,32.0,35.0,BSHM,6.7217,1647129000.0
0.921447,32.0,35.0,BSHM,6.68422,1647129300.0
1.31526,35.0,33.0,NICO,4.92509,1647043200.0
1.30196,35.0,33.0,NICO,5.43144,1647044400.0
1.3017,35.0,33.0,NICO,5.54972,1647044700.0
1.31926,35.0,33.0,NICO,6.65127,1647048000.0
0.923076,35.0,33.0,NICO,6.62822,1647048300.0
1.32896,35.0,33.0,NICO,4.77268,1647048600.0
0.964686,35.0,33.0,NICO,4.92394,1647048900.0
0.759419,35.0,33.0,NICO,4.9913,1647049200.0
0.497796,35.0,33.0,NICO,5.09391,1647049500.0
0.500357,35.0,33.0,NICO,5.15131,1647049800.0
0.587545,35.0,33.0,NICO,5.26691,1647050100.0
0.761002,35.0,33.0,NICO,5.3071,1647050400.0
1.30835,35.0,33.0,NICO,5.35102,1647050700.0
1.30188,35.0,33.0,NICO,4.05425,1647055200.0
1.30139,35.0,33.0,NICO,4.04113,1647055500.0
0.54175,35.0,33.0,NICO,3.95181,1647055800.0
0.589364,35.0,33.0,NICO,4.02023,1647056100.0
0.672859,35.0,33.0,NICO,4.42416,1647056400.0
0.92139,35.0,33.0,NICO,5.16143,1647056700.0
0.924482,35.0,33.0,NICO,5.45021,1647057000.0
1.31327,35.0,33.0,NICO,7.92286,1647057900.0
1.30705,35.0,33.0,NICO,8.0925,1647058200.0
1.42798,35.0,33.0,NICO,10.8608,1647061500.0
0.665079,35.0,33.0,NICO,11.4326,1647061800.0
0.522748,35.0,33.0,NICO,11.7691,1647062100.0
0.557269,35.0,33.0,NICO,12.4125,1647062400.0
0.660862,35.0,33.0,NICO,12.728,1647062700.0
1.04328,35.0,33.0,NICO,13.0399,1647063000.0
1.30285,35.0,33.0,NICO,16.5847,1647064200.0
1.49673,35.0,33.0,NICO,13.7687,1647066000.0
0.756324,35.0,33.0,NICO,14.0254,1647066300.0
0.756814,35.0,33.0,NICO,14.3559,1647066600.0
0.65953,35.0,33.0,NICO,14.8261,1647066900.0
0.929585,35.0,33.0,NICO,15.2628,1647067200.0
1.33185,35.0,33.0,NICO,15.8706,1647067500.0
1.30961,35.0,33.0,NICO,15.9154,1647067800.0
1.78484,35.0,33.0,NICO,17.9222,1647068400.0
1.40713,35.0,33.0,NICO,18.3195,1647068700.0
1.04938,35.0,33.0,NICO,18.7456,1647069000.0
1.84081,35.0,33.0,NICO,19.1017,1647069300.0
1.30462,35.0,33.0,NICO,20.7416,1647069600.0
1.31413,35.0,33.0,NICO,13.7713,1647070200.0
1.31573,35.0,33.0,NICO,21.9287,1647070500.0
1.31291,35.0,33.0,NICO,22.4953,1647070800.0
0.926593,35.0,33.0,NICO,23.1096,1647071100.0
0.926453,35.0,33.0,NICO,23.9712,1647071400.0
0.792838,35.0,33.0,NICO,24.5669,1647071700.0
0.930589,35.0,33.0,NICO,25.0808,1647072000.0
0.920669,35.0,33.0,NICO,24.9562,1647072300.0
0.920933,35.0,33.0,NICO,25.6014,1647072600.0
1.35975,35.0,33.0,NICO,24.4908,1647076500.0
0.760613,35.0,33.0,NICO,24.443,1647076800.0
0.937491,35.0,33.0,NICO,24.6544,1647077100.0
0.962006,35.0,33.0,NICO,24.7673,1647077400.0
1.3327,35.0,33.0,NICO,25.0782,1647077700.0
1.30343,35.0,33.0,NICO,27.9893,1647078300.0
1.35537,35.0,33.0,NICO,28.8279,1647078900.0
1.31172,35.0,33.0,NICO,29.3188,1647079200.0
1.30676,35.0,33.0,NICO,25.9158,1647080700.0
1.30617,35.0,33.0,NICO,25.9255,1647081000.0
1.31635,35.0,33.0,NICO,25.6528,1647081300.0
1.30549,35.0,33.0,NICO,23.6318,1647082500.0
1.30473,35.0,33.0,NICO,23.4402,1647082800.0
1.34494,35.0,33.0,NICO,22.9523,1647084000.0
0.607767,35.0,33.0,NICO,22.4005,1647084300.0
0.472323,35.0,33.0,NICO,22.8303,1647084600.0
0.503347,35.0,33.0,NICO,22.5113,1647084900.0
0.770723,35.0,33.0,NICO,22.4765,1647085200.0
0.922961,35.0,33.0,NICO,22.8678,1647085500.0
1.3156,35.0,33.0,NICO,22.9366,1647085800.0
1.04843,35.0,33.0,NICO,23.6517,1647086700.0
0.767925,35.0,33.0,NICO,23.5449,1647087000.0
0.675829,35.0,33.0,NICO,23.5119,1647087300.0
0.948181,35.0,33.0,NICO,23.6873,1647087600.0
0.952519,35.0,33.0,NICO,23.8212,1647087900.0
1.81353,35.0,33.0,NICO,24.2473,1647088200.0
1.30282,35.0,33.0,NICO,24.3806,1647089100.0
1.30245,35.0,33.0,NICO,24.1757,1647089400.0
1.30295,35.0,33.0,NICO,24.3374,1647089700.0
1.30248,35.0,33.0,NICO,24.4241,1647090000.0
1.30455,35.0,33.0,NICO,24.2889,1647090300.0
1.30154,35.0,33.0,NICO,24.3781,1647091500.0
1.30423,35.0,33.0,NICO,23.8999,1647091800.0
1.30296,35.0,33.0,NICO,23.5975,1647092100.0
1.30137,35.0,33.0,NICO,21.4667,1647096300.0
1.3013,35.0,33.0,NICO,21.47,1647096600.0
1.43004,35.0,33.0,NICO,17.5139,1647099300.0
0.948554,35.0,33.0,NICO,17.0618,1647099600.0
0.657862,35.0,33.0,NICO,15.8369,1647099900.0
0.699502,35.0,33.0,NICO,15.9097,1647100200.0
0.60486,35.0,33.0,NICO,15.4561,1647100500.0
0.60157,35.0,33.0,NICO,14.9879,1647100800.0
0.753448,35.0,33.0,NICO,14.3808,1647101100.0
0.697682,35.0,33.0,NICO,14.2379,1647101400.0
0.770811,35.0,33.0,NICO,13.0099,1647101700.0
1.43576,35.0,33.0,NICO,13.5751,1647102000.0
1.30146,35.0,33.0,NICO,12.2997,1647105000.0
1.30126,35.0,33.0,NICO,12.0388,1647105300.0
1.30162,35.0,33.0,NICO,11.8383,1647105600.0
1.3022,35.0,33.0,NICO,10.9493,1647105900.0
0.961449,35.0,33.0,NICO,10.6447,1647106200.0
0.623061,35.0,33.0,NICO,7.96855,1647106500.0
0.625809,35.0,33.0,NICO,7.73906,1647106800.0
0.686171,35.0,33.0,NICO,7.62806,1647107100.0
0.771992,35.0,33.0,NICO,6.75561,1647107400.0
0.936527,35.0,33.0,NICO,6.68469,1647107700.0
0.757137,35.0,33.0,NICO,6.83148,1647108000.0
0.754459,35.0,33.0,NICO,6.75226,1647108300.0
0.655671,35.0,33.0,NICO,6.64191,1647108600.0
0.75642,35.0,33.0,NICO,7.33814,1647108900.0
0.923745,35.0,33.0,NICO,7.66082,1647109200.0
1.30337,35.0,33.0,NICO,8.83247,1647109500.0
1.30273,35.0,33.0,NICO,8.65724,1647109800.0
1.32299,35.0,33.0,NICO,6.8395,1647112800.0
1.78527,35.0,33.0,NICO,4.64693,1647113400.0
1.43991,35.0,33.0,NICO,4.63845,1647113700.0
1.30177,35.0,33.0,NICO,6.61682,1647114000.0
1.30124,35.0,33.0,NICO,6.63562,1647114300.0
0.7568,35.0,33.0,NICO,3.72866,1647117000.0
0.657903,35.0,33.0,NICO,3.71746,1647117300.0
0.655324,35.0,33.0,NICO,3.68293,1647117600.0
0.926466,35.0,33.0,NICO,3.65971,1647117900.0
0.928507,35.0,33.0,NICO,3.69646,1647118200.0
1.37201,35.0,33.0,NICO,3.74282,1647118500.0
1.30776,35.0,33.0,NICO,3.72372,1647118800.0
0.655489,35.0,33.0,NICO,3.63199,1647119100.0
0.589859,35.0,33.0,NICO,3.61181,1647119400.0
0.499679,35.0,33.0,NICO,3.66718,1647119700.0
0.548814,35.0,33.0,NICO,3.6968,1647120000.0
0.764451,35.0,33.0,NICO,3.72608,1647120300.0
1.3072,35.0,33.0,NICO,6.53926,1647120600.0
1.30413,35.0,33.0,NICO,6.42995,1647120900.0
0.753355,35.0,33.0,NICO,4.1619,1647121200.0
0.651779,35.0,33.0,NICO,4.21357,1647121500.0
0.651642,35.0,33.0,NICO,4.24674,1647121800.0
0.654197,35.0,33.0,NICO,4.27222,1647122100.0
0.923258,35.0,33.0,NICO,4.32135,1647122400.0
1.30612,35.0,33.0,NICO,4.36724,1647122700.0
1.30229,35.0,33.0,NICO,6.52822,1647123900.0
1.30253,35.0,33.0,NICO,6.4323,1647124200.0
0.930379,35.0,33.0,NICO,5.31245,1647126000.0
0.926607,35.0,33.0,NICO,5.39017,1647126300.0
0.925707,35.0,33.0,NICO,5.49468,1647126600.0
0.933131,35.0,33.0,NICO,5.15108,1647126900.0
1.31758,35.0,33.0,NICO,4.41473,1647127200.0
1.30918,35.0,33.0,NICO,4.19324,1647128100.0
0.970102,35.0,33.0,NICO,4.53493,1647128400.0
0.763339,35.0,33.0,NICO,6.39149,1647128700.0
0.658154,35.0,33.0,NICO,5.82558,1647129000.0
0.658167,35.0,33.0,NICO,4.15491,1647129300.0
1.30247,40.0,44.0,ARUC,5.64356,1647129600.0
0.949136,40.0,44.0,ARUC,5.32221,1647129900.0
1.30255,40.0,44.0,ARUC,7.55567,1647130200.0
1.30276,40.0,44.0,ARUC,7.70998,1647130500.0
1.30327,40.0,44.0,ARUC,4.59664,1647131400.0
1.30257,40.0,44.0,ARUC,4.75997,1647131700.0
1.30258,40.0,44.0,ARUC,4.92581,1647132000.0
1.30248,40.0,44.0,ARUC,5.15628,1647132300.0
0.769106,40.0,44.0,ARUC,2.91631,1647132600.0
0.368614,40.0,44.0,ARUC,4.27846,1647132900.0
0.504136,40.0,44.0,ARUC,5.29155,1647133200.0
1.30247,40.0,44.0,ARUC,5.88143,1647133500.0
1.30416,40.0,44.0,ARUC,5.98624,1647133800.0
0.942224,40.0,44.0,ARUC,4.12716,1647137700.0
0.778462,40.0,44.0,ARUC,4.18823,1647138000.0
1.30145,40.0,44.0,ARUC,7.66985,1647138600.0
1.30153,40.0,44.0,ARUC,7.67198,1647138900.0
1.30868,40.0,44.0,ARUC,5.33717,1647139200.0
1.30634,40.0,44.0,ARUC,5.18774,1647139500.0
0.922633,40.0,44.0,ARUC,6.26018,1647139800.0
0.921946,40.0,44.0,ARUC,6.23371,1647140100.0
0.920753,40.0,44.0,ARUC,6.27541,1647140400.0
0.920725,40.0,44.0,ARUC,6.43385,1647140700.0
0.920913,40.0,44.0,ARUC,6.64284,1647141000.0
0.926514,40.0,44.0,ARUC,7.65934,1647141300.0
0.752166,40.0,44.0,ARUC,7.1624,1647141600.0
0.752201,40.0,44.0,ARUC,7.37081,1647141900.0
0.92152,40.0,44.0,ARUC,7.17235,1647142200.0
0.921402,40.0,44.0,ARUC,7.53472,1647142500.0
0.756179,40.0,44.0,ARUC,8.32354,1647142800.0
0.535156,40.0,44.0,ARUC,7.73625,1647143100.0
0.414487,40.0,44.0,ARUC,7.87281,1647143400.0
1.30217,40.0,44.0,ARUC,9.7067,1647143700.0
1.30211,40.0,44.0,ARUC,9.90209,1647144000.0
1.30479,40.0,44.0,ARUC,10.0275,1647144300.0
1.30317,40.0,44.0,ARUC,12.2152,1647145500.0
1.30143,40.0,44.0,ARUC,13.9049,1647145800.0
0.926608,40.0,44.0,ARUC,12.0502,1647146100.0
0.925947,40.0,44.0,ARUC,12.3552,1647146400.0
0.69243,40.0,44.0,ARUC,8.93167,1647147000.0
1.37414,40.0,44.0,ARUC,1.7624,1647147300.0
1.30142,40.0,44.0,ARUC,16.0978,1647149100.0
1.30129,40.0,44.0,ARUC,16.2806,1647149400.0
1.30133,40.0,44.0,ARUC,16.4248,1647149700.0
0.922934,40.0,44.0,ARUC,14.726,1647151500.0
0.582895,40.0,44.0,ARUC,14.7538,1647151800.0
0.651461,40.0,44.0,ARUC,14.8616,1647152100.0
1.30324,40.0,44.0,ARUC,20.2331,1647154200.0
1.30249,40.0,44.0,ARUC,20.4018,1647154500.0
1.30239,40.0,44.0,ARUC,20.7567,1647154800.0
0.588219,40.0,44.0,ARUC,18.7433,1647155100.0
0.437605,40.0,44.0,ARUC,19.0175,1647155400.0
0.380079,40.0,44.0,ARUC,19.1193,1647155700.0
0.463545,40.0,44.0,ARUC,19.4156,1647156000.0
0.537762,40.0,44.0,ARUC,19.8036,1647156300.0
1.35484,40.0,44.0,ARUC,23.3813,1647156600.0
1.36049,40.0,44.0,ARUC,24.0094,1647156900.0
1.36704,40.0,44.0,ARUC,24.5099,1647157200.0
1.36069,40.0,44.0,ARUC,24.9923,1647157500.0
1.35523,40.0,44.0,ARUC,25.3763,1647157800.0
1.35985,40.0,44.0,ARUC,25.71,1647158100.0
1.56718,40.0,44.0,ARUC,25.9519,1647158400.0
1.30247,40.0,44.0,ARUC,23.5762,1647158700.0
1.3025,40.0,44.0,ARUC,23.1818,1647159000.0
1.30333,40.0,44.0,ARUC,23.4333,1647159300.0
1.31344,40.0,44.0,ARUC,24.5685,1647159600.0
0.922185,40.0,44.0,ARUC,24.1949,1647159900.0
1.30667,40.0,44.0,ARUC,25.2399,1647160200.0
1.30637,40.0,44.0,ARUC,25.6272,1647160500.0
1.30844,40.0,44.0,ARUC,25.8731,1647160800.0
1.30367,40.0,44.0,ARUC,28.3558,1647164700.0
1.33228,40.0,44.0,ARUC,26.6522,1647166500.0
1.3144,40.0,44.0,ARUC,26.6077,1647166800.0
1.31456,40.0,44.0,ARUC,26.5295,1647167100.0
1.31354,40.0,44.0,ARUC,26.4114,1647167400.0
1.31473,40.0,44.0,ARUC,26.3764,1647167700.0
0.538622,40.0,44.0,ARUC,22.3338,1647168000.0
0.654446,40.0,44.0,ARUC,23.5379,1647168300.0
1.31459,40.0,44.0,ARUC,26.342,1647168600.0
1.31203,40.0,44.0,ARUC,25.7612,1647168900.0
1.30755,40.0,44.0,ARUC,25.8157,1647169200.0
1.30701,40.0,44.0,ARUC,25.933,1647169500.0
1.30702,40.0,44.0,ARUC,26.0095,1647169800.0
1.31471,40.0,44.0,ARUC,26.0103,1647170100.0
1.30417,40.0,44.0,ARUC,24.7932,1647173100.0
1.30391,40.0,44.0,ARUC,24.8775,1647173400.0
1.30369,40.0,44.0,ARUC,24.9493,1647173700.0
1.30351,40.0,44.0,ARUC,25.056,1647174000.0
0.921179,40.0,44.0,ARUC,24.4921,1647174300.0
0.753451,40.0,44.0,ARUC,24.1454,1647174600.0
0.923839,40.0,44.0,ARUC,24.6183,1647174900.0
0.377993,40.0,44.0,ARUC,20.2387,1647175200.0
0.654863,40.0,44.0,ARUC,20.139,1647175500.0
1.30237,40.0,44.0,ARUC,21.7592,1647175800.0
1.30324,40.0,44.0,ARUC,21.6173,1647176100.0
1.30519,40.0,44.0,ARUC,22.7916,1647176400.0
1.30406,40.0,44.0,ARUC,22.745,1647176700.0
1.30442,40.0,44.0,ARUC,22.7099,1647177000.0
1.30483,40.0,44.0,ARUC,22.7063,1647177300.0
1.30879,40.0,44.0,ARUC,22.6529,1647177600.0
1.30373,40.0,44.0,ARUC,23.3598,1647178500.0
1.30136,40.0,44.0,ARUC,23.4713,1647180000.0
1.30138,40.0,44.0,ARUC,23.4656,1647180300.0
1.30726,40.0,44.0,ARUC,22.1868,1647183000.0
1.30562,40.0,44.0,ARUC,22.1136,1647183300.0
0.6626,40.0,44.0,ARUC,19.426,1647183600.0
0.469373,40.0,44.0,ARUC,18.7777,1647183900.0
0.395082,40.0,44.0,ARUC,18.288,1647184200.0
0.401274,40.0,44.0,ARUC,18.8426,1647184500.0
0.352925,40.0,44.0,ARUC,19.4874,1647184800.0
0.596623,40.0,44.0,ARUC,19.7895,1647185100.0
0.948187,40.0,44.0,ARUC,20.3291,1647185400.0
0.925078,40.0,44.0,ARUC,19.9917,1647185700.0
0.947842,40.0,44.0,ARUC,19.7799,1647186000.0
1.30679,40.0,44.0,ARUC,20.591,1647186300.0
1.31458,40.0,44.0,ARUC,17.5181,1647187200.0
1.31093,40.0,44.0,ARUC,17.4076,1647187500.0
0.924436,40.0,44.0,ARUC,18.1934,1647187800.0
0.924754,40.0,44.0,ARUC,17.9737,1647188100.0
0.606376,40.0,44.0,ARUC,15.7345,1647188400.0
0.344284,40.0,44.0,ARUC,15.7724,1647188700.0
0.943497,40.0,44.0,ARUC,15.3165,1647189000.0
1.30663,40.0,44.0,ARUC,14.705,1647189300.0
1.30692,40.0,44.0,ARUC,14.2377,1647189600.0
1.30651,40.0,44.0,ARUC,13.8899,1647189900.0
0.926996,40.0,44.0,ARUC,9.47518,1647192600.0
0.924595,40.0,44.0,ARUC,9.36269,1647192900.0
0.924934,40.0,44.0,ARUC,9.2902,1647193200.0
0.925334,40.0,44.0,ARUC,9.25227,1647193500.0
0.924861,40.0,44.0,ARUC,9.24281,1647193800.0
0.928459,40.0,44.0,ARUC,9.22931,1647194100.0
1.30887,40.0,44.0,ARUC,9.03406,1647194400.0
1.30944,40.0,44.0,ARUC,8.87534,1647194700.0
1.31014,40.0,44.0,ARUC,8.70545,1647195000.0
1.33921,40.0,44.0,ARUC,8.64413,1647195300.0
0.772438,40.0,44.0,ARUC,8.28318,1647195600.0
0.611585,40.0,44.0,ARUC,8.07789,1647195900.0
1.31093,40.0,44.0,ARUC,8.1504,1647196800.0
1.30323,40.0,44.0,ARUC,8.00979,1647197100.0
1.30341,40.0,44.0,ARUC,7.85237,1647197400.0
1.30361,40.0,44.0,ARUC,7.76198,1647197700.0
0.923753,40.0,44.0,ARUC,7.37133,1647198000.0
0.922609,40.0,44.0,ARUC,7.37801,1647198300.0
0.773395,40.0,44.0,ARUC,8.24036,1647198600.0
0.923519,40.0,44.0,ARUC,7.3464,1647198900.0
1.30806,40.0,44.0,ARUC,7.32335,1647199200.0
1.30802,40.0,44.0,ARUC,7.37743,1647199500.0
1.30742,40.0,44.0,ARUC,7.40193,1647199800.0
1.32525,40.0,44.0,ARUC,4.47226,1647201000.0
1.30806,40.0,44.0,ARUC,4.51415,1647201300.0
1.30863,40.0,44.0,ARUC,4.6088,1647201600.0
1.30819,40.0,44.0,ARUC,4.74596,1647201900.0
1.30823,40.0,44.0,ARUC,4.92166,1647202200.0
0.924107,40.0,44.0,ARUC,5.42046,1647202500.0
0.924549,40.0,44.0,ARUC,5.60118,1647202800.0
1.30591,40.0,44.0,ARUC,6.10586,1647203100.0
1.30559,40.0,44.0,ARUC,6.26959,1647203400.0
0.922398,40.0,44.0,ARUC,5.6246,1647203700.0
0.922529,40.0,44.0,ARUC,5.77063,1647204000.0
0.543646,40.0,44.0,ARUC,5.90073,1647204900.0
1.30367,40.0,44.0,ARUC,6.74831,1647206700.0
1.30342,40.0,44.0,ARUC,6.66987,1647207000.0
1.30322,40.0,44.0,ARUC,6.56208,1647207300.0
1.30321,40.0,44.0,ARUC,6.48456,1647207600.0
0.927119,40.0,44.0,ARUC,7.5974,1647207900.0
1.30338,40.0,44.0,ARUC,8.73992,1647208200.0
1.30342,40.0,44.0,ARUC,8.73982,1647208500.0
1.30359,40.0,44.0,ARUC,8.7625,1647208800.0
1.30398,40.0,44.0,ARUC,7.10454,1647209700.0
1.30501,40.0,44.0,ARUC,7.0569,1647210000.0
1.31382,40.0,44.0,ARUC,6.24032,1647211500.0
1.31068,40.0,44.0,ARUC,6.36673,1647211800.0
1.31163,40.0,44.0,ARUC,6.47413,1647212100.0
1.31275,40.0,44.0,ARUC,6.65365,1647212400.0
1.31166,40.0,44.0,ARUC,6.8551,1647212700.0
1.31161,40.0,44.0,ARUC,6.97398,1647213000.0
1.31064,40.0,44.0,ARUC,7.07877,1647213300.0
0.953925,40.0,44.0,ARUC,8.44018,1647213600.0
1.31824,40.0,44.0,ARUC,9.7771,1647213900.0
1.31658,40.0,44.0,ARUC,9.80708,1647214200.0
1.31509,40.0,44.0,ARUC,9.77434,1647214500.0
0.925837,40.0,44.0,ARUC,8.18172,1647214800.0
0.927672,40.0,44.0,ARUC,8.03907,1647215100.0
1.30252,40.0,44.0,ARUC,6.03958,1647215400.0
1.30259,40.0,44.0,ARUC,5.68073,1647215700.0
1.31716,32.0,35.0,BSHM,3.41599,1647129900.0
0.922836,32.0,35.0,BSHM,4.81509,1647130200.0
0.92563,32.0,35.0,BSHM,3.9181,1647130500.0
0.652119,32.0,35.0,BSHM,4.31446,1647130800.0
0.585486,32.0,35.0,BSHM,4.50804,1647131100.0
0.753381,32.0,35.0,BSHM,4.84006,1647131400.0
0.541996,32.0,35.0,BSHM,5.25105,1647131700.0
0.464312,32.0,35.0,BSHM,5.35661,1647132000.0
0.463769,32.0,35.0,BSHM,5.53519,1647132300.0
0.535405,32.0,35.0,BSHM,5.78678,1647132600.0
0.536907,32.0,35.0,BSHM,5.94255,1647132900.0
0.659873,32.0,35.0,BSHM,6.04902,1647133200.0
0.922091,32.0,35.0,BSHM,6.23432,1647133500.0
1.30601,32.0,35.0,BSHM,6.41373,1647133800.0
0.944013,32.0,35.0,BSHM,6.02594,1647134100.0
0.929005,32.0,35.0,BSHM,4.92745,1647134400.0
0.928111,32.0,35.0,BSHM,4.96451,1647134700.0
0.656604,32.0,35.0,BSHM,5.23805,1647135000.0
0.584578,32.0,35.0,BSHM,5.20355,1647135300.0
0.584708,32.0,35.0,BSHM,5.2019,1647135600.0
0.534911,32.0,35.0,BSHM,5.30031,1647135900.0
0.583387,32.0,35.0,BSHM,4.96647,1647136200.0
0.652052,32.0,35.0,BSHM,5.1083,1647136500.0
0.922011,32.0,35.0,BSHM,5.34113,1647136800.0
1.303,32.0,35.0,BSHM,5.19161,1647137100.0
0.922412,32.0,35.0,BSHM,3.45429,1647137400.0
1.31024,32.0,35.0,BSHM,3.12482,1647138000.0
0.923971,32.0,35.0,BSHM,3.09421,1647138300.0
0.656849,32.0,35.0,BSHM,3.10691,1647138600.0
0.715972,32.0,35.0,BSHM,3.28761,1647138900.0
0.54766,32.0,35.0,BSHM,3.51554,1647139200.0
0.547938,32.0,35.0,BSHM,3.48878,1647139500.0
0.51172,32.0,35.0,BSHM,3.61489,1647139800.0
0.471058,32.0,35.0,BSHM,3.5043,1647140100.0
0.507109,32.0,35.0,BSHM,3.5203,1647140400.0
0.464516,32.0,35.0,BSHM,3.62481,1647140700.0
0.496931,32.0,35.0,BSHM,3.75486,1647141000.0
0.496328,32.0,35.0,BSHM,3.55687,1647141300.0
0.535465,32.0,35.0,BSHM,4.43119,1647141600.0
0.538708,32.0,35.0,BSHM,4.60926,1647141900.0
0.61245,32.0,35.0,BSHM,5.23078,1647142200.0
0.607533,32.0,35.0,BSHM,6.07816,1647142500.0
0.615423,32.0,35.0,BSHM,6.93037,1647142800.0
0.687225,32.0,35.0,BSHM,7.64514,1647143100.0
0.809848,32.0,35.0,BSHM,8.51075,1647143400.0
0.706751,32.0,35.0,BSHM,8.80599,1647143700.0
0.759891,32.0,35.0,BSHM,9.00701,1647144000.0
0.614784,32.0,35.0,BSHM,8.38957,1647144300.0
0.56513,32.0,35.0,BSHM,8.20009,1647144600.0
0.663793,32.0,35.0,BSHM,8.02019,1647144900.0
0.65119,32.0,35.0,BSHM,8.51559,1647145200.0
0.531766,32.0,35.0,BSHM,8.84686,1647145500.0
0.492351,32.0,35.0,BSHM,9.20955,1647145800.0
0.463546,32.0,35.0,BSHM,9.50022,1647146100.0
0.436491,32.0,35.0,BSHM,9.78592,1647146400.0
0.39665,32.0,35.0,BSHM,10.1057,1647146700.0
0.400718,32.0,35.0,BSHM,10.4982,1647147000.0
0.390616,32.0,35.0,BSHM,11.0775,1647147300.0
0.420892,32.0,35.0,BSHM,11.4887,1647147600.0
0.473296,32.0,35.0,BSHM,12.0967,1647147900.0
0.472942,32.0,35.0,BSHM,12.24,1647148200.0
0.539552,32.0,35.0,BSHM,12.8579,1647148500.0
0.595607,32.0,35.0,BSHM,13.648,1647148800.0
0.607125,32.0,35.0,BSHM,14.2236,1647149100.0
0.593373,32.0,35.0,BSHM,13.675,1647149400.0
0.588065,32.0,35.0,BSHM,14.6412,1647149700.0
0.499413,32.0,35.0,BSHM,15.1619,1647150000.0
0.466671,32.0,35.0,BSHM,15.3328,1647150300.0
0.465096,32.0,35.0,BSHM,15.9325,1647150600.0
0.495409,32.0,35.0,BSHM,16.1865,1647150900.0
0.467336,32.0,35.0,BSHM,16.7323,1647151200.0
0.53672,32.0,35.0,BSHM,17.426,1647151500.0
0.497169,32.0,35.0,BSHM,17.5216,1647151800.0
0.496861,32.0,35.0,BSHM,17.5928,1647152100.0
0.537268,32.0,35.0,BSHM,17.9494,1647152400.0
0.58585,32.0,35.0,BSHM,18.0703,1647152700.0
0.684501,32.0,35.0,BSHM,18.0733,1647153000.0
0.58265,32.0,35.0,BSHM,18.4622,1647153300.0
0.493379,32.0,35.0,BSHM,18.8839,1647153600.0
0.460906,32.0,35.0,BSHM,19.294,1647153900.0
0.460567,32.0,35.0,BSHM,19.3304,1647154200.0
0.43437,32.0,35.0,BSHM,19.626,1647154500.0
0.412047,32.0,35.0,BSHM,19.8402,1647154800.0
0.531726,32.0,35.0,BSHM,19.95,1647155100.0
0.532703,32.0,35.0,BSHM,19.8553,1647155400.0
0.582101,32.0,35.0,BSHM,20.1475,1647155700.0
0.58217,32.0,35.0,BSHM,20.3524,1647156000.0
0.751584,32.0,35.0,BSHM,20.6803,1647156300.0
1.30143,32.0,35.0,BSHM,20.9858,1647156600.0
1.30186,32.0,35.0,BSHM,21.2716,1647156900.0
2.07674,32.0,35.0,BSHM,25.62,1647158100.0
1.50874,32.0,35.0,BSHM,26.0899,1647158400.0
1.10302,32.0,35.0,BSHM,27.1891,1647158700.0
1.01005,32.0,35.0,BSHM,27.7827,1647159000.0
0.800228,32.0,35.0,BSHM,28.6255,1647159300.0
1.00725,32.0,35.0,BSHM,29.4736,1647159600.0
1.02898,32.0,35.0,BSHM,30.2655,1647159900.0
1.51324,32.0,35.0,BSHM,30.6474,1647160200.0
1.33917,32.0,35.0,BSHM,30.2729,1647162300.0
1.30747,32.0,35.0,BSHM,29.8986,1647162600.0
0.923311,32.0,35.0,BSHM,30.2895,1647162900.0
1.30474,32.0,35.0,BSHM,28.9986,1647163200.0
1.30981,32.0,35.0,BSHM,29.3381,1647163500.0
1.32737,32.0,35.0,BSHM,29.286,1647163800.0
1.40326,32.0,35.0,BSHM,39.9843,1647166800.0
0.94675,32.0,35.0,BSHM,40.5615,1647167100.0
0.775635,32.0,35.0,BSHM,38.4493,1647167400.0
0.686178,32.0,35.0,BSHM,37.2564,1647167700.0
0.685815,32.0,35.0,BSHM,37.5152,1647168000.0
0.618247,32.0,35.0,BSHM,33.3426,1647168300.0
0.577928,32.0,35.0,BSHM,31.1155,1647168600.0
0.568157,32.0,35.0,BSHM,31.8227,1647168900.0
0.604767,32.0,35.0,BSHM,32.8726,1647169200.0
0.707327,32.0,35.0,BSHM,32.2033,1647169500.0
0.715897,32.0,35.0,BSHM,32.4865,1647169800.0
0.817479,32.0,35.0,BSHM,31.9488,1647170100.0
0.845556,32.0,35.0,BSHM,32.1028,1647170400.0
1.37535,32.0,35.0,BSHM,30.959,1647170700.0
0.817075,32.0,35.0,BSHM,31.5241,1647171000.0
0.636486,32.0,35.0,BSHM,32.8848,1647171300.0
0.630372,32.0,35.0,BSHM,32.4073,1647171600.0
0.576203,32.0,35.0,BSHM,31.9596,1647171900.0
0.480484,32.0,35.0,BSHM,32.104,1647172200.0
0.488873,32.0,35.0,BSHM,32.5961,1647172500.0
0.453404,32.0,35.0,BSHM,32.6607,1647172800.0
0.482818,32.0,35.0,BSHM,33.3931,1647173100.0
0.501,32.0,35.0,BSHM,33.4387,1647173400.0
0.549437,32.0,35.0,BSHM,32.4135,1647173700.0
0.518562,32.0,35.0,BSHM,32.0114,1647174000.0
0.516738,32.0,35.0,BSHM,30.8102,1647174300.0
0.558621,32.0,35.0,BSHM,30.0434,1647174600.0
0.575637,32.0,35.0,BSHM,30.1476,1647174900.0
0.570006,32.0,35.0,BSHM,29.9164,1647175200.0
0.710242,32.0,35.0,BSHM,29.1849,1647175500.0
0.686499,32.0,35.0,BSHM,30.2027,1647175800.0
0.757603,32.0,35.0,BSHM,30.5285,1647176100.0
0.689783,32.0,35.0,BSHM,30.8801,1647176400.0
0.786055,32.0,35.0,BSHM,32.1458,1647176700.0
0.794815,32.0,35.0,BSHM,29.6335,1647177000.0
0.958275,32.0,35.0,BSHM,28.5403,1647177300.0
0.955343,32.0,35.0,BSHM,28.5745,1647177600.0
0.784872,32.0,35.0,BSHM,28.579,1647177900.0
0.787765,32.0,35.0,BSHM,28.5527,1647178200.0
0.783158,32.0,35.0,BSHM,28.5236,1647178500.0
0.630625,32.0,35.0,BSHM,28.5424,1647178800.0
0.677363,32.0,35.0,BSHM,28.472,1647179100.0
0.575474,32.0,35.0,BSHM,27.6009,1647179400.0
0.604473,32.0,35.0,BSHM,27.3345,1647179700.0
0.606852,32.0,35.0,BSHM,27.2676,1647180000.0
0.607096,32.0,35.0,BSHM,27.1745,1647180300.0
0.777484,32.0,35.0,BSHM,26.4494,1647180600.0
0.785714,32.0,35.0,BSHM,26.5386,1647180900.0
0.831206,32.0,35.0,BSHM,30.0479,1647181200.0
0.822339,32.0,35.0,BSHM,32.9464,1647181500.0
0.697776,32.0,35.0,BSHM,31.424,1647181800.0
0.691105,32.0,35.0,BSHM,30.902,1647182100.0
0.691368,32.0,35.0,BSHM,30.6921,1647182400.0
0.62184,32.0,35.0,BSHM,29.6466,1647182700.0
0.578295,32.0,35.0,BSHM,29.6192,1647183000.0
0.629716,32.0,35.0,BSHM,27.9852,1647183300.0
0.671243,32.0,35.0,BSHM,27.3568,1647183600.0
0.645226,32.0,35.0,BSHM,25.0244,1647183900.0
0.684093,32.0,35.0,BSHM,24.6828,1647184200.0
0.786563,32.0,35.0,BSHM,23.6226,1647184500.0
1.92535,32.0,35.0,BSHM,22.3562,1647187200.0
1.02628,32.0,35.0,BSHM,22.0105,1647187500.0
0.814358,32.0,35.0,BSHM,24.8313,1647187800.0
0.829262,32.0,35.0,BSHM,24.4576,1647188100.0
0.734333,32.0,35.0,BSHM,22.8321,1647188400.0
0.578653,32.0,35.0,BSHM,22.4331,1647188700.0
0.607592,32.0,35.0,BSHM,22.4718,1647189000.0
0.566957,32.0,35.0,BSHM,21.2546,1647189300.0
0.551141,32.0,35.0,BSHM,21.0287,1647189600.0
0.554017,32.0,35.0,BSHM,21.111,1647189900.0
0.551561,32.0,35.0,BSHM,18.4678,1647190200.0
0.701144,32.0,35.0,BSHM,15.9966,1647190500.0
0.73511,32.0,35.0,BSHM,15.8468,1647190800.0
0.81019,32.0,35.0,BSHM,15.3725,1647191100.0
0.81051,32.0,35.0,BSHM,14.4771,1647191400.0
0.635568,32.0,35.0,BSHM,14.1224,1647191700.0
0.629671,32.0,35.0,BSHM,13.46,1647192000.0
0.581135,32.0,35.0,BSHM,12.7744,1647192300.0
0.601739,32.0,35.0,BSHM,12.8969,1647192600.0
0.581736,32.0,35.0,BSHM,12.4234,1647192900.0
0.644134,32.0,35.0,BSHM,11.9031,1647193200.0
0.597882,32.0,35.0,BSHM,11.4597,1647193500.0
0.587579,32.0,35.0,BSHM,11.0446,1647193800.0
0.533624,32.0,35.0,BSHM,10.7069,1647194100.0
0.573105,32.0,35.0,BSHM,10.1978,1647194400.0
0.59046,32.0,35.0,BSHM,9.82725,1647194700.0
0.63753,32.0,35.0,BSHM,9.51933,1647195000.0
0.626794,32.0,35.0,BSHM,9.31301,1647195300.0
0.66489,32.0,35.0,BSHM,9.13163,1647195600.0
0.802328,32.0,35.0,BSHM,8.89619,1647195900.0
0.865005,32.0,35.0,BSHM,9.32235,1647196200.0
0.988861,32.0,35.0,BSHM,9.5832,1647196500.0
0.886682,32.0,35.0,BSHM,9.30212,1647196800.0
0.865528,32.0,35.0,BSHM,8.89667,1647197100.0
0.621964,32.0,35.0,BSHM,8.39002,1647197400.0
0.582449,32.0,35.0,BSHM,8.05938,1647197700.0
0.546143,32.0,35.0,BSHM,7.57404,1647198000.0
0.528719,32.0,35.0,BSHM,7.30672,1647198300.0
0.480603,32.0,35.0,BSHM,7.69692,1647198600.0
0.510148,32.0,35.0,BSHM,7.6532,1647198900.0
0.52096,32.0,35.0,BSHM,7.82646,1647199200.0
0.510833,32.0,35.0,BSHM,7.34375,1647199500.0
0.50083,32.0,35.0,BSHM,7.44539,1647199800.0
0.645385,32.0,35.0,BSHM,7.26837,1647200100.0
0.729911,32.0,35.0,BSHM,7.20471,1647200400.0
0.716089,32.0,35.0,BSHM,7.05671,1647200700.0
0.704593,32.0,35.0,BSHM,6.88599,1647201000.0
0.710869,32.0,35.0,BSHM,6.58559,1647201300.0
0.648276,32.0,35.0,BSHM,6.39163,1647201600.0
0.664522,32.0,35.0,BSHM,5.94347,1647201900.0
0.672362,32.0,35.0,BSHM,6.27812,1647202200.0
0.670107,32.0,35.0,BSHM,6.15772,1647202500.0
0.637162,32.0,35.0,BSHM,6.04494,1647202800.0
0.652943,32.0,35.0,BSHM,5.55524,1647203100.0
0.481779,32.0,35.0,BSHM,5.99778,1647203400.0
0.473124,32.0,35.0,BSHM,6.01487,1647203700.0
0.458923,32.0,35.0,BSHM,6.04042,1647204000.0
0.423874,32.0,35.0,BSHM,6.27335,1647204300.0
0.432247,32.0,35.0,BSHM,6.43637,1647204600.0
0.47352,32.0,35.0,BSHM,6.75466,1647204900.0
0.464963,32.0,35.0,BSHM,7.01028,1647205200.0
0.601767,32.0,35.0,BSHM,7.06209,1647205500.0
0.674859,32.0,35.0,BSHM,7.00485,1647205800.0
0.671513,32.0,35.0,BSHM,7.12298,1647206100.0
0.931637,32.0,35.0,BSHM,7.31291,1647206400.0
2.59721,32.0,35.0,BSHM,6.7896,1647207300.0
1.4806,32.0,35.0,BSHM,6.79296,1647207600.0
0.991266,32.0,35.0,BSHM,7.33331,1647207900.0
0.842364,32.0,35.0,BSHM,7.2766,1647208200.0
0.97969,32.0,35.0,BSHM,7.63601,1647208500.0
0.864751,32.0,35.0,BSHM,8.18051,1647208800.0
0.758935,32.0,35.0,BSHM,7.93316,1647209100.0
0.754994,32.0,35.0,BSHM,8.02231,1647209400.0
0.587414,32.0,35.0,BSHM,8.11118,1647209700.0
0.585033,32.0,35.0,BSHM,8.16882,1647210000.0
0.585663,32.0,35.0,BSHM,7.98244,1647210300.0
0.533923,32.0,35.0,BSHM,7.74211,1647210600.0
0.494465,32.0,35.0,BSHM,7.84082,1647210900.0
0.549426,32.0,35.0,BSHM,7.87301,1647211200.0
0.498823,32.0,35.0,BSHM,7.86955,1647211500.0
0.659217,32.0,35.0,BSHM,7.74392,1647211800.0
0.597694,32.0,35.0,BSHM,7.22781,1647212100.0
0.677203,32.0,35.0,BSHM,7.27686,1647212400.0
0.930454,32.0,35.0,BSHM,6.99479,1647212700.0
0.77331,32.0,35.0,BSHM,6.76774,1647213000.0
0.770189,32.0,35.0,BSHM,6.52357,1647213300.0
0.755574,32.0,35.0,BSHM,6.44456,1647213600.0
0.756022,32.0,35.0,BSHM,6.37361,1647213900.0
0.755507,32.0,35.0,BSHM,6.28671,1647214200.0
0.755065,32.0,35.0,BSHM,6.05039,1647214500.0
0.767704,32.0,35.0,BSHM,5.85228,1647214800.0
0.92586,32.0,35.0,BSHM,5.67756,1647215100.0
0.92551,32.0,35.0,BSHM,5.18224,1647215400.0
1.31091,32.0,35.0,BSHM,3.99946,1647215700.0
1.31854,35.0,33.0,NICO,4.09566,1647129600.0
1.32035,35.0,33.0,NICO,4.05179,1647129900.0
1.32841,35.0,33.0,NICO,3.9928,1647130200.0
0.953239,35.0,33.0,NICO,4.42757,1647130500.0
1.30181,35.0,33.0,NICO,4.47293,1647130800.0
1.3129,35.0,33.0,NICO,6.05124,1647134100.0
0.921458,35.0,33.0,NICO,6.79457,1647134400.0
0.924528,35.0,33.0,NICO,6.24039,1647134700.0
0.931294,35.0,33.0,NICO,4.678,1647135000.0
0.594689,35.0,33.0,NICO,4.36989,1647135300.0
0.496092,35.0,33.0,NICO,4.25114,1647135600.0
0.498651,35.0,33.0,NICO,4.19161,1647135900.0
0.584421,35.0,33.0,NICO,4.02405,1647136200.0
0.758503,35.0,33.0,NICO,3.84317,1647136500.0
1.31171,35.0,33.0,NICO,3.82587,1647136800.0
1.30214,35.0,33.0,NICO,6.18353,1647137700.0
1.3022,35.0,33.0,NICO,6.24997,1647138000.0
0.939381,35.0,33.0,NICO,2.48455,1647141300.0
0.569294,35.0,33.0,NICO,2.95321,1647141600.0
0.5391,35.0,33.0,NICO,2.96116,1647141900.0
0.53853,35.0,33.0,NICO,3.38088,1647142200.0
0.558794,35.0,33.0,NICO,3.56399,1647142500.0
0.927466,35.0,33.0,NICO,3.30145,1647142800.0
1.37459,35.0,33.0,NICO,3.46169,1647143100.0
1.30298,35.0,33.0,NICO,7.16592,1647144300.0
1.49703,35.0,33.0,NICO,8.73106,1647147300.0
0.831785,35.0,33.0,NICO,9.332,1647147600.0
0.698932,35.0,33.0,NICO,9.82897,1647147900.0
0.573409,35.0,33.0,NICO,10.2302,1647148200.0
0.65583,35.0,33.0,NICO,10.6528,1647148500.0
0.961437,35.0,33.0,NICO,10.9914,1647148800.0
0.790959,35.0,33.0,NICO,14.3525,1647152400.0
0.781564,35.0,33.0,NICO,14.809,1647152700.0
0.697626,35.0,33.0,NICO,15.2329,1647153000.0
0.979196,35.0,33.0,NICO,15.9874,1647153300.0
1.42547,35.0,33.0,NICO,17.0102,1647153600.0
1.13458,35.0,33.0,NICO,17.1451,1647153900.0
1.35926,35.0,33.0,NICO,16.9856,1647154200.0
1.30675,35.0,33.0,NICO,20.5295,1647155700.0
1.32417,35.0,33.0,NICO,19.6677,1647156000.0
1.31344,35.0,33.0,NICO,19.6615,1647156300.0
1.3014,35.0,33.0,NICO,20.9992,1647158400.0
1.30118,35.0,33.0,NICO,21.674,1647158700.0
1.3112,35.0,33.0,NICO,21.3959,1647159300.0
1.30898,35.0,33.0,NICO,21.7308,1647159600.0
1.88251,35.0,33.0,NICO,21.1288,1647162600.0
0.791038,35.0,33.0,NICO,21.71,1647162900.0
0.974018,35.0,33.0,NICO,21.3655,1647163200.0
0.815081,35.0,33.0,NICO,22.2248,1647163500.0
0.700682,35.0,33.0,NICO,22.6492,1647163800.0
0.614553,35.0,33.0,NICO,24.9847,1647164100.0
0.479331,35.0,33.0,NICO,26.625,1647164400.0
0.56168,35.0,33.0,NICO,26.7829,1647164700.0
0.702198,35.0,33.0,NICO,28.218,1647165000.0
0.77909,35.0,33.0,NICO,30.428,1647165300.0
1.04985,35.0,33.0,NICO,31.6204,1647165600.0
1.30725,35.0,33.0,NICO,29.4348,1647166800.0
1.30546,35.0,33.0,NICO,27.8402,1647167100.0
1.30925,35.0,33.0,NICO,26.5244,1647167400.0
1.30726,35.0,33.0,NICO,27.1973,1647168600.0
1.30416,35.0,33.0,NICO,26.7672,1647168900.0
1.30305,35.0,33.0,NICO,27.5171,1647170700.0
1.30641,35.0,33.0,NICO,27.1067,1647171000.0
1.48942,35.0,33.0,NICO,23.5309,1647172800.0
0.767086,35.0,33.0,NICO,23.6091,1647173100.0
0.69021,35.0,33.0,NICO,23.6337,1647173400.0
0.945311,35.0,33.0,NICO,23.5395,1647173700.0
0.944293,35.0,33.0,NICO,23.4235,1647174000.0
1.02277,35.0,33.0,NICO,23.2912,1647174300.0
1.30368,35.0,33.0,NICO,27.5809,1647175200.0
1.30266,35.0,33.0,NICO,27.3218,1647175500.0
0.923128,35.0,33.0,NICO,27.1946,1647175800.0
1.30373,35.0,33.0,NICO,27.1855,1647176100.0
1.30565,35.0,33.0,NICO,26.5802,1647176400.0
1.30161,35.0,33.0,NICO,23.1584,1647177600.0
1.30242,35.0,33.0,NICO,22.8209,1647177900.0
1.30323,35.0,33.0,NICO,25.4343,1647178200.0
1.30148,35.0,33.0,NICO,24.1832,1647182400.0
1.30142,35.0,33.0,NICO,24.0261,1647182700.0
1.37116,35.0,33.0,NICO,21.2623,1647185100.0
1.11565,35.0,33.0,NICO,21.0861,1647185400.0
0.96693,35.0,33.0,NICO,20.9732,1647185700.0
0.559634,35.0,33.0,NICO,21.6961,1647186000.0
0.678136,35.0,33.0,NICO,21.4129,1647186300.0
0.942178,35.0,33.0,NICO,21.6908,1647186600.0
0.959193,35.0,33.0,NICO,21.4688,1647186900.0
0.950971,35.0,33.0,NICO,23.2423,1647187200.0
1.44246,35.0,33.0,NICO,23.1091,1647187500.0
1.30708,35.0,33.0,NICO,13.1635,1647191100.0
1.3031,35.0,33.0,NICO,12.6178,1647191400.0
1.304,35.0,33.0,NICO,11.9873,1647191700.0
1.30701,35.0,33.0,NICO,12.4159,1647192000.0
1.30539,35.0,33.0,NICO,11.5626,1647192300.0
0.924808,35.0,33.0,NICO,7.05358,1647194100.0
0.75677,35.0,33.0,NICO,7.06676,1647194400.0
0.587748,35.0,33.0,NICO,7.52379,1647194700.0
0.7535,35.0,33.0,NICO,7.78934,1647195000.0
0.935741,35.0,33.0,NICO,6.96612,1647195300.0
0.922145,35.0,33.0,NICO,8.05213,1647195600.0
1.30303,35.0,33.0,NICO,9.07288,1647195900.0
1.30176,35.0,33.0,NICO,7.05413,1647198600.0
0.920781,35.0,33.0,NICO,7.00676,1647198900.0
0.534432,35.0,33.0,NICO,6.90359,1647199200.0
0.584247,35.0,33.0,NICO,6.87347,1647199500.0
0.543071,35.0,33.0,NICO,6.74204,1647199800.0
0.921852,35.0,33.0,NICO,6.7698,1647200100.0
1.30528,35.0,33.0,NICO,6.6698,1647200400.0
0.759843,35.0,33.0,NICO,5.1456,1647203100.0
0.754801,35.0,33.0,NICO,5.16324,1647203400.0
0.654253,35.0,33.0,NICO,5.15615,1647203700.0
0.924831,35.0,33.0,NICO,5.13786,1647204000.0
0.927292,35.0,33.0,NICO,5.15837,1647204300.0
1.31964,35.0,33.0,NICO,5.20428,1647204600.0
1.30968,35.0,33.0,NICO,5.48201,1647204900.0
0.661768,35.0,33.0,NICO,5.19086,1647205200.0
0.53711,35.0,33.0,NICO,5.2708,1647205500.0
0.498342,35.0,33.0,NICO,5.31853,1647205800.0
0.588146,35.0,33.0,NICO,5.38431,1647206100.0
0.923526,35.0,33.0,NICO,5.49958,1647206400.0
1.30812,35.0,33.0,NICO,8.43891,1647206700.0
1.30374,35.0,33.0,NICO,8.44729,1647207000.0
0.755732,35.0,33.0,NICO,6.02144,1647207300.0
0.753456,35.0,33.0,NICO,6.15434,1647207600.0
0.65215,35.0,33.0,NICO,6.31866,1647207900.0
0.654783,35.0,33.0,NICO,6.46978,1647208200.0
0.92374,35.0,33.0,NICO,6.63875,1647208500.0
1.31642,35.0,33.0,NICO,6.73393,1647208800.0
1.3026,35.0,33.0,NICO,7.49632,1647210000.0
1.30272,35.0,33.0,NICO,7.3999,1647210300.0
0.940174,35.0,33.0,NICO,6.22904,1647211500.0
0.76274,35.0,33.0,NICO,6.1901,1647211800.0
0.764524,35.0,33.0,NICO,6.33241,1647212100.0
0.927301,35.0,33.0,NICO,6.48877,1647212400.0
0.929544,35.0,33.0,NICO,6.48473,1647212700.0
0.937584,35.0,33.0,NICO,6.28945,1647213000.0
1.30617,35.0,33.0,NICO,5.55043,1647213300.0
1.30585,35.0,33.0,NICO,6.28465,1647214200.0
0.981777,35.0,33.0,NICO,6.2864,1647214500.0
0.759936,35.0,33.0,NICO,6.14314,1647214800.0
0.666059,35.0,33.0,NICO,6.1024,1647215100.0
0.58783,35.0,33.0,NICO,5.71792,1647215400.0
0.924616,35.0,33.0,NICO,5.68737,1647215700.0
0.93115,40.0,44.0,ARUC,6.74995,1647216000.0
0.953312,40.0,44.0,ARUC,6.35378,1647216300.0
1.46399,40.0,44.0,ARUC,6.74895,1647216600.0
1.30312,40.0,44.0,ARUC,4.89995,1647217500.0
1.30218,40.0,44.0,ARUC,4.92559,1647217800.0
1.30207,40.0,44.0,ARUC,4.94815,1647218100.0
1.30208,40.0,44.0,ARUC,5.01961,1647218400.0
1.30198,40.0,44.0,ARUC,5.08395,1647218700.0
0.378355,40.0,44.0,ARUC,3.87009,1647219000.0
0.46278,40.0,44.0,ARUC,3.81187,1647219300.0
1.30207,40.0,44.0,ARUC,5.21741,1647219600.0
1.30251,40.0,44.0,ARUC,5.19962,1647219900.0
1.30782,40.0,44.0,ARUC,2.79077,1647223800.0
0.759901,40.0,44.0,ARUC,2.61042,1647224100.0
1.30116,40.0,44.0,ARUC,4.88311,1647224700.0
1.30106,40.0,44.0,ARUC,4.86377,1647225000.0
1.31689,40.0,44.0,ARUC,2.82249,1647225600.0
0.923374,40.0,44.0,ARUC,4.35628,1647225900.0
0.92195,40.0,44.0,ARUC,4.53604,1647226200.0
0.920553,40.0,44.0,ARUC,4.99884,1647226500.0
0.920648,40.0,44.0,ARUC,5.40001,1647226800.0
0.921944,40.0,44.0,ARUC,5.79919,1647227100.0
0.922144,40.0,44.0,ARUC,6.22751,1647227400.0
0.75265,40.0,44.0,ARUC,5.36208,1647227700.0
0.752233,40.0,44.0,ARUC,5.73686,1647228000.0
0.921769,40.0,44.0,ARUC,4.95205,1647228300.0
0.922001,40.0,44.0,ARUC,5.5046,1647228600.0
0.923496,40.0,44.0,ARUC,5.85797,1647228900.0
0.753143,40.0,44.0,ARUC,7.59304,1647229200.0
0.437317,40.0,44.0,ARUC,8.44874,1647229500.0
0.934484,40.0,44.0,ARUC,8.62368,1647229800.0
1.30154,40.0,44.0,ARUC,11.7375,1647230100.0
1.30211,40.0,44.0,ARUC,12.1422,1647230400.0
0.921919,40.0,44.0,ARUC,13.1005,1647231600.0
1.30127,40.0,44.0,ARUC,13.3805,1647231900.0
1.30122,40.0,44.0,ARUC,14.0037,1647232200.0
1.3016,40.0,44.0,ARUC,14.3291,1647232500.0
0.92648,40.0,44.0,ARUC,15.0909,1647233400.0
0.495678,40.0,44.0,ARUC,15.343,1647233700.0
1.30111,40.0,44.0,ARUC,16.5461,1647235200.0
1.30095,40.0,44.0,ARUC,16.7661,1647235500.0
1.30097,40.0,44.0,ARUC,17.044,1647235800.0
0.651383,40.0,44.0,ARUC,19.4573,1647237900.0
0.751521,40.0,44.0,ARUC,19.5844,1647238200.0
1.30326,40.0,44.0,ARUC,16.4663,1647240300.0
1.30177,40.0,44.0,ARUC,16.6367,1647240600.0
1.30184,40.0,44.0,ARUC,17.1316,1647240900.0
0.779846,40.0,44.0,ARUC,20.8184,1647241200.0
0.755832,40.0,44.0,ARUC,20.5543,1647241500.0
0.920905,40.0,44.0,ARUC,19.1897,1647241800.0
0.766591,40.0,44.0,ARUC,21.6742,1647242100.0
0.658551,40.0,44.0,ARUC,21.5477,1647242400.0
1.32028,40.0,44.0,ARUC,19.5159,1647242700.0
1.31875,40.0,44.0,ARUC,19.8955,1647243000.0
0.949565,40.0,44.0,ARUC,24.3685,1647243300.0
1.32267,40.0,44.0,ARUC,21.1099,1647243600.0
1.3205,40.0,44.0,ARUC,21.6382,1647243900.0
1.31863,40.0,44.0,ARUC,22.2575,1647244200.0
1.34768,40.0,44.0,ARUC,22.7521,1647244500.0
1.30268,40.0,44.0,ARUC,25.9464,1647244800.0
1.31306,40.0,44.0,ARUC,30.9396,1647245700.0
0.921706,40.0,44.0,ARUC,29.934,1647246000.0
1.30593,40.0,44.0,ARUC,31.4107,1647246300.0
1.30571,40.0,44.0,ARUC,31.6891,1647246600.0
1.30587,40.0,44.0,ARUC,32.1061,1647246900.0
1.30272,40.0,44.0,ARUC,31.211,1647250800.0
1.30466,40.0,44.0,ARUC,30.639,1647251100.0
1.33457,40.0,44.0,ARUC,27.8602,1647252600.0
1.31271,40.0,44.0,ARUC,27.8976,1647252900.0
1.31172,40.0,44.0,ARUC,28.0104,1647253200.0
1.31182,40.0,44.0,ARUC,27.9488,1647253500.0
1.31093,40.0,44.0,ARUC,27.855,1647253800.0
0.497945,40.0,44.0,ARUC,27.0112,1647254100.0
0.584321,40.0,44.0,ARUC,29.227,1647254400.0
0.92521,40.0,44.0,ARUC,28.1712,1647254700.0
0.938839,40.0,44.0,ARUC,27.9626,1647255000.0
1.31351,40.0,44.0,ARUC,27.4793,1647255300.0
1.30207,40.0,44.0,ARUC,22.6533,1647259200.0
1.30179,40.0,44.0,ARUC,22.5649,1647259500.0
1.30187,40.0,44.0,ARUC,22.5345,1647259800.0
1.30179,40.0,44.0,ARUC,22.4224,1647260100.0
1.30173,40.0,44.0,ARUC,22.4832,1647260400.0
0.924241,40.0,44.0,ARUC,24.8562,1647260700.0
1.30448,40.0,44.0,ARUC,22.5086,1647261000.0
0.394601,40.0,44.0,ARUC,23.7004,1647261300.0
0.461761,40.0,44.0,ARUC,23.7751,1647261600.0
1.30269,40.0,44.0,ARUC,26.3183,1647261900.0
1.30314,40.0,44.0,ARUC,25.9042,1647262200.0
1.30391,40.0,44.0,ARUC,25.5598,1647262500.0
1.30283,40.0,44.0,ARUC,25.4208,1647262800.0
1.30278,40.0,44.0,ARUC,25.384,1647263100.0
1.30295,40.0,44.0,ARUC,25.0442,1647263400.0
1.30432,40.0,44.0,ARUC,24.6908,1647263700.0
1.30296,40.0,44.0,ARUC,23.9374,1647264600.0
1.30101,40.0,44.0,ARUC,21.0248,1647266100.0
1.30103,40.0,44.0,ARUC,20.8846,1647266400.0
1.30398,40.0,44.0,ARUC,19.7673,1647269100.0
1.30286,40.0,44.0,ARUC,19.6671,1647269400.0
1.30295,40.0,44.0,ARUC,19.4386,1647269700.0
1.30285,40.0,44.0,ARUC,19.0664,1647270000.0
1.30313,40.0,44.0,ARUC,18.5858,1647270300.0
0.760827,40.0,44.0,ARUC,16.9913,1647270600.0
0.393946,40.0,44.0,ARUC,17.1217,1647270900.0
0.435601,40.0,44.0,ARUC,16.5357,1647271200.0
1.30967,40.0,44.0,ARUC,17.3118,1647271500.0
1.31082,40.0,44.0,ARUC,16.8484,1647271800.0
1.31004,40.0,44.0,ARUC,16.5391,1647272100.0
1.3102,40.0,44.0,ARUC,16.3034,1647272400.0
1.34618,40.0,44.0,ARUC,16.0981,1647272700.0
1.32247,40.0,44.0,ARUC,15.9886,1647273300.0
0.930803,40.0,44.0,ARUC,16.0487,1647273600.0
0.924893,40.0,44.0,ARUC,15.9159,1647273900.0
0.926445,40.0,44.0,ARUC,15.757,1647274200.0
0.756934,40.0,44.0,ARUC,13.6206,1647274500.0
0.350977,40.0,44.0,ARUC,12.1381,1647274800.0
0.501543,40.0,44.0,ARUC,12.2723,1647275100.0
1.30568,40.0,44.0,ARUC,12.9087,1647275400.0
1.30589,40.0,44.0,ARUC,12.6402,1647275700.0
1.30614,40.0,44.0,ARUC,12.4777,1647276000.0
1.31658,40.0,44.0,ARUC,12.4285,1647276300.0
0.923294,40.0,44.0,ARUC,9.58096,1647278700.0
0.922123,40.0,44.0,ARUC,9.41032,1647279000.0
0.921992,40.0,44.0,ARUC,9.267,1647279300.0
0.922095,40.0,44.0,ARUC,9.15474,1647279600.0
0.922216,40.0,44.0,ARUC,9.05475,1647279900.0
0.923722,40.0,44.0,ARUC,8.97557,1647280200.0
1.3025,40.0,44.0,ARUC,9.57019,1647280500.0
1.30234,40.0,44.0,ARUC,9.33524,1647280800.0
1.30244,40.0,44.0,ARUC,9.16447,1647281100.0
1.30577,40.0,44.0,ARUC,9.03245,1647281400.0
0.585169,40.0,44.0,ARUC,6.45715,1647281700.0
0.583143,40.0,44.0,ARUC,6.39542,1647282000.0
1.31974,40.0,44.0,ARUC,8.60565,1647282600.0
1.31042,40.0,44.0,ARUC,8.44885,1647282900.0
1.31042,40.0,44.0,ARUC,8.21592,1647283200.0
1.3095,40.0,44.0,ARUC,7.9832,1647283500.0
1.30576,40.0,44.0,ARUC,7.69097,1647283800.0
0.925693,40.0,44.0,ARUC,7.37224,1647284100.0
0.923129,40.0,44.0,ARUC,7.36857,1647284400.0
0.922548,40.0,44.0,ARUC,7.38203,1647284700.0
0.922963,40.0,44.0,ARUC,7.39706,1647285000.0
1.30945,40.0,44.0,ARUC,7.48124,1647285300.0
1.3086,40.0,44.0,ARUC,7.62059,1647285600.0
1.30853,40.0,44.0,ARUC,7.74105,1647285900.0
1.32518,40.0,44.0,ARUC,7.75888,1647286200.0
1.30766,40.0,44.0,ARUC,5.73478,1647287400.0
1.30774,40.0,44.0,ARUC,5.81737,1647287700.0
1.30831,40.0,44.0,ARUC,5.87362,1647288000.0
1.30784,40.0,44.0,ARUC,5.97752,1647288300.0
0.92465,40.0,44.0,ARUC,5.77789,1647288600.0
0.92373,40.0,44.0,ARUC,5.87661,1647288900.0
0.921758,40.0,44.0,ARUC,7.24694,1647289200.0
0.75254,40.0,44.0,ARUC,6.39597,1647289500.0
0.75247,40.0,44.0,ARUC,6.40456,1647289800.0
0.923168,40.0,44.0,ARUC,7.25333,1647290100.0
0.506199,40.0,44.0,ARUC,4.73501,1647290400.0
0.958238,40.0,44.0,ARUC,4.36107,1647290700.0
1.30348,40.0,44.0,ARUC,6.18045,1647292800.0
1.30248,40.0,44.0,ARUC,6.11166,1647293100.0
1.30265,40.0,44.0,ARUC,6.01113,1647293400.0
1.30247,40.0,44.0,ARUC,5.90384,1647293700.0
1.30589,40.0,44.0,ARUC,5.82349,1647294000.0
1.30242,40.0,44.0,ARUC,8.00477,1647294300.0
1.30246,40.0,44.0,ARUC,7.97524,1647294600.0
0.921728,40.0,44.0,ARUC,6.52452,1647294900.0
1.30391,40.0,44.0,ARUC,5.18327,1647295200.0
1.3189,40.0,44.0,ARUC,5.27675,1647297600.0
1.31377,40.0,44.0,ARUC,5.4146,1647297900.0
1.31274,40.0,44.0,ARUC,5.49096,1647298200.0
1.31394,40.0,44.0,ARUC,5.58679,1647298500.0
0.658873,40.0,44.0,ARUC,5.083,1647298800.0
0.439445,40.0,44.0,ARUC,5.34035,1647299100.0
0.444782,40.0,44.0,ARUC,4.91754,1647299400.0
0.420652,40.0,44.0,ARUC,4.52532,1647299700.0
0.607632,40.0,44.0,ARUC,4.23618,1647300000.0
1.30289,40.0,44.0,ARUC,4.7337,1647300900.0
1.30238,40.0,44.0,ARUC,4.65636,1647301200.0
1.30262,40.0,44.0,ARUC,4.52154,1647301500.0
1.30252,40.0,44.0,ARUC,4.37743,1647301800.0
1.3026,40.0,44.0,ARUC,4.23936,1647302100.0
0.935938,32.0,35.0,BSHM,6.21164,1647216000.0
0.75252,32.0,35.0,BSHM,6.13303,1647216300.0
0.752805,32.0,35.0,BSHM,6.11873,1647216600.0
0.532302,32.0,35.0,BSHM,6.07501,1647216900.0
0.531823,32.0,35.0,BSHM,5.97424,1647217200.0
0.582445,32.0,35.0,BSHM,5.91881,1647217500.0
0.462836,32.0,35.0,BSHM,5.4419,1647217800.0
0.434929,32.0,35.0,BSHM,5.35323,1647218100.0
0.434916,32.0,35.0,BSHM,5.20406,1647218400.0
0.532366,32.0,35.0,BSHM,5.0917,1647218700.0
0.532757,32.0,35.0,BSHM,5.0281,1647219000.0
0.657965,32.0,35.0,BSHM,5.14958,1647219300.0
0.921239,32.0,35.0,BSHM,5.80038,1647219600.0
1.30377,32.0,35.0,BSHM,5.73093,1647219900.0
0.935247,32.0,35.0,BSHM,5.26773,1647220200.0
0.934818,32.0,35.0,BSHM,4.59792,1647220500.0
0.93023,32.0,35.0,BSHM,4.56361,1647220800.0
0.757245,32.0,35.0,BSHM,4.52233,1647221100.0
0.65662,32.0,35.0,BSHM,4.43693,1647221400.0
0.587686,32.0,35.0,BSHM,4.48004,1647221700.0
0.536727,32.0,35.0,BSHM,4.36114,1647222000.0
0.589622,32.0,35.0,BSHM,4.18179,1647222300.0
0.657205,32.0,35.0,BSHM,4.13204,1647222600.0
0.658422,32.0,35.0,BSHM,3.89794,1647222900.0
1.3157,32.0,35.0,BSHM,3.80134,1647223200.0
0.927045,32.0,35.0,BSHM,8.49559,1647223500.0
1.40429,32.0,35.0,BSHM,3.85759,1647223800.0
0.925032,32.0,35.0,BSHM,3.76819,1647224100.0
0.687507,32.0,35.0,BSHM,3.72143,1647224400.0
0.661033,32.0,35.0,BSHM,3.66772,1647224700.0
0.761809,32.0,35.0,BSHM,3.59632,1647225000.0
0.538956,32.0,35.0,BSHM,3.59033,1647225300.0
0.50005,32.0,35.0,BSHM,3.61634,1647225600.0
0.499568,32.0,35.0,BSHM,3.57345,1647225900.0
0.497403,32.0,35.0,BSHM,3.52007,1647226200.0
0.496483,32.0,35.0,BSHM,3.51273,1647226500.0
0.534377,32.0,35.0,BSHM,3.5774,1647226800.0
0.534788,32.0,35.0,BSHM,3.56472,1647227100.0
0.651019,32.0,35.0,BSHM,3.53095,1647227400.0
0.582465,32.0,35.0,BSHM,3.67385,1647227700.0
0.582541,32.0,35.0,BSHM,3.86299,1647228000.0
0.595078,32.0,35.0,BSHM,4.46169,1647228300.0
0.602201,32.0,35.0,BSHM,4.99147,1647228600.0
0.603476,32.0,35.0,BSHM,5.56818,1647228900.0
0.650291,32.0,35.0,BSHM,6.2242,1647229200.0
0.691803,32.0,35.0,BSHM,6.98184,1647229500.0
0.696169,32.0,35.0,BSHM,7.51404,1647229800.0
0.797358,32.0,35.0,BSHM,7.97379,1647230100.0
0.53785,32.0,35.0,BSHM,8.2258,1647230400.0
0.550773,32.0,35.0,BSHM,8.60356,1647230700.0
0.655154,32.0,35.0,BSHM,9.14464,1647231000.0
0.583209,32.0,35.0,BSHM,9.6782,1647231300.0
0.531528,32.0,35.0,BSHM,10.2808,1647231600.0
0.461815,32.0,35.0,BSHM,10.8901,1647231900.0
0.460458,32.0,35.0,BSHM,11.4607,1647232200.0
0.416706,32.0,35.0,BSHM,12.1095,1647232500.0
0.37807,32.0,35.0,BSHM,12.6098,1647232800.0
0.378065,32.0,35.0,BSHM,13.005,1647233100.0
0.388775,32.0,35.0,BSHM,13.5957,1647233400.0
0.41868,32.0,35.0,BSHM,14.0501,1647233700.0
0.444992,32.0,35.0,BSHM,14.4412,1647234000.0
0.472126,32.0,35.0,BSHM,14.6166,1647234300.0
0.537334,32.0,35.0,BSHM,15.2294,1647234600.0
0.590569,32.0,35.0,BSHM,15.7865,1647234900.0
0.753433,32.0,35.0,BSHM,16.1128,1647235200.0
0.652446,32.0,35.0,BSHM,16.4119,1647235500.0
0.584092,32.0,35.0,BSHM,17.0518,1647235800.0
0.493788,32.0,35.0,BSHM,17.5801,1647236100.0
0.461307,32.0,35.0,BSHM,17.9907,1647236400.0
0.435207,32.0,35.0,BSHM,18.6645,1647236700.0
0.460842,32.0,35.0,BSHM,19.0183,1647237000.0
0.460886,32.0,35.0,BSHM,19.3109,1647237300.0
0.49339,32.0,35.0,BSHM,19.8369,1647237600.0
0.493639,32.0,35.0,BSHM,20.3192,1647237900.0
0.53253,32.0,35.0,BSHM,20.5903,1647238200.0
0.583684,32.0,35.0,BSHM,20.8642,1647238500.0
0.582775,32.0,35.0,BSHM,21.2447,1647238800.0
0.653274,32.0,35.0,BSHM,21.6605,1647239100.0
0.650909,32.0,35.0,BSHM,21.7695,1647239400.0
0.582571,32.0,35.0,BSHM,21.9402,1647239700.0
0.533122,32.0,35.0,BSHM,22.2765,1647240000.0
0.532041,32.0,35.0,BSHM,22.1731,1647240300.0
0.461002,32.0,35.0,BSHM,22.097,1647240600.0
0.532241,32.0,35.0,BSHM,22.5714,1647240900.0
0.651405,32.0,35.0,BSHM,22.5832,1647241200.0
0.583027,32.0,35.0,BSHM,22.6023,1647241500.0
0.650653,32.0,35.0,BSHM,22.7335,1647241800.0
0.650745,32.0,35.0,BSHM,22.8135,1647242100.0
0.751363,32.0,35.0,BSHM,23.0744,1647242400.0
0.921082,32.0,35.0,BSHM,23.2365,1647242700.0
1.30167,32.0,35.0,BSHM,23.594,1647243000.0
1.30176,32.0,35.0,BSHM,24.8242,1647243300.0
1.30341,32.0,35.0,BSHM,24.5365,1647243600.0
1.31281,32.0,35.0,BSHM,26.9608,1647244500.0
1.3141,32.0,35.0,BSHM,27.4313,1647244800.0
0.9262,32.0,35.0,BSHM,28.0532,1647245100.0
0.755386,32.0,35.0,BSHM,28.7556,1647245400.0
0.755979,32.0,35.0,BSHM,29.2406,1647245700.0
0.926404,32.0,35.0,BSHM,29.6751,1647246000.0
1.31295,32.0,35.0,BSHM,30.1775,1647246300.0
0.923107,32.0,35.0,BSHM,30.5081,1647246600.0
0.922017,32.0,35.0,BSHM,31.0387,1647246900.0
0.922121,32.0,35.0,BSHM,31.7662,1647247200.0
0.922249,32.0,35.0,BSHM,32.3053,1647247500.0
0.922245,32.0,35.0,BSHM,32.8508,1647247800.0
1.32992,32.0,35.0,BSHM,33.2842,1647248100.0
1.30192,32.0,35.0,BSHM,32.9814,1647248700.0
0.920882,32.0,35.0,BSHM,33.0045,1647249000.0
0.921467,32.0,35.0,BSHM,32.9196,1647249300.0
1.30967,32.0,35.0,BSHM,34.887,1647249600.0
1.31442,32.0,35.0,BSHM,35.0595,1647249900.0
1.30534,32.0,35.0,BSHM,34.1162,1647250200.0
1.30435,32.0,35.0,BSHM,34.5222,1647250500.0
0.930841,32.0,35.0,BSHM,33.5189,1647254400.0
0.669577,32.0,35.0,BSHM,33.8196,1647254700.0
0.642554,32.0,35.0,BSHM,33.7576,1647255000.0
0.605741,32.0,35.0,BSHM,33.6984,1647255300.0
0.607218,32.0,35.0,BSHM,33.6559,1647255600.0
0.604168,32.0,35.0,BSHM,33.6256,1647255900.0
0.624779,32.0,35.0,BSHM,33.621,1647256200.0
0.752777,32.0,35.0,BSHM,34.3163,1647256500.0
1.30327,32.0,35.0,BSHM,34.2366,1647256800.0
1.31491,32.0,35.0,BSHM,32.2163,1647257100.0
0.777428,32.0,35.0,BSHM,32.731,1647257400.0
0.665205,32.0,35.0,BSHM,32.8211,1647257700.0
0.541189,32.0,35.0,BSHM,32.4177,1647258000.0
0.500497,32.0,35.0,BSHM,31.8861,1647258300.0
0.499769,32.0,35.0,BSHM,31.4978,1647258600.0
0.467069,32.0,35.0,BSHM,31.0949,1647258900.0
0.462546,32.0,35.0,BSHM,30.7237,1647259200.0
0.462559,32.0,35.0,BSHM,30.2842,1647259500.0
0.470355,32.0,35.0,BSHM,30.0211,1647259800.0
0.532433,32.0,35.0,BSHM,29.8774,1647260100.0
0.535518,32.0,35.0,BSHM,29.4094,1647260400.0
0.583764,32.0,35.0,BSHM,29.0543,1647260700.0
0.920931,32.0,35.0,BSHM,29.1346,1647261000.0
0.920848,32.0,35.0,BSHM,28.8903,1647261300.0
0.94821,32.0,35.0,BSHM,27.3616,1647261600.0
0.663556,32.0,35.0,BSHM,26.9339,1647261900.0
0.680555,32.0,35.0,BSHM,26.4564,1647262200.0
0.77421,32.0,35.0,BSHM,25.8912,1647262500.0
0.600937,32.0,35.0,BSHM,25.9204,1647262800.0
0.560589,32.0,35.0,BSHM,25.7044,1647263100.0
0.586041,32.0,35.0,BSHM,25.1178,1647263400.0
0.685019,32.0,35.0,BSHM,25.0047,1647263700.0
0.617459,32.0,35.0,BSHM,24.9439,1647264000.0
0.795048,32.0,35.0,BSHM,25.5043,1647264300.0
0.937953,32.0,35.0,BSHM,25.5664,1647264600.0
0.67352,32.0,35.0,BSHM,25.6307,1647264900.0
0.666193,32.0,35.0,BSHM,25.7342,1647265200.0
0.609245,32.0,35.0,BSHM,25.7987,1647265500.0
0.553201,32.0,35.0,BSHM,25.8405,1647265800.0
0.549314,32.0,35.0,BSHM,25.9424,1647266100.0
0.540453,32.0,35.0,BSHM,26.0483,1647266400.0
0.604272,32.0,35.0,BSHM,26.1122,1647266700.0
0.659084,32.0,35.0,BSHM,26.1112,1647267000.0
0.763719,32.0,35.0,BSHM,26.1334,1647267300.0
0.683176,32.0,35.0,BSHM,25.9376,1647267600.0
0.601916,32.0,35.0,BSHM,25.6624,1647267900.0
0.673828,32.0,35.0,BSHM,25.1183,1647268200.0
0.625579,32.0,35.0,BSHM,24.6483,1647268500.0
0.557819,32.0,35.0,BSHM,24.2189,1647268800.0
0.560531,32.0,35.0,BSHM,23.8352,1647269100.0
0.620782,32.0,35.0,BSHM,23.4748,1647269400.0
0.693999,32.0,35.0,BSHM,22.9008,1647269700.0
0.725204,32.0,35.0,BSHM,22.5274,1647270000.0
0.947283,32.0,35.0,BSHM,22.2719,1647270300.0
0.998963,32.0,35.0,BSHM,21.8998,1647270600.0
1.60257,32.0,35.0,BSHM,21.6575,1647270900.0
1.57724,32.0,35.0,BSHM,17.0006,1647273300.0
0.931666,32.0,35.0,BSHM,16.8917,1647273600.0
0.760484,32.0,35.0,BSHM,16.0594,1647273900.0
0.759652,32.0,35.0,BSHM,15.5031,1647274200.0
0.763594,32.0,35.0,BSHM,14.874,1647274500.0
0.668895,32.0,35.0,BSHM,14.292,1647274800.0
0.659466,32.0,35.0,BSHM,13.7394,1647275100.0
0.599439,32.0,35.0,BSHM,13.0707,1647275400.0
0.590812,32.0,35.0,BSHM,12.5699,1647275700.0
0.538325,32.0,35.0,BSHM,12.2906,1647276000.0
0.538619,32.0,35.0,BSHM,12.2212,1647276300.0
0.603993,32.0,35.0,BSHM,12.1037,1647276600.0
0.588002,32.0,35.0,BSHM,12.4111,1647276900.0
0.651115,32.0,35.0,BSHM,12.4801,1647277200.0
0.651032,32.0,35.0,BSHM,12.1273,1647277500.0
0.5316,32.0,35.0,BSHM,11.7286,1647277800.0
0.531437,32.0,35.0,BSHM,11.438,1647278100.0
0.582422,32.0,35.0,BSHM,11.1532,1647278400.0
0.583512,32.0,35.0,BSHM,10.8802,1647278700.0
0.543902,32.0,35.0,BSHM,10.2335,1647279000.0
0.552138,32.0,35.0,BSHM,10.6152,1647279300.0
0.53695,32.0,35.0,BSHM,10.4672,1647279600.0
0.49864,32.0,35.0,BSHM,10.2602,1647279900.0
0.464299,32.0,35.0,BSHM,10.0463,1647280200.0
0.497358,32.0,35.0,BSHM,9.86885,1647280500.0
0.536582,32.0,35.0,BSHM,9.55771,1647280800.0
0.589556,32.0,35.0,BSHM,9.37207,1647281100.0
0.538383,32.0,35.0,BSHM,8.96005,1647281400.0
0.54041,32.0,35.0,BSHM,8.78699,1647281700.0
0.547536,32.0,35.0,BSHM,8.29726,1647282000.0
0.588215,32.0,35.0,BSHM,8.26508,1647282300.0
0.624157,32.0,35.0,BSHM,8.12278,1647282600.0
0.572341,32.0,35.0,BSHM,7.96258,1647282900.0
0.562809,32.0,35.0,BSHM,7.92137,1647283200.0
0.567291,32.0,35.0,BSHM,7.79576,1647283500.0
0.503356,32.0,35.0,BSHM,7.60785,1647283800.0
0.552036,32.0,35.0,BSHM,7.46026,1647284100.0
0.501756,32.0,35.0,BSHM,7.24155,1647284400.0
0.444764,32.0,35.0,BSHM,7.01304,1647284700.0
0.471852,32.0,35.0,BSHM,6.72908,1647285000.0
0.543213,32.0,35.0,BSHM,6.51718,1647285300.0
0.512486,32.0,35.0,BSHM,6.7208,1647285600.0
0.546673,32.0,35.0,BSHM,7.06453,1647285900.0
0.686365,32.0,35.0,BSHM,7.27699,1647286200.0
0.685351,32.0,35.0,BSHM,7.79617,1647286500.0
0.692056,32.0,35.0,BSHM,7.72549,1647286800.0
0.801164,32.0,35.0,BSHM,8.17097,1647287100.0
0.679857,32.0,35.0,BSHM,7.97882,1647287400.0
0.67837,32.0,35.0,BSHM,7.82433,1647287700.0
0.587486,32.0,35.0,BSHM,7.35913,1647288000.0
0.672957,32.0,35.0,BSHM,7.05201,1647288300.0
0.673818,32.0,35.0,BSHM,7.04895,1647288600.0
0.592933,32.0,35.0,BSHM,6.85148,1647288900.0
0.588872,32.0,35.0,BSHM,6.8542,1647289200.0
0.550374,32.0,35.0,BSHM,6.88859,1647289500.0
0.566124,32.0,35.0,BSHM,6.9113,1647289800.0
0.503495,32.0,35.0,BSHM,6.9039,1647290100.0
0.441232,32.0,35.0,BSHM,6.95573,1647290400.0
0.434181,32.0,35.0,BSHM,6.91386,1647290700.0
0.439793,32.0,35.0,BSHM,7.05427,1647291000.0
0.427565,32.0,35.0,BSHM,7.18795,1647291300.0
0.459207,32.0,35.0,BSHM,7.09655,1647291600.0
0.487942,32.0,35.0,BSHM,6.87997,1647291900.0
0.551421,32.0,35.0,BSHM,7.01798,1647292200.0
0.565519,32.0,35.0,BSHM,7.00475,1647292500.0
0.687735,32.0,35.0,BSHM,7.25606,1647292800.0
0.944498,32.0,35.0,BSHM,6.84938,1647293100.0
1.31719,32.0,35.0,BSHM,6.05251,1647293400.0
1.38349,32.0,35.0,BSHM,5.94331,1647293700.0
1.37341,32.0,35.0,BSHM,5.84308,1647294000.0
0.777388,32.0,35.0,BSHM,6.01745,1647294300.0
0.944522,32.0,35.0,BSHM,6.13666,1647294600.0
0.801035,32.0,35.0,BSHM,6.32961,1647294900.0
0.764902,32.0,35.0,BSHM,6.59253,1647295200.0
0.75385,32.0,35.0,BSHM,6.67352,1647295500.0
0.58844,32.0,35.0,BSHM,6.75469,1647295800.0
0.534519,32.0,35.0,BSHM,6.80649,1647296100.0
0.496506,32.0,35.0,BSHM,6.8455,1647296400.0
0.535678,32.0,35.0,BSHM,6.89866,1647296700.0
0.443217,32.0,35.0,BSHM,6.78219,1647297000.0
0.495369,32.0,35.0,BSHM,6.79894,1647297300.0
0.464316,32.0,35.0,BSHM,6.64618,1647297600.0
0.587384,32.0,35.0,BSHM,6.40126,1647297900.0
0.53757,32.0,35.0,BSHM,6.35902,1647298200.0
0.761721,32.0,35.0,BSHM,5.8565,1647298500.0
0.925229,32.0,35.0,BSHM,6.16315,1647298800.0
0.796874,32.0,35.0,BSHM,6.55034,1647299100.0
0.92597,32.0,35.0,BSHM,7.21749,1647299400.0
0.755733,32.0,35.0,BSHM,7.29598,1647299700.0
0.755844,32.0,35.0,BSHM,7.35527,1647300000.0
0.756346,32.0,35.0,BSHM,7.4028,1647300300.0
0.755734,32.0,35.0,BSHM,7.43943,1647300600.0
0.756109,32.0,35.0,BSHM,7.45627,1647300900.0
0.927791,32.0,35.0,BSHM,7.45923,1647301200.0
1.30868,32.0,35.0,BSHM,7.46045,1647301500.0
1.37145,32.0,35.0,BSHM,7.45825,1647301800.0
1.30251,32.0,35.0,BSHM,5.73023,1647302100.0
0.935888,35.0,33.0,NICO,6.54828,1647216000.0
0.923468,35.0,33.0,NICO,6.37226,1647216300.0
1.30151,35.0,33.0,NICO,6.552,1647216600.0
1.30252,35.0,33.0,NICO,6.35155,1647216900.0
1.33041,35.0,33.0,NICO,5.22032,1647220200.0
1.30722,35.0,33.0,NICO,5.03464,1647220500.0
0.761992,35.0,33.0,NICO,5.10325,1647220800.0
0.756975,35.0,33.0,NICO,5.01051,1647221100.0
0.537832,35.0,33.0,NICO,4.95526,1647221400.0
0.495891,35.0,33.0,NICO,4.84603,1647221700.0
0.5838,35.0,33.0,NICO,4.72977,1647222000.0
0.587975,35.0,33.0,NICO,4.6531,1647222300.0
0.923857,35.0,33.0,NICO,4.67034,1647222600.0
1.30228,35.0,33.0,NICO,4.01422,1647223800.0
1.30188,35.0,33.0,NICO,4.12052,1647224100.0
1.30139,35.0,33.0,NICO,3.3541,1647227100.0
0.92047,35.0,33.0,NICO,3.46513,1647227400.0
0.497503,35.0,33.0,NICO,3.58497,1647227700.0
0.536133,35.0,33.0,NICO,3.71699,1647228000.0
0.536736,35.0,33.0,NICO,3.98147,1647228300.0
0.754012,35.0,33.0,NICO,4.37135,1647228600.0
0.943959,35.0,33.0,NICO,4.46234,1647228900.0
1.30361,35.0,33.0,NICO,6.93887,1647230400.0
0.758011,35.0,33.0,NICO,18.1467,1647238500.0
0.752914,35.0,33.0,NICO,18.275,1647238800.0
0.653093,35.0,33.0,NICO,18.4976,1647239100.0
0.924091,35.0,33.0,NICO,18.8079,1647239400.0
0.936391,35.0,33.0,NICO,19.119,1647239700.0
1.32735,35.0,33.0,NICO,19.5749,1647240000.0
1.30328,35.0,33.0,NICO,21.5816,1647241800.0
1.30403,35.0,33.0,NICO,22.9575,1647242400.0
1.30934,35.0,33.0,NICO,25.3092,1647243000.0
0.763077,35.0,33.0,NICO,25.8924,1647243300.0
0.754265,35.0,33.0,NICO,26.0642,1647243600.0
0.754004,35.0,33.0,NICO,26.3657,1647243900.0
0.662027,35.0,33.0,NICO,26.6568,1647244200.0
0.650809,35.0,33.0,NICO,25.8177,1647244500.0
0.751495,35.0,33.0,NICO,26.5226,1647244800.0
0.920735,35.0,33.0,NICO,26.4001,1647245100.0
0.754906,35.0,33.0,NICO,30.4777,1647249000.0
0.921574,35.0,33.0,NICO,30.7155,1647249300.0
0.922238,35.0,33.0,NICO,31.1288,1647249600.0
1.30263,35.0,33.0,NICO,31.3667,1647249900.0
1.30326,35.0,33.0,NICO,30.8784,1647250500.0
1.32497,35.0,33.0,NICO,30.8933,1647251400.0
1.39919,35.0,33.0,NICO,31.0003,1647251700.0
1.30839,35.0,33.0,NICO,34.057,1647252900.0
1.30442,35.0,33.0,NICO,33.7761,1647253200.0
1.30926,35.0,33.0,NICO,30.2828,1647254700.0
1.30226,35.0,33.0,NICO,30.1583,1647255000.0
1.30173,35.0,33.0,NICO,31.7879,1647255300.0
1.30124,35.0,33.0,NICO,32.6843,1647256200.0
1.30201,35.0,33.0,NICO,32.1512,1647256800.0
1.30305,35.0,33.0,NICO,32.0548,1647257100.0
1.34456,35.0,33.0,NICO,30.6511,1647258300.0
0.763231,35.0,33.0,NICO,27.8834,1647259200.0
0.660292,35.0,33.0,NICO,27.6203,1647259500.0
0.767022,35.0,33.0,NICO,27.3892,1647259800.0
0.764154,35.0,33.0,NICO,27.1933,1647260100.0
0.775645,35.0,33.0,NICO,26.9718,1647260400.0
1.30494,35.0,33.0,NICO,27.6985,1647261300.0
1.30233,35.0,33.0,NICO,27.3578,1647261600.0
0.922954,35.0,33.0,NICO,26.9133,1647261900.0
1.30297,35.0,33.0,NICO,26.3574,1647262200.0
1.02719,35.0,33.0,NICO,25.2632,1647262500.0
0.691695,35.0,33.0,NICO,23.9448,1647262800.0
0.53055,35.0,33.0,NICO,23.8206,1647263100.0
0.516575,35.0,33.0,NICO,23.8179,1647263400.0
0.486342,35.0,33.0,NICO,24.0347,1647263700.0
0.564756,35.0,33.0,NICO,24.0864,1647264000.0
0.960577,35.0,33.0,NICO,24.364,1647264300.0
1.30382,35.0,33.0,NICO,21.4085,1647268500.0
1.30172,35.0,33.0,NICO,16.8158,1647268800.0
0.923679,35.0,33.0,NICO,16.2125,1647272100.0
1.30182,35.0,33.0,NICO,13.3523,1647273900.0
1.30192,35.0,33.0,NICO,13.0998,1647274200.0
1.34486,35.0,33.0,NICO,11.4317,1647277200.0
1.30541,35.0,33.0,NICO,11.2839,1647277500.0
1.30611,35.0,33.0,NICO,11.025,1647277800.0
0.928669,35.0,33.0,NICO,10.5798,1647278100.0
0.755905,35.0,33.0,NICO,9.704,1647278400.0
0.552873,35.0,33.0,NICO,9.13953,1647278700.0
0.464529,35.0,33.0,NICO,8.97828,1647279000.0
0.474236,35.0,33.0,NICO,8.762,1647279300.0
0.532034,35.0,33.0,NICO,8.52238,1647279600.0
0.751945,35.0,33.0,NICO,8.34238,1647279900.0
0.76472,35.0,33.0,NICO,7.72372,1647280200.0
0.753056,35.0,33.0,NICO,7.39043,1647280500.0
0.651925,35.0,33.0,NICO,7.25868,1647280800.0
0.753378,35.0,33.0,NICO,7.18184,1647281100.0
0.66161,35.0,33.0,NICO,7.78057,1647281400.0
0.922543,35.0,33.0,NICO,8.35229,1647281700.0
1.30227,35.0,33.0,NICO,9.91918,1647282000.0
1.30323,35.0,33.0,NICO,9.86565,1647282300.0
0.923425,35.0,33.0,NICO,6.52778,1647284700.0
0.921184,35.0,33.0,NICO,6.38098,1647285000.0
0.539235,35.0,33.0,NICO,6.30366,1647285300.0
0.53517,35.0,33.0,NICO,6.26809,1647285600.0
0.501543,35.0,33.0,NICO,6.26136,1647285900.0
0.65537,35.0,33.0,NICO,6.21024,1647286200.0
1.30703,35.0,33.0,NICO,6.52936,1647286500.0
0.767676,35.0,33.0,NICO,5.77545,1647289200.0
0.757762,35.0,33.0,NICO,5.78174,1647289500.0
0.655348,35.0,33.0,NICO,5.80024,1647289800.0
0.756355,35.0,33.0,NICO,5.88601,1647290100.0
0.758039,35.0,33.0,NICO,5.87267,1647290400.0
0.763592,35.0,33.0,NICO,5.52332,1647290700.0
0.59988,35.0,33.0,NICO,5.28884,1647291000.0
0.498077,35.0,33.0,NICO,5.30907,1647291300.0
0.474598,35.0,33.0,NICO,5.42599,1647291600.0
0.66581,35.0,33.0,NICO,5.60079,1647291900.0
0.754992,35.0,33.0,NICO,5.77937,1647292200.0
0.770195,35.0,33.0,NICO,5.83989,1647292500.0
0.932694,35.0,33.0,NICO,6.35948,1647292800.0
1.3036,35.0,33.0,NICO,6.75101,1647293100.0
0.759439,35.0,33.0,NICO,5.76244,1647293400.0
0.652012,35.0,33.0,NICO,5.83254,1647293700.0
0.652238,35.0,33.0,NICO,5.85764,1647294000.0
0.652465,35.0,33.0,NICO,5.93086,1647294300.0
0.924617,35.0,33.0,NICO,6.02034,1647294600.0
1.31089,35.0,33.0,NICO,6.09273,1647294900.0
1.30169,35.0,33.0,NICO,6.50051,1647296100.0
1.30169,35.0,33.0,NICO,6.47539,1647296400.0
1.34757,35.0,33.0,NICO,6.25689,1647296700.0
0.822758,35.0,33.0,NICO,6.28013,1647297000.0
0.777796,35.0,33.0,NICO,6.42504,1647297300.0
0.818682,35.0,33.0,NICO,6.44609,1647297600.0
1.02319,35.0,33.0,NICO,6.24895,1647297900.0
0.973539,35.0,33.0,NICO,6.13858,1647298200.0
0.935762,35.0,33.0,NICO,6.13324,1647298500.0
0.93821,35.0,33.0,NICO,6.15186,1647298800.0
0.762351,35.0,33.0,NICO,6.34076,1647299100.0
0.933849,35.0,33.0,NICO,6.2154,1647299400.0
1.41717,35.0,33.0,NICO,5.71895,1647299700.0
1.37138,35.0,33.0,NICO,5.02692,1647300000.0
1.30884,35.0,33.0,NICO,4.98369,1647300300.0
0.795704,35.0,33.0,NICO,5.46054,1647300600.0
0.66102,35.0,33.0,NICO,5.61178,1647300900.0
0.500676,35.0,33.0,NICO,5.53079,1647301200.0
0.613827,35.0,33.0,NICO,5.56462,1647301500.0
0.758676,35.0,33.0,NICO,5.71426,1647301800.0
0.761082,35.0,33.0,NICO,5.31643,1647302100.0
0.770042,40.0,44.0,ARUC,6.27397,1647302400.0
1.30213,40.0,44.0,ARUC,6.69478,1647302700.0
1.30425,40.0,44.0,ARUC,5.1851,1647303600.0
1.30191,40.0,44.0,ARUC,5.23268,1647303900.0
1.30203,40.0,44.0,ARUC,5.2696,1647304200.0
1.30193,40.0,44.0,ARUC,5.33593,1647304500.0
1.30193,40.0,44.0,ARUC,5.42282,1647304800.0
0.39023,40.0,44.0,ARUC,4.26987,1647305100.0
0.405112,40.0,44.0,ARUC,4.57421,1647305400.0
1.30203,40.0,44.0,ARUC,5.66936,1647305700.0
1.30216,40.0,44.0,ARUC,5.71869,1647306000.0
0.97811,40.0,44.0,ARUC,2.95035,1647309900.0
0.769122,40.0,44.0,ARUC,3.56719,1647310200.0
1.30118,40.0,44.0,ARUC,6.07244,1647310800.0
1.30099,40.0,44.0,ARUC,6.06364,1647311100.0
1.31069,40.0,44.0,ARUC,5.21467,1647311700.0
0.9237,40.0,44.0,ARUC,5.37981,1647312000.0
0.921159,40.0,44.0,ARUC,5.35797,1647312300.0
0.920461,40.0,44.0,ARUC,5.38442,1647312600.0
0.921504,40.0,44.0,ARUC,5.63309,1647312900.0
0.921347,40.0,44.0,ARUC,5.89974,1647313200.0
0.922781,40.0,44.0,ARUC,6.18163,1647313500.0
0.752826,40.0,44.0,ARUC,6.71206,1647313800.0
0.75187,40.0,44.0,ARUC,7.04686,1647314100.0
0.753404,40.0,44.0,ARUC,7.46025,1647314400.0
0.921085,40.0,44.0,ARUC,8.00554,1647314700.0
0.922664,40.0,44.0,ARUC,8.40855,1647315000.0
0.657765,40.0,44.0,ARUC,8.41132,1647315300.0
0.382978,40.0,44.0,ARUC,8.57825,1647315600.0
0.604342,40.0,44.0,ARUC,9.81096,1647315900.0
1.30195,40.0,44.0,ARUC,10.5331,1647316200.0
1.30319,40.0,44.0,ARUC,10.8023,1647316500.0
1.30125,40.0,44.0,ARUC,14.0046,1647317700.0
0.921543,40.0,44.0,ARUC,13.8902,1647318000.0
1.3011,40.0,44.0,ARUC,14.6664,1647318300.0
1.30188,40.0,44.0,ARUC,14.9106,1647318600.0
1.31476,40.0,44.0,ARUC,13.4592,1647319200.0
0.668719,40.0,44.0,ARUC,13.5101,1647319500.0
0.536667,40.0,44.0,ARUC,13.6244,1647319800.0
1.30164,40.0,44.0,ARUC,18.3033,1647321300.0
1.30103,40.0,44.0,ARUC,18.4314,1647321600.0
1.30105,40.0,44.0,ARUC,18.6318,1647321900.0
1.32061,40.0,44.0,ARUC,16.3381,1647323700.0
0.583411,40.0,44.0,ARUC,16.0011,1647324000.0
0.651388,40.0,44.0,ARUC,16.6547,1647324300.0
1.30839,40.0,44.0,ARUC,20.1642,1647326400.0
1.30158,40.0,44.0,ARUC,20.4403,1647326700.0
0.472265,40.0,44.0,ARUC,17.3076,1647327000.0
0.435858,40.0,44.0,ARUC,19.4844,1647327300.0
0.465772,40.0,44.0,ARUC,20.4536,1647327600.0
0.413943,40.0,44.0,ARUC,20.2659,1647327900.0
0.65343,40.0,44.0,ARUC,20.3377,1647328200.0
0.970987,40.0,44.0,ARUC,21.3352,1647328500.0
1.35101,40.0,44.0,ARUC,22.4466,1647328800.0
0.956781,40.0,44.0,ARUC,22.6019,1647329100.0
0.94689,40.0,44.0,ARUC,22.8903,1647329400.0
0.965229,40.0,44.0,ARUC,23.2396,1647329700.0
1.35722,40.0,44.0,ARUC,23.773,1647330000.0
1.35138,40.0,44.0,ARUC,24.0473,1647330300.0
1.38303,40.0,44.0,ARUC,24.3014,1647330600.0
1.30239,40.0,44.0,ARUC,24.565,1647331500.0
1.30644,40.0,44.0,ARUC,24.4391,1647331800.0
0.921642,40.0,44.0,ARUC,24.8335,1647332100.0
0.922133,40.0,44.0,ARUC,24.8209,1647332400.0
1.30564,40.0,44.0,ARUC,24.321,1647332700.0
1.30533,40.0,44.0,ARUC,24.7083,1647333000.0
1.32669,40.0,44.0,ARUC,24.9063,1647333300.0
1.30284,40.0,44.0,ARUC,25.5115,1647336900.0
1.3031,40.0,44.0,ARUC,25.4751,1647337200.0
1.64224,40.0,44.0,ARUC,23.1248,1647338700.0
1.33973,40.0,44.0,ARUC,23.1477,1647339000.0
1.3445,40.0,44.0,ARUC,23.2324,1647339300.0
1.34062,40.0,44.0,ARUC,23.4157,1647339600.0
1.34086,40.0,44.0,ARUC,23.6693,1647339900.0
0.667639,40.0,44.0,ARUC,20.0248,1647340200.0
0.537201,40.0,44.0,ARUC,21.6538,1647340500.0
0.971246,40.0,44.0,ARUC,23.9195,1647340800.0
0.96827,40.0,44.0,ARUC,23.8577,1647341100.0
1.33972,40.0,44.0,ARUC,23.3618,1647341400.0
1.34325,40.0,44.0,ARUC,22.9673,1647341700.0
1.34733,40.0,44.0,ARUC,22.6144,1647342000.0
1.34215,40.0,44.0,ARUC,22.395,1647342300.0
1.35122,40.0,44.0,ARUC,22.0575,1647342600.0
1.30662,40.0,44.0,ARUC,19.5565,1647345300.0
1.30302,40.0,44.0,ARUC,19.5209,1647345600.0
1.30324,40.0,44.0,ARUC,19.3954,1647345900.0
1.3035,40.0,44.0,ARUC,19.2995,1647346200.0
1.30324,40.0,44.0,ARUC,19.2731,1647346500.0
0.924548,40.0,44.0,ARUC,21.5657,1647346800.0
1.30663,40.0,44.0,ARUC,19.2915,1647347100.0
0.439158,40.0,44.0,ARUC,20.1344,1647347400.0
0.437651,40.0,44.0,ARUC,20.0331,1647347700.0
1.30227,40.0,44.0,ARUC,20.586,1647348000.0
1.30222,40.0,44.0,ARUC,20.3394,1647348300.0
0.701257,40.0,44.0,ARUC,19.3899,1647348600.0
0.544965,40.0,44.0,ARUC,19.0961,1647348900.0
1.30304,40.0,44.0,ARUC,19.9509,1647349200.0
1.30294,40.0,44.0,ARUC,19.6351,1647349500.0
1.30423,40.0,44.0,ARUC,19.4847,1647349800.0
1.30318,40.0,44.0,ARUC,21.5553,1647350700.0
1.30496,40.0,44.0,ARUC,21.3971,1647351000.0
1.30096,40.0,44.0,ARUC,20.0184,1647352200.0
1.30096,40.0,44.0,ARUC,19.9894,1647352500.0
1.33097,40.0,44.0,ARUC,17.7591,1647355200.0
1.31829,40.0,44.0,ARUC,17.6635,1647355500.0
1.31728,40.0,44.0,ARUC,17.4864,1647355800.0
1.31802,40.0,44.0,ARUC,17.3119,1647356100.0
1.31715,40.0,44.0,ARUC,17.1241,1647356400.0
0.674845,40.0,44.0,ARUC,17.342,1647356700.0
0.43734,40.0,44.0,ARUC,15.5592,1647357000.0
0.387632,40.0,44.0,ARUC,15.521,1647357300.0
0.598974,40.0,44.0,ARUC,15.0559,1647357600.0
0.595204,40.0,44.0,ARUC,14.4587,1647357900.0
1.30605,40.0,44.0,ARUC,15.9478,1647358200.0
1.30562,40.0,44.0,ARUC,15.6815,1647358500.0
1.31678,40.0,44.0,ARUC,15.4725,1647358800.0
0.926196,40.0,44.0,ARUC,14.0673,1647359400.0
0.923322,40.0,44.0,ARUC,13.9897,1647359700.0
0.923264,40.0,44.0,ARUC,13.9527,1647360000.0
1.30804,40.0,44.0,ARUC,13.0285,1647360300.0
0.927493,40.0,44.0,ARUC,13.0225,1647360600.0
0.345151,40.0,44.0,ARUC,11.8805,1647360900.0
0.422193,40.0,44.0,ARUC,11.8876,1647361200.0
1.30622,40.0,44.0,ARUC,12.6385,1647361500.0
1.30584,40.0,44.0,ARUC,12.3585,1647361800.0
1.30608,40.0,44.0,ARUC,12.0308,1647362100.0
1.31388,40.0,44.0,ARUC,11.8557,1647362400.0
0.942943,40.0,44.0,ARUC,7.77018,1647364800.0
0.928826,40.0,44.0,ARUC,7.59825,1647365100.0
0.927997,40.0,44.0,ARUC,7.34995,1647365400.0
0.927289,40.0,44.0,ARUC,7.11748,1647365700.0
0.927894,40.0,44.0,ARUC,6.90114,1647366000.0
0.929997,40.0,44.0,ARUC,6.75761,1647366300.0
1.3187,40.0,44.0,ARUC,6.82807,1647366600.0
1.31842,40.0,44.0,ARUC,6.64117,1647366900.0
1.31651,40.0,44.0,ARUC,6.43931,1647367200.0
1.33442,40.0,44.0,ARUC,6.34357,1647367500.0
0.68861,40.0,44.0,ARUC,5.08465,1647367800.0
0.547859,40.0,44.0,ARUC,5.41641,1647368100.0
0.791926,40.0,44.0,ARUC,4.92696,1647368400.0
1.34821,40.0,44.0,ARUC,5.89415,1647369300.0
1.31052,40.0,44.0,ARUC,5.78433,1647369600.0
1.30698,40.0,44.0,ARUC,5.51681,1647369900.0
0.925026,40.0,44.0,ARUC,5.27535,1647370200.0
0.924778,40.0,44.0,ARUC,5.24752,1647370500.0
0.923187,40.0,44.0,ARUC,5.25059,1647370800.0
0.923094,40.0,44.0,ARUC,5.24939,1647371100.0
0.952304,40.0,44.0,ARUC,5.19888,1647371400.0
1.30927,40.0,44.0,ARUC,5.61696,1647371700.0
1.3084,40.0,44.0,ARUC,5.70643,1647372000.0
1.31552,40.0,44.0,ARUC,5.75345,1647372300.0
1.30846,40.0,44.0,ARUC,3.74358,1647373500.0
1.30631,40.0,44.0,ARUC,3.81573,1647373800.0
1.30677,40.0,44.0,ARUC,3.92295,1647374100.0
1.30731,40.0,44.0,ARUC,4.00366,1647374400.0
0.756609,40.0,44.0,ARUC,4.22818,1647374700.0
0.753564,40.0,44.0,ARUC,4.30848,1647375000.0
0.653851,40.0,44.0,ARUC,4.96441,1647375300.0
0.921605,40.0,44.0,ARUC,5.74538,1647375600.0
0.921703,40.0,44.0,ARUC,5.72014,1647375900.0
0.754347,40.0,44.0,ARUC,5.63626,1647376200.0
0.924012,40.0,44.0,ARUC,5.31872,1647376500.0
0.537293,40.0,44.0,ARUC,3.31511,1647377400.0
1.30713,40.0,44.0,ARUC,5.66913,1647378900.0
1.30259,40.0,44.0,ARUC,5.63181,1647379200.0
1.30276,40.0,44.0,ARUC,5.56487,1647379500.0
1.30295,40.0,44.0,ARUC,5.49622,1647379800.0
1.30458,40.0,44.0,ARUC,5.43119,1647380100.0
1.30265,40.0,44.0,ARUC,7.09503,1647380400.0
1.3026,40.0,44.0,ARUC,7.23729,1647380700.0
1.30273,40.0,44.0,ARUC,7.35125,1647381000.0
1.30936,40.0,44.0,ARUC,5.95754,1647381900.0
1.30654,40.0,44.0,ARUC,6.08073,1647382200.0
1.31318,40.0,44.0,ARUC,5.78289,1647383700.0
1.30924,40.0,44.0,ARUC,5.91474,1647384000.0
1.30849,40.0,44.0,ARUC,5.99344,1647384300.0
0.694771,40.0,44.0,ARUC,4.76013,1647384600.0
0.557376,40.0,44.0,ARUC,4.18921,1647384900.0
0.456995,40.0,44.0,ARUC,4.21609,1647385200.0
0.527184,40.0,44.0,ARUC,4.8244,1647385500.0
0.808778,40.0,44.0,ARUC,7.17955,1647385800.0
1.30503,40.0,44.0,ARUC,4.80555,1647387000.0
1.30246,40.0,44.0,ARUC,4.7085,1647387300.0
1.30272,40.0,44.0,ARUC,4.56792,1647387600.0
1.30302,40.0,44.0,ARUC,4.46798,1647387900.0
1.3029,40.0,44.0,ARUC,4.38428,1647388200.0
0.767724,40.0,44.0,ARUC,4.3511,1647388500.0
0.753875,32.0,35.0,BSHM,6.59278,1647302400.0
0.654321,32.0,35.0,BSHM,6.70062,1647302700.0
0.583808,32.0,35.0,BSHM,7.06137,1647303000.0
0.532509,32.0,35.0,BSHM,7.10737,1647303300.0
0.53517,32.0,35.0,BSHM,6.88412,1647303600.0
0.494054,32.0,35.0,BSHM,6.96879,1647303900.0
0.462798,32.0,35.0,BSHM,7.04003,1647304200.0
0.4623,32.0,35.0,BSHM,6.65468,1647304500.0
0.584765,32.0,35.0,BSHM,6.88009,1647304800.0
0.590172,32.0,35.0,BSHM,6.93749,1647305100.0
0.753275,32.0,35.0,BSHM,7.11756,1647305400.0
0.923569,32.0,35.0,BSHM,6.97151,1647305700.0
1.30288,32.0,35.0,BSHM,5.00899,1647306000.0
0.940587,32.0,35.0,BSHM,5.90759,1647306300.0
0.934338,32.0,35.0,BSHM,6.52006,1647306600.0
0.933329,32.0,35.0,BSHM,6.45258,1647306900.0
0.758551,32.0,35.0,BSHM,6.43474,1647307200.0
0.661871,32.0,35.0,BSHM,6.36197,1647307500.0
0.659064,32.0,35.0,BSHM,6.31689,1647307800.0
0.539083,32.0,35.0,BSHM,6.13926,1647308100.0
0.548002,32.0,35.0,BSHM,6.29852,1647308400.0
0.590842,32.0,35.0,BSHM,6.33845,1647308700.0
0.763378,32.0,35.0,BSHM,6.17573,1647309000.0
0.789191,32.0,35.0,BSHM,6.0563,1647309300.0
1.32893,32.0,35.0,BSHM,5.95634,1647309600.0
0.771729,32.0,35.0,BSHM,5.3946,1647309900.0
0.930075,32.0,35.0,BSHM,5.81965,1647310200.0
0.764816,32.0,35.0,BSHM,5.76764,1647310500.0
0.933143,32.0,35.0,BSHM,5.65715,1647310800.0
0.778486,32.0,35.0,BSHM,5.68026,1647311100.0
0.599959,32.0,35.0,BSHM,5.62326,1647311400.0
0.551315,32.0,35.0,BSHM,5.62067,1647311700.0
0.593535,32.0,35.0,BSHM,5.64432,1647312000.0
0.541293,32.0,35.0,BSHM,5.5048,1647312300.0
0.540089,32.0,35.0,BSHM,5.38533,1647312600.0
0.499061,32.0,35.0,BSHM,5.26143,1647312900.0
0.468246,32.0,35.0,BSHM,5.1282,1647313200.0
0.495912,32.0,35.0,BSHM,5.08635,1647313500.0
0.50703,32.0,35.0,BSHM,5.09617,1647313800.0
0.585427,32.0,35.0,BSHM,5.1654,1647314100.0
0.590002,32.0,35.0,BSHM,5.27545,1647314400.0
0.755991,32.0,35.0,BSHM,5.46362,1647314700.0
0.92704,32.0,35.0,BSHM,5.81921,1647315000.0
0.942242,32.0,35.0,BSHM,6.08087,1647315300.0
1.32113,32.0,35.0,BSHM,6.3914,1647315600.0
0.921264,32.0,35.0,BSHM,7.58225,1647316500.0
0.920542,32.0,35.0,BSHM,7.8556,1647316800.0
0.920517,32.0,35.0,BSHM,8.29738,1647317100.0
0.752431,32.0,35.0,BSHM,8.78269,1647317400.0
0.582555,32.0,35.0,BSHM,9.14334,1647317700.0
0.582566,32.0,35.0,BSHM,9.57468,1647318000.0
0.582455,32.0,35.0,BSHM,9.9277,1647318300.0
0.582438,32.0,35.0,BSHM,10.2513,1647318600.0
0.585034,32.0,35.0,BSHM,10.7218,1647318900.0
0.654978,32.0,35.0,BSHM,11.0309,1647319200.0
0.920606,32.0,35.0,BSHM,11.5025,1647319500.0
0.920701,32.0,35.0,BSHM,11.8172,1647319800.0
0.923861,32.0,35.0,BSHM,12.2949,1647320100.0
1.30194,32.0,35.0,BSHM,12.4987,1647320400.0
0.925893,32.0,35.0,BSHM,13.0443,1647320700.0
0.941091,32.0,35.0,BSHM,13.7497,1647321000.0
0.933108,32.0,35.0,BSHM,14.0378,1647321300.0
0.657547,32.0,35.0,BSHM,14.4589,1647321600.0
0.540584,32.0,35.0,BSHM,15.1119,1647321900.0
0.588569,32.0,35.0,BSHM,15.6079,1647322200.0
0.470909,32.0,35.0,BSHM,16.2762,1647322500.0
0.465507,32.0,35.0,BSHM,17.0182,1647322800.0
0.496763,32.0,35.0,BSHM,17.6479,1647323100.0
0.496936,32.0,35.0,BSHM,18.178,1647323400.0
0.497999,32.0,35.0,BSHM,18.7379,1647323700.0
0.494455,32.0,35.0,BSHM,19.4977,1647324000.0
0.463123,32.0,35.0,BSHM,19.9632,1647324300.0
0.493472,32.0,35.0,BSHM,20.3451,1647324600.0
0.583045,32.0,35.0,BSHM,20.7063,1647324900.0
0.583975,32.0,35.0,BSHM,20.9588,1647325200.0
0.651427,32.0,35.0,BSHM,21.1366,1647325500.0
0.532605,32.0,35.0,BSHM,21.451,1647325800.0
0.493885,32.0,35.0,BSHM,21.6503,1647326100.0
0.434832,32.0,35.0,BSHM,22.0424,1647326400.0
0.434463,32.0,35.0,BSHM,22.1623,1647326700.0
0.461166,32.0,35.0,BSHM,22.4776,1647327000.0
0.49268,32.0,35.0,BSHM,22.617,1647327300.0
0.461118,32.0,35.0,BSHM,22.8208,1647327600.0
0.582368,32.0,35.0,BSHM,23.1505,1647327900.0
0.582414,32.0,35.0,BSHM,23.3143,1647328200.0
0.752181,32.0,35.0,BSHM,23.5509,1647328500.0
0.921493,32.0,35.0,BSHM,23.6532,1647328800.0
1.30343,32.0,35.0,BSHM,24.1482,1647329100.0
1.30166,32.0,35.0,BSHM,26.7387,1647330000.0
1.53841,32.0,35.0,BSHM,28.3559,1647330600.0
1.49334,32.0,35.0,BSHM,29.1028,1647330900.0
1.02698,32.0,35.0,BSHM,29.9115,1647331200.0
0.805427,32.0,35.0,BSHM,30.7634,1647331500.0
0.804668,32.0,35.0,BSHM,31.5067,1647331800.0
0.793909,32.0,35.0,BSHM,31.5642,1647332100.0
1.47847,32.0,35.0,BSHM,33.3339,1647332400.0
2.55391,32.0,35.0,BSHM,33.8195,1647332700.0
1.30713,32.0,35.0,BSHM,34.3822,1647334800.0
0.922582,32.0,35.0,BSHM,34.8417,1647335100.0
0.932434,32.0,35.0,BSHM,34.4702,1647335400.0
0.946486,32.0,35.0,BSHM,36.0321,1647335700.0
0.929375,32.0,35.0,BSHM,36.1983,1647336000.0
1.31499,32.0,35.0,BSHM,37.348,1647336300.0
1.07144,32.0,35.0,BSHM,29.187,1647340500.0
0.897725,32.0,35.0,BSHM,29.4208,1647340800.0
0.761502,32.0,35.0,BSHM,29.3391,1647341100.0
0.669871,32.0,35.0,BSHM,29.6837,1647341400.0
0.665523,32.0,35.0,BSHM,29.4919,1647341700.0
0.671742,32.0,35.0,BSHM,29.164,1647342000.0
0.674773,32.0,35.0,BSHM,28.9552,1647342300.0
0.835497,32.0,35.0,BSHM,29.2564,1647342600.0
0.898388,32.0,35.0,BSHM,29.1042,1647342900.0
0.893269,32.0,35.0,BSHM,28.2871,1647343200.0
0.752046,32.0,35.0,BSHM,27.9866,1647343500.0
0.583352,32.0,35.0,BSHM,27.8943,1647343800.0
0.535755,32.0,35.0,BSHM,27.7729,1647344100.0
0.477783,32.0,35.0,BSHM,27.8473,1647344400.0
0.478021,32.0,35.0,BSHM,27.9125,1647344700.0
0.451643,32.0,35.0,BSHM,28.0937,1647345000.0
0.450516,32.0,35.0,BSHM,28.3832,1647345300.0
0.473675,32.0,35.0,BSHM,28.4566,1647345600.0
0.515785,32.0,35.0,BSHM,28.3864,1647345900.0
0.49103,32.0,35.0,BSHM,28.4259,1647346200.0
0.569492,32.0,35.0,BSHM,28.3543,1647346500.0
0.567632,32.0,35.0,BSHM,29.4868,1647346800.0
0.577108,32.0,35.0,BSHM,28.2653,1647347100.0
0.529611,32.0,35.0,BSHM,27.9698,1647347400.0
0.485273,32.0,35.0,BSHM,27.6109,1647347700.0
0.520424,32.0,35.0,BSHM,27.2704,1647348000.0
0.468699,32.0,35.0,BSHM,26.7084,1647348300.0
0.478944,32.0,35.0,BSHM,26.646,1647348600.0
0.452431,32.0,35.0,BSHM,27.1678,1647348900.0
0.499276,32.0,35.0,BSHM,27.6848,1647349200.0
0.515403,32.0,35.0,BSHM,27.6916,1647349500.0
0.638833,32.0,35.0,BSHM,28.6948,1647349800.0
0.616848,32.0,35.0,BSHM,28.3147,1647350100.0
0.721716,32.0,35.0,BSHM,28.2057,1647350400.0
0.879844,32.0,35.0,BSHM,27.9139,1647350700.0
0.712182,32.0,35.0,BSHM,27.3859,1647351000.0
0.723843,32.0,35.0,BSHM,26.3905,1647351300.0
0.695937,32.0,35.0,BSHM,25.9758,1647351600.0
0.617193,32.0,35.0,BSHM,25.1999,1647351900.0
0.643963,32.0,35.0,BSHM,24.956,1647352200.0
0.590932,32.0,35.0,BSHM,24.8694,1647352500.0
0.674513,32.0,35.0,BSHM,24.7971,1647352800.0
0.723799,32.0,35.0,BSHM,24.7013,1647353100.0
0.820987,32.0,35.0,BSHM,24.5689,1647353400.0
0.815127,32.0,35.0,BSHM,24.6396,1647353700.0
0.651355,32.0,35.0,BSHM,24.3879,1647354000.0
0.721324,32.0,35.0,BSHM,24.1291,1647354300.0
0.698968,32.0,35.0,BSHM,23.7081,1647354600.0
0.632131,32.0,35.0,BSHM,23.2935,1647354900.0
0.632372,32.0,35.0,BSHM,23.0165,1647355200.0
0.639465,32.0,35.0,BSHM,22.2284,1647355500.0
0.690378,32.0,35.0,BSHM,22.0521,1647355800.0
0.823119,32.0,35.0,BSHM,22.4712,1647356100.0
0.781743,32.0,35.0,BSHM,21.3558,1647356400.0
0.807273,32.0,35.0,BSHM,21.1767,1647356700.0
1.57276,32.0,35.0,BSHM,21.9969,1647357000.0
1.03069,32.0,35.0,BSHM,18.7115,1647359700.0
0.901577,32.0,35.0,BSHM,18.118,1647360000.0
0.80919,32.0,35.0,BSHM,17.5231,1647360300.0
0.835098,32.0,35.0,BSHM,16.7726,1647360600.0
0.670152,32.0,35.0,BSHM,16.2702,1647360900.0
0.539059,32.0,35.0,BSHM,15.6413,1647361200.0
0.568898,32.0,35.0,BSHM,15.0773,1647361500.0
0.524123,32.0,35.0,BSHM,14.5444,1647361800.0
0.531093,32.0,35.0,BSHM,13.9617,1647362100.0
0.570007,32.0,35.0,BSHM,13.5508,1647362400.0
0.554334,32.0,35.0,BSHM,13.3879,1647362700.0
0.648687,32.0,35.0,BSHM,13.0781,1647363000.0
0.73066,32.0,35.0,BSHM,12.8906,1647363300.0
0.739497,32.0,35.0,BSHM,12.4637,1647363600.0
0.64935,32.0,35.0,BSHM,11.8624,1647363900.0
0.603164,32.0,35.0,BSHM,11.3802,1647364200.0
0.650688,32.0,35.0,BSHM,10.8406,1647364500.0
0.684656,32.0,35.0,BSHM,10.4281,1647364800.0
0.648768,32.0,35.0,BSHM,9.59191,1647365100.0
0.593717,32.0,35.0,BSHM,9.6302,1647365400.0
0.620616,32.0,35.0,BSHM,9.84548,1647365700.0
0.557085,32.0,35.0,BSHM,9.50569,1647366000.0
0.53351,32.0,35.0,BSHM,9.22257,1647366300.0
0.533552,32.0,35.0,BSHM,8.98182,1647366600.0
0.594147,32.0,35.0,BSHM,8.5425,1647366900.0
0.642537,32.0,35.0,BSHM,8.38157,1647367200.0
0.516571,32.0,35.0,BSHM,7.79003,1647367500.0
0.531851,32.0,35.0,BSHM,7.55799,1647367800.0
0.583333,32.0,35.0,BSHM,7.2598,1647368100.0
0.563005,32.0,35.0,BSHM,7.07655,1647368400.0
0.704128,32.0,35.0,BSHM,7.15681,1647368700.0
0.596906,32.0,35.0,BSHM,6.99618,1647369000.0
0.573633,32.0,35.0,BSHM,6.89602,1647369300.0
0.542226,32.0,35.0,BSHM,6.93881,1647369600.0
0.47834,32.0,35.0,BSHM,6.76077,1647369900.0
0.529793,32.0,35.0,BSHM,6.84789,1647370200.0
0.527326,32.0,35.0,BSHM,6.78196,1647370500.0
0.516351,32.0,35.0,BSHM,6.57638,1647370800.0
0.472446,32.0,35.0,BSHM,6.46439,1647371100.0
0.574436,32.0,35.0,BSHM,6.14891,1647371400.0
0.556932,32.0,35.0,BSHM,6.18117,1647371700.0
0.576117,32.0,35.0,BSHM,6.34425,1647372000.0
0.685322,32.0,35.0,BSHM,6.46689,1647372300.0
0.672972,32.0,35.0,BSHM,6.78901,1647372600.0
0.714305,32.0,35.0,BSHM,6.81099,1647372900.0
0.827694,32.0,35.0,BSHM,6.99483,1647373200.0
0.709668,32.0,35.0,BSHM,6.81701,1647373500.0
0.563049,32.0,35.0,BSHM,6.44759,1647373800.0
0.58528,32.0,35.0,BSHM,6.36129,1647374100.0
0.611299,32.0,35.0,BSHM,6.15166,1647374400.0
0.543512,32.0,35.0,BSHM,6.25989,1647374700.0
0.55386,32.0,35.0,BSHM,6.31012,1647375000.0
0.594706,32.0,35.0,BSHM,6.37169,1647375300.0
0.506045,32.0,35.0,BSHM,6.22785,1647375600.0
0.524931,32.0,35.0,BSHM,6.19517,1647375900.0
0.462197,32.0,35.0,BSHM,6.17135,1647376200.0
0.433623,32.0,35.0,BSHM,6.04753,1647376500.0
0.412008,32.0,35.0,BSHM,6.02564,1647376800.0
0.429586,32.0,35.0,BSHM,6.04457,1647377100.0
0.421628,32.0,35.0,BSHM,6.00399,1647377400.0
0.495739,32.0,35.0,BSHM,5.90624,1647377700.0
0.499217,32.0,35.0,BSHM,5.8157,1647378000.0
0.616994,32.0,35.0,BSHM,5.8737,1647378300.0
0.723536,32.0,35.0,BSHM,6.2099,1647378600.0
0.949777,32.0,35.0,BSHM,6.45493,1647378900.0
1.35474,32.0,35.0,BSHM,5.85555,1647379200.0
1.3587,32.0,35.0,BSHM,5.76974,1647379500.0
1.16146,32.0,35.0,BSHM,6.08767,1647379800.0
1.45989,32.0,35.0,BSHM,6.25433,1647380100.0
0.80758,32.0,35.0,BSHM,6.43234,1647380400.0
0.965937,32.0,35.0,BSHM,6.60202,1647380700.0
0.804861,32.0,35.0,BSHM,6.55323,1647381000.0
0.762381,32.0,35.0,BSHM,6.64396,1647381300.0
0.66588,32.0,35.0,BSHM,6.52283,1647381600.0
0.54519,32.0,35.0,BSHM,6.69523,1647381900.0
0.49779,32.0,35.0,BSHM,6.80498,1647382200.0
0.494621,32.0,35.0,BSHM,6.87415,1647382500.0
0.533722,32.0,35.0,BSHM,6.97933,1647382800.0
0.462129,32.0,35.0,BSHM,6.93241,1647383100.0
0.441836,32.0,35.0,BSHM,6.85006,1647383400.0
0.46476,32.0,35.0,BSHM,6.85513,1647383700.0
0.499922,32.0,35.0,BSHM,6.83349,1647384000.0
0.589217,32.0,35.0,BSHM,6.65718,1647384300.0
0.933686,32.0,35.0,BSHM,6.43909,1647384600.0
0.942131,32.0,35.0,BSHM,6.27367,1647384900.0
1.30935,32.0,35.0,BSHM,7.22276,1647385200.0
0.926465,32.0,35.0,BSHM,7.32868,1647385500.0
0.757104,32.0,35.0,BSHM,7.46163,1647385800.0
0.755624,32.0,35.0,BSHM,7.54573,1647386100.0
0.756013,32.0,35.0,BSHM,7.63365,1647386400.0
0.756473,32.0,35.0,BSHM,7.69838,1647386700.0
0.756789,32.0,35.0,BSHM,7.74493,1647387000.0
0.925434,32.0,35.0,BSHM,7.79663,1647387300.0
0.925369,32.0,35.0,BSHM,6.36357,1647387600.0
1.33689,32.0,35.0,BSHM,7.82369,1647387900.0
1.30529,32.0,35.0,BSHM,6.60808,1647388200.0
0.754923,32.0,35.0,BSHM,6.88755,1647388500.0
0.941148,35.0,33.0,NICO,5.15603,1647302400.0
1.30249,35.0,33.0,NICO,5.06006,1647302700.0
1.30214,35.0,33.0,NICO,5.54228,1647306000.0
1.30987,35.0,33.0,NICO,5.51475,1647306300.0
0.923824,35.0,33.0,NICO,5.64046,1647306600.0
0.664339,35.0,33.0,NICO,5.68767,1647306900.0
0.535634,35.0,33.0,NICO,5.48829,1647307200.0
0.494487,35.0,33.0,NICO,5.47579,1647307500.0
0.495949,35.0,33.0,NICO,5.46631,1647307800.0
0.585764,35.0,33.0,NICO,5.31008,1647308100.0
0.757822,35.0,33.0,NICO,5.40345,1647308400.0
1.32085,35.0,33.0,NICO,5.44824,1647308700.0
1.31279,35.0,33.0,NICO,5.79066,1647314400.0
1.3039,35.0,33.0,NICO,4.72047,1647314700.0
1.31751,35.0,33.0,NICO,4.74118,1647315000.0
1.30504,35.0,33.0,NICO,6.64827,1647316500.0
1.32079,35.0,33.0,NICO,6.78866,1647316800.0
1.6034,35.0,33.0,NICO,11.02,1647320400.0
0.858207,35.0,33.0,NICO,11.744,1647320700.0
0.578668,35.0,33.0,NICO,12.1329,1647321000.0
0.565022,35.0,33.0,NICO,12.5491,1647321300.0
0.632678,35.0,33.0,NICO,13.1647,1647321600.0
0.772248,35.0,33.0,NICO,13.4115,1647321900.0
1.47336,35.0,33.0,NICO,13.4245,1647322200.0
1.11077,35.0,33.0,NICO,17.569,1647324600.0
0.780283,35.0,33.0,NICO,17.8632,1647324900.0
0.687761,35.0,33.0,NICO,18.2898,1647325200.0
0.807985,35.0,33.0,NICO,18.6702,1647325500.0
0.870853,35.0,33.0,NICO,19.0368,1647325800.0
1.01621,35.0,33.0,NICO,19.5751,1647326100.0
1.31125,35.0,33.0,NICO,19.5208,1647326400.0
1.30323,35.0,33.0,NICO,21.1363,1647327900.0
0.927363,35.0,33.0,NICO,20.6625,1647328200.0
1.30556,35.0,33.0,NICO,19.1249,1647328500.0
1.30111,35.0,33.0,NICO,23.5494,1647330600.0
1.30101,35.0,33.0,NICO,24.232,1647330900.0
1.30116,35.0,33.0,NICO,24.853,1647331200.0
0.838156,35.0,33.0,NICO,25.9062,1647335100.0
0.85914,35.0,33.0,NICO,26.0747,1647335400.0
1.00428,35.0,33.0,NICO,26.4835,1647335700.0
1.4027,35.0,33.0,NICO,26.946,1647336000.0
2.18654,35.0,33.0,NICO,27.1972,1647336300.0
1.30404,35.0,33.0,NICO,31.3021,1647336600.0
1.34679,35.0,33.0,NICO,32.1286,1647337500.0
1.37555,35.0,33.0,NICO,32.6622,1647337800.0
1.34248,35.0,33.0,NICO,29.1801,1647339000.0
1.31512,35.0,33.0,NICO,28.6129,1647339300.0
1.31982,35.0,33.0,NICO,27.7196,1647339600.0
1.31587,35.0,33.0,NICO,28.3255,1647341100.0
1.36289,35.0,33.0,NICO,28.1864,1647341400.0
1.47698,35.0,33.0,NICO,26.0573,1647342300.0
0.976466,35.0,33.0,NICO,24.97,1647342600.0
0.504866,35.0,33.0,NICO,25.3874,1647342900.0
0.494034,35.0,33.0,NICO,25.238,1647343200.0
0.622577,35.0,33.0,NICO,24.4634,1647343500.0
0.809043,35.0,33.0,NICO,24.8005,1647343800.0
1.11447,35.0,33.0,NICO,24.7525,1647344100.0
0.791097,35.0,33.0,NICO,26.6009,1647345300.0
0.821694,35.0,33.0,NICO,26.432,1647345600.0
0.991906,35.0,33.0,NICO,26.8153,1647345900.0
0.967351,35.0,33.0,NICO,26.8459,1647346200.0
0.982785,35.0,33.0,NICO,26.8233,1647346500.0
1.30222,35.0,33.0,NICO,28.0407,1647347700.0
1.30239,35.0,33.0,NICO,27.2822,1647348000.0
1.30248,35.0,33.0,NICO,27.3569,1647348300.0
0.736375,35.0,33.0,NICO,25.087,1647348600.0
0.589197,35.0,33.0,NICO,24.5512,1647348900.0
0.520518,35.0,33.0,NICO,24.4405,1647349200.0
0.528841,35.0,33.0,NICO,24.4342,1647349500.0
0.581742,35.0,33.0,NICO,24.2076,1647349800.0
0.955537,35.0,33.0,NICO,23.5147,1647350100.0
1.30456,35.0,33.0,NICO,23.9289,1647350400.0
1.31228,35.0,33.0,NICO,23.6558,1647350700.0
1.30655,35.0,33.0,NICO,21.4571,1647351000.0
1.30454,35.0,33.0,NICO,21.2471,1647351300.0
1.30111,35.0,33.0,NICO,19.0986,1647354900.0
1.33673,35.0,33.0,NICO,18.7638,1647357600.0
1.31676,35.0,33.0,NICO,18.5914,1647357900.0
0.594334,35.0,33.0,NICO,17.6832,1647358200.0
0.666817,35.0,33.0,NICO,17.8456,1647358500.0
0.685932,35.0,33.0,NICO,18.1208,1647358800.0
0.950709,35.0,33.0,NICO,18.1332,1647359100.0
0.953717,35.0,33.0,NICO,17.711,1647359400.0
1.37814,35.0,33.0,NICO,17.455,1647359700.0
1.30223,35.0,33.0,NICO,14.5241,1647360000.0
1.30208,35.0,33.0,NICO,14.1182,1647360300.0
1.30231,35.0,33.0,NICO,13.0691,1647363600.0
1.30211,35.0,33.0,NICO,12.4889,1647363900.0
0.658648,35.0,33.0,NICO,10.5091,1647364500.0
0.586302,35.0,33.0,NICO,9.3186,1647364800.0
0.535004,35.0,33.0,NICO,8.39457,1647365100.0
0.496019,35.0,33.0,NICO,7.99267,1647365400.0
0.533391,35.0,33.0,NICO,7.61957,1647365700.0
0.654673,35.0,33.0,NICO,7.38268,1647366000.0
0.774562,35.0,33.0,NICO,7.00068,1647366300.0
0.756994,35.0,33.0,NICO,6.52339,1647366600.0
0.656799,35.0,33.0,NICO,6.31459,1647366900.0
0.661688,35.0,33.0,NICO,6.24239,1647367200.0
0.658337,35.0,33.0,NICO,6.51052,1647367500.0
0.941903,35.0,33.0,NICO,6.77624,1647367800.0
1.3024,35.0,33.0,NICO,7.39882,1647368100.0
1.3025,35.0,33.0,NICO,7.34481,1647368400.0
1.34469,35.0,33.0,NICO,7.69536,1647369900.0
0.931437,35.0,33.0,NICO,5.28168,1647370500.0
0.924874,35.0,33.0,NICO,5.01625,1647370800.0
0.537778,35.0,33.0,NICO,4.88933,1647371100.0
0.53633,35.0,33.0,NICO,4.82269,1647371400.0
0.540664,35.0,33.0,NICO,4.87632,1647371700.0
0.597984,35.0,33.0,NICO,4.93387,1647372000.0
1.31271,35.0,33.0,NICO,4.94711,1647372300.0
1.30149,35.0,33.0,NICO,6.21498,1647372900.0
1.30108,35.0,33.0,NICO,6.19815,1647373200.0
0.775497,35.0,33.0,NICO,4.81651,1647375300.0
0.755305,35.0,33.0,NICO,4.80661,1647375600.0
0.654827,35.0,33.0,NICO,4.83615,1647375900.0
0.588051,35.0,33.0,NICO,4.74414,1647376200.0
0.464076,35.0,33.0,NICO,4.5558,1647376500.0
0.439244,35.0,33.0,NICO,4.51153,1647376800.0
0.545736,35.0,33.0,NICO,4.48778,1647377100.0
0.655236,35.0,33.0,NICO,4.59943,1647377400.0
0.778187,35.0,33.0,NICO,4.67643,1647377700.0
0.938868,35.0,33.0,NICO,4.7463,1647378000.0
1.30366,35.0,33.0,NICO,5.46967,1647379200.0
0.588708,35.0,33.0,NICO,5.34086,1647379500.0
0.652335,35.0,33.0,NICO,5.329,1647379800.0
0.652429,35.0,33.0,NICO,5.17682,1647380100.0
0.583471,35.0,33.0,NICO,5.26931,1647380400.0
0.753195,35.0,33.0,NICO,5.36827,1647380700.0
0.758657,35.0,33.0,NICO,5.45007,1647381000.0
1.30189,35.0,33.0,NICO,5.93045,1647382200.0
1.30183,35.0,33.0,NICO,5.92832,1647382500.0
0.769812,35.0,33.0,NICO,5.85419,1647383700.0
0.762636,35.0,33.0,NICO,5.95623,1647384000.0
0.761761,35.0,33.0,NICO,6.03306,1647384300.0
0.762518,35.0,33.0,NICO,6.04308,1647384600.0
0.92677,35.0,33.0,NICO,6.02626,1647384900.0
0.756529,35.0,33.0,NICO,6.03082,1647385200.0
0.923312,35.0,33.0,NICO,5.94353,1647385500.0
1.32657,35.0,33.0,NICO,5.50718,1647385800.0
1.33392,35.0,33.0,NICO,5.01143,1647386100.0
1.30869,35.0,33.0,NICO,4.9833,1647386400.0
0.759744,35.0,33.0,NICO,5.5102,1647386700.0
0.757173,35.0,33.0,NICO,5.46928,1647387000.0
0.537807,35.0,33.0,NICO,5.30883,1647387300.0
0.75541,35.0,33.0,NICO,5.6911,1647387600.0
0.764451,35.0,33.0,NICO,5.6326,1647387900.0
0.767987,35.0,33.0,NICO,5.34622,1647388200.0
1.3173,35.0,33.0,NICO,5.03015,1647388500.0
1.30243,40.0,44.0,ARUC,7.64314,1647388800.0
1.30532,40.0,44.0,ARUC,7.78664,1647389100.0
1.30285,40.0,44.0,ARUC,4.97421,1647390000.0
1.30305,40.0,44.0,ARUC,5.13191,1647390300.0
1.30328,40.0,44.0,ARUC,5.23422,1647390600.0
1.30306,40.0,44.0,ARUC,5.36202,1647390900.0
0.593301,40.0,44.0,ARUC,4.87816,1647391200.0
0.369124,40.0,44.0,ARUC,4.25276,1647391500.0
1.30304,40.0,44.0,ARUC,5.61843,1647391800.0
1.30324,40.0,44.0,ARUC,5.64029,1647392100.0
1.50298,40.0,44.0,ARUC,17.0412,1647396000.0
0.794475,40.0,44.0,ARUC,4.08756,1647396300.0
1.30121,40.0,44.0,ARUC,5.35919,1647397200.0
1.30182,40.0,44.0,ARUC,6.07019,1647398400.0
1.30186,40.0,44.0,ARUC,6.14243,1647398700.0
1.3018,40.0,44.0,ARUC,6.29476,1647399000.0
1.30184,40.0,44.0,ARUC,6.5555,1647399300.0
0.921306,40.0,44.0,ARUC,7.15182,1647399600.0
0.753028,40.0,44.0,ARUC,7.14659,1647399900.0
0.751997,40.0,44.0,ARUC,7.46898,1647400200.0
0.752398,40.0,44.0,ARUC,7.81355,1647400500.0
0.920968,40.0,44.0,ARUC,8.22811,1647400800.0
0.921497,40.0,44.0,ARUC,8.59442,1647401100.0
0.75593,40.0,44.0,ARUC,9.5184,1647401400.0
0.372784,40.0,44.0,ARUC,8.20754,1647401700.0
0.449257,40.0,44.0,ARUC,8.20808,1647402000.0
1.30163,40.0,44.0,ARUC,10.5098,1647402300.0
1.30206,40.0,44.0,ARUC,10.8511,1647402600.0
1.30383,40.0,44.0,ARUC,12.6367,1647404100.0
1.3082,40.0,44.0,ARUC,11.4931,1647405000.0
1.30182,40.0,44.0,ARUC,15.5538,1647407700.0
1.30182,40.0,44.0,ARUC,15.7767,1647408000.0
0.659939,40.0,44.0,ARUC,16.4401,1647410100.0
0.584369,40.0,44.0,ARUC,16.4397,1647410400.0
0.928373,40.0,44.0,ARUC,18.9808,1647412800.0
1.30181,40.0,44.0,ARUC,22.1522,1647413100.0
1.30187,40.0,44.0,ARUC,22.5784,1647413400.0
1.30194,40.0,44.0,ARUC,22.8098,1647413700.0
1.30185,40.0,44.0,ARUC,23.1433,1647414000.0
1.3084,40.0,44.0,ARUC,23.3331,1647414300.0
1.01822,40.0,44.0,ARUC,24.9482,1647414600.0
0.955585,40.0,44.0,ARUC,25.2369,1647414900.0
0.952369,40.0,44.0,ARUC,25.8608,1647415200.0
0.964661,40.0,44.0,ARUC,26.2777,1647415500.0
1.36289,40.0,44.0,ARUC,25.7259,1647415800.0
1.36869,40.0,44.0,ARUC,26.2145,1647416100.0
1.37547,40.0,44.0,ARUC,26.4546,1647416400.0
1.38367,40.0,44.0,ARUC,26.707,1647416700.0
1.30401,40.0,44.0,ARUC,27.0313,1647417600.0
0.928496,40.0,44.0,ARUC,26.6375,1647417900.0
0.923717,40.0,44.0,ARUC,25.7893,1647418200.0
0.922983,40.0,44.0,ARUC,25.9548,1647418500.0
1.30943,40.0,44.0,ARUC,26.5927,1647418800.0
1.30999,40.0,44.0,ARUC,26.9746,1647419100.0
1.32268,40.0,44.0,ARUC,27.275,1647419400.0
1.30456,40.0,44.0,ARUC,27.7376,1647423000.0
1.30407,40.0,44.0,ARUC,27.8355,1647423300.0
1.31428,40.0,44.0,ARUC,22.624,1647425100.0
1.31317,40.0,44.0,ARUC,22.7405,1647425400.0
1.3146,40.0,44.0,ARUC,22.6964,1647425700.0
1.31337,40.0,44.0,ARUC,22.5975,1647426000.0
0.929274,40.0,44.0,ARUC,23.3799,1647426300.0
0.465068,40.0,44.0,ARUC,23.617,1647426600.0
0.927021,40.0,44.0,ARUC,22.8882,1647426900.0
0.931327,40.0,44.0,ARUC,22.7868,1647427200.0
1.30422,40.0,44.0,ARUC,22.1608,1647427500.0
1.30364,40.0,44.0,ARUC,22.2485,1647427800.0
1.30538,40.0,44.0,ARUC,22.0126,1647428100.0
1.33519,40.0,44.0,ARUC,21.2543,1647428400.0
1.31228,40.0,44.0,ARUC,19.2709,1647431400.0
1.30333,40.0,44.0,ARUC,19.1074,1647431700.0
1.30314,40.0,44.0,ARUC,18.8051,1647432000.0
1.30335,40.0,44.0,ARUC,18.5169,1647432300.0
0.921345,40.0,44.0,ARUC,19.8713,1647432600.0
0.760573,40.0,44.0,ARUC,20.0099,1647432900.0
0.756768,40.0,44.0,ARUC,19.9706,1647433200.0
0.436282,40.0,44.0,ARUC,19.108,1647433500.0
0.41359,40.0,44.0,ARUC,18.9812,1647433800.0
1.30342,40.0,44.0,ARUC,19.299,1647434100.0
1.05662,40.0,44.0,ARUC,20.4789,1647434400.0
0.93315,40.0,44.0,ARUC,18.9853,1647434700.0
1.30761,40.0,44.0,ARUC,19.0213,1647435000.0
1.30867,40.0,44.0,ARUC,18.6708,1647435300.0
1.30823,40.0,44.0,ARUC,18.435,1647435600.0
1.30855,40.0,44.0,ARUC,18.3131,1647435900.0
1.30408,40.0,44.0,ARUC,20.396,1647436800.0
1.3041,40.0,44.0,ARUC,20.3297,1647437100.0
1.30126,40.0,44.0,ARUC,19.9119,1647438300.0
1.30122,40.0,44.0,ARUC,19.8438,1647438600.0
1.32652,40.0,44.0,ARUC,17.4502,1647441300.0
1.30899,40.0,44.0,ARUC,17.2365,1647441600.0
1.31029,40.0,44.0,ARUC,16.9282,1647441900.0
1.30973,40.0,44.0,ARUC,16.6345,1647442200.0
0.541998,40.0,44.0,ARUC,14.3183,1647442500.0
0.424351,40.0,44.0,ARUC,14.4564,1647442800.0
0.381405,40.0,44.0,ARUC,15.0918,1647443100.0
0.340956,40.0,44.0,ARUC,16.0424,1647443400.0
0.784809,40.0,44.0,ARUC,14.0656,1647443700.0
0.924627,40.0,44.0,ARUC,13.1444,1647444000.0
0.925164,40.0,44.0,ARUC,12.9867,1647444300.0
1.30663,40.0,44.0,ARUC,13.8317,1647444600.0
1.31121,40.0,44.0,ARUC,13.6796,1647444900.0
1.34351,40.0,44.0,ARUC,13.4303,1647445500.0
1.3156,40.0,44.0,ARUC,13.2653,1647445800.0
0.926543,40.0,44.0,ARUC,13.7185,1647446100.0
0.925773,40.0,44.0,ARUC,13.6443,1647446400.0
0.76173,40.0,44.0,ARUC,12.8719,1647446700.0
0.371532,40.0,44.0,ARUC,11.832,1647447000.0
0.403312,40.0,44.0,ARUC,11.7273,1647447300.0
1.3069,40.0,44.0,ARUC,11.1781,1647447600.0
1.30684,40.0,44.0,ARUC,11.0746,1647447900.0
1.30644,40.0,44.0,ARUC,10.8405,1647448200.0
1.31018,40.0,44.0,ARUC,10.7039,1647448500.0
0.939359,40.0,44.0,ARUC,7.84581,1647450900.0
0.923384,40.0,44.0,ARUC,7.76979,1647451200.0
0.923664,40.0,44.0,ARUC,7.63596,1647451500.0
0.923358,40.0,44.0,ARUC,7.55193,1647451800.0
0.923097,40.0,44.0,ARUC,7.46108,1647452100.0
0.923854,40.0,44.0,ARUC,7.38059,1647452400.0
1.3062,40.0,44.0,ARUC,7.39517,1647452700.0
1.30561,40.0,44.0,ARUC,7.21738,1647453000.0
1.30553,40.0,44.0,ARUC,7.03432,1647453300.0
1.30733,40.0,44.0,ARUC,6.87716,1647453600.0
0.844082,40.0,44.0,ARUC,6.38789,1647453900.0
0.54565,40.0,44.0,ARUC,6.024,1647454200.0
0.681533,40.0,44.0,ARUC,5.90968,1647454500.0
1.32112,40.0,44.0,ARUC,6.65998,1647455400.0
1.30506,40.0,44.0,ARUC,6.53422,1647455700.0
1.30506,40.0,44.0,ARUC,6.36451,1647456000.0
0.926126,40.0,44.0,ARUC,6.08134,1647456300.0
0.92283,40.0,44.0,ARUC,5.99104,1647456600.0
0.922413,40.0,44.0,ARUC,5.95987,1647456900.0
0.922185,40.0,44.0,ARUC,5.9565,1647457200.0
0.92851,40.0,44.0,ARUC,5.92786,1647457500.0
1.30687,40.0,44.0,ARUC,6.27104,1647457800.0
1.30744,40.0,44.0,ARUC,6.34239,1647458100.0
1.30911,40.0,44.0,ARUC,6.403,1647458400.0
1.3325,40.0,44.0,ARUC,6.16125,1647459600.0
1.31797,40.0,44.0,ARUC,6.196,1647459900.0
1.31684,40.0,44.0,ARUC,6.30916,1647460200.0
0.929908,40.0,44.0,ARUC,6.00581,1647460500.0
0.759808,40.0,44.0,ARUC,5.94591,1647460800.0
0.654642,40.0,44.0,ARUC,6.42536,1647461100.0
0.656447,40.0,44.0,ARUC,6.4876,1647461400.0
0.653051,40.0,44.0,ARUC,5.79591,1647461700.0
0.652983,40.0,44.0,ARUC,5.85911,1647462000.0
0.759269,40.0,44.0,ARUC,5.41437,1647462300.0
1.30689,40.0,44.0,ARUC,6.03812,1647462600.0
0.494594,40.0,44.0,ARUC,4.75388,1647463500.0
1.31575,40.0,44.0,ARUC,6.05679,1647465000.0
1.30254,40.0,44.0,ARUC,5.96666,1647465300.0
1.30241,40.0,44.0,ARUC,5.79493,1647465600.0
1.30253,40.0,44.0,ARUC,5.63369,1647465900.0
1.30349,40.0,44.0,ARUC,5.52035,1647466200.0
1.3035,40.0,44.0,ARUC,8.65043,1647466500.0
1.30342,40.0,44.0,ARUC,8.74844,1647466800.0
1.30344,40.0,44.0,ARUC,8.91708,1647467100.0
1.30348,40.0,44.0,ARUC,2.15565,1647469200.0
1.3124,40.0,44.0,ARUC,2.08543,1647469500.0
1.32859,40.0,44.0,ARUC,5.86328,1647469800.0
1.31241,40.0,44.0,ARUC,5.96015,1647470100.0
1.31376,40.0,44.0,ARUC,6.02592,1647470400.0
1.31258,40.0,44.0,ARUC,6.08045,1647470700.0
0.807279,40.0,44.0,ARUC,2.96656,1647471000.0
0.491995,40.0,44.0,ARUC,5.61768,1647471300.0
0.399211,40.0,44.0,ARUC,5.26889,1647471600.0
0.395135,40.0,44.0,ARUC,5.01617,1647471900.0
0.510903,40.0,44.0,ARUC,4.88546,1647472200.0
1.66729,40.0,44.0,ARUC,6.82871,1647472500.0
0.934114,40.0,44.0,ARUC,4.94125,1647473100.0
0.927436,40.0,44.0,ARUC,4.93598,1647473400.0
0.936778,40.0,44.0,ARUC,4.92356,1647473700.0
1.30289,40.0,44.0,ARUC,5.67779,1647474000.0
1.30319,40.0,44.0,ARUC,5.62328,1647474300.0
0.954578,40.0,44.0,ARUC,8.55959,1647474600.0
0.921538,32.0,35.0,BSHM,6.99333,1647388800.0
0.652702,32.0,35.0,BSHM,7.12776,1647389100.0
0.582902,32.0,35.0,BSHM,7.24661,1647389400.0
0.504265,32.0,35.0,BSHM,7.00365,1647389700.0
0.465876,32.0,35.0,BSHM,7.14282,1647390000.0
0.439501,32.0,35.0,BSHM,7.17536,1647390300.0
0.466177,32.0,35.0,BSHM,6.75723,1647390600.0
0.499514,32.0,35.0,BSHM,6.96506,1647390900.0
0.613275,32.0,35.0,BSHM,7.11132,1647391200.0
0.752312,32.0,35.0,BSHM,7.39267,1647391500.0
0.754113,32.0,35.0,BSHM,7.50513,1647391800.0
0.923834,32.0,35.0,BSHM,7.5892,1647392100.0
0.966457,32.0,35.0,BSHM,7.65592,1647392400.0
0.966545,32.0,35.0,BSHM,6.50029,1647392700.0
0.942758,32.0,35.0,BSHM,6.42091,1647393000.0
0.771223,32.0,35.0,BSHM,6.69987,1647393300.0
0.671156,32.0,35.0,BSHM,6.79173,1647393600.0
0.665999,32.0,35.0,BSHM,6.74101,1647393900.0
0.542341,32.0,35.0,BSHM,6.45112,1647394200.0
0.557597,32.0,35.0,BSHM,6.38357,1647394500.0
0.607354,32.0,35.0,BSHM,6.33766,1647394800.0
0.769815,32.0,35.0,BSHM,6.99651,1647395100.0
0.962975,32.0,35.0,BSHM,6.88911,1647395400.0
1.32903,32.0,35.0,BSHM,6.68848,1647395700.0
0.995646,32.0,35.0,BSHM,4.16751,1647396000.0
1.36967,32.0,35.0,BSHM,5.85897,1647397500.0
0.990567,32.0,35.0,BSHM,5.00892,1647397800.0
0.930918,32.0,35.0,BSHM,4.74394,1647398100.0
0.764109,32.0,35.0,BSHM,4.83752,1647398400.0
0.664049,32.0,35.0,BSHM,4.85657,1647398700.0
0.590078,32.0,35.0,BSHM,4.75887,1647399000.0
0.541564,32.0,35.0,BSHM,4.83788,1647399300.0
0.467596,32.0,35.0,BSHM,4.70983,1647399600.0
0.543684,32.0,35.0,BSHM,4.78102,1647399900.0
0.592535,32.0,35.0,BSHM,5.08155,1647400200.0
0.632115,32.0,35.0,BSHM,5.24057,1647400500.0
0.621004,32.0,35.0,BSHM,5.64719,1647400800.0
0.680327,32.0,35.0,BSHM,6.04499,1647401100.0
0.612464,32.0,35.0,BSHM,6.25025,1647401400.0
0.683066,32.0,35.0,BSHM,6.46518,1647401700.0
0.790058,32.0,35.0,BSHM,7.0028,1647402000.0
0.791124,32.0,35.0,BSHM,7.36568,1647402300.0
0.619724,32.0,35.0,BSHM,7.74216,1647402600.0
0.689269,32.0,35.0,BSHM,8.02734,1647402900.0
0.754665,32.0,35.0,BSHM,8.39498,1647403200.0
0.651694,32.0,35.0,BSHM,8.72657,1647403500.0
0.532049,32.0,35.0,BSHM,9.25618,1647403800.0
0.492675,32.0,35.0,BSHM,9.67112,1647404100.0
0.49285,32.0,35.0,BSHM,10.0046,1647404400.0
0.531873,32.0,35.0,BSHM,10.479,1647404700.0
0.465836,32.0,35.0,BSHM,10.7347,1647405000.0
0.464567,32.0,35.0,BSHM,11.0306,1647405300.0
0.452016,32.0,35.0,BSHM,11.4418,1647405600.0
0.433675,32.0,35.0,BSHM,11.8098,1647405900.0
0.445086,32.0,35.0,BSHM,12.1176,1647406200.0
0.414514,32.0,35.0,BSHM,12.5077,1647406500.0
0.381526,32.0,35.0,BSHM,12.6828,1647406800.0
0.450527,32.0,35.0,BSHM,13.0663,1647407100.0
0.557561,32.0,35.0,BSHM,13.854,1647407400.0
0.506669,32.0,35.0,BSHM,14.1606,1647407700.0
0.498612,32.0,35.0,BSHM,14.5757,1647408000.0
0.546492,32.0,35.0,BSHM,15.1829,1647408300.0
0.493878,32.0,35.0,BSHM,15.7441,1647408600.0
0.435783,32.0,35.0,BSHM,16.1644,1647408900.0
0.461719,32.0,35.0,BSHM,16.6816,1647409200.0
0.461912,32.0,35.0,BSHM,17.135,1647409500.0
0.462478,32.0,35.0,BSHM,17.7055,1647409800.0
0.494425,32.0,35.0,BSHM,18.2393,1647410100.0
0.462287,32.0,35.0,BSHM,18.6763,1647410400.0
0.533782,32.0,35.0,BSHM,18.8102,1647410700.0
0.583296,32.0,35.0,BSHM,19.7837,1647411000.0
0.584119,32.0,35.0,BSHM,20.13,1647411300.0
0.651163,32.0,35.0,BSHM,20.7123,1647411600.0
0.582555,32.0,35.0,BSHM,21.16,1647411900.0
0.586797,32.0,35.0,BSHM,21.614,1647412200.0
0.493488,32.0,35.0,BSHM,22.4267,1647412500.0
0.492746,32.0,35.0,BSHM,22.64,1647412800.0
0.532202,32.0,35.0,BSHM,23.2889,1647413100.0
0.494147,32.0,35.0,BSHM,23.3381,1647413400.0
0.58292,32.0,35.0,BSHM,23.7887,1647413700.0
0.582316,32.0,35.0,BSHM,24.4196,1647414000.0
0.582288,32.0,35.0,BSHM,24.7639,1647414300.0
0.651284,32.0,35.0,BSHM,25.013,1647414600.0
0.921309,32.0,35.0,BSHM,25.2174,1647414900.0
1.30277,32.0,35.0,BSHM,26.0369,1647415200.0
1.31413,32.0,35.0,BSHM,26.1737,1647415500.0
1.97393,32.0,35.0,BSHM,29.2758,1647416700.0
1.64136,32.0,35.0,BSHM,29.8495,1647417000.0
1.11759,32.0,35.0,BSHM,30.3269,1647417300.0
1.01279,32.0,35.0,BSHM,30.7672,1647417600.0
0.98233,32.0,35.0,BSHM,31.1723,1647417900.0
1.42374,32.0,35.0,BSHM,31.6216,1647418200.0
1.66819,32.0,35.0,BSHM,31.9636,1647418500.0
1.31013,32.0,35.0,BSHM,34.1014,1647420900.0
0.92286,32.0,35.0,BSHM,33.8791,1647421200.0
0.926045,32.0,35.0,BSHM,33.6944,1647421500.0
1.32528,32.0,35.0,BSHM,32.4616,1647421800.0
1.30913,32.0,35.0,BSHM,32.2728,1647422100.0
1.31754,32.0,35.0,BSHM,33.6272,1647422700.0
1.31721,32.0,35.0,BSHM,33.8462,1647423000.0
1.1617,32.0,35.0,BSHM,39.7964,1647425100.0
0.772681,32.0,35.0,BSHM,38.5159,1647425400.0
0.823391,32.0,35.0,BSHM,38.345,1647425700.0
0.758795,32.0,35.0,BSHM,38.2018,1647426000.0
0.622333,32.0,35.0,BSHM,37.1878,1647426300.0
0.53882,32.0,35.0,BSHM,36.0133,1647426600.0
0.55331,32.0,35.0,BSHM,33.66,1647426900.0
0.504386,32.0,35.0,BSHM,33.4659,1647427200.0
0.562709,32.0,35.0,BSHM,33.3735,1647427500.0
0.583573,32.0,35.0,BSHM,33.0864,1647427800.0
0.634818,32.0,35.0,BSHM,33.4752,1647428100.0
0.656349,32.0,35.0,BSHM,33.3783,1647428400.0
0.744734,32.0,35.0,BSHM,32.9219,1647428700.0
0.932945,32.0,35.0,BSHM,32.714,1647429000.0
1.20631,32.0,35.0,BSHM,34.6661,1647429300.0
1.34287,32.0,35.0,BSHM,35.4455,1647429600.0
0.968261,32.0,35.0,BSHM,39.6052,1647429900.0
0.7956,32.0,35.0,BSHM,38.0872,1647430200.0
0.624991,32.0,35.0,BSHM,36.2858,1647430500.0
0.604477,32.0,35.0,BSHM,35.8534,1647430800.0
0.563993,32.0,35.0,BSHM,35.5635,1647431100.0
0.513617,32.0,35.0,BSHM,34.6833,1647431400.0
0.522304,32.0,35.0,BSHM,34.0766,1647431700.0
0.509017,32.0,35.0,BSHM,33.003,1647432000.0
0.554887,32.0,35.0,BSHM,32.2724,1647432300.0
0.653895,32.0,35.0,BSHM,31.6501,1647432600.0
0.548549,32.0,35.0,BSHM,30.9475,1647432900.0
0.61599,32.0,35.0,BSHM,30.1228,1647433200.0
0.726897,32.0,35.0,BSHM,29.6344,1647433500.0
0.756959,32.0,35.0,BSHM,29.7132,1647433800.0
0.591081,32.0,35.0,BSHM,29.7004,1647434100.0
0.64972,32.0,35.0,BSHM,29.9981,1647434400.0
0.591177,32.0,35.0,BSHM,29.9248,1647434700.0
0.622094,32.0,35.0,BSHM,29.9626,1647435000.0
0.600134,32.0,35.0,BSHM,29.6521,1647435300.0
0.596311,32.0,35.0,BSHM,29.892,1647435600.0
0.62422,32.0,35.0,BSHM,29.9313,1647435900.0
0.769683,32.0,35.0,BSHM,29.1739,1647436200.0
0.829623,32.0,35.0,BSHM,28.6433,1647436500.0
0.922349,32.0,35.0,BSHM,27.4779,1647436800.0
0.751072,32.0,35.0,BSHM,27.4075,1647437100.0
0.703981,32.0,35.0,BSHM,27.3085,1647437400.0
0.670433,32.0,35.0,BSHM,27.199,1647437700.0
0.549642,32.0,35.0,BSHM,27.2221,1647438000.0
0.629186,32.0,35.0,BSHM,27.196,1647438300.0
0.563412,32.0,35.0,BSHM,27.0017,1647438600.0
0.604593,32.0,35.0,BSHM,26.943,1647438900.0
0.691396,32.0,35.0,BSHM,26.8997,1647439200.0
0.78871,32.0,35.0,BSHM,26.9221,1647439500.0
0.718916,32.0,35.0,BSHM,29.0991,1647439800.0
0.650737,32.0,35.0,BSHM,30.3124,1647440100.0
0.691484,32.0,35.0,BSHM,30.5557,1647440400.0
0.699986,32.0,35.0,BSHM,30.2235,1647440700.0
0.585352,32.0,35.0,BSHM,29.3411,1647441000.0
0.562994,32.0,35.0,BSHM,28.8015,1647441300.0
0.535822,32.0,35.0,BSHM,26.5046,1647441600.0
0.667576,32.0,35.0,BSHM,26.3826,1647441900.0
0.726504,32.0,35.0,BSHM,25.2502,1647442200.0
0.786427,32.0,35.0,BSHM,22.0861,1647442500.0
0.790165,32.0,35.0,BSHM,21.9447,1647442800.0
1.47735,32.0,35.0,BSHM,21.9876,1647443100.0
1.06675,32.0,35.0,BSHM,18.0183,1647445800.0
1.03298,32.0,35.0,BSHM,17.4131,1647446100.0
0.828182,32.0,35.0,BSHM,19.1394,1647446400.0
0.789985,32.0,35.0,BSHM,18.4341,1647446700.0
0.67172,32.0,35.0,BSHM,16.9186,1647447000.0
0.605561,32.0,35.0,BSHM,16.8778,1647447300.0
0.627711,32.0,35.0,BSHM,17.1038,1647447600.0
0.57408,32.0,35.0,BSHM,16.1234,1647447900.0
0.565997,32.0,35.0,BSHM,16.3484,1647448200.0
0.619732,32.0,35.0,BSHM,15.3705,1647448500.0
0.649479,32.0,35.0,BSHM,13.1527,1647448800.0
0.717724,32.0,35.0,BSHM,12.9472,1647449100.0
0.821739,32.0,35.0,BSHM,13.3773,1647449400.0
0.798876,32.0,35.0,BSHM,12.9806,1647449700.0
0.691671,32.0,35.0,BSHM,12.6083,1647450000.0
0.598236,32.0,35.0,BSHM,12.2552,1647450300.0
0.640618,32.0,35.0,BSHM,11.9105,1647450600.0
0.660124,32.0,35.0,BSHM,11.4457,1647450900.0
0.722701,32.0,35.0,BSHM,11.0046,1647451200.0
0.690514,32.0,35.0,BSHM,10.8902,1647451500.0
0.672893,32.0,35.0,BSHM,10.6857,1647451800.0
0.564899,32.0,35.0,BSHM,10.4106,1647452100.0
0.524962,32.0,35.0,BSHM,10.2189,1647452400.0
0.533634,32.0,35.0,BSHM,10.0259,1647452700.0
0.59764,32.0,35.0,BSHM,9.82309,1647453000.0
0.561564,32.0,35.0,BSHM,10.2805,1647453300.0
0.519656,32.0,35.0,BSHM,10.675,1647453600.0
0.539131,32.0,35.0,BSHM,10.568,1647453900.0
0.522529,32.0,35.0,BSHM,10.9903,1647454200.0
0.581708,32.0,35.0,BSHM,10.7126,1647454500.0
0.626602,32.0,35.0,BSHM,9.77534,1647454800.0
0.636633,32.0,35.0,BSHM,8.59891,1647455100.0
0.671681,32.0,35.0,BSHM,8.44684,1647455400.0
0.588613,32.0,35.0,BSHM,8.03074,1647455700.0
0.529749,32.0,35.0,BSHM,7.77337,1647456000.0
0.60719,32.0,35.0,BSHM,7.50542,1647456300.0
0.571219,32.0,35.0,BSHM,7.29442,1647456600.0
0.565635,32.0,35.0,BSHM,7.122,1647456900.0
0.486009,32.0,35.0,BSHM,7.45163,1647457200.0
0.537091,32.0,35.0,BSHM,7.32533,1647457500.0
0.547526,32.0,35.0,BSHM,7.08582,1647457800.0
0.581437,32.0,35.0,BSHM,6.98851,1647458100.0
0.696686,32.0,35.0,BSHM,7.28778,1647458400.0
0.588323,32.0,35.0,BSHM,7.96139,1647458700.0
0.550734,32.0,35.0,BSHM,8.46206,1647459000.0
0.547916,32.0,35.0,BSHM,8.56367,1647459300.0
0.507315,32.0,35.0,BSHM,8.26769,1647459600.0
0.46873,32.0,35.0,BSHM,7.78327,1647459900.0
0.462104,32.0,35.0,BSHM,7.76569,1647460200.0
0.459073,32.0,35.0,BSHM,7.58817,1647460500.0
0.532182,32.0,35.0,BSHM,7.30616,1647460800.0
0.511008,32.0,35.0,BSHM,7.26239,1647461100.0
0.524524,32.0,35.0,BSHM,7.08826,1647461400.0
0.527885,32.0,35.0,BSHM,7.15303,1647461700.0
0.516111,32.0,35.0,BSHM,7.08973,1647462000.0
0.473074,32.0,35.0,BSHM,7.36515,1647462300.0
0.463517,32.0,35.0,BSHM,7.29371,1647462600.0
0.502813,32.0,35.0,BSHM,7.49622,1647462900.0
0.589314,32.0,35.0,BSHM,7.76195,1647463200.0
0.611049,32.0,35.0,BSHM,7.78797,1647463500.0
0.713471,32.0,35.0,BSHM,8.17586,1647463800.0
0.848127,32.0,35.0,BSHM,8.01281,1647464100.0
0.815065,32.0,35.0,BSHM,8.28559,1647464400.0
1.56698,32.0,35.0,BSHM,7.33409,1647464700.0
1.42181,32.0,35.0,BSHM,7.11437,1647465000.0
1.3973,32.0,35.0,BSHM,6.97288,1647465300.0
1.38715,32.0,35.0,BSHM,6.83636,1647465600.0
1.10199,32.0,35.0,BSHM,6.67719,1647465900.0
1.45521,32.0,35.0,BSHM,6.50627,1647466200.0
0.850557,32.0,35.0,BSHM,6.82949,1647466500.0
0.848191,32.0,35.0,BSHM,6.77651,1647466800.0
0.790303,32.0,35.0,BSHM,6.89697,1647467100.0
0.765634,32.0,35.0,BSHM,7.28653,1647467400.0
0.757497,32.0,35.0,BSHM,7.45246,1647467700.0
0.773045,32.0,35.0,BSHM,7.45299,1647468000.0
0.584604,32.0,35.0,BSHM,7.55135,1647468300.0
0.53438,32.0,35.0,BSHM,7.66977,1647468600.0
0.556648,32.0,35.0,BSHM,7.79571,1647468900.0
0.448201,32.0,35.0,BSHM,7.62307,1647469200.0
0.496585,32.0,35.0,BSHM,7.80666,1647469500.0
0.535822,32.0,35.0,BSHM,7.85658,1647469800.0
0.588205,32.0,35.0,BSHM,7.85685,1647470100.0
0.675487,32.0,35.0,BSHM,7.86243,1647470400.0
1.30499,32.0,35.0,BSHM,8.07929,1647470700.0
1.31607,32.0,35.0,BSHM,8.02529,1647471000.0
1.31028,32.0,35.0,BSHM,8.09289,1647471300.0
0.93483,32.0,35.0,BSHM,8.11468,1647471600.0
0.765263,32.0,35.0,BSHM,8.14289,1647471900.0
0.761351,32.0,35.0,BSHM,8.16903,1647472200.0
0.760377,32.0,35.0,BSHM,8.23782,1647472500.0
0.761141,32.0,35.0,BSHM,8.31438,1647472800.0
0.76298,32.0,35.0,BSHM,8.36822,1647473100.0
0.934633,32.0,35.0,BSHM,8.40948,1647473400.0
0.767665,32.0,35.0,BSHM,7.67076,1647473700.0
1.34795,32.0,35.0,BSHM,8.46424,1647474000.0
1.30466,32.0,35.0,BSHM,7.7822,1647474300.0
0.755568,32.0,35.0,BSHM,7.27193,1647474600.0
0.753597,32.0,35.0,BSHM,7.25122,1647474900.0
1.30567,35.0,33.0,NICO,5.89037,1647392700.0
0.923021,35.0,33.0,NICO,5.30875,1647393000.0
1.30173,35.0,33.0,NICO,4.18701,1647396300.0
1.30351,35.0,33.0,NICO,4.24042,1647396600.0
1.30443,35.0,33.0,NICO,4.35539,1647398400.0
1.30306,35.0,33.0,NICO,4.57045,1647398700.0
1.3033,35.0,33.0,NICO,4.4825,1647399000.0
1.014,35.0,33.0,NICO,3.57075,1647400200.0
0.619302,35.0,33.0,NICO,4.12319,1647400500.0
0.502714,35.0,33.0,NICO,3.91989,1647400800.0
0.506173,35.0,33.0,NICO,4.11961,1647401100.0
0.634373,35.0,33.0,NICO,4.23101,1647401400.0
0.790117,35.0,33.0,NICO,4.65747,1647401700.0
1.44945,35.0,33.0,NICO,4.84645,1647402000.0
1.31244,35.0,33.0,NICO,5.82445,1647402600.0
1.3558,35.0,33.0,NICO,5.9729,1647402900.0
1.06889,35.0,33.0,NICO,10.0794,1647406200.0
0.680179,35.0,33.0,NICO,10.835,1647406500.0
0.524815,35.0,33.0,NICO,11.0983,1647406800.0
0.519084,35.0,33.0,NICO,11.4308,1647407100.0
0.579747,35.0,33.0,NICO,11.8242,1647407400.0
0.863001,35.0,33.0,NICO,12.2596,1647407700.0
1.33709,35.0,33.0,NICO,13.1326,1647408000.0
1.74832,35.0,33.0,NICO,17.0744,1647410700.0
0.810713,35.0,33.0,NICO,17.1475,1647411000.0
0.716828,35.0,33.0,NICO,17.6744,1647411300.0
0.904277,35.0,33.0,NICO,18.3387,1647411600.0
1.07412,35.0,33.0,NICO,19.1056,1647411900.0
1.0607,35.0,33.0,NICO,19.1171,1647412200.0
1.30916,35.0,33.0,NICO,18.4955,1647412500.0
1.30945,35.0,33.0,NICO,22.624,1647414000.0
0.927691,35.0,33.0,NICO,20.0402,1647414300.0
1.30621,35.0,33.0,NICO,22.8719,1647414600.0
1.30095,35.0,33.0,NICO,25.0767,1647417000.0
1.30102,35.0,33.0,NICO,25.7364,1647417300.0
1.31273,35.0,33.0,NICO,26.9011,1647417600.0
1.30927,35.0,33.0,NICO,26.9795,1647417900.0
0.921364,35.0,33.0,NICO,26.5071,1647421200.0
0.82506,35.0,33.0,NICO,26.6298,1647421500.0
0.844842,35.0,33.0,NICO,27.8724,1647421800.0
0.759187,35.0,33.0,NICO,28.9245,1647422100.0
0.537389,35.0,33.0,NICO,29.6198,1647422400.0
0.455159,35.0,33.0,NICO,29.9457,1647422700.0
0.475035,35.0,33.0,NICO,29.8693,1647423000.0
0.575695,35.0,33.0,NICO,29.7824,1647423300.0
0.705211,35.0,33.0,NICO,30.0559,1647423600.0
0.986618,35.0,33.0,NICO,30.5576,1647423900.0
1.34803,35.0,33.0,NICO,30.1224,1647425100.0
1.30707,35.0,33.0,NICO,29.5447,1647425400.0
1.30756,35.0,33.0,NICO,29.044,1647425700.0
1.31231,35.0,33.0,NICO,29.002,1647427200.0
1.32136,35.0,33.0,NICO,28.6677,1647427500.0
1.46818,35.0,33.0,NICO,27.6307,1647428400.0
0.586965,35.0,33.0,NICO,28.0954,1647428700.0
0.486048,35.0,33.0,NICO,28.5762,1647429000.0
0.531534,35.0,33.0,NICO,28.6732,1647429300.0
0.814227,35.0,33.0,NICO,28.3434,1647429600.0
1.10556,35.0,33.0,NICO,28.7217,1647429900.0
1.30449,35.0,33.0,NICO,31.3243,1647430500.0
0.823242,35.0,33.0,NICO,29.3697,1647431400.0
0.781498,35.0,33.0,NICO,29.0933,1647431700.0
0.804169,35.0,33.0,NICO,28.9368,1647432000.0
0.946333,35.0,33.0,NICO,28.4038,1647432300.0
0.950239,35.0,33.0,NICO,28.1694,1647432600.0
1.30263,35.0,33.0,NICO,26.161,1647433800.0
1.30258,35.0,33.0,NICO,25.4731,1647434100.0
1.30309,35.0,33.0,NICO,26.1067,1647434400.0
1.303,35.0,33.0,NICO,25.5399,1647434700.0
0.997151,35.0,33.0,NICO,23.952,1647435000.0
0.698797,35.0,33.0,NICO,23.9869,1647435300.0
0.545356,35.0,33.0,NICO,23.9167,1647435600.0
0.497575,35.0,33.0,NICO,23.9375,1647435900.0
0.543521,35.0,33.0,NICO,23.9546,1647436200.0
0.862013,35.0,33.0,NICO,23.9883,1647436500.0
0.98291,35.0,33.0,NICO,24.0551,1647436800.0
1.30518,35.0,33.0,NICO,21.7735,1647437400.0
1.3014,35.0,33.0,NICO,22.2789,1647441000.0
1.30221,35.0,33.0,NICO,22.557,1647441300.0
1.3567,35.0,33.0,NICO,20.1673,1647443700.0
0.964214,35.0,33.0,NICO,19.4928,1647444000.0
0.604038,35.0,33.0,NICO,17.1599,1647444300.0
0.520622,35.0,33.0,NICO,17.3529,1647444600.0
0.55841,35.0,33.0,NICO,18.2563,1647444900.0
0.792745,35.0,33.0,NICO,17.9175,1647445200.0
0.683477,35.0,33.0,NICO,16.4327,1647445500.0
0.619447,35.0,33.0,NICO,15.5772,1647445800.0
0.972506,35.0,33.0,NICO,15.1972,1647446100.0
1.30107,35.0,33.0,NICO,11.4904,1647449700.0
0.934304,35.0,33.0,NICO,10.7269,1647450000.0
0.764498,35.0,33.0,NICO,10.3379,1647450300.0
0.54036,35.0,33.0,NICO,10.117,1647450600.0
0.496399,35.0,33.0,NICO,9.68577,1647450900.0
0.501895,35.0,33.0,NICO,9.3652,1647451200.0
0.539964,35.0,33.0,NICO,9.19065,1647451500.0
0.67405,35.0,33.0,NICO,9.06532,1647451800.0
0.949316,35.0,33.0,NICO,8.88974,1647452100.0
1.35737,35.0,33.0,NICO,7.63538,1647452400.0
0.76145,35.0,33.0,NICO,7.58403,1647452700.0
0.665253,35.0,33.0,NICO,7.43771,1647453000.0
0.616274,35.0,33.0,NICO,7.36233,1647453300.0
0.66758,35.0,33.0,NICO,7.68775,1647453600.0
0.930473,35.0,33.0,NICO,7.94986,1647453900.0
1.30278,35.0,33.0,NICO,9.43428,1647454200.0
1.30271,35.0,33.0,NICO,9.3589,1647454500.0
0.986208,35.0,33.0,NICO,6.6411,1647456000.0
0.671916,35.0,33.0,NICO,6.29126,1647456300.0
0.552701,35.0,33.0,NICO,6.2007,1647456600.0
0.667048,35.0,33.0,NICO,6.06091,1647456900.0
0.692836,35.0,33.0,NICO,6.07852,1647457200.0
0.989989,35.0,33.0,NICO,6.10423,1647457500.0
1.69569,35.0,33.0,NICO,6.23645,1647458100.0
1.69953,35.0,33.0,NICO,6.22839,1647458400.0
1.30125,35.0,33.0,NICO,7.68194,1647459000.0
1.31045,35.0,33.0,NICO,5.70267,1647461400.0
0.753373,35.0,33.0,NICO,5.7441,1647461700.0
0.654118,35.0,33.0,NICO,5.85362,1647462000.0
0.657928,35.0,33.0,NICO,5.82795,1647462300.0
0.753921,35.0,33.0,NICO,5.81668,1647462600.0
0.760868,35.0,33.0,NICO,5.87764,1647462900.0
1.34678,35.0,33.0,NICO,5.40981,1647463200.0
0.608064,35.0,33.0,NICO,5.51654,1647463500.0
0.470239,35.0,33.0,NICO,5.58219,1647463800.0
0.478784,35.0,33.0,NICO,5.6708,1647464100.0
0.661542,35.0,33.0,NICO,5.84116,1647464400.0
0.762334,35.0,33.0,NICO,5.93863,1647464700.0
1.32537,35.0,33.0,NICO,5.88526,1647465000.0
1.30619,35.0,33.0,NICO,6.87403,1647465300.0
0.775851,35.0,33.0,NICO,6.16406,1647465600.0
0.756423,35.0,33.0,NICO,5.84549,1647465900.0
0.656433,35.0,33.0,NICO,6.11841,1647466200.0
0.585465,35.0,33.0,NICO,6.15737,1647466500.0
0.661842,35.0,33.0,NICO,6.23494,1647466800.0
0.759584,35.0,33.0,NICO,6.11306,1647467100.0
1.30229,35.0,33.0,NICO,6.84392,1647468300.0
1.30222,35.0,33.0,NICO,6.8468,1647468600.0
1.34099,35.0,33.0,NICO,6.02738,1647470400.0
0.938223,35.0,33.0,NICO,6.49274,1647470700.0
0.93275,35.0,33.0,NICO,6.49418,1647471000.0
0.760587,35.0,33.0,NICO,6.50422,1647471300.0
0.923501,35.0,33.0,NICO,6.30515,1647471600.0
1.31164,35.0,33.0,NICO,6.31281,1647471900.0
1.30273,35.0,33.0,NICO,8.85447,1647473400.0
1.31327,35.0,33.0,NICO,8.918,1647473700.0
1.30229,40.0,44.0,ARUC,5.12295,1647476100.0
1.30195,40.0,44.0,ARUC,5.1878,1647476400.0
1.30205,40.0,44.0,ARUC,5.26172,1647476700.0
1.30217,40.0,44.0,ARUC,5.35079,1647477000.0
0.589146,40.0,44.0,ARUC,5.979,1647477300.0
0.350777,40.0,44.0,ARUC,4.23471,1647477600.0
0.928358,40.0,44.0,ARUC,4.88225,1647477900.0
1.30203,40.0,44.0,ARUC,5.68732,1647478200.0
1.31127,40.0,44.0,ARUC,5.76345,1647478500.0
0.927401,40.0,44.0,ARUC,3.56212,1647482400.0
0.974576,40.0,44.0,ARUC,3.71344,1647482700.0
1.30111,40.0,44.0,ARUC,6.01508,1647483300.0
1.31189,40.0,44.0,ARUC,5.29659,1647484200.0
0.921646,40.0,44.0,ARUC,5.45771,1647484500.0
0.921687,40.0,44.0,ARUC,5.45803,1647484800.0
0.920956,40.0,44.0,ARUC,5.42941,1647485100.0
0.920408,40.0,44.0,ARUC,5.5638,1647485400.0
0.920421,40.0,44.0,ARUC,5.85443,1647485700.0
0.753051,40.0,44.0,ARUC,6.31789,1647486000.0
0.752206,40.0,44.0,ARUC,6.59825,1647486300.0
0.752611,40.0,44.0,ARUC,6.97425,1647486600.0
0.921739,40.0,44.0,ARUC,7.3554,1647486900.0
0.921898,40.0,44.0,ARUC,7.79662,1647487200.0
0.75769,40.0,44.0,ARUC,8.11707,1647487500.0
0.418163,40.0,44.0,ARUC,7.23707,1647487800.0
0.466015,40.0,44.0,ARUC,7.9293,1647488100.0
1.30403,40.0,44.0,ARUC,9.66793,1647488400.0
1.30455,40.0,44.0,ARUC,9.9513,1647488700.0
1.30319,40.0,44.0,ARUC,11.7128,1647490200.0
0.92606,40.0,44.0,ARUC,12.5025,1647490500.0
0.923502,40.0,44.0,ARUC,12.649,1647490800.0
1.30115,40.0,44.0,ARUC,13.4982,1647491100.0
1.30146,40.0,44.0,ARUC,13.5777,1647491400.0
0.759719,40.0,44.0,ARUC,12.3095,1647492000.0
0.497016,40.0,44.0,ARUC,12.5665,1647492300.0
1.30099,40.0,44.0,ARUC,15.9314,1647493800.0
1.30094,40.0,44.0,ARUC,16.0764,1647494100.0
1.30156,40.0,44.0,ARUC,16.1545,1647494400.0
0.753001,40.0,44.0,ARUC,15.2135,1647496200.0
0.582778,40.0,44.0,ARUC,15.519,1647496500.0
0.651744,40.0,44.0,ARUC,15.8314,1647496800.0
1.30211,40.0,44.0,ARUC,19.3437,1647498900.0
1.30175,40.0,44.0,ARUC,19.5511,1647499200.0
0.656516,40.0,44.0,ARUC,17.3929,1647499500.0
0.545608,40.0,44.0,ARUC,17.6786,1647499800.0
0.530099,40.0,44.0,ARUC,15.614,1647500100.0
0.780585,40.0,44.0,ARUC,16.3218,1647500400.0
0.930118,40.0,44.0,ARUC,19.7515,1647500700.0
1.37065,40.0,44.0,ARUC,19.8539,1647501000.0
1.37898,40.0,44.0,ARUC,20.19,1647501300.0
0.958471,40.0,44.0,ARUC,20.7095,1647501600.0
0.950337,40.0,44.0,ARUC,20.9783,1647501900.0
0.968959,40.0,44.0,ARUC,21.2839,1647502200.0
1.37158,40.0,44.0,ARUC,21.7625,1647502500.0
1.3784,40.0,44.0,ARUC,22.1574,1647502800.0
1.30751,40.0,44.0,ARUC,22.5472,1647503400.0
1.30482,40.0,44.0,ARUC,23.3802,1647503700.0
0.923708,40.0,44.0,ARUC,22.9309,1647504000.0
0.921961,40.0,44.0,ARUC,22.2611,1647504300.0
0.921499,40.0,44.0,ARUC,22.7472,1647504600.0
1.30487,40.0,44.0,ARUC,23.6612,1647504900.0
1.30503,40.0,44.0,ARUC,24.2621,1647505200.0
1.30811,40.0,44.0,ARUC,24.671,1647505500.0
1.3183,40.0,44.0,ARUC,21.8058,1647507600.0
1.30301,40.0,44.0,ARUC,26.6014,1647509100.0
1.30281,40.0,44.0,ARUC,26.4238,1647509400.0
1.31283,40.0,44.0,ARUC,23.8287,1647511200.0
1.30876,40.0,44.0,ARUC,24.0003,1647511500.0
1.3096,40.0,44.0,ARUC,24.1806,1647511800.0
1.31058,40.0,44.0,ARUC,24.2847,1647512100.0
1.30968,40.0,44.0,ARUC,24.3425,1647512400.0
0.583314,40.0,44.0,ARUC,24.673,1647512700.0
0.652712,40.0,44.0,ARUC,24.6668,1647513000.0
0.93344,40.0,44.0,ARUC,24.5533,1647513300.0
1.32156,40.0,44.0,ARUC,24.2966,1647513600.0
1.3614,40.0,44.0,ARUC,24.3578,1647513900.0
1.31037,40.0,44.0,ARUC,21.2889,1647517500.0
1.30192,40.0,44.0,ARUC,21.1063,1647517800.0
1.30193,40.0,44.0,ARUC,20.9612,1647518100.0
0.927249,40.0,44.0,ARUC,22.5513,1647518400.0
0.921008,40.0,44.0,ARUC,22.5052,1647518700.0
0.921059,40.0,44.0,ARUC,22.4444,1647519000.0
0.753254,40.0,44.0,ARUC,21.9745,1647519300.0
0.594819,40.0,44.0,ARUC,20.0411,1647519600.0
0.414652,40.0,44.0,ARUC,20.0013,1647519900.0
1.3028,40.0,44.0,ARUC,20.4845,1647520200.0
1.30271,40.0,44.0,ARUC,20.1109,1647520500.0
1.30401,40.0,44.0,ARUC,19.768,1647520800.0
1.30321,40.0,44.0,ARUC,19.5994,1647521100.0
1.30333,40.0,44.0,ARUC,19.1197,1647521400.0
1.30372,40.0,44.0,ARUC,18.7793,1647521700.0
1.30355,40.0,44.0,ARUC,18.5258,1647522000.0
1.31431,40.0,44.0,ARUC,18.2991,1647522300.0
1.30448,40.0,44.0,ARUC,19.7496,1647522900.0
1.30302,40.0,44.0,ARUC,19.7468,1647523200.0
1.30111,40.0,44.0,ARUC,19.6774,1647524400.0
1.301,40.0,44.0,ARUC,19.6148,1647524700.0
1.30123,40.0,44.0,ARUC,19.5533,1647525000.0
1.31517,40.0,44.0,ARUC,17.5609,1647527400.0
1.30221,40.0,44.0,ARUC,17.3153,1647527700.0
0.601619,40.0,44.0,ARUC,14.8326,1647528000.0
0.470108,40.0,44.0,ARUC,14.2251,1647528300.0
0.385152,40.0,44.0,ARUC,13.5049,1647528600.0
0.503984,40.0,44.0,ARUC,14.7055,1647528900.0
0.421763,40.0,44.0,ARUC,14.5494,1647529200.0
0.397494,40.0,44.0,ARUC,14.3489,1647529500.0
1.3047,40.0,44.0,ARUC,14.8715,1647529800.0
1.30441,40.0,44.0,ARUC,14.578,1647530100.0
1.30416,40.0,44.0,ARUC,14.2607,1647530400.0
1.30457,40.0,44.0,ARUC,14.0016,1647530700.0
1.3071,40.0,44.0,ARUC,13.8094,1647531000.0
1.30846,40.0,44.0,ARUC,11.3255,1647531900.0
0.923348,40.0,44.0,ARUC,12.1467,1647532200.0
0.92346,40.0,44.0,ARUC,12.1314,1647532500.0
1.30924,40.0,44.0,ARUC,10.9331,1647532800.0
0.401887,40.0,44.0,ARUC,11.127,1647533100.0
0.354866,40.0,44.0,ARUC,10.8707,1647533400.0
1.30688,40.0,44.0,ARUC,11.8775,1647533700.0
1.30642,40.0,44.0,ARUC,11.8004,1647534000.0
1.30635,40.0,44.0,ARUC,11.6789,1647534300.0
1.30777,40.0,44.0,ARUC,11.5664,1647534600.0
1.31116,40.0,44.0,ARUC,8.19549,1647537000.0
0.921953,40.0,44.0,ARUC,8.96694,1647537300.0
0.921915,40.0,44.0,ARUC,8.82834,1647537600.0
0.922054,40.0,44.0,ARUC,8.67171,1647537900.0
0.92189,40.0,44.0,ARUC,8.52807,1647538200.0
0.921937,40.0,44.0,ARUC,8.3909,1647538500.0
1.30302,40.0,44.0,ARUC,8.70286,1647538800.0
1.30322,40.0,44.0,ARUC,8.51549,1647539100.0
1.30295,40.0,44.0,ARUC,8.32185,1647539400.0
1.30314,40.0,44.0,ARUC,8.13451,1647539700.0
1.3393,40.0,44.0,ARUC,6.76352,1647540000.0
0.538128,40.0,44.0,ARUC,6.9391,1647540300.0
0.657455,40.0,44.0,ARUC,6.9295,1647540600.0
1.30506,40.0,44.0,ARUC,7.75374,1647541500.0
1.30415,40.0,44.0,ARUC,7.48015,1647541800.0
1.30382,40.0,44.0,ARUC,7.18689,1647542100.0
0.943557,40.0,44.0,ARUC,6.77648,1647542400.0
0.752995,40.0,44.0,ARUC,7.55926,1647542700.0
0.752708,40.0,44.0,ARUC,7.51017,1647543000.0
0.922934,40.0,44.0,ARUC,6.68458,1647543300.0
0.923695,40.0,44.0,ARUC,6.7199,1647543600.0
1.30752,40.0,44.0,ARUC,7.16605,1647543900.0
1.3081,40.0,44.0,ARUC,7.32792,1647544200.0
1.30972,40.0,44.0,ARUC,7.40046,1647544500.0
1.31441,40.0,44.0,ARUC,4.68791,1647545700.0
1.30789,40.0,44.0,ARUC,4.76593,1647546000.0
1.30743,40.0,44.0,ARUC,4.84874,1647546300.0
1.30705,40.0,44.0,ARUC,4.92259,1647546600.0
0.932405,40.0,44.0,ARUC,5.4562,1647546900.0
0.924072,40.0,44.0,ARUC,5.54124,1647547200.0
0.924933,40.0,44.0,ARUC,5.61992,1647547500.0
1.30523,40.0,44.0,ARUC,6.15973,1647547800.0
0.927025,40.0,44.0,ARUC,6.17024,1647548100.0
0.924875,40.0,44.0,ARUC,6.26257,1647548400.0
0.755038,40.0,44.0,ARUC,5.73873,1647548700.0
0.924296,40.0,44.0,ARUC,5.56273,1647549000.0
0.506434,40.0,44.0,ARUC,4.07329,1647549300.0
0.850456,40.0,44.0,ARUC,4.02904,1647549600.0
1.30374,40.0,44.0,ARUC,6.02987,1647551400.0
1.30346,40.0,44.0,ARUC,5.89517,1647551700.0
1.30323,40.0,44.0,ARUC,5.72706,1647552000.0
1.30404,40.0,44.0,ARUC,5.57997,1647552300.0
1.30302,40.0,44.0,ARUC,7.59949,1647552600.0
1.30283,40.0,44.0,ARUC,7.69492,1647552900.0
1.30285,40.0,44.0,ARUC,7.82964,1647553200.0
1.30386,40.0,44.0,ARUC,7.89544,1647553500.0
1.33026,40.0,44.0,ARUC,4.68052,1647554400.0
1.30549,40.0,44.0,ARUC,4.80201,1647554700.0
1.33376,40.0,44.0,ARUC,4.85868,1647555000.0
1.39579,40.0,44.0,ARUC,5.82709,1647555900.0
1.31014,40.0,44.0,ARUC,5.96414,1647556200.0
1.31115,40.0,44.0,ARUC,6.10736,1647556500.0
1.31232,40.0,44.0,ARUC,6.19193,1647556800.0
0.684579,40.0,44.0,ARUC,4.92088,1647557100.0
0.465325,40.0,44.0,ARUC,5.59729,1647557400.0
0.397788,40.0,44.0,ARUC,5.27358,1647557700.0
0.442367,40.0,44.0,ARUC,5.34498,1647558000.0
0.547952,40.0,44.0,ARUC,4.95997,1647558300.0
1.31531,40.0,44.0,ARUC,6.66346,1647559200.0
1.30262,40.0,44.0,ARUC,6.65229,1647559500.0
1.30254,40.0,44.0,ARUC,6.63287,1647559800.0
1.30248,40.0,44.0,ARUC,6.6555,1647560100.0
1.30271,40.0,44.0,ARUC,6.6395,1647560400.0
1.30458,40.0,44.0,ARUC,6.60923,1647560700.0
1.30135,40.0,44.0,ARUC,4.75104,1647561000.0
0.652543,32.0,35.0,BSHM,7.19435,1647475200.0
0.532369,32.0,35.0,BSHM,7.22072,1647475500.0
0.49499,32.0,35.0,BSHM,7.23663,1647475800.0
0.582797,32.0,35.0,BSHM,7.21204,1647476100.0
0.532,32.0,35.0,BSHM,7.23768,1647476400.0
0.583568,32.0,35.0,BSHM,7.19928,1647476700.0
0.582847,32.0,35.0,BSHM,7.2178,1647477000.0
0.651446,32.0,35.0,BSHM,7.28247,1647477300.0
0.6547,32.0,35.0,BSHM,7.35344,1647477600.0
0.752319,32.0,35.0,BSHM,7.42116,1647477900.0
0.92215,32.0,35.0,BSHM,7.4033,1647478200.0
1.03212,32.0,35.0,BSHM,7.4208,1647478500.0
1.34525,32.0,35.0,BSHM,7.01627,1647478800.0
0.937276,32.0,35.0,BSHM,6.76219,1647479100.0
0.762694,32.0,35.0,BSHM,6.68297,1647479400.0
0.663508,32.0,35.0,BSHM,6.63562,1647479700.0
0.590098,32.0,35.0,BSHM,6.29716,1647480000.0
0.537846,32.0,35.0,BSHM,6.28267,1647480300.0
0.542394,32.0,35.0,BSHM,6.32573,1647480600.0
0.588628,32.0,35.0,BSHM,6.09984,1647480900.0
0.756154,32.0,35.0,BSHM,6.27599,1647481200.0
0.929325,32.0,35.0,BSHM,6.18956,1647481500.0
1.30659,32.0,35.0,BSHM,6.02213,1647481800.0
0.927213,32.0,35.0,BSHM,5.08289,1647482100.0
0.933513,32.0,35.0,BSHM,5.37696,1647483000.0
0.762916,32.0,35.0,BSHM,5.47262,1647483300.0
0.761482,32.0,35.0,BSHM,5.66794,1647483600.0
0.763709,32.0,35.0,BSHM,5.5684,1647483900.0
0.598443,32.0,35.0,BSHM,5.41388,1647484200.0
0.604236,32.0,35.0,BSHM,5.17547,1647484500.0
0.547238,32.0,35.0,BSHM,4.95836,1647484800.0
0.539321,32.0,35.0,BSHM,4.86779,1647485100.0
0.496907,32.0,35.0,BSHM,4.76683,1647485400.0
0.495591,32.0,35.0,BSHM,4.65262,1647485700.0
0.583362,32.0,35.0,BSHM,4.62157,1647486000.0
0.583486,32.0,35.0,BSHM,4.65869,1647486300.0
0.587684,32.0,35.0,BSHM,4.75691,1647486600.0
0.657697,32.0,35.0,BSHM,4.89619,1647486900.0
0.755673,32.0,35.0,BSHM,5.15327,1647487200.0
0.92398,32.0,35.0,BSHM,5.45102,1647487500.0
1.31049,32.0,35.0,BSHM,5.76385,1647487800.0
1.33412,32.0,35.0,BSHM,6.81085,1647488700.0
0.925269,32.0,35.0,BSHM,7.00555,1647489000.0
0.924433,32.0,35.0,BSHM,7.33741,1647489300.0
0.760815,32.0,35.0,BSHM,7.63223,1647489600.0
0.654808,32.0,35.0,BSHM,8.11449,1647489900.0
0.58732,32.0,35.0,BSHM,8.61805,1647490200.0
0.58541,32.0,35.0,BSHM,9.01719,1647490500.0
0.495875,32.0,35.0,BSHM,9.51179,1647490800.0
0.462722,32.0,35.0,BSHM,9.91735,1647491100.0
0.416486,32.0,35.0,BSHM,10.3398,1647491400.0
0.437032,32.0,35.0,BSHM,10.8961,1647491700.0
0.428264,32.0,35.0,BSHM,11.4412,1647492000.0
0.466622,32.0,35.0,BSHM,11.9744,1647492300.0
0.498052,32.0,35.0,BSHM,12.4973,1647492600.0
0.544439,32.0,35.0,BSHM,12.9289,1647492900.0
0.613983,32.0,35.0,BSHM,13.4168,1647493200.0
0.675973,32.0,35.0,BSHM,13.7126,1647493500.0
0.554724,32.0,35.0,BSHM,13.9178,1647493800.0
0.598016,32.0,35.0,BSHM,14.0044,1647494100.0
0.597821,32.0,35.0,BSHM,14.6428,1647494400.0
0.505932,32.0,35.0,BSHM,15.1566,1647494700.0
0.448381,32.0,35.0,BSHM,15.6272,1647495000.0
0.447608,32.0,35.0,BSHM,16.2089,1647495300.0
0.466246,32.0,35.0,BSHM,16.7925,1647495600.0
0.498922,32.0,35.0,BSHM,17.3023,1647495900.0
0.535971,32.0,35.0,BSHM,17.7915,1647496200.0
0.464946,32.0,35.0,BSHM,18.2317,1647496500.0
0.504179,32.0,35.0,BSHM,18.592,1647496800.0
0.651062,32.0,35.0,BSHM,18.9489,1647497100.0
0.582651,32.0,35.0,BSHM,19.1332,1647497400.0
0.751893,32.0,35.0,BSHM,19.4505,1647497700.0
0.75147,32.0,35.0,BSHM,19.5484,1647498000.0
0.756755,32.0,35.0,BSHM,19.8556,1647498300.0
0.583632,32.0,35.0,BSHM,20.0286,1647498600.0
0.651117,32.0,35.0,BSHM,20.0622,1647498900.0
0.532406,32.0,35.0,BSHM,19.9656,1647499200.0
0.531714,32.0,35.0,BSHM,20.1809,1647499500.0
0.651042,32.0,35.0,BSHM,20.5729,1647499800.0
0.650781,32.0,35.0,BSHM,20.7226,1647500100.0
0.582798,32.0,35.0,BSHM,20.5719,1647500400.0
0.652817,32.0,35.0,BSHM,20.7,1647500700.0
0.752291,32.0,35.0,BSHM,21.1123,1647501000.0
1.3014,32.0,35.0,BSHM,21.2781,1647501300.0
1.30237,32.0,35.0,BSHM,21.4006,1647501600.0
1.33529,32.0,35.0,BSHM,24.4164,1647502800.0
1.31163,32.0,35.0,BSHM,24.8544,1647503100.0
0.925137,32.0,35.0,BSHM,25.6542,1647503400.0
0.757634,32.0,35.0,BSHM,26.2767,1647503700.0
0.922716,32.0,35.0,BSHM,26.7361,1647504000.0
1.30349,32.0,35.0,BSHM,27.231,1647504300.0
1.30578,32.0,35.0,BSHM,27.7301,1647504600.0
0.952101,32.0,35.0,BSHM,27.2257,1647504900.0
0.94632,32.0,35.0,BSHM,27.701,1647505200.0
0.948831,32.0,35.0,BSHM,28.1484,1647505500.0
0.946126,32.0,35.0,BSHM,28.5757,1647505800.0
0.956961,32.0,35.0,BSHM,29.013,1647506100.0
1.31188,32.0,35.0,BSHM,29.2408,1647507000.0
1.30619,32.0,35.0,BSHM,28.9825,1647507300.0
0.924264,32.0,35.0,BSHM,30.3091,1647507600.0
1.33934,32.0,35.0,BSHM,30.0751,1647507900.0
1.30995,32.0,35.0,BSHM,30.1166,1647508200.0
1.33814,32.0,35.0,BSHM,30.1295,1647508500.0
1.32084,32.0,35.0,BSHM,28.609,1647508800.0
1.33343,32.0,35.0,BSHM,28.869,1647509100.0
1.45327,32.0,35.0,BSHM,29.7182,1647510900.0
1.00637,32.0,35.0,BSHM,29.9162,1647511200.0
0.743986,32.0,35.0,BSHM,31.2729,1647511500.0
0.809089,32.0,35.0,BSHM,31.7103,1647511800.0
0.697427,32.0,35.0,BSHM,32.3425,1647512100.0
0.630306,32.0,35.0,BSHM,32.6024,1647512400.0
0.628559,32.0,35.0,BSHM,32.9079,1647512700.0
0.571828,32.0,35.0,BSHM,32.7817,1647513000.0
0.615704,32.0,35.0,BSHM,32.9178,1647513300.0
0.68393,32.0,35.0,BSHM,32.9801,1647513600.0
0.680975,32.0,35.0,BSHM,33.1388,1647513900.0
0.688316,32.0,35.0,BSHM,33.2017,1647514200.0
0.765925,32.0,35.0,BSHM,32.5263,1647514500.0
0.789884,32.0,35.0,BSHM,31.9553,1647514800.0
0.798365,32.0,35.0,BSHM,32.0919,1647515100.0
1.41918,32.0,35.0,BSHM,32.3514,1647515400.0
0.842021,32.0,35.0,BSHM,32.3291,1647515700.0
0.577538,32.0,35.0,BSHM,31.8289,1647516000.0
0.532904,32.0,35.0,BSHM,31.1989,1647516300.0
0.493835,32.0,35.0,BSHM,30.6486,1647516600.0
0.4586,32.0,35.0,BSHM,30.2016,1647516900.0
0.427258,32.0,35.0,BSHM,30.0612,1647517200.0
0.438473,32.0,35.0,BSHM,29.8738,1647517500.0
0.457357,32.0,35.0,BSHM,29.5634,1647517800.0
0.516036,32.0,35.0,BSHM,29.3589,1647518100.0
0.478755,32.0,35.0,BSHM,29.288,1647518400.0
0.518783,32.0,35.0,BSHM,29.1145,1647518700.0
0.509151,32.0,35.0,BSHM,29.0886,1647519000.0
0.518533,32.0,35.0,BSHM,28.7656,1647519300.0
0.568141,32.0,35.0,BSHM,28.455,1647519600.0
0.48056,32.0,35.0,BSHM,27.9095,1647519900.0
0.480386,32.0,35.0,BSHM,27.4716,1647520200.0
0.423672,32.0,35.0,BSHM,27.3077,1647520500.0
0.412269,32.0,35.0,BSHM,26.7208,1647520800.0
0.390856,32.0,35.0,BSHM,26.7652,1647521100.0
0.439453,32.0,35.0,BSHM,26.0495,1647521400.0
0.484754,32.0,35.0,BSHM,26.1028,1647521700.0
0.520438,32.0,35.0,BSHM,26.4999,1647522000.0
0.611251,32.0,35.0,BSHM,27.0615,1647522300.0
0.684237,32.0,35.0,BSHM,26.8181,1647522600.0
0.747698,32.0,35.0,BSHM,26.7692,1647522900.0
0.82311,32.0,35.0,BSHM,26.6102,1647523200.0
0.66226,32.0,35.0,BSHM,25.8967,1647523500.0
0.683951,32.0,35.0,BSHM,25.8455,1647523800.0
0.513455,32.0,35.0,BSHM,25.6652,1647524100.0
0.601049,32.0,35.0,BSHM,25.6126,1647524400.0
0.5485,32.0,35.0,BSHM,25.6519,1647524700.0
0.55067,32.0,35.0,BSHM,25.6852,1647525000.0
0.667329,32.0,35.0,BSHM,25.5148,1647525300.0
0.773323,32.0,35.0,BSHM,25.5286,1647525600.0
0.674369,32.0,35.0,BSHM,25.291,1647525900.0
0.660996,32.0,35.0,BSHM,24.103,1647526200.0
0.598724,32.0,35.0,BSHM,23.9391,1647526500.0
0.652767,32.0,35.0,BSHM,23.0229,1647526800.0
0.59173,32.0,35.0,BSHM,22.0081,1647527100.0
0.535151,32.0,35.0,BSHM,21.9446,1647527400.0
0.536151,32.0,35.0,BSHM,21.6088,1647527700.0
0.585428,32.0,35.0,BSHM,21.1448,1647528000.0
0.759152,32.0,35.0,BSHM,20.7623,1647528300.0
0.670105,32.0,35.0,BSHM,20.0254,1647528600.0
0.753395,32.0,35.0,BSHM,20.6201,1647528900.0
1.30862,32.0,35.0,BSHM,21.7558,1647529200.0
1.45549,32.0,35.0,BSHM,17.0617,1647531900.0
1.36445,32.0,35.0,BSHM,16.6454,1647532200.0
0.951209,32.0,35.0,BSHM,15.9964,1647532500.0
0.794451,32.0,35.0,BSHM,15.6295,1647532800.0
0.595297,32.0,35.0,BSHM,14.3154,1647533100.0
0.544662,32.0,35.0,BSHM,13.8984,1647533400.0
0.60039,32.0,35.0,BSHM,13.2137,1647533700.0
0.54877,32.0,35.0,BSHM,12.7849,1647534000.0
0.526308,32.0,35.0,BSHM,11.91,1647534300.0
0.55042,32.0,35.0,BSHM,12.0518,1647534600.0
0.551143,32.0,35.0,BSHM,12.4756,1647534900.0
0.604586,32.0,35.0,BSHM,12.2007,1647535200.0
0.612443,32.0,35.0,BSHM,12.0548,1647535500.0
0.666548,32.0,35.0,BSHM,11.8135,1647535800.0
0.626957,32.0,35.0,BSHM,11.5088,1647536100.0
0.551191,32.0,35.0,BSHM,11.2246,1647536400.0
0.567172,32.0,35.0,BSHM,10.9524,1647536700.0
0.561731,32.0,35.0,BSHM,10.7011,1647537000.0
0.674085,32.0,35.0,BSHM,10.4514,1647537300.0
0.615679,32.0,35.0,BSHM,10.1829,1647537600.0
0.609823,32.0,35.0,BSHM,9.99873,1647537900.0
0.550698,32.0,35.0,BSHM,9.7437,1647538200.0
0.428737,32.0,35.0,BSHM,9.01198,1647538500.0
0.423926,32.0,35.0,BSHM,8.81866,1647538800.0
0.444618,32.0,35.0,BSHM,8.57211,1647539100.0
0.474077,32.0,35.0,BSHM,8.29925,1647539400.0
0.483868,32.0,35.0,BSHM,8.09592,1647539700.0
0.468761,32.0,35.0,BSHM,7.8781,1647540000.0
0.567128,32.0,35.0,BSHM,8.12076,1647540300.0
0.673382,32.0,35.0,BSHM,8.03855,1647540600.0
0.764331,32.0,35.0,BSHM,7.98748,1647540900.0
0.662777,32.0,35.0,BSHM,7.88898,1647541200.0
0.81548,32.0,35.0,BSHM,7.89673,1647541500.0
0.667036,32.0,35.0,BSHM,7.64357,1647541800.0
0.525993,32.0,35.0,BSHM,7.37764,1647542100.0
0.524266,32.0,35.0,BSHM,7.18013,1647542400.0
0.513267,32.0,35.0,BSHM,6.99091,1647542700.0
0.512494,32.0,35.0,BSHM,6.80485,1647543000.0
0.48186,32.0,35.0,BSHM,6.63212,1647543300.0
0.519519,32.0,35.0,BSHM,6.50028,1647543600.0
0.481186,32.0,35.0,BSHM,6.72202,1647543900.0
0.520474,32.0,35.0,BSHM,6.8339,1647544200.0
0.5331,32.0,35.0,BSHM,6.95513,1647544500.0
0.562104,32.0,35.0,BSHM,7.0031,1647544800.0
0.614044,32.0,35.0,BSHM,7.01911,1647545100.0
0.687247,32.0,35.0,BSHM,7.11235,1647545400.0
0.611766,32.0,35.0,BSHM,7.06334,1647545700.0
0.589882,32.0,35.0,BSHM,6.8392,1647546000.0
0.584624,32.0,35.0,BSHM,6.55356,1647546300.0
0.57871,32.0,35.0,BSHM,6.58434,1647546600.0
0.634677,32.0,35.0,BSHM,6.19055,1647546900.0
0.581336,32.0,35.0,BSHM,6.11155,1647547200.0
0.618621,32.0,35.0,BSHM,6.14959,1647547500.0
0.622157,32.0,35.0,BSHM,6.10642,1647547800.0
0.527334,32.0,35.0,BSHM,6.07256,1647548100.0
0.465491,32.0,35.0,BSHM,5.92775,1647548400.0
0.475707,32.0,35.0,BSHM,5.89938,1647548700.0
0.499399,32.0,35.0,BSHM,5.90176,1647549000.0
0.424335,32.0,35.0,BSHM,5.92189,1647549300.0
0.462878,32.0,35.0,BSHM,6.06911,1647549600.0
0.471504,32.0,35.0,BSHM,5.96938,1647549900.0
0.607591,32.0,35.0,BSHM,5.9942,1647550200.0
0.615922,32.0,35.0,BSHM,6.46004,1647550500.0
0.77472,32.0,35.0,BSHM,6.91344,1647550800.0
0.790142,32.0,35.0,BSHM,6.9418,1647551100.0
1.31662,32.0,35.0,BSHM,6.16958,1647551400.0
1.31484,32.0,35.0,BSHM,6.03961,1647551700.0
0.993348,32.0,35.0,BSHM,5.8854,1647552000.0
1.38406,32.0,35.0,BSHM,5.74358,1647552300.0
0.958341,32.0,35.0,BSHM,5.94719,1647552600.0
0.781117,32.0,35.0,BSHM,5.80227,1647552900.0
0.951491,32.0,35.0,BSHM,5.97259,1647553200.0
0.926067,32.0,35.0,BSHM,6.5861,1647553500.0
0.759829,32.0,35.0,BSHM,6.51529,1647553800.0
0.759719,32.0,35.0,BSHM,6.61872,1647554100.0
0.534808,32.0,35.0,BSHM,6.67421,1647554400.0
0.495331,32.0,35.0,BSHM,6.77984,1647554700.0
0.535069,32.0,35.0,BSHM,6.85473,1647555000.0
0.462969,32.0,35.0,BSHM,6.8387,1647555300.0
0.494951,32.0,35.0,BSHM,7.06039,1647555600.0
0.534932,32.0,35.0,BSHM,7.20764,1647555900.0
0.548114,32.0,35.0,BSHM,7.30466,1647556200.0
0.754853,32.0,35.0,BSHM,7.39429,1647556500.0
1.3104,32.0,35.0,BSHM,7.416,1647556800.0
0.983768,32.0,35.0,BSHM,7.36804,1647557100.0
1.33787,32.0,35.0,BSHM,7.3925,1647557400.0
0.935035,32.0,35.0,BSHM,7.55833,1647557700.0
0.762809,32.0,35.0,BSHM,7.69973,1647558000.0
0.759933,32.0,35.0,BSHM,7.8187,1647558300.0
0.759875,32.0,35.0,BSHM,7.94007,1647558600.0
0.759011,32.0,35.0,BSHM,8.06929,1647558900.0
0.761401,32.0,35.0,BSHM,8.17583,1647559200.0
0.922227,32.0,35.0,BSHM,8.28939,1647559500.0
0.922623,32.0,35.0,BSHM,8.35324,1647559800.0
1.30745,32.0,35.0,BSHM,8.38833,1647560100.0
1.31245,32.0,35.0,BSHM,6.94238,1647560400.0
0.931521,32.0,35.0,BSHM,7.13312,1647560700.0
0.754279,32.0,35.0,BSHM,6.92744,1647561000.0
0.653507,32.0,35.0,BSHM,7.31752,1647561300.0
1.30225,35.0,33.0,NICO,4.92799,1647475500.0
1.30218,35.0,33.0,NICO,4.83529,1647475800.0
1.30821,35.0,33.0,NICO,4.98251,1647478800.0
0.92179,35.0,33.0,NICO,5.76632,1647479100.0
1.30449,35.0,33.0,NICO,5.52416,1647479700.0
0.926413,35.0,33.0,NICO,5.40245,1647480000.0
0.600155,35.0,33.0,NICO,5.55494,1647480300.0
0.534554,35.0,33.0,NICO,5.60086,1647480600.0
0.653548,35.0,33.0,NICO,5.5121,1647480900.0
0.658505,35.0,33.0,NICO,5.46939,1647481200.0
0.923524,35.0,33.0,NICO,5.51775,1647481500.0
0.921641,35.0,33.0,NICO,4.45291,1647486000.0
0.544229,35.0,33.0,NICO,4.36306,1647486300.0
0.535641,35.0,33.0,NICO,4.31982,1647486600.0
0.534889,35.0,33.0,NICO,4.22473,1647486900.0
0.600204,35.0,33.0,NICO,4.15243,1647487200.0
0.921061,35.0,33.0,NICO,4.61032,1647487500.0
1.31517,35.0,33.0,NICO,6.94046,1647488700.0
1.31487,35.0,33.0,NICO,7.06949,1647489000.0
1.88108,35.0,33.0,NICO,10.0353,1647491700.0
0.717964,35.0,33.0,NICO,10.1048,1647492000.0
0.528584,35.0,33.0,NICO,10.3522,1647492300.0
0.515685,35.0,33.0,NICO,10.6966,1647492600.0
0.52382,35.0,33.0,NICO,11.1341,1647492900.0
0.779852,35.0,33.0,NICO,11.6391,1647493200.0
1.32646,35.0,33.0,NICO,16.4185,1647496800.0
0.753109,35.0,33.0,NICO,16.0696,1647497100.0
0.657759,35.0,33.0,NICO,16.3865,1647497400.0
0.608542,35.0,33.0,NICO,16.6191,1647497700.0
0.762493,35.0,33.0,NICO,17.1233,1647498000.0
1.31093,35.0,33.0,NICO,18.4508,1647498300.0
1.30636,35.0,33.0,NICO,19.961,1647500400.0
1.30776,35.0,33.0,NICO,19.2256,1647500700.0
1.32398,35.0,33.0,NICO,19.4519,1647501000.0
1.4383,35.0,33.0,NICO,21.2728,1647501300.0
1.05848,35.0,33.0,NICO,21.8665,1647501600.0
0.798238,35.0,33.0,NICO,22.3023,1647501900.0
0.784016,35.0,33.0,NICO,22.725,1647502200.0
0.649262,35.0,33.0,NICO,23.2789,1647502500.0
0.781169,35.0,33.0,NICO,23.7829,1647502800.0
0.687002,35.0,33.0,NICO,23.5848,1647503100.0
0.768158,35.0,33.0,NICO,19.8525,1647503400.0
1.31605,35.0,33.0,NICO,22.9452,1647503700.0
0.771144,35.0,33.0,NICO,25.8511,1647507600.0
0.686599,35.0,33.0,NICO,27.0891,1647507900.0
0.523036,35.0,33.0,NICO,27.6854,1647508200.0
0.455206,35.0,33.0,NICO,27.8175,1647508500.0
0.476523,35.0,33.0,NICO,28.1145,1647508800.0
0.556043,35.0,33.0,NICO,28.6218,1647509100.0
0.788743,35.0,33.0,NICO,28.6204,1647509400.0
1.00415,35.0,33.0,NICO,28.6329,1647509700.0
1.3234,35.0,33.0,NICO,29.2067,1647510000.0
1.30488,35.0,33.0,NICO,30.0432,1647511200.0
1.31018,35.0,33.0,NICO,27.9648,1647513300.0
1.31158,35.0,33.0,NICO,27.8516,1647513600.0
1.37302,35.0,33.0,NICO,27.8226,1647514800.0
0.606213,35.0,33.0,NICO,27.1685,1647515100.0
0.452913,35.0,33.0,NICO,27.2582,1647515400.0
0.542424,35.0,33.0,NICO,27.1349,1647515700.0
0.68957,35.0,33.0,NICO,26.8666,1647516000.0
0.798172,35.0,33.0,NICO,26.6947,1647516300.0
1.30133,35.0,33.0,NICO,27.3283,1647516600.0
1.01439,35.0,33.0,NICO,26.5572,1647517500.0
0.760978,35.0,33.0,NICO,26.4576,1647517800.0
0.776461,35.0,33.0,NICO,26.4477,1647518100.0
0.764535,35.0,33.0,NICO,26.4324,1647518400.0
0.766817,35.0,33.0,NICO,26.3402,1647518700.0
1.58266,35.0,33.0,NICO,26.3503,1647519000.0
1.30238,35.0,33.0,NICO,26.1855,1647519900.0
1.30228,35.0,33.0,NICO,25.8114,1647520200.0
0.922422,35.0,33.0,NICO,25.8501,1647520500.0
1.30259,35.0,33.0,NICO,25.8076,1647520800.0
0.810044,35.0,33.0,NICO,24.2576,1647521100.0
0.608806,35.0,33.0,NICO,24.0807,1647521400.0
0.486599,35.0,33.0,NICO,23.9923,1647521700.0
0.510193,35.0,33.0,NICO,23.8927,1647522000.0
0.523025,35.0,33.0,NICO,23.772,1647522300.0
0.941886,35.0,33.0,NICO,24.0805,1647522600.0
0.920919,35.0,33.0,NICO,23.4789,1647522900.0
1.30153,35.0,33.0,NICO,22.4085,1647523200.0
1.30108,35.0,33.0,NICO,21.0178,1647527100.0
1.30123,35.0,33.0,NICO,20.9615,1647527400.0
1.34947,35.0,33.0,NICO,19.5006,1647529500.0
1.32369,35.0,33.0,NICO,19.3453,1647529800.0
0.761566,35.0,33.0,NICO,18.9666,1647530100.0
0.656822,35.0,33.0,NICO,18.1317,1647530400.0
0.470227,35.0,33.0,NICO,17.815,1647530700.0
0.76298,35.0,33.0,NICO,17.7501,1647531000.0
0.771253,35.0,33.0,NICO,17.4485,1647531300.0
0.788838,35.0,33.0,NICO,17.0929,1647531600.0
1.35854,35.0,33.0,NICO,16.7094,1647531900.0
0.961989,35.0,33.0,NICO,10.1158,1647535500.0
0.544979,35.0,33.0,NICO,10.5376,1647535800.0
0.466802,35.0,33.0,NICO,10.0176,1647536100.0
0.441563,35.0,33.0,NICO,9.66303,1647536400.0
0.494285,35.0,33.0,NICO,9.48723,1647536700.0
0.49968,35.0,33.0,NICO,9.19229,1647537000.0
0.753475,35.0,33.0,NICO,8.38138,1647537300.0
1.32436,35.0,33.0,NICO,8.15951,1647537600.0
0.753359,35.0,33.0,NICO,6.8971,1647538800.0
0.752841,35.0,33.0,NICO,6.78236,1647539100.0
0.653411,35.0,33.0,NICO,6.68677,1647539400.0
0.651656,35.0,33.0,NICO,7.1688,1647539700.0
0.930579,35.0,33.0,NICO,7.65773,1647540000.0
1.30243,35.0,33.0,NICO,8.48257,1647540300.0
1.30231,35.0,33.0,NICO,8.36025,1647540600.0
1.30475,35.0,33.0,NICO,8.27748,1647541500.0
1.30381,35.0,33.0,NICO,8.20537,1647541800.0
1.48692,35.0,33.0,NICO,5.21765,1647543000.0
0.990202,35.0,33.0,NICO,5.14285,1647543300.0
0.602743,35.0,33.0,NICO,5.07981,1647543600.0
0.588615,35.0,33.0,NICO,5.04695,1647543900.0
0.57348,35.0,33.0,NICO,5.1102,1647544200.0
0.78677,35.0,33.0,NICO,5.17218,1647544500.0
1.34661,35.0,33.0,NICO,4.96216,1647547500.0
0.757789,35.0,33.0,NICO,4.94561,1647547800.0
0.655022,35.0,33.0,NICO,4.98164,1647548100.0
0.653771,35.0,33.0,NICO,5.00624,1647548400.0
0.753537,35.0,33.0,NICO,5.02371,1647548700.0
0.755128,35.0,33.0,NICO,5.0669,1647549000.0
0.922377,35.0,33.0,NICO,4.93309,1647550200.0
0.588558,35.0,33.0,NICO,4.87366,1647550500.0
0.466383,35.0,33.0,NICO,4.9121,1647550800.0
0.498197,35.0,33.0,NICO,4.97788,1647551100.0
0.54594,35.0,33.0,NICO,5.41129,1647551400.0
0.585874,35.0,33.0,NICO,5.56773,1647551700.0
0.654977,35.0,33.0,NICO,5.31896,1647552000.0
0.653866,35.0,33.0,NICO,5.4457,1647552300.0
0.584526,35.0,33.0,NICO,5.5387,1647552600.0
0.59855,35.0,33.0,NICO,5.60401,1647552900.0
0.752018,35.0,33.0,NICO,5.70506,1647553200.0
1.32892,35.0,33.0,NICO,5.79843,1647553500.0
1.3028,35.0,33.0,NICO,6.40345,1647554400.0
1.30194,35.0,33.0,NICO,6.43059,1647554700.0
1.3027,35.0,33.0,NICO,6.38083,1647555000.0
1.85367,35.0,33.0,NICO,6.44972,1647556200.0
0.889965,35.0,33.0,NICO,6.05477,1647556500.0
0.774371,35.0,33.0,NICO,6.02935,1647556800.0
0.802931,35.0,33.0,NICO,6.13734,1647557100.0
0.76185,35.0,33.0,NICO,6.28072,1647557400.0
0.792521,35.0,33.0,NICO,6.20327,1647557700.0
1.31634,35.0,33.0,NICO,5.7045,1647558000.0
1.31243,35.0,33.0,NICO,6.73506,1647558900.0
1.30924,35.0,33.0,NICO,6.69056,1647559200.0
0.759224,35.0,33.0,NICO,5.18195,1647559500.0
0.6574,35.0,33.0,NICO,5.43284,1647559800.0
0.535946,35.0,33.0,NICO,6.14954,1647560100.0
0.592767,35.0,33.0,NICO,6.01863,1647560400.0
0.757217,35.0,33.0,NICO,6.57974,1647560700.0
0.659421,35.0,33.0,NICO,5.92501,1647561000.0
0.75385,35.0,33.0,NICO,5.78606,1647561300.0
1.30259,40.0,44.0,ARUC,4.5788,1647562200.0
1.30211,40.0,44.0,ARUC,4.64471,1647562500.0
1.30201,40.0,44.0,ARUC,4.81384,1647562800.0
1.30212,40.0,44.0,ARUC,4.93702,1647563100.0
0.926624,40.0,44.0,ARUC,4.83309,1647563400.0
0.36323,40.0,44.0,ARUC,4.41246,1647563700.0
0.467397,40.0,44.0,ARUC,4.68682,1647564000.0
1.302,40.0,44.0,ARUC,5.44606,1647564300.0
1.30478,40.0,44.0,ARUC,5.50364,1647564600.0
0.93161,40.0,44.0,ARUC,3.98765,1647568500.0
0.955193,40.0,44.0,ARUC,3.96612,1647568800.0
1.30109,40.0,44.0,ARUC,6.26673,1647569400.0
1.30126,40.0,44.0,ARUC,6.24055,1647569700.0
1.30246,40.0,44.0,ARUC,6.66818,1647570600.0
0.922882,40.0,44.0,ARUC,5.91557,1647570900.0
0.920404,40.0,44.0,ARUC,6.03987,1647571200.0
0.920516,40.0,44.0,ARUC,6.24103,1647571500.0
1.30159,40.0,44.0,ARUC,7.14365,1647571800.0
0.931182,40.0,44.0,ARUC,7.43236,1647572100.0
0.752135,40.0,44.0,ARUC,7.27632,1647572400.0
0.752269,40.0,44.0,ARUC,7.68202,1647572700.0
0.921821,40.0,44.0,ARUC,7.89419,1647573000.0
0.921711,40.0,44.0,ARUC,8.3262,1647573300.0
0.760432,40.0,44.0,ARUC,8.79538,1647573600.0
0.42102,40.0,44.0,ARUC,7.92568,1647573900.0
0.443988,40.0,44.0,ARUC,7.81324,1647574200.0
1.3014,40.0,44.0,ARUC,10.5894,1647574500.0
1.30143,40.0,44.0,ARUC,11.0044,1647574800.0
1.30726,40.0,44.0,ARUC,11.1628,1647575100.0
0.921662,40.0,44.0,ARUC,13.9863,1647576300.0
1.30127,40.0,44.0,ARUC,15.0472,1647576600.0
1.30127,40.0,44.0,ARUC,15.47,1647576900.0
1.30148,40.0,44.0,ARUC,15.7864,1647577200.0
1.3026,40.0,44.0,ARUC,13.0837,1647577500.0
1.30424,40.0,44.0,ARUC,13.4267,1647577800.0
1.30111,40.0,44.0,ARUC,18.6685,1647579900.0
1.30106,40.0,44.0,ARUC,18.7981,1647580200.0
1.30114,40.0,44.0,ARUC,18.9181,1647580500.0
0.925995,40.0,44.0,ARUC,18.0326,1647582300.0
0.582777,40.0,44.0,ARUC,17.6641,1647582600.0
0.651344,40.0,44.0,ARUC,17.5851,1647582900.0
1.30229,40.0,44.0,ARUC,20.9359,1647585000.0
1.30172,40.0,44.0,ARUC,21.06,1647585300.0
1.30171,40.0,44.0,ARUC,21.2444,1647585600.0
1.30163,40.0,44.0,ARUC,21.2511,1647585900.0
1.30169,40.0,44.0,ARUC,21.3061,1647586200.0
1.30289,40.0,44.0,ARUC,21.4304,1647586500.0
1.32216,40.0,44.0,ARUC,21.421,1647587100.0
1.3203,40.0,44.0,ARUC,21.5204,1647587400.0
0.934319,40.0,44.0,ARUC,21.7487,1647587700.0
0.930922,40.0,44.0,ARUC,21.7998,1647588000.0
1.32051,40.0,44.0,ARUC,21.974,1647588300.0
1.31868,40.0,44.0,ARUC,22.1042,1647588600.0
1.32021,40.0,44.0,ARUC,22.1891,1647588900.0
1.47898,40.0,44.0,ARUC,22.1829,1647589200.0
1.30638,40.0,44.0,ARUC,21.576,1647590100.0
1.30562,40.0,44.0,ARUC,21.6007,1647590400.0
0.921615,40.0,44.0,ARUC,21.6336,1647590700.0
1.30532,40.0,44.0,ARUC,21.5846,1647591000.0
1.30507,40.0,44.0,ARUC,21.7637,1647591300.0
1.3068,40.0,44.0,ARUC,22.023,1647591600.0
1.30316,40.0,44.0,ARUC,23.8934,1647595200.0
1.30266,40.0,44.0,ARUC,23.9547,1647595500.0
1.31688,40.0,44.0,ARUC,20.867,1647597300.0
1.30919,40.0,44.0,ARUC,20.9526,1647597600.0
1.30857,40.0,44.0,ARUC,21.0905,1647597900.0
1.30937,40.0,44.0,ARUC,21.1444,1647598200.0
1.3103,40.0,44.0,ARUC,21.2077,1647598500.0
0.583937,40.0,44.0,ARUC,21.8806,1647598800.0
0.493389,40.0,44.0,ARUC,21.8483,1647599100.0
0.924328,40.0,44.0,ARUC,21.6682,1647599400.0
1.30252,40.0,44.0,ARUC,20.8922,1647599700.0
1.30226,40.0,44.0,ARUC,20.753,1647600000.0
1.30216,40.0,44.0,ARUC,20.6704,1647600300.0
1.30374,40.0,44.0,ARUC,20.4927,1647600600.0
1.30347,40.0,44.0,ARUC,18.4649,1647603900.0
1.30323,40.0,44.0,ARUC,18.4305,1647604200.0
1.30324,40.0,44.0,ARUC,18.3936,1647604500.0
1.30303,40.0,44.0,ARUC,18.2842,1647604800.0
0.920838,40.0,44.0,ARUC,19.9684,1647605100.0
0.753697,40.0,44.0,ARUC,19.7572,1647605400.0
0.92512,40.0,44.0,ARUC,19.8759,1647605700.0
0.377448,40.0,44.0,ARUC,18.6259,1647606000.0
1.30198,40.0,44.0,ARUC,17.4167,1647606300.0
1.30216,40.0,44.0,ARUC,17.1122,1647606600.0
0.498462,40.0,44.0,ARUC,17.6364,1647606900.0
1.30437,40.0,44.0,ARUC,16.7678,1647607200.0
1.30323,40.0,44.0,ARUC,16.8602,1647607500.0
1.30358,40.0,44.0,ARUC,16.951,1647607800.0
1.30401,40.0,44.0,ARUC,16.9598,1647608100.0
1.30802,40.0,44.0,ARUC,16.8985,1647608400.0
1.30315,40.0,44.0,ARUC,20.2423,1647609300.0
1.30126,40.0,44.0,ARUC,19.8008,1647610500.0
1.30101,40.0,44.0,ARUC,19.7151,1647610800.0
1.30107,40.0,44.0,ARUC,19.6103,1647611100.0
1.30192,40.0,44.0,ARUC,16.5674,1647613800.0
1.30178,40.0,44.0,ARUC,16.5061,1647614100.0
1.30191,40.0,44.0,ARUC,16.3791,1647614400.0
1.30208,40.0,44.0,ARUC,16.1955,1647614700.0
0.560113,40.0,44.0,ARUC,15.2285,1647615000.0
0.524818,40.0,44.0,ARUC,14.7734,1647615300.0
0.363549,40.0,44.0,ARUC,15.3983,1647615600.0
0.466058,40.0,44.0,ARUC,15.0139,1647615900.0
0.76463,40.0,44.0,ARUC,14.7758,1647616200.0
1.30445,40.0,44.0,ARUC,14.8773,1647616500.0
1.30419,40.0,44.0,ARUC,14.5748,1647616800.0
1.30615,40.0,44.0,ARUC,14.3499,1647617100.0
1.3097,40.0,44.0,ARUC,13.4954,1647618000.0
0.922866,40.0,44.0,ARUC,14.5299,1647618300.0
0.923022,40.0,44.0,ARUC,14.461,1647618600.0
0.923672,40.0,44.0,ARUC,14.2912,1647618900.0
0.588674,40.0,44.0,ARUC,12.4485,1647619200.0
0.341347,40.0,44.0,ARUC,12.099,1647619500.0
1.30619,40.0,44.0,ARUC,12.2732,1647619800.0
1.30653,40.0,44.0,ARUC,12.0603,1647620100.0
1.30609,40.0,44.0,ARUC,11.8864,1647620400.0
1.30638,40.0,44.0,ARUC,11.7747,1647620700.0
0.922325,40.0,44.0,ARUC,8.15789,1647623400.0
0.92193,40.0,44.0,ARUC,7.97052,1647623700.0
0.922051,40.0,44.0,ARUC,7.74734,1647624000.0
0.922194,40.0,44.0,ARUC,7.60393,1647624300.0
0.922005,40.0,44.0,ARUC,7.50196,1647624600.0
1.30238,40.0,44.0,ARUC,7.6465,1647624900.0
1.30251,40.0,44.0,ARUC,7.481,1647625200.0
1.30265,40.0,44.0,ARUC,7.25313,1647625500.0
1.30245,40.0,44.0,ARUC,7.05166,1647625800.0
1.31594,40.0,44.0,ARUC,6.96763,1647626100.0
0.599024,40.0,44.0,ARUC,6.04242,1647626400.0
0.600293,40.0,44.0,ARUC,6.61912,1647626700.0
1.30494,40.0,44.0,ARUC,6.65912,1647627600.0
1.30534,40.0,44.0,ARUC,6.40923,1647627900.0
1.30581,40.0,44.0,ARUC,6.18332,1647628200.0
1.30529,40.0,44.0,ARUC,5.93473,1647628500.0
0.754738,40.0,44.0,ARUC,5.39703,1647628800.0
0.921856,40.0,44.0,ARUC,5.96094,1647629100.0
0.921923,40.0,44.0,ARUC,5.9642,1647629400.0
0.922764,40.0,44.0,ARUC,5.99627,1647629700.0
1.30594,40.0,44.0,ARUC,6.60063,1647630000.0
1.30548,40.0,44.0,ARUC,6.7578,1647630300.0
1.30637,40.0,44.0,ARUC,6.88249,1647630600.0
1.3456,40.0,44.0,ARUC,5.66032,1647631800.0
1.31138,40.0,44.0,ARUC,5.77445,1647632100.0
1.31253,40.0,44.0,ARUC,5.85199,1647632400.0
1.31164,40.0,44.0,ARUC,5.93713,1647632700.0
1.31089,40.0,44.0,ARUC,6.06428,1647633000.0
0.925381,40.0,44.0,ARUC,6.29547,1647633300.0
0.75661,40.0,44.0,ARUC,7.3284,1647633600.0
0.923643,40.0,44.0,ARUC,7.81126,1647633900.0
0.757702,40.0,44.0,ARUC,6.54908,1647634200.0
0.761462,40.0,44.0,ARUC,6.4727,1647634500.0
0.924441,40.0,44.0,ARUC,5.43327,1647634800.0
0.598103,40.0,44.0,ARUC,4.09808,1647635400.0
1.30312,40.0,44.0,ARUC,6.64158,1647637500.0
1.30288,40.0,44.0,ARUC,6.52896,1647637800.0
1.30268,40.0,44.0,ARUC,6.36931,1647638100.0
1.30251,40.0,44.0,ARUC,6.23935,1647638400.0
1.30313,40.0,44.0,ARUC,7.98888,1647638700.0
1.30284,40.0,44.0,ARUC,8.06448,1647639000.0
1.30283,40.0,44.0,ARUC,8.18932,1647639300.0
1.30324,40.0,44.0,ARUC,8.26682,1647639600.0
1.31076,40.0,44.0,ARUC,6.50844,1647642300.0
1.30911,40.0,44.0,ARUC,6.64782,1647642600.0
1.30997,40.0,44.0,ARUC,6.76509,1647642900.0
1.31098,40.0,44.0,ARUC,6.96744,1647643200.0
1.30999,40.0,44.0,ARUC,7.1741,1647643500.0
1.30914,40.0,44.0,ARUC,7.2909,1647643800.0
1.30984,40.0,44.0,ARUC,7.39713,1647644100.0
1.38492,40.0,44.0,ARUC,7.45206,1647644400.0
1.30253,40.0,44.0,ARUC,6.9101,1647645600.0
1.30262,40.0,44.0,ARUC,6.86825,1647645900.0
1.30252,40.0,44.0,ARUC,6.90136,1647646200.0
1.30246,40.0,44.0,ARUC,6.93307,1647646500.0
0.944047,40.0,44.0,ARUC,6.58235,1647646800.0
0.533302,32.0,35.0,BSHM,7.52886,1647561600.0
0.462434,32.0,35.0,BSHM,7.10653,1647561900.0
0.584209,32.0,35.0,BSHM,7.53496,1647562200.0
0.499168,32.0,35.0,BSHM,7.46267,1647562500.0
0.438354,32.0,35.0,BSHM,7.04495,1647562800.0
0.497508,32.0,35.0,BSHM,6.81635,1647563100.0
0.53376,32.0,35.0,BSHM,6.84673,1647563400.0
0.533818,32.0,35.0,BSHM,6.91201,1647563700.0
0.586401,32.0,35.0,BSHM,6.7124,1647564000.0
0.922717,32.0,35.0,BSHM,7.40428,1647564300.0
1.30461,32.0,35.0,BSHM,7.54532,1647564600.0
1.31918,32.0,35.0,BSHM,7.79833,1647564900.0
0.928493,32.0,35.0,BSHM,7.42273,1647565200.0
0.757578,32.0,35.0,BSHM,7.3242,1647565500.0
0.659454,32.0,35.0,BSHM,7.23281,1647565800.0
0.655247,32.0,35.0,BSHM,7.17879,1647566100.0
0.591235,32.0,35.0,BSHM,7.14205,1647566400.0
0.586809,32.0,35.0,BSHM,7.12139,1647566700.0
0.584854,32.0,35.0,BSHM,7.03738,1647567000.0
0.655037,32.0,35.0,BSHM,7.11531,1647567300.0
0.927571,32.0,35.0,BSHM,7.16282,1647567600.0
1.30853,32.0,35.0,BSHM,7.17589,1647567900.0
0.924607,32.0,35.0,BSHM,9.0113,1647568200.0
1.341,32.0,35.0,BSHM,6.53655,1647568500.0
0.929242,32.0,35.0,BSHM,6.5994,1647568800.0
0.666353,32.0,35.0,BSHM,6.69857,1647569100.0
0.760406,32.0,35.0,BSHM,6.7366,1647569400.0
0.664773,32.0,35.0,BSHM,6.76761,1647569700.0
0.539146,32.0,35.0,BSHM,6.74365,1647570000.0
0.539578,32.0,35.0,BSHM,6.72698,1647570300.0
0.53881,32.0,35.0,BSHM,6.74509,1647570600.0
0.499755,32.0,35.0,BSHM,6.62488,1647570900.0
0.537432,32.0,35.0,BSHM,6.49883,1647571200.0
0.496998,32.0,35.0,BSHM,6.36698,1647571500.0
0.495847,32.0,35.0,BSHM,6.23344,1647571800.0
0.535497,32.0,35.0,BSHM,6.15264,1647572100.0
0.585021,32.0,35.0,BSHM,6.08294,1647572400.0
0.535376,32.0,35.0,BSHM,6.19447,1647572700.0
0.657899,32.0,35.0,BSHM,6.08118,1647573000.0
0.755622,32.0,35.0,BSHM,6.22026,1647573300.0
0.927583,32.0,35.0,BSHM,6.66623,1647573600.0
1.31612,32.0,35.0,BSHM,7.00033,1647573900.0
1.35245,32.0,35.0,BSHM,7.01316,1647574800.0
0.761476,32.0,35.0,BSHM,8.30438,1647575100.0
0.759844,32.0,35.0,BSHM,8.78117,1647575400.0
0.756014,32.0,35.0,BSHM,9.53823,1647575700.0
0.597187,32.0,35.0,BSHM,9.96889,1647576000.0
0.537941,32.0,35.0,BSHM,10.412,1647576300.0
0.496588,32.0,35.0,BSHM,10.9427,1647576600.0
0.497179,32.0,35.0,BSHM,11.4373,1647576900.0
0.450152,32.0,35.0,BSHM,11.9629,1647577200.0
0.393216,32.0,35.0,BSHM,12.4703,1647577500.0
0.465309,32.0,35.0,BSHM,13.0472,1647577800.0
0.46812,32.0,35.0,BSHM,13.7658,1647578100.0
0.541341,32.0,35.0,BSHM,14.3689,1647578400.0
0.593865,32.0,35.0,BSHM,15.0603,1647578700.0
0.544537,32.0,35.0,BSHM,15.5512,1647579000.0
0.598589,32.0,35.0,BSHM,16.0819,1647579300.0
0.9275,32.0,35.0,BSHM,15.8009,1647579600.0
0.654679,32.0,35.0,BSHM,16.0948,1647579900.0
0.585271,32.0,35.0,BSHM,16.366,1647580200.0
0.653802,32.0,35.0,BSHM,16.7389,1647580500.0
0.585552,32.0,35.0,BSHM,17.1229,1647580800.0
0.536415,32.0,35.0,BSHM,17.358,1647581100.0
0.495223,32.0,35.0,BSHM,17.6152,1647581400.0
0.533206,32.0,35.0,BSHM,17.8785,1647581700.0
0.584399,32.0,35.0,BSHM,18.0242,1647582000.0
0.653387,32.0,35.0,BSHM,18.0387,1647582300.0
0.584144,32.0,35.0,BSHM,18.0905,1647582600.0
0.584817,32.0,35.0,BSHM,17.9811,1647582900.0
0.596821,32.0,35.0,BSHM,17.893,1647583200.0
0.583151,32.0,35.0,BSHM,17.8805,1647583500.0
0.653185,32.0,35.0,BSHM,18.0847,1647583800.0
0.583725,32.0,35.0,BSHM,18.0672,1647584100.0
0.533428,32.0,35.0,BSHM,18.0609,1647584400.0
0.435573,32.0,35.0,BSHM,17.9737,1647584700.0
0.434258,32.0,35.0,BSHM,17.659,1647585000.0
0.46065,32.0,35.0,BSHM,17.9596,1647585300.0
0.461385,32.0,35.0,BSHM,18.1257,1647585600.0
0.582225,32.0,35.0,BSHM,18.1599,1647585900.0
0.583497,32.0,35.0,BSHM,18.2766,1647586200.0
0.65083,32.0,35.0,BSHM,18.5688,1647586500.0
0.582376,32.0,35.0,BSHM,18.8178,1647586800.0
0.752135,32.0,35.0,BSHM,19.1013,1647587100.0
1.30272,32.0,35.0,BSHM,19.5307,1647587400.0
1.30506,32.0,35.0,BSHM,19.7362,1647587700.0
1.30749,32.0,35.0,BSHM,22.9813,1647589500.0
1.30228,32.0,35.0,BSHM,23.2819,1647589800.0
0.845455,32.0,35.0,BSHM,23.7884,1647590100.0
0.958699,32.0,35.0,BSHM,24.1316,1647590400.0
0.671494,32.0,35.0,BSHM,24.463,1647590700.0
0.78192,32.0,35.0,BSHM,24.6164,1647591000.0
0.934171,32.0,35.0,BSHM,24.9918,1647591300.0
0.935363,32.0,35.0,BSHM,25.4306,1647591600.0
0.942672,32.0,35.0,BSHM,25.7504,1647591900.0
1.33988,32.0,35.0,BSHM,25.9939,1647592200.0
1.30619,32.0,35.0,BSHM,24.682,1647593100.0
1.30249,32.0,35.0,BSHM,24.6722,1647593400.0
0.921496,32.0,35.0,BSHM,25.4518,1647593700.0
1.30413,32.0,35.0,BSHM,26.4543,1647594000.0
1.30995,32.0,35.0,BSHM,27.6814,1647594300.0
0.950978,32.0,35.0,BSHM,26.7557,1647594600.0
1.30661,32.0,35.0,BSHM,25.9882,1647594900.0
1.30699,32.0,35.0,BSHM,26.3956,1647595200.0
0.95507,32.0,35.0,BSHM,28.3351,1647597600.0
0.698062,32.0,35.0,BSHM,28.7118,1647597900.0
0.775911,32.0,35.0,BSHM,28.934,1647598200.0
0.618343,32.0,35.0,BSHM,29.0938,1647598500.0
0.552666,32.0,35.0,BSHM,29.2797,1647598800.0
0.483655,32.0,35.0,BSHM,29.1845,1647599100.0
0.445633,32.0,35.0,BSHM,29.3217,1647599400.0
0.471779,32.0,35.0,BSHM,29.3752,1647599700.0
0.505914,32.0,35.0,BSHM,29.4124,1647600000.0
0.538867,32.0,35.0,BSHM,29.4131,1647600300.0
0.590376,32.0,35.0,BSHM,29.5088,1647600600.0
0.664436,32.0,35.0,BSHM,29.3252,1647600900.0
0.675676,32.0,35.0,BSHM,29.31,1647601200.0
1.33308,32.0,35.0,BSHM,29.5731,1647601500.0
0.852791,32.0,35.0,BSHM,28.968,1647601800.0
0.619212,32.0,35.0,BSHM,28.8041,1647602100.0
0.53651,32.0,35.0,BSHM,28.5706,1647602400.0
0.490125,32.0,35.0,BSHM,28.3619,1647602700.0
0.454185,32.0,35.0,BSHM,28.1539,1647603000.0
0.461588,32.0,35.0,BSHM,28.0075,1647603300.0
0.427803,32.0,35.0,BSHM,27.9596,1647603600.0
0.430158,32.0,35.0,BSHM,27.6247,1647603900.0
0.424156,32.0,35.0,BSHM,27.5357,1647604200.0
0.441817,32.0,35.0,BSHM,27.2398,1647604500.0
0.470507,32.0,35.0,BSHM,26.9716,1647604800.0
0.47649,32.0,35.0,BSHM,26.6039,1647605100.0
0.476844,32.0,35.0,BSHM,26.4248,1647605400.0
0.494226,32.0,35.0,BSHM,26.0886,1647605700.0
0.472891,32.0,35.0,BSHM,25.685,1647606000.0
0.457577,32.0,35.0,BSHM,25.1155,1647606300.0
0.413811,32.0,35.0,BSHM,25.0715,1647606600.0
0.428643,32.0,35.0,BSHM,24.8738,1647606900.0
0.424536,32.0,35.0,BSHM,24.9554,1647607200.0
0.413065,32.0,35.0,BSHM,24.7342,1647607500.0
0.474035,32.0,35.0,BSHM,24.9722,1647607800.0
0.48903,32.0,35.0,BSHM,25.1689,1647608100.0
0.59425,32.0,35.0,BSHM,26.0084,1647608400.0
0.563912,32.0,35.0,BSHM,25.5672,1647608700.0
0.68123,32.0,35.0,BSHM,25.1921,1647609000.0
0.770602,32.0,35.0,BSHM,24.8103,1647609300.0
0.606742,32.0,35.0,BSHM,24.283,1647609600.0
0.662362,32.0,35.0,BSHM,24.0833,1647609900.0
0.506013,32.0,35.0,BSHM,23.6296,1647610200.0
0.591266,32.0,35.0,BSHM,23.6661,1647610500.0
0.542583,32.0,35.0,BSHM,23.7074,1647610800.0
0.540768,32.0,35.0,BSHM,23.7711,1647611100.0
0.658897,32.0,35.0,BSHM,23.8647,1647611400.0
0.667822,32.0,35.0,BSHM,23.9627,1647611700.0
0.685427,32.0,35.0,BSHM,23.7693,1647612000.0
0.685884,32.0,35.0,BSHM,23.3734,1647612300.0
0.606328,32.0,35.0,BSHM,23.101,1647612600.0
0.608847,32.0,35.0,BSHM,21.538,1647612900.0
0.605075,32.0,35.0,BSHM,21.3242,1647613200.0
0.557493,32.0,35.0,BSHM,21.2865,1647613500.0
0.566466,32.0,35.0,BSHM,21.1927,1647613800.0
0.602685,32.0,35.0,BSHM,20.7433,1647614100.0
0.8299,32.0,35.0,BSHM,21.1847,1647614400.0
0.725197,32.0,35.0,BSHM,19.6039,1647614700.0
0.777299,32.0,35.0,BSHM,19.2403,1647615000.0
0.845599,32.0,35.0,BSHM,18.8325,1647615300.0
1.13679,32.0,35.0,BSHM,17.462,1647618000.0
0.980657,32.0,35.0,BSHM,17.2071,1647618300.0
0.679313,32.0,35.0,BSHM,16.6493,1647618600.0
0.688255,32.0,35.0,BSHM,16.4233,1647618900.0
0.614225,32.0,35.0,BSHM,16.0958,1647619200.0
0.554329,32.0,35.0,BSHM,15.7571,1647619500.0
0.604246,32.0,35.0,BSHM,15.4556,1647619800.0
0.61959,32.0,35.0,BSHM,15.2033,1647620100.0
0.577469,32.0,35.0,BSHM,14.7966,1647620400.0
0.556884,32.0,35.0,BSHM,14.6273,1647620700.0
0.519748,32.0,35.0,BSHM,14.5566,1647621000.0
0.602777,32.0,35.0,BSHM,14.3845,1647621300.0
0.611311,32.0,35.0,BSHM,14.2362,1647621600.0
0.662364,32.0,35.0,BSHM,13.9232,1647621900.0
0.661375,32.0,35.0,BSHM,13.4221,1647622200.0
0.543214,32.0,35.0,BSHM,12.937,1647622500.0
0.551118,32.0,35.0,BSHM,12.5578,1647622800.0
0.593011,32.0,35.0,BSHM,12.1972,1647623100.0
0.667226,32.0,35.0,BSHM,11.7363,1647623400.0
0.602285,32.0,35.0,BSHM,11.4499,1647623700.0
0.612383,32.0,35.0,BSHM,11.3251,1647624000.0
0.552935,32.0,35.0,BSHM,11.0382,1647624300.0
0.506998,32.0,35.0,BSHM,10.6766,1647624600.0
0.455168,32.0,35.0,BSHM,10.3716,1647624900.0
0.509919,32.0,35.0,BSHM,10.0358,1647625200.0
0.512371,32.0,35.0,BSHM,9.48693,1647625500.0
0.505211,32.0,35.0,BSHM,9.05005,1647625800.0
0.502178,32.0,35.0,BSHM,8.73474,1647626100.0
0.520442,32.0,35.0,BSHM,8.48628,1647626400.0
0.504601,32.0,35.0,BSHM,7.88452,1647626700.0
0.623782,32.0,35.0,BSHM,7.83437,1647627000.0
0.671995,32.0,35.0,BSHM,7.8922,1647627300.0
0.666612,32.0,35.0,BSHM,7.70958,1647627600.0
0.637479,32.0,35.0,BSHM,7.59186,1647627900.0
0.502806,32.0,35.0,BSHM,7.37094,1647628200.0
0.467213,32.0,35.0,BSHM,7.33194,1647628500.0
0.506796,32.0,35.0,BSHM,7.22544,1647628800.0
0.503851,32.0,35.0,BSHM,7.00511,1647629100.0
0.448989,32.0,35.0,BSHM,6.92155,1647629400.0
0.483304,32.0,35.0,BSHM,6.91047,1647629700.0
0.543234,32.0,35.0,BSHM,6.7533,1647630000.0
0.549875,32.0,35.0,BSHM,6.91117,1647630300.0
0.602223,32.0,35.0,BSHM,6.88428,1647630600.0
0.949639,32.0,35.0,BSHM,6.37374,1647630900.0
1.32657,32.0,35.0,BSHM,6.24819,1647631200.0
1.41984,32.0,35.0,BSHM,6.17092,1647631500.0
1.33394,32.0,35.0,BSHM,8.41344,1647631800.0
1.3174,32.0,35.0,BSHM,8.48394,1647632100.0
1.31878,32.0,35.0,BSHM,8.6278,1647632400.0
1.33212,32.0,35.0,BSHM,8.70494,1647632700.0
1.32252,32.0,35.0,BSHM,7.2938,1647633000.0
0.951279,32.0,35.0,BSHM,7.39619,1647633300.0
0.939528,32.0,35.0,BSHM,7.48642,1647633600.0
0.762972,32.0,35.0,BSHM,7.67715,1647633900.0
0.754548,32.0,35.0,BSHM,7.87415,1647634200.0
0.653547,32.0,35.0,BSHM,8.04376,1647634500.0
0.588269,32.0,35.0,BSHM,8.00404,1647634800.0
0.65713,32.0,35.0,BSHM,8.09853,1647635100.0
0.588845,32.0,35.0,BSHM,8.19073,1647635400.0
0.574568,32.0,35.0,BSHM,8.2096,1647635700.0
0.571273,32.0,35.0,BSHM,8.24943,1647636000.0
0.58768,32.0,35.0,BSHM,8.50377,1647636300.0
0.586864,32.0,35.0,BSHM,8.64765,1647636600.0
0.658336,32.0,35.0,BSHM,8.75663,1647636900.0
0.658608,32.0,35.0,BSHM,8.83035,1647637200.0
0.758016,32.0,35.0,BSHM,8.8232,1647637500.0
0.765968,32.0,35.0,BSHM,8.84131,1647637800.0
0.821916,32.0,35.0,BSHM,8.52368,1647638100.0
1.34297,32.0,35.0,BSHM,8.24901,1647638400.0
0.937622,32.0,35.0,BSHM,8.30158,1647638700.0
0.779082,32.0,35.0,BSHM,8.14708,1647639000.0
0.935029,32.0,35.0,BSHM,8.24574,1647639300.0
0.806111,32.0,35.0,BSHM,8.23804,1647639600.0
0.759449,32.0,35.0,BSHM,8.09638,1647639900.0
0.757329,32.0,35.0,BSHM,8.22619,1647640200.0
0.535428,32.0,35.0,BSHM,8.33466,1647640500.0
0.498524,32.0,35.0,BSHM,8.44753,1647640800.0
0.535011,32.0,35.0,BSHM,8.56507,1647641100.0
0.462954,32.0,35.0,BSHM,8.51116,1647641400.0
0.4632,32.0,35.0,BSHM,8.57841,1647641700.0
0.535255,32.0,35.0,BSHM,8.86331,1647642000.0
0.49921,32.0,35.0,BSHM,8.70826,1647642300.0
0.586565,32.0,35.0,BSHM,8.33851,1647642600.0
0.658348,32.0,35.0,BSHM,8.15216,1647642900.0
0.604419,32.0,35.0,BSHM,7.89674,1647643200.0
0.777224,32.0,35.0,BSHM,7.6951,1647643500.0
0.75865,32.0,35.0,BSHM,8.46287,1647643800.0
0.75909,32.0,35.0,BSHM,9.29973,1647644100.0
0.756601,32.0,35.0,BSHM,9.39777,1647644400.0
0.756031,32.0,35.0,BSHM,9.49704,1647644700.0
0.755982,32.0,35.0,BSHM,9.62674,1647645000.0
0.755477,32.0,35.0,BSHM,9.72197,1647645300.0
0.921707,32.0,35.0,BSHM,9.77869,1647645600.0
0.922143,32.0,35.0,BSHM,9.8098,1647645900.0
1.30539,32.0,35.0,BSHM,9.81613,1647646200.0
1.31564,32.0,35.0,BSHM,8.41738,1647646500.0
0.930689,32.0,35.0,BSHM,8.53327,1647646800.0
0.754125,32.0,35.0,BSHM,8.22348,1647647100.0
0.756738,32.0,35.0,BSHM,8.62101,1647647400.0
0.534162,32.0,35.0,BSHM,8.70759,1647647700.0
1.30576,35.0,33.0,NICO,4.84235,1647561600.0
1.32691,35.0,33.0,NICO,5.77301,1647564900.0
0.923324,35.0,33.0,NICO,6.5345,1647565200.0
1.30344,35.0,33.0,NICO,5.51234,1647565500.0
0.757437,35.0,33.0,NICO,5.38582,1647565800.0
0.587967,35.0,33.0,NICO,5.47078,1647566100.0
0.534426,35.0,33.0,NICO,5.54823,1647566400.0
0.585822,35.0,33.0,NICO,5.57775,1647566700.0
0.756787,35.0,33.0,NICO,5.60149,1647567000.0
0.930922,35.0,33.0,NICO,5.7103,1647567300.0
0.939627,35.0,33.0,NICO,6.33819,1647571500.0
0.93642,35.0,33.0,NICO,5.36524,1647571800.0
0.538362,35.0,33.0,NICO,5.23913,1647572100.0
0.466035,35.0,33.0,NICO,5.37413,1647572400.0
0.548246,35.0,33.0,NICO,5.1303,1647572700.0
0.660903,35.0,33.0,NICO,4.28672,1647573000.0
0.761512,35.0,33.0,NICO,4.06157,1647573300.0
1.3136,35.0,33.0,NICO,7.47946,1647575100.0
1.41551,35.0,33.0,NICO,12.4542,1647578700.0
0.652779,35.0,33.0,NICO,11.9969,1647579000.0
0.549888,35.0,33.0,NICO,12.4308,1647579300.0
0.67503,35.0,33.0,NICO,12.7091,1647579600.0
0.704982,35.0,33.0,NICO,13.0393,1647579900.0
0.827695,35.0,33.0,NICO,13.3457,1647580200.0
0.762333,35.0,33.0,NICO,14.9703,1647583200.0
0.762729,35.0,33.0,NICO,15.1796,1647583500.0
0.662456,35.0,33.0,NICO,15.3815,1647583800.0
0.774838,35.0,33.0,NICO,15.6187,1647584100.0
1.37299,35.0,33.0,NICO,16.0809,1647584400.0
1.30347,35.0,33.0,NICO,18.8758,1647586500.0
1.30669,35.0,33.0,NICO,13.4301,1647586800.0
1.30664,35.0,33.0,NICO,13.5007,1647587100.0
0.929216,35.0,33.0,NICO,20.7414,1647587700.0
0.926638,35.0,33.0,NICO,21.035,1647588000.0
0.663249,35.0,33.0,NICO,21.2895,1647588300.0
0.758096,35.0,33.0,NICO,21.4498,1647588600.0
0.770523,35.0,33.0,NICO,21.6423,1647588900.0
0.923617,35.0,33.0,NICO,20.9669,1647589200.0
1.30123,35.0,33.0,NICO,20.5207,1647589500.0
1.32509,35.0,33.0,NICO,19.6665,1647589800.0
1.30346,35.0,33.0,NICO,19.7104,1647590100.0
1.30802,35.0,33.0,NICO,19.6937,1647590400.0
1.38233,35.0,33.0,NICO,21.8983,1647593400.0
0.758561,35.0,33.0,NICO,22.088,1647593700.0
0.930121,35.0,33.0,NICO,22.5306,1647594000.0
0.761294,35.0,33.0,NICO,23.2262,1647594300.0
0.547054,35.0,33.0,NICO,24.0002,1647594600.0
0.500817,35.0,33.0,NICO,24.3935,1647594900.0
0.440755,35.0,33.0,NICO,24.8353,1647595200.0
0.538939,35.0,33.0,NICO,25.0271,1647595500.0
0.671034,35.0,33.0,NICO,25.0646,1647595800.0
0.759667,35.0,33.0,NICO,25.2224,1647596100.0
1.4434,35.0,33.0,NICO,24.5812,1647596400.0
1.30792,35.0,33.0,NICO,28.2118,1647597000.0
1.30196,35.0,33.0,NICO,28.0388,1647597300.0
1.30703,35.0,33.0,NICO,24.3049,1647599400.0
1.30473,35.0,33.0,NICO,24.2255,1647599700.0
1.37875,35.0,33.0,NICO,25.9101,1647600600.0
0.932775,35.0,33.0,NICO,25.2594,1647600900.0
0.542735,35.0,33.0,NICO,24.8562,1647601200.0
0.464911,35.0,33.0,NICO,24.8708,1647601500.0
0.496513,35.0,33.0,NICO,24.813,1647601800.0
0.682472,35.0,33.0,NICO,24.7605,1647602100.0
0.756518,35.0,33.0,NICO,25.0106,1647602400.0
1.30155,35.0,33.0,NICO,24.85,1647602700.0
1.44537,35.0,33.0,NICO,23.5195,1647603600.0
0.764346,35.0,33.0,NICO,23.6016,1647603900.0
0.670659,35.0,33.0,NICO,23.5253,1647604200.0
0.766889,35.0,33.0,NICO,23.3002,1647604500.0
0.929116,35.0,33.0,NICO,23.2778,1647604800.0
0.997454,35.0,33.0,NICO,23.1478,1647605100.0
1.30495,35.0,33.0,NICO,23.4917,1647606600.0
1.30302,35.0,33.0,NICO,23.2194,1647606900.0
1.31103,35.0,33.0,NICO,22.9985,1647607200.0
1.30116,35.0,33.0,NICO,21.2867,1647608400.0
1.30316,35.0,33.0,NICO,22.7244,1647609000.0
1.30172,35.0,33.0,NICO,18.4,1647613200.0
1.30187,35.0,33.0,NICO,18.5426,1647613500.0
1.48383,35.0,33.0,NICO,19.3387,1647615300.0
1.33744,35.0,33.0,NICO,19.1138,1647615600.0
0.798071,35.0,33.0,NICO,18.698,1647615900.0
1.31003,35.0,33.0,NICO,18.2838,1647616200.0
0.776254,35.0,33.0,NICO,17.8481,1647616500.0
0.658715,35.0,33.0,NICO,16.5107,1647616800.0
1.31534,35.0,33.0,NICO,15.7083,1647621900.0
1.3049,35.0,33.0,NICO,15.3075,1647622200.0
1.3075,35.0,33.0,NICO,14.883,1647622500.0
0.835724,35.0,33.0,NICO,11.5912,1647622800.0
0.662143,35.0,33.0,NICO,10.4479,1647623100.0
0.591674,35.0,33.0,NICO,9.25154,1647623400.0
0.540775,35.0,33.0,NICO,8.90566,1647623700.0
0.596026,35.0,33.0,NICO,8.60923,1647624000.0
0.755041,35.0,33.0,NICO,8.30532,1647624300.0
1.32533,35.0,33.0,NICO,8.0823,1647624600.0
0.761119,35.0,33.0,NICO,7.52536,1647624900.0
0.757145,35.0,33.0,NICO,7.3658,1647625200.0
0.658139,35.0,33.0,NICO,7.23439,1647625500.0
0.757438,35.0,33.0,NICO,7.11944,1647625800.0
1.31231,35.0,33.0,NICO,6.95604,1647626100.0
0.957457,35.0,33.0,NICO,8.10319,1647626400.0
1.30236,35.0,33.0,NICO,9.1074,1647626700.0
1.31559,35.0,33.0,NICO,6.39656,1647629700.0
0.752908,35.0,33.0,NICO,6.19146,1647630000.0
0.659475,35.0,33.0,NICO,6.01964,1647630300.0
0.450744,35.0,33.0,NICO,6.11484,1647630600.0
0.535079,35.0,33.0,NICO,6.00427,1647630900.0
0.58769,35.0,33.0,NICO,5.72467,1647631200.0
0.923137,35.0,33.0,NICO,5.71747,1647631500.0
1.32382,35.0,33.0,NICO,5.73756,1647631800.0
1.32594,35.0,33.0,NICO,6.27661,1647633900.0
0.934551,35.0,33.0,NICO,6.38917,1647634200.0
0.762179,35.0,33.0,NICO,6.47506,1647634500.0
1.3037,35.0,33.0,NICO,6.62771,1647634800.0
1.30578,35.0,33.0,NICO,6.69721,1647635100.0
1.52283,35.0,33.0,NICO,6.1787,1647635700.0
0.805105,35.0,33.0,NICO,6.22752,1647636000.0
0.565305,35.0,33.0,NICO,6.30246,1647636300.0
0.6429,35.0,33.0,NICO,6.38403,1647636600.0
0.698272,35.0,33.0,NICO,6.46563,1647636900.0
0.802708,35.0,33.0,NICO,6.52859,1647637200.0
0.981207,35.0,33.0,NICO,7.39169,1647637500.0
1.30429,35.0,33.0,NICO,7.92687,1647637800.0
0.756427,35.0,33.0,NICO,6.76389,1647638100.0
0.585039,35.0,33.0,NICO,6.85704,1647638400.0
0.58348,35.0,33.0,NICO,6.93467,1647638700.0
0.587635,35.0,33.0,NICO,6.98676,1647639000.0
0.751842,35.0,33.0,NICO,7.08371,1647639300.0
1.30938,35.0,33.0,NICO,7.12667,1647639600.0
1.30217,35.0,33.0,NICO,7.31751,1647640800.0
1.30234,35.0,33.0,NICO,7.298,1647641100.0
0.932715,35.0,33.0,NICO,7.3553,1647642900.0
0.927555,35.0,33.0,NICO,7.38747,1647643200.0
0.757498,35.0,33.0,NICO,7.55532,1647643500.0
0.760612,35.0,33.0,NICO,7.53766,1647643800.0
1.30251,35.0,33.0,NICO,6.64743,1647644100.0
1.32851,35.0,33.0,NICO,7.23806,1647644700.0
1.30428,35.0,33.0,NICO,7.22736,1647645000.0
0.762424,35.0,33.0,NICO,7.26206,1647645300.0
0.654723,35.0,33.0,NICO,6.98874,1647645600.0
0.588975,35.0,33.0,NICO,7.05678,1647645900.0
0.673462,35.0,33.0,NICO,7.1963,1647646200.0
0.757108,35.0,33.0,NICO,7.13871,1647646500.0
0.75696,35.0,33.0,NICO,6.08319,1647646800.0
1.30469,35.0,33.0,NICO,4.41362,1647647100.0
1.30317,40.0,44.0,ARUC,5.06762,1647648300.0
1.30247,40.0,44.0,ARUC,5.14974,1647648600.0
1.30233,40.0,44.0,ARUC,5.20229,1647648900.0
1.30222,40.0,44.0,ARUC,5.32974,1647649200.0
0.923877,40.0,44.0,ARUC,4.8293,1647649500.0
0.413694,40.0,44.0,ARUC,4.2675,1647649800.0
0.463217,40.0,44.0,ARUC,4.53477,1647650100.0
1.30232,40.0,44.0,ARUC,6.11474,1647650400.0
1.3036,40.0,44.0,ARUC,6.30485,1647650700.0
0.93864,40.0,44.0,ARUC,4.14888,1647654600.0
0.927944,40.0,44.0,ARUC,4.12529,1647654900.0
1.30123,40.0,44.0,ARUC,6.76865,1647655500.0
1.30123,40.0,44.0,ARUC,6.71927,1647655800.0
0.922517,40.0,44.0,ARUC,6.41993,1647656700.0
0.920778,40.0,44.0,ARUC,6.4595,1647657000.0
0.926079,40.0,44.0,ARUC,6.48726,1647657300.0
1.30173,40.0,44.0,ARUC,7.07429,1647657600.0
1.30187,40.0,44.0,ARUC,7.12634,1647657900.0
1.3018,40.0,44.0,ARUC,7.27033,1647658200.0
0.752625,40.0,44.0,ARUC,7.14463,1647658500.0
0.75231,40.0,44.0,ARUC,7.42741,1647658800.0
0.921934,40.0,44.0,ARUC,7.70448,1647659100.0
0.922202,40.0,44.0,ARUC,8.05563,1647659400.0
0.927161,40.0,44.0,ARUC,8.3781,1647659700.0
0.660174,40.0,44.0,ARUC,7.72554,1647660000.0
0.497844,40.0,44.0,ARUC,7.2448,1647660300.0
1.30979,40.0,44.0,ARUC,10.4494,1647660600.0
1.30929,40.0,44.0,ARUC,10.7605,1647660900.0
1.3296,40.0,44.0,ARUC,10.916,1647661200.0
1.30705,40.0,44.0,ARUC,12.9926,1647661800.0
1.30166,40.0,44.0,ARUC,13.141,1647662100.0
0.922132,40.0,44.0,ARUC,12.7608,1647662400.0
1.3015,40.0,44.0,ARUC,13.4724,1647662700.0
1.30315,40.0,44.0,ARUC,11.1325,1647663600.0
1.30671,40.0,44.0,ARUC,11.2136,1647663900.0
1.30122,40.0,44.0,ARUC,16.2335,1647666000.0
1.30114,40.0,44.0,ARUC,16.2798,1647666300.0
1.30116,40.0,44.0,ARUC,16.414,1647666600.0
0.924735,40.0,44.0,ARUC,13.4764,1647668400.0
0.652826,40.0,44.0,ARUC,13.3256,1647668700.0
0.65137,40.0,44.0,ARUC,14.9706,1647669000.0
1.31206,40.0,44.0,ARUC,16.1068,1647669900.0
1.30578,40.0,44.0,ARUC,18.4672,1647671100.0
1.30361,40.0,44.0,ARUC,18.5603,1647671400.0
1.30332,40.0,44.0,ARUC,18.6628,1647671700.0
1.3033,40.0,44.0,ARUC,18.6743,1647672000.0
1.30305,40.0,44.0,ARUC,18.6997,1647672300.0
1.30476,40.0,44.0,ARUC,18.8408,1647672600.0
1.32053,40.0,44.0,ARUC,19.4782,1647673200.0
0.973672,40.0,44.0,ARUC,20.1,1647673500.0
0.931004,40.0,44.0,ARUC,20.4255,1647673800.0
0.932112,40.0,44.0,ARUC,20.7487,1647674100.0
0.934403,40.0,44.0,ARUC,21.0542,1647674400.0
1.31507,40.0,44.0,ARUC,21.3601,1647674700.0
1.3137,40.0,44.0,ARUC,21.8028,1647675000.0
1.34594,40.0,44.0,ARUC,22.0431,1647675300.0
1.30209,40.0,44.0,ARUC,21.9164,1647675900.0
0.922453,40.0,44.0,ARUC,21.8617,1647676200.0
0.9222,40.0,44.0,ARUC,22.1273,1647676500.0
0.921495,40.0,44.0,ARUC,21.1541,1647676800.0
1.30506,40.0,44.0,ARUC,22.426,1647677100.0
1.30503,40.0,44.0,ARUC,22.7729,1647677400.0
1.30522,40.0,44.0,ARUC,23.085,1647677700.0
1.30285,40.0,44.0,ARUC,24.2357,1647681600.0
1.32653,40.0,44.0,ARUC,21.8988,1647683400.0
1.31272,40.0,44.0,ARUC,22.0196,1647683700.0
1.31171,40.0,44.0,ARUC,22.2554,1647684000.0
1.31086,40.0,44.0,ARUC,22.4746,1647684300.0
1.31186,40.0,44.0,ARUC,22.5937,1647684600.0
0.658053,40.0,44.0,ARUC,22.5732,1647684900.0
0.532823,40.0,44.0,ARUC,22.3168,1647685200.0
0.925414,40.0,44.0,ARUC,23.3547,1647685500.0
0.954072,40.0,44.0,ARUC,23.2858,1647685800.0
1.302,40.0,44.0,ARUC,23.2373,1647686100.0
1.30225,40.0,44.0,ARUC,23.3919,1647686400.0
1.30553,40.0,44.0,ARUC,22.7588,1647686700.0
1.32199,40.0,44.0,ARUC,22.6667,1647687000.0
1.30234,40.0,44.0,ARUC,21.6093,1647690000.0
1.30221,40.0,44.0,ARUC,21.5889,1647690300.0
1.3021,40.0,44.0,ARUC,21.7143,1647690600.0
1.3021,40.0,44.0,ARUC,21.7917,1647690900.0
0.920446,40.0,44.0,ARUC,23.165,1647691200.0
0.752918,40.0,44.0,ARUC,22.7022,1647691500.0
1.30138,40.0,44.0,ARUC,24.1508,1647691800.0
0.493452,40.0,44.0,ARUC,21.3076,1647692100.0
0.532726,40.0,44.0,ARUC,20.1935,1647692400.0
1.30239,40.0,44.0,ARUC,20.9146,1647692700.0
0.922118,40.0,44.0,ARUC,20.1158,1647693000.0
1.30398,40.0,44.0,ARUC,20.3552,1647693300.0
1.30256,40.0,44.0,ARUC,20.086,1647693600.0
1.30249,40.0,44.0,ARUC,19.7094,1647693900.0
1.30272,40.0,44.0,ARUC,19.381,1647694200.0
1.30453,40.0,44.0,ARUC,19.2094,1647694500.0
1.30313,40.0,44.0,ARUC,21.8264,1647695400.0
1.30119,40.0,44.0,ARUC,21.8026,1647696900.0
1.30129,40.0,44.0,ARUC,21.744,1647697200.0
1.30253,40.0,44.0,ARUC,18.6292,1647699900.0
1.30211,40.0,44.0,ARUC,18.5323,1647700200.0
1.30206,40.0,44.0,ARUC,18.331,1647700500.0
1.30222,40.0,44.0,ARUC,18.1203,1647700800.0
0.601734,40.0,44.0,ARUC,20.2381,1647701100.0
0.75594,40.0,44.0,ARUC,17.0964,1647701400.0
0.463029,40.0,44.0,ARUC,16.8755,1647701700.0
0.496064,40.0,44.0,ARUC,16.55,1647702000.0
1.31672,40.0,44.0,ARUC,14.0299,1647704100.0
0.924133,40.0,44.0,ARUC,14.3475,1647704400.0
0.923877,40.0,44.0,ARUC,14.1509,1647704700.0
0.924332,40.0,44.0,ARUC,14.0294,1647705000.0
0.756337,40.0,44.0,ARUC,12.801,1647705300.0
0.379175,40.0,44.0,ARUC,12.2258,1647705600.0
0.593719,40.0,44.0,ARUC,12.2141,1647705900.0
1.30664,40.0,44.0,ARUC,12.46,1647706200.0
1.30699,40.0,44.0,ARUC,12.3018,1647706500.0
1.30651,40.0,44.0,ARUC,12.0425,1647706800.0
1.33757,40.0,44.0,ARUC,11.881,1647707100.0
0.922243,40.0,44.0,ARUC,8.55271,1647709500.0
0.921708,40.0,44.0,ARUC,8.47041,1647709800.0
0.9216,40.0,44.0,ARUC,8.38171,1647710100.0
0.921681,40.0,44.0,ARUC,8.24632,1647710400.0
0.921776,40.0,44.0,ARUC,8.11411,1647710700.0
0.924332,40.0,44.0,ARUC,8.03027,1647711000.0
1.30183,40.0,44.0,ARUC,7.85983,1647711300.0
1.3019,40.0,44.0,ARUC,7.67096,1647711600.0
1.30198,40.0,44.0,ARUC,7.50714,1647711900.0
1.30396,40.0,44.0,ARUC,7.42834,1647712200.0
0.753268,40.0,44.0,ARUC,8.06668,1647712500.0
0.652152,40.0,44.0,ARUC,7.68929,1647712800.0
1.30818,40.0,44.0,ARUC,6.59477,1647714900.0
0.756589,40.0,44.0,ARUC,8.12666,1647715200.0
0.92177,40.0,44.0,ARUC,6.4493,1647715500.0
0.922157,40.0,44.0,ARUC,6.46758,1647715800.0
1.30676,40.0,44.0,ARUC,6.95846,1647716100.0
1.30619,40.0,44.0,ARUC,7.05884,1647716400.0
1.30569,40.0,44.0,ARUC,7.19037,1647716700.0
1.34887,40.0,44.0,ARUC,7.22303,1647717000.0
1.30787,40.0,44.0,ARUC,5.61909,1647718200.0
1.30797,40.0,44.0,ARUC,5.65528,1647718500.0
1.30866,40.0,44.0,ARUC,5.73414,1647718800.0
1.30809,40.0,44.0,ARUC,5.83509,1647719100.0
0.923837,40.0,44.0,ARUC,6.20458,1647719400.0
0.924024,40.0,44.0,ARUC,6.35161,1647719700.0
1.30505,40.0,44.0,ARUC,6.76817,1647720000.0
0.922032,40.0,44.0,ARUC,7.94743,1647720300.0
0.92178,40.0,44.0,ARUC,7.87713,1647720600.0
0.921615,40.0,44.0,ARUC,7.70334,1647720900.0
1.31184,40.0,44.0,ARUC,8.21219,1647721200.0
1.34024,40.0,44.0,ARUC,6.80463,1647721500.0
1.30421,40.0,44.0,ARUC,6.15853,1647723600.0
1.30325,40.0,44.0,ARUC,6.05604,1647723900.0
1.30349,40.0,44.0,ARUC,5.95628,1647724200.0
1.30323,40.0,44.0,ARUC,5.85692,1647724500.0
0.924876,40.0,44.0,ARUC,6.60953,1647724800.0
1.30297,40.0,44.0,ARUC,7.55982,1647725100.0
1.30302,40.0,44.0,ARUC,7.85268,1647725400.0
1.30321,40.0,44.0,ARUC,8.13899,1647725700.0
1.30639,40.0,44.0,ARUC,3.89804,1647727200.0
1.31124,40.0,44.0,ARUC,3.8868,1647727500.0
1.31217,40.0,44.0,ARUC,6.07557,1647728400.0
1.30897,40.0,44.0,ARUC,6.21616,1647728700.0
1.30833,40.0,44.0,ARUC,6.33239,1647729000.0
1.30907,40.0,44.0,ARUC,6.49013,1647729300.0
0.936449,40.0,44.0,ARUC,5.72737,1647729600.0
0.588158,40.0,44.0,ARUC,4.09211,1647729900.0
0.467257,40.0,44.0,ARUC,5.66499,1647730200.0
0.598079,40.0,44.0,ARUC,5.22468,1647730500.0
0.675139,40.0,44.0,ARUC,4.52612,1647730800.0
1.31888,40.0,44.0,ARUC,8.4383,1647731100.0
1.31189,40.0,44.0,ARUC,8.55769,1647731400.0
0.923993,40.0,44.0,ARUC,8.58983,1647731700.0
0.925033,40.0,44.0,ARUC,8.56328,1647732000.0
1.30263,40.0,44.0,ARUC,8.60831,1647732300.0
1.30254,40.0,44.0,ARUC,8.75651,1647732600.0
1.3028,40.0,44.0,ARUC,8.84014,1647732900.0
1.38709,40.0,44.0,ARUC,3.67688,1647733200.0
0.654983,32.0,35.0,BSHM,6.86721,1647648000.0
0.658147,32.0,35.0,BSHM,6.69086,1647648300.0
0.535109,32.0,35.0,BSHM,6.53865,1647648600.0
0.535064,32.0,35.0,BSHM,6.55887,1647648900.0
0.585552,32.0,35.0,BSHM,6.52417,1647649200.0
0.585838,32.0,35.0,BSHM,6.57039,1647649500.0
0.601391,32.0,35.0,BSHM,6.69172,1647649800.0
0.752388,32.0,35.0,BSHM,7.63069,1647650100.0
0.92196,32.0,35.0,BSHM,7.79773,1647650400.0
1.30437,32.0,35.0,BSHM,7.87102,1647650700.0
1.31878,32.0,35.0,BSHM,7.86509,1647651000.0
1.54408,32.0,35.0,BSHM,6.40458,1647651900.0
0.93018,32.0,35.0,BSHM,6.59581,1647652200.0
0.930852,32.0,35.0,BSHM,6.53372,1647652500.0
0.760609,32.0,35.0,BSHM,6.39265,1647652800.0
0.769207,32.0,35.0,BSHM,6.17127,1647653100.0
0.766423,32.0,35.0,BSHM,6.11523,1647653400.0
0.936564,32.0,35.0,BSHM,6.04294,1647653700.0
1.323,32.0,35.0,BSHM,5.93434,1647654000.0
0.762506,32.0,35.0,BSHM,6.28976,1647654300.0
0.776862,32.0,35.0,BSHM,5.67406,1647654600.0
0.780386,32.0,35.0,BSHM,5.65365,1647654900.0
0.93705,32.0,35.0,BSHM,5.60954,1647655200.0
0.764049,32.0,35.0,BSHM,5.61658,1647655500.0
0.763465,32.0,35.0,BSHM,5.63541,1647655800.0
0.934513,32.0,35.0,BSHM,5.70097,1647656100.0
0.936228,32.0,35.0,BSHM,5.74552,1647656400.0
0.957656,32.0,35.0,BSHM,5.77458,1647656700.0
0.957399,32.0,35.0,BSHM,5.59437,1647657000.0
0.930009,32.0,35.0,BSHM,5.57836,1647657300.0
0.772372,32.0,35.0,BSHM,5.14699,1647657600.0
0.755893,32.0,35.0,BSHM,5.11287,1647657900.0
0.584977,32.0,35.0,BSHM,4.95691,1647658200.0
0.653637,32.0,35.0,BSHM,5.26358,1647658500.0
0.755104,32.0,35.0,BSHM,5.08897,1647658800.0
0.764417,32.0,35.0,BSHM,5.21595,1647659100.0
0.789764,32.0,35.0,BSHM,6.17552,1647659400.0
0.788294,32.0,35.0,BSHM,7.15747,1647659700.0
0.97396,32.0,35.0,BSHM,8.05832,1647660000.0
0.97972,32.0,35.0,BSHM,8.13347,1647660300.0
0.986224,32.0,35.0,BSHM,8.23518,1647660600.0
0.980659,32.0,35.0,BSHM,8.45056,1647660900.0
0.84138,32.0,35.0,BSHM,8.05527,1647661200.0
0.93077,32.0,35.0,BSHM,8.22116,1647661500.0
1.30298,32.0,35.0,BSHM,8.05028,1647661800.0
1.30318,32.0,35.0,BSHM,8.42739,1647662100.0
0.923235,32.0,35.0,BSHM,8.68203,1647662400.0
0.752376,32.0,35.0,BSHM,9.09823,1647662700.0
0.75225,32.0,35.0,BSHM,9.4632,1647663000.0
0.651905,32.0,35.0,BSHM,9.80153,1647663300.0
0.58261,32.0,35.0,BSHM,10.1031,1647663600.0
0.532413,32.0,35.0,BSHM,10.483,1647663900.0
0.502244,32.0,35.0,BSHM,11.0413,1647664200.0
0.493905,32.0,35.0,BSHM,11.4762,1647664500.0
0.46873,32.0,35.0,BSHM,11.9478,1647664800.0
0.461889,32.0,35.0,BSHM,12.0279,1647665100.0
0.583654,32.0,35.0,BSHM,12.6206,1647665400.0
0.654888,32.0,35.0,BSHM,13.3942,1647665700.0
0.92352,32.0,35.0,BSHM,14.7104,1647666000.0
0.659702,32.0,35.0,BSHM,14.0683,1647666300.0
0.924401,32.0,35.0,BSHM,14.7603,1647666600.0
0.764885,32.0,35.0,BSHM,14.6498,1647666900.0
0.756238,32.0,35.0,BSHM,14.9246,1647667200.0
0.654864,32.0,35.0,BSHM,15.6253,1647667500.0
0.654161,32.0,35.0,BSHM,15.9126,1647667800.0
0.584385,32.0,35.0,BSHM,16.3807,1647668100.0
0.653116,32.0,35.0,BSHM,16.833,1647668400.0
0.653567,32.0,35.0,BSHM,17.0386,1647668700.0
0.652642,32.0,35.0,BSHM,17.2613,1647669000.0
0.58704,32.0,35.0,BSHM,16.9226,1647669300.0
0.751786,32.0,35.0,BSHM,16.8768,1647669600.0
0.75694,32.0,35.0,BSHM,16.9896,1647669900.0
0.65358,32.0,35.0,BSHM,16.6247,1647670200.0
0.534611,32.0,35.0,BSHM,16.7493,1647670500.0
0.494349,32.0,35.0,BSHM,16.9338,1647670800.0
0.533681,32.0,35.0,BSHM,17.0055,1647671100.0
0.534066,32.0,35.0,BSHM,17.0855,1647671400.0
0.533275,32.0,35.0,BSHM,17.1047,1647671700.0
0.752216,32.0,35.0,BSHM,17.2494,1647672000.0
0.652767,32.0,35.0,BSHM,17.3146,1647672300.0
0.751539,32.0,35.0,BSHM,17.4579,1647672600.0
0.751602,32.0,35.0,BSHM,17.5913,1647672900.0
0.920996,32.0,35.0,BSHM,17.7468,1647673200.0
1.30153,32.0,35.0,BSHM,18.1325,1647673500.0
1.30207,32.0,35.0,BSHM,18.4194,1647673800.0
1.30295,32.0,35.0,BSHM,23.8216,1647675900.0
0.921743,32.0,35.0,BSHM,24.2589,1647676200.0
0.929207,32.0,35.0,BSHM,24.5363,1647676500.0
1.30327,32.0,35.0,BSHM,25.0003,1647676800.0
1.35807,32.0,35.0,BSHM,23.0741,1647677100.0
0.929825,32.0,35.0,BSHM,23.3359,1647677400.0
0.92894,32.0,35.0,BSHM,23.6043,1647677700.0
0.929696,32.0,35.0,BSHM,23.8622,1647678000.0
0.930588,32.0,35.0,BSHM,24.0968,1647678300.0
0.987755,32.0,35.0,BSHM,24.3108,1647678600.0
1.31132,32.0,35.0,BSHM,24.467,1647679200.0
1.30319,32.0,35.0,BSHM,24.688,1647679500.0
0.921533,32.0,35.0,BSHM,24.6884,1647679800.0
1.30327,32.0,35.0,BSHM,24.2976,1647680100.0
1.31613,32.0,35.0,BSHM,23.5563,1647680700.0
1.30835,32.0,35.0,BSHM,23.8633,1647681000.0
1.30772,32.0,35.0,BSHM,24.2812,1647681300.0
1.33809,32.0,35.0,BSHM,24.4987,1647681600.0
1.38366,32.0,35.0,BSHM,27.3153,1647683400.0
0.954211,32.0,35.0,BSHM,27.4539,1647683700.0
0.781465,32.0,35.0,BSHM,27.9603,1647684000.0
0.937389,32.0,35.0,BSHM,28.6166,1647684300.0
0.76783,32.0,35.0,BSHM,29.3442,1647684600.0
0.695018,32.0,35.0,BSHM,29.9179,1647684900.0
0.571859,32.0,35.0,BSHM,29.888,1647685200.0
0.559939,32.0,35.0,BSHM,30.3559,1647685500.0
0.564478,32.0,35.0,BSHM,30.6823,1647685800.0
0.672642,32.0,35.0,BSHM,30.8474,1647686100.0
0.67323,32.0,35.0,BSHM,31.048,1647686400.0
0.762606,32.0,35.0,BSHM,31.3121,1647686700.0
0.659931,32.0,35.0,BSHM,31.3217,1647687000.0
0.658577,32.0,35.0,BSHM,31.3907,1647687300.0
1.01735,32.0,35.0,BSHM,30.7919,1647687600.0
1.40559,32.0,35.0,BSHM,32.4942,1647687900.0
0.957253,32.0,35.0,BSHM,32.3843,1647688200.0
0.954802,32.0,35.0,BSHM,32.3295,1647688500.0
0.95844,32.0,35.0,BSHM,32.0716,1647688800.0
0.668259,32.0,35.0,BSHM,32.5219,1647689100.0
0.673035,32.0,35.0,BSHM,32.3933,1647689400.0
0.654369,32.0,35.0,BSHM,32.63,1647689700.0
0.654128,32.0,35.0,BSHM,33.1917,1647690000.0
0.593506,32.0,35.0,BSHM,33.2091,1647690300.0
0.65374,32.0,35.0,BSHM,33.0489,1647690600.0
0.654431,32.0,35.0,BSHM,32.9079,1647690900.0
0.592956,32.0,35.0,BSHM,32.0697,1647691200.0
0.656414,32.0,35.0,BSHM,31.392,1647691500.0
0.76501,32.0,35.0,BSHM,29.7673,1647691800.0
0.941386,32.0,35.0,BSHM,29.31,1647692100.0
0.99934,32.0,35.0,BSHM,28.6842,1647692400.0
0.779302,32.0,35.0,BSHM,28.2094,1647692700.0
0.794436,32.0,35.0,BSHM,27.873,1647693000.0
0.772205,32.0,35.0,BSHM,27.3394,1647693300.0
0.759321,32.0,35.0,BSHM,27.8983,1647693600.0
0.766987,32.0,35.0,BSHM,28.0952,1647693900.0
1.3294,32.0,35.0,BSHM,27.8961,1647694200.0
1.3332,32.0,35.0,BSHM,27.9301,1647694500.0
1.33062,32.0,35.0,BSHM,27.9345,1647694800.0
1.3285,32.0,35.0,BSHM,27.8936,1647695100.0
0.949202,32.0,35.0,BSHM,27.9195,1647695400.0
0.682156,32.0,35.0,BSHM,27.9761,1647695700.0
0.765767,32.0,35.0,BSHM,28.0657,1647696000.0
0.69355,32.0,35.0,BSHM,28.1203,1647696300.0
0.762703,32.0,35.0,BSHM,28.209,1647696600.0
0.668711,32.0,35.0,BSHM,27.5835,1647696900.0
0.662957,32.0,35.0,BSHM,27.6289,1647697200.0
0.762034,32.0,35.0,BSHM,27.5024,1647697500.0
0.760941,32.0,35.0,BSHM,27.5141,1647697800.0
0.600645,32.0,35.0,BSHM,25.8989,1647698100.0
0.663678,32.0,35.0,BSHM,25.1303,1647698400.0
0.661877,32.0,35.0,BSHM,25.2213,1647698700.0
0.761817,32.0,35.0,BSHM,23.6615,1647699000.0
0.759402,32.0,35.0,BSHM,23.4058,1647699300.0
0.65998,32.0,35.0,BSHM,23.3116,1647699600.0
0.758224,32.0,35.0,BSHM,23.7331,1647699900.0
0.925814,32.0,35.0,BSHM,23.4278,1647700200.0
0.925284,32.0,35.0,BSHM,23.0599,1647700500.0
0.931477,32.0,35.0,BSHM,22.7632,1647700800.0
0.924202,32.0,35.0,BSHM,20.7089,1647701100.0
0.930567,32.0,35.0,BSHM,20.587,1647701400.0
1.3254,32.0,35.0,BSHM,18.2179,1647704100.0
1.306,32.0,35.0,BSHM,17.8593,1647704400.0
1.30548,32.0,35.0,BSHM,17.3145,1647704700.0
1.30895,32.0,35.0,BSHM,16.8042,1647705000.0
0.931012,32.0,35.0,BSHM,16.4247,1647705300.0
0.757865,32.0,35.0,BSHM,15.1503,1647705600.0
0.925409,32.0,35.0,BSHM,14.5093,1647705900.0
0.758289,32.0,35.0,BSHM,13.9867,1647706200.0
0.665084,32.0,35.0,BSHM,13.5186,1647706500.0
0.59026,32.0,35.0,BSHM,13.3374,1647706800.0
0.600231,32.0,35.0,BSHM,13.4436,1647707100.0
0.660487,32.0,35.0,BSHM,13.2857,1647707400.0
0.673784,32.0,35.0,BSHM,13.4276,1647707700.0
0.775254,32.0,35.0,BSHM,13.4077,1647708000.0
0.773032,32.0,35.0,BSHM,12.9522,1647708300.0
0.676189,32.0,35.0,BSHM,12.637,1647708600.0
0.678815,32.0,35.0,BSHM,12.2832,1647708900.0
0.77733,32.0,35.0,BSHM,12.3051,1647709200.0
0.68699,32.0,35.0,BSHM,11.9589,1647709500.0
0.780162,32.0,35.0,BSHM,11.5468,1647709800.0
0.636244,32.0,35.0,BSHM,11.1622,1647710100.0
0.680223,32.0,35.0,BSHM,10.7912,1647710400.0
0.606628,32.0,35.0,BSHM,10.4737,1647710700.0
0.611728,32.0,35.0,BSHM,10.2396,1647711000.0
0.603785,32.0,35.0,BSHM,9.90889,1647711300.0
0.674497,32.0,35.0,BSHM,9.55597,1647711600.0
0.777279,32.0,35.0,BSHM,9.19218,1647711900.0
0.774606,32.0,35.0,BSHM,8.92454,1647712200.0
0.685752,32.0,35.0,BSHM,8.31408,1647712500.0
0.753454,32.0,35.0,BSHM,7.57583,1647712800.0
0.674495,32.0,35.0,BSHM,7.65451,1647713100.0
0.763631,32.0,35.0,BSHM,7.4742,1647713400.0
0.93844,32.0,35.0,BSHM,7.42294,1647713700.0
0.697046,32.0,35.0,BSHM,7.12251,1647714000.0
0.598065,32.0,35.0,BSHM,7.08636,1647714300.0
0.66622,32.0,35.0,BSHM,7.0434,1647714600.0
0.688624,32.0,35.0,BSHM,6.8122,1647714900.0
0.668598,32.0,35.0,BSHM,6.64506,1647715200.0
0.608148,32.0,35.0,BSHM,6.39812,1647715500.0
0.678985,32.0,35.0,BSHM,6.27719,1647715800.0
0.780469,32.0,35.0,BSHM,5.72891,1647716100.0
0.677708,32.0,35.0,BSHM,6.37052,1647716400.0
0.766941,32.0,35.0,BSHM,6.43216,1647716700.0
0.814505,32.0,35.0,BSHM,6.20233,1647717000.0
0.977544,32.0,35.0,BSHM,6.75322,1647717300.0
0.797713,32.0,35.0,BSHM,7.272,1647717600.0
0.962894,32.0,35.0,BSHM,7.88121,1647717900.0
0.959858,32.0,35.0,BSHM,7.53057,1647718200.0
0.963895,32.0,35.0,BSHM,7.27322,1647718500.0
0.986635,32.0,35.0,BSHM,6.99803,1647718800.0
1.31394,32.0,35.0,BSHM,6.64336,1647719100.0
0.838065,32.0,35.0,BSHM,6.55533,1647719400.0
0.961726,32.0,35.0,BSHM,6.45259,1647719700.0
0.967033,32.0,35.0,BSHM,6.37325,1647720000.0
0.777967,32.0,35.0,BSHM,6.14923,1647720300.0
0.706111,32.0,35.0,BSHM,6.11052,1647720600.0
0.696088,32.0,35.0,BSHM,6.11814,1647720900.0
0.632624,32.0,35.0,BSHM,5.99444,1647721200.0
0.569217,32.0,35.0,BSHM,6.15114,1647721500.0
0.636738,32.0,35.0,BSHM,6.20706,1647721800.0
0.563262,32.0,35.0,BSHM,6.21266,1647722100.0
0.61966,32.0,35.0,BSHM,6.12314,1647722400.0
0.566699,32.0,35.0,BSHM,6.21543,1647722700.0
0.535643,32.0,35.0,BSHM,6.02075,1647723000.0
0.573773,32.0,35.0,BSHM,6.01672,1647723300.0
0.813508,32.0,35.0,BSHM,5.95464,1647723600.0
1.11039,32.0,35.0,BSHM,6.09245,1647723900.0
1.31381,32.0,35.0,BSHM,5.55254,1647724200.0
1.33976,32.0,35.0,BSHM,5.48043,1647724800.0
0.941561,32.0,35.0,BSHM,5.32037,1647725100.0
1.30988,32.0,35.0,BSHM,5.65534,1647725400.0
1.30999,32.0,35.0,BSHM,5.73028,1647725700.0
1.33707,32.0,35.0,BSHM,5.34416,1647726000.0
1.32096,32.0,35.0,BSHM,5.43475,1647726300.0
0.655036,32.0,35.0,BSHM,5.78137,1647726600.0
0.654562,32.0,35.0,BSHM,5.88516,1647726900.0
0.654152,32.0,35.0,BSHM,6.02857,1647727200.0
0.585699,32.0,35.0,BSHM,6.27466,1647727500.0
0.533759,32.0,35.0,BSHM,6.29899,1647727800.0
0.540714,32.0,35.0,BSHM,5.78918,1647728100.0
0.537233,32.0,35.0,BSHM,5.83023,1647728400.0
0.656288,32.0,35.0,BSHM,5.47034,1647728700.0
0.657998,32.0,35.0,BSHM,5.47942,1647729000.0
1.02917,32.0,35.0,BSHM,5.02548,1647729300.0
0.947812,32.0,35.0,BSHM,5.22701,1647729600.0
0.938425,32.0,35.0,BSHM,6.16041,1647729900.0
0.933494,32.0,35.0,BSHM,6.26162,1647730200.0
0.934768,32.0,35.0,BSHM,6.39932,1647730500.0
0.936255,32.0,35.0,BSHM,6.51129,1647730800.0
0.934568,32.0,35.0,BSHM,6.60921,1647731100.0
0.93438,32.0,35.0,BSHM,6.71507,1647731400.0
0.961659,32.0,35.0,BSHM,6.7797,1647731700.0
1.3041,32.0,35.0,BSHM,6.88523,1647732000.0
1.30381,32.0,35.0,BSHM,5.60376,1647732300.0
1.30242,32.0,35.0,BSHM,6.04852,1647733200.0
0.921046,32.0,35.0,BSHM,5.87723,1647733800.0
0.586816,32.0,35.0,BSHM,5.4476,1647734100.0
0.761144,35.0,33.0,NICO,5.67623,1647651000.0
0.755573,35.0,33.0,NICO,5.63905,1647651300.0
0.655125,35.0,33.0,NICO,6.12566,1647651600.0
0.586643,35.0,33.0,NICO,5.70293,1647651900.0
0.591218,35.0,33.0,NICO,5.72301,1647652200.0
0.756303,35.0,33.0,NICO,5.72311,1647652500.0
0.760554,35.0,33.0,NICO,5.68705,1647652800.0
1.33538,35.0,33.0,NICO,5.71485,1647653100.0
1.30241,35.0,33.0,NICO,5.14,1647654600.0
1.30218,35.0,33.0,NICO,5.1409,1647654900.0
1.30253,35.0,33.0,NICO,4.44443,1647658500.0
0.661508,35.0,33.0,NICO,4.55727,1647658800.0
0.583851,35.0,33.0,NICO,4.51988,1647659100.0
0.582686,35.0,33.0,NICO,4.55709,1647659400.0
0.652113,35.0,33.0,NICO,4.58223,1647659700.0
0.753394,35.0,33.0,NICO,4.69545,1647660000.0
1.31872,35.0,33.0,NICO,4.54114,1647660300.0
1.30847,35.0,33.0,NICO,6.19679,1647661200.0
1.33899,35.0,33.0,NICO,10.3515,1647664800.0
0.74619,35.0,33.0,NICO,11.5533,1647665100.0
0.664239,35.0,33.0,NICO,12.1447,1647665400.0
0.594022,35.0,33.0,NICO,12.4418,1647665700.0
0.66889,35.0,33.0,NICO,12.9364,1647666000.0
0.705761,35.0,33.0,NICO,13.2159,1647666300.0
1.35972,35.0,33.0,NICO,13.8977,1647666600.0
0.923148,35.0,33.0,NICO,14.4756,1647669300.0
0.920832,35.0,33.0,NICO,14.657,1647669600.0
0.921698,35.0,33.0,NICO,14.9333,1647669900.0
0.924959,35.0,33.0,NICO,15.3067,1647670200.0
1.38875,35.0,33.0,NICO,15.4711,1647670500.0
1.30754,35.0,33.0,NICO,15.7309,1647670800.0
1.31473,35.0,33.0,NICO,15.6594,1647671100.0
1.30417,35.0,33.0,NICO,17.6371,1647672600.0
1.30926,35.0,33.0,NICO,16.4018,1647672900.0
1.30366,35.0,33.0,NICO,16.5124,1647673200.0
0.936688,35.0,33.0,NICO,20.757,1647674100.0
0.927375,35.0,33.0,NICO,20.9655,1647674400.0
0.927433,35.0,33.0,NICO,21.3739,1647674700.0
0.926232,35.0,33.0,NICO,21.4374,1647675000.0
0.754858,35.0,33.0,NICO,20.5749,1647675300.0
0.757306,35.0,33.0,NICO,20.7476,1647675600.0
1.30723,35.0,33.0,NICO,19.7007,1647675900.0
1.30328,35.0,33.0,NICO,20.0029,1647676200.0
0.936181,35.0,33.0,NICO,20.7325,1647679800.0
1.33012,35.0,33.0,NICO,21.0075,1647680100.0
0.93671,35.0,33.0,NICO,22.0432,1647680400.0
0.774992,35.0,33.0,NICO,23.1129,1647680700.0
0.597313,35.0,33.0,NICO,23.8816,1647681000.0
0.504763,35.0,33.0,NICO,24.4371,1647681300.0
0.661774,35.0,33.0,NICO,24.889,1647681600.0
0.760711,35.0,33.0,NICO,25.3356,1647681900.0
0.936935,35.0,33.0,NICO,25.7615,1647682200.0
1.41928,35.0,33.0,NICO,25.7681,1647682500.0
1.30442,35.0,33.0,NICO,27.3943,1647683400.0
1.30603,35.0,33.0,NICO,27.9852,1647683700.0
1.30476,35.0,33.0,NICO,28.0683,1647684000.0
1.30745,35.0,33.0,NICO,28.1601,1647684300.0
1.31518,35.0,33.0,NICO,25.7478,1647685500.0
1.30366,35.0,33.0,NICO,25.8442,1647685800.0
1.3013,35.0,33.0,NICO,29.0711,1647687600.0
1.3014,35.0,33.0,NICO,28.7289,1647687900.0
0.931146,35.0,33.0,NICO,26.3903,1647690000.0
0.930979,35.0,33.0,NICO,26.3059,1647690300.0
0.936699,35.0,33.0,NICO,26.1108,1647690600.0
0.933763,35.0,33.0,NICO,26.0194,1647690900.0
0.952568,35.0,33.0,NICO,25.8797,1647691200.0
1.30411,35.0,33.0,NICO,28.9954,1647692100.0
1.30248,35.0,33.0,NICO,28.6194,1647692400.0
0.922655,35.0,33.0,NICO,28.73,1647692700.0
1.3029,35.0,33.0,NICO,28.9443,1647693000.0
1.30481,35.0,33.0,NICO,28.6047,1647693300.0
1.35978,35.0,33.0,NICO,23.4358,1647693600.0
0.982129,35.0,33.0,NICO,23.3767,1647693900.0
0.68641,35.0,33.0,NICO,24.0679,1647694200.0
0.604762,35.0,33.0,NICO,24.4209,1647694500.0
0.606734,35.0,33.0,NICO,24.3067,1647694800.0
0.794757,35.0,33.0,NICO,24.7129,1647695100.0
1.30123,35.0,33.0,NICO,23.4888,1647699300.0
1.30117,35.0,33.0,NICO,23.4932,1647699600.0
1.44751,35.0,33.0,NICO,18.5676,1647702300.0
0.932519,35.0,33.0,NICO,18.3372,1647702600.0
0.655833,35.0,33.0,NICO,17.7804,1647702900.0
0.664475,35.0,33.0,NICO,18.0201,1647703200.0
0.927998,35.0,33.0,NICO,17.997,1647703500.0
0.930407,35.0,33.0,NICO,17.582,1647703800.0
0.931301,35.0,33.0,NICO,18.2357,1647704100.0
1.30187,35.0,33.0,NICO,13.1612,1647705300.0
1.30175,35.0,33.0,NICO,12.6644,1647705600.0
1.30435,35.0,33.0,NICO,13.4307,1647708000.0
1.30144,35.0,33.0,NICO,13.1504,1647708300.0
1.30145,35.0,33.0,NICO,12.7009,1647708600.0
1.30238,35.0,33.0,NICO,12.1901,1647708900.0
1.30357,35.0,33.0,NICO,11.7634,1647709200.0
0.926635,35.0,33.0,NICO,9.80889,1647709500.0
1.30362,35.0,33.0,NICO,7.79221,1647709800.0
0.752204,35.0,33.0,NICO,7.9012,1647710100.0
0.651285,35.0,33.0,NICO,7.84424,1647710400.0
0.751728,35.0,33.0,NICO,7.86769,1647710700.0
0.537123,35.0,33.0,NICO,7.50366,1647711000.0
0.583565,35.0,33.0,NICO,7.49199,1647711300.0
0.927015,35.0,33.0,NICO,7.17788,1647711600.0
0.926109,35.0,33.0,NICO,7.04077,1647711900.0
0.968367,35.0,33.0,NICO,6.9746,1647712200.0
1.30185,35.0,33.0,NICO,10.4147,1647712500.0
0.922671,35.0,33.0,NICO,10.1215,1647712800.0
1.30278,35.0,33.0,NICO,9.78016,1647713100.0
1.30205,35.0,33.0,NICO,8.3859,1647713700.0
1.30178,35.0,33.0,NICO,8.61729,1647714000.0
1.52515,35.0,33.0,NICO,6.57605,1647715800.0
0.707784,35.0,33.0,NICO,6.46141,1647716100.0
0.68017,35.0,33.0,NICO,6.27723,1647716400.0
0.672632,35.0,33.0,NICO,6.14153,1647716700.0
0.970204,35.0,33.0,NICO,6.18944,1647717000.0
1.30164,35.0,33.0,NICO,7.83915,1647717900.0
0.934348,35.0,33.0,NICO,4.50593,1647720000.0
0.924765,35.0,33.0,NICO,4.48463,1647720300.0
0.758463,35.0,33.0,NICO,4.46327,1647720600.0
0.9212,35.0,33.0,NICO,4.43304,1647720900.0
0.922203,35.0,33.0,NICO,4.43489,1647721200.0
1.30569,35.0,33.0,NICO,7.20026,1647723600.0
0.921399,35.0,33.0,NICO,6.44036,1647723900.0
0.768685,35.0,33.0,NICO,4.72161,1647724200.0
0.927567,35.0,33.0,NICO,4.17914,1647724500.0
0.927387,35.0,33.0,NICO,4.2219,1647724800.0
0.76501,35.0,33.0,NICO,4.28733,1647725100.0
0.920896,35.0,33.0,NICO,4.32956,1647725400.0
1.3075,35.0,33.0,NICO,4.35278,1647725700.0
1.30226,35.0,33.0,NICO,5.86515,1647726900.0
1.30232,35.0,33.0,NICO,5.88593,1647727200.0
1.46029,35.0,33.0,NICO,5.31223,1647729000.0
1.35245,35.0,33.0,NICO,5.28428,1647729300.0
1.36011,35.0,33.0,NICO,5.33234,1647729600.0
0.946516,35.0,33.0,NICO,5.22586,1647729900.0
1.30557,35.0,33.0,NICO,5.13387,1647730200.0
0.938359,35.0,33.0,NICO,5.55128,1647731100.0
0.927468,35.0,33.0,NICO,5.51045,1647731400.0
0.757046,35.0,33.0,NICO,5.05665,1647731700.0
0.754507,35.0,33.0,NICO,5.09104,1647732000.0
0.926246,35.0,33.0,NICO,5.55567,1647732300.0
1.3085,35.0,33.0,NICO,5.37417,1647732600.0
1.30193,35.0,33.0,NICO,5.19526,1647733800.0
1.30229,35.0,33.0,NICO,5.1833,1647734100.0
0.922053,40.0,44.0,ARUC,3.83951,1647734400.0
0.921474,40.0,44.0,ARUC,3.89355,1647734700.0
0.92219,40.0,44.0,ARUC,4.04473,1647735000.0
1.30257,40.0,44.0,ARUC,4.60789,1647735300.0
1.30246,40.0,44.0,ARUC,4.92084,1647735600.0
0.395612,40.0,44.0,ARUC,5.3212,1647735900.0
0.397158,40.0,44.0,ARUC,5.18994,1647736200.0
1.30255,40.0,44.0,ARUC,5.69312,1647736500.0
1.30307,40.0,44.0,ARUC,5.86357,1647736800.0
1.30785,40.0,44.0,ARUC,3.98291,1647737400.0
1.31006,40.0,44.0,ARUC,3.99213,1647737700.0
1.32112,40.0,44.0,ARUC,5.20388,1647740700.0
0.767195,40.0,44.0,ARUC,5.37611,1647741000.0
1.30173,40.0,44.0,ARUC,7.87766,1647741600.0
1.30164,40.0,44.0,ARUC,7.74146,1647741900.0
1.31163,40.0,44.0,ARUC,6.52071,1647742500.0
0.92448,40.0,44.0,ARUC,7.10076,1647742800.0
0.92206,40.0,44.0,ARUC,7.05287,1647743100.0
0.921874,40.0,44.0,ARUC,7.0624,1647743400.0
0.920675,40.0,44.0,ARUC,6.97338,1647743700.0
0.920745,40.0,44.0,ARUC,7.09983,1647744000.0
0.92204,40.0,44.0,ARUC,7.07764,1647744300.0
0.752586,40.0,44.0,ARUC,7.59142,1647744600.0
0.752057,40.0,44.0,ARUC,7.78142,1647744900.0
0.921155,40.0,44.0,ARUC,7.90345,1647745200.0
0.921287,40.0,44.0,ARUC,8.24719,1647745500.0
0.926325,40.0,44.0,ARUC,8.51076,1647745800.0
0.658889,40.0,44.0,ARUC,8.10539,1647746100.0
0.398559,40.0,44.0,ARUC,7.97656,1647746400.0
0.924037,40.0,44.0,ARUC,10.1041,1647746700.0
0.924277,40.0,44.0,ARUC,9.16454,1647747000.0
0.922873,40.0,44.0,ARUC,9.24711,1647747300.0
1.3282,40.0,44.0,ARUC,7.7504,1647747600.0
1.30622,40.0,44.0,ARUC,13.3715,1647748500.0
1.30182,40.0,44.0,ARUC,15.2872,1647748800.0
1.30154,40.0,44.0,ARUC,15.6242,1647749100.0
0.921625,40.0,44.0,ARUC,13.559,1647749400.0
0.921604,40.0,44.0,ARUC,13.7829,1647749700.0
0.986739,40.0,44.0,ARUC,12.7407,1647750300.0
0.496851,40.0,44.0,ARUC,12.8755,1647750600.0
1.30134,40.0,44.0,ARUC,18.8556,1647752100.0
1.30119,40.0,44.0,ARUC,19.0266,1647752400.0
1.30121,40.0,44.0,ARUC,19.3257,1647752700.0
1.30416,40.0,44.0,ARUC,16.1449,1647753300.0
1.30397,40.0,44.0,ARUC,16.3623,1647753600.0
1.30738,40.0,44.0,ARUC,17.605,1647754500.0
0.58297,40.0,44.0,ARUC,17.7845,1647754800.0
0.651214,40.0,44.0,ARUC,18.0755,1647755100.0
1.30826,40.0,44.0,ARUC,17.8558,1647755700.0
1.31285,40.0,44.0,ARUC,17.8934,1647756000.0
1.30371,40.0,44.0,ARUC,20.4925,1647757200.0
1.30197,40.0,44.0,ARUC,20.5351,1647757500.0
1.30205,40.0,44.0,ARUC,20.5518,1647757800.0
0.921936,40.0,44.0,ARUC,19.5791,1647758100.0
0.92198,40.0,44.0,ARUC,19.7759,1647758400.0
0.924593,40.0,44.0,ARUC,19.9308,1647758700.0
1.33853,40.0,44.0,ARUC,21.8771,1647759300.0
0.932357,40.0,44.0,ARUC,22.3548,1647759600.0
0.929672,40.0,44.0,ARUC,22.7476,1647759900.0
0.930533,40.0,44.0,ARUC,23.2067,1647760200.0
0.931527,40.0,44.0,ARUC,23.4883,1647760500.0
0.936613,40.0,44.0,ARUC,23.7368,1647760800.0
1.32054,40.0,44.0,ARUC,24.3975,1647761100.0
1.33266,40.0,44.0,ARUC,24.7451,1647761400.0
1.30239,40.0,44.0,ARUC,25.0727,1647762000.0
0.924883,40.0,44.0,ARUC,24.3924,1647762300.0
1.3057,40.0,44.0,ARUC,23.7497,1647762600.0
0.921798,40.0,44.0,ARUC,24.3684,1647762900.0
1.30607,40.0,44.0,ARUC,24.5011,1647763200.0
1.30584,40.0,44.0,ARUC,24.9105,1647763500.0
0.923545,40.0,44.0,ARUC,23.1003,1647763800.0
0.93061,40.0,44.0,ARUC,23.3212,1647764100.0
1.30332,40.0,44.0,ARUC,31.5936,1647767700.0
1.30362,40.0,44.0,ARUC,31.3321,1647768000.0
1.35658,40.0,44.0,ARUC,26.5673,1647769500.0
1.31308,40.0,44.0,ARUC,26.5301,1647769800.0
1.31449,40.0,44.0,ARUC,26.5883,1647770100.0
1.31334,40.0,44.0,ARUC,26.6537,1647770400.0
1.31236,40.0,44.0,ARUC,26.6149,1647770700.0
0.654482,40.0,44.0,ARUC,26.8662,1647771000.0
0.494211,40.0,44.0,ARUC,26.6951,1647771300.0
0.928915,40.0,44.0,ARUC,26.3037,1647771600.0
0.937997,40.0,44.0,ARUC,26.0194,1647771900.0
1.31269,40.0,44.0,ARUC,24.5324,1647772200.0
1.34075,40.0,44.0,ARUC,24.1278,1647772500.0
1.30263,40.0,44.0,ARUC,21.2722,1647776100.0
1.30224,40.0,44.0,ARUC,21.2953,1647776400.0
1.30235,40.0,44.0,ARUC,21.2773,1647776700.0
1.30225,40.0,44.0,ARUC,21.2404,1647777000.0
1.30224,40.0,44.0,ARUC,21.2329,1647777300.0
0.925164,40.0,44.0,ARUC,23.358,1647777600.0
1.30587,40.0,44.0,ARUC,21.2479,1647777900.0
0.436777,40.0,44.0,ARUC,22.2483,1647778200.0
0.436278,40.0,44.0,ARUC,22.23,1647778500.0
0.960237,40.0,44.0,ARUC,22.5719,1647778800.0
1.30274,40.0,44.0,ARUC,20.3607,1647779100.0
0.92717,40.0,44.0,ARUC,20.2092,1647779400.0
1.30303,40.0,44.0,ARUC,19.9934,1647779700.0
1.30312,40.0,44.0,ARUC,19.7091,1647780000.0
1.30303,40.0,44.0,ARUC,19.3505,1647780300.0
1.30413,40.0,44.0,ARUC,19.0889,1647780600.0
1.30355,40.0,44.0,ARUC,22.4243,1647781500.0
1.30155,40.0,44.0,ARUC,22.508,1647783000.0
1.30158,40.0,44.0,ARUC,22.3522,1647783300.0
0.753599,40.0,44.0,ARUC,16.9876,1647784200.0
0.651847,40.0,44.0,ARUC,17.1354,1647784500.0
1.30331,40.0,44.0,ARUC,19.2639,1647786000.0
0.922356,40.0,44.0,ARUC,17.2872,1647786300.0
0.922262,40.0,44.0,ARUC,17.2827,1647786600.0
0.778269,40.0,44.0,ARUC,18.2315,1647786900.0
0.499964,40.0,44.0,ARUC,19.0795,1647787200.0
0.542413,40.0,44.0,ARUC,16.9588,1647787500.0
0.350154,40.0,44.0,ARUC,17.8641,1647787800.0
0.349604,40.0,44.0,ARUC,18.0946,1647788100.0
0.9921,40.0,44.0,ARUC,18.0698,1647788400.0
1.30622,40.0,44.0,ARUC,17.3483,1647788700.0
1.30688,40.0,44.0,ARUC,16.9688,1647789000.0
1.30641,40.0,44.0,ARUC,16.6649,1647789300.0
1.327,40.0,44.0,ARUC,16.4266,1647789600.0
1.32213,40.0,44.0,ARUC,14.7514,1647790200.0
1.31124,40.0,44.0,ARUC,14.7976,1647790500.0
1.31136,40.0,44.0,ARUC,14.9784,1647790800.0
0.925682,40.0,44.0,ARUC,13.8589,1647791100.0
0.655339,40.0,44.0,ARUC,14.4053,1647791400.0
0.349253,40.0,44.0,ARUC,14.9213,1647791700.0
0.413781,40.0,44.0,ARUC,14.3806,1647792000.0
1.30677,40.0,44.0,ARUC,14.9145,1647792300.0
1.30701,40.0,44.0,ARUC,14.6586,1647792600.0
1.3073,40.0,44.0,ARUC,14.6366,1647792900.0
1.31423,40.0,44.0,ARUC,14.6158,1647793200.0
1.3074,40.0,44.0,ARUC,9.19617,1647795000.0
1.30358,40.0,44.0,ARUC,9.06847,1647795300.0
0.929016,40.0,44.0,ARUC,9.94176,1647795600.0
0.923894,40.0,44.0,ARUC,9.8121,1647795900.0
0.923885,40.0,44.0,ARUC,9.64593,1647796200.0
0.923604,40.0,44.0,ARUC,9.49619,1647796500.0
0.92383,40.0,44.0,ARUC,9.29119,1647796800.0
0.926983,40.0,44.0,ARUC,9.16104,1647797100.0
1.30706,40.0,44.0,ARUC,8.68229,1647797400.0
1.30645,40.0,44.0,ARUC,8.49623,1647797700.0
1.30684,40.0,44.0,ARUC,8.34141,1647798000.0
1.31484,40.0,44.0,ARUC,8.27307,1647798300.0
0.75552,40.0,44.0,ARUC,9.86875,1647798600.0
0.583481,40.0,44.0,ARUC,10.4879,1647798900.0
0.754125,40.0,44.0,ARUC,10.5913,1647799200.0
1.30785,40.0,44.0,ARUC,7.33618,1647800100.0
1.30428,40.0,44.0,ARUC,8.25967,1647800400.0
1.30369,40.0,44.0,ARUC,7.9074,1647800700.0
0.924411,40.0,44.0,ARUC,7.60844,1647801000.0
0.922607,40.0,44.0,ARUC,7.43888,1647801300.0
0.922398,40.0,44.0,ARUC,7.42785,1647801600.0
0.92229,40.0,44.0,ARUC,7.44533,1647801900.0
0.923575,40.0,44.0,ARUC,7.56993,1647802200.0
1.30781,40.0,44.0,ARUC,8.45089,1647802500.0
1.30715,40.0,44.0,ARUC,8.64792,1647802800.0
1.31522,40.0,44.0,ARUC,8.76441,1647803100.0
1.3071,40.0,44.0,ARUC,6.81682,1647804000.0
0.933191,40.0,44.0,ARUC,7.11135,1647804300.0
1.31269,40.0,44.0,ARUC,7.54406,1647804600.0
1.31378,40.0,44.0,ARUC,7.75329,1647804900.0
1.31505,40.0,44.0,ARUC,7.89875,1647805200.0
0.927337,40.0,44.0,ARUC,8.35586,1647805500.0
0.855729,40.0,44.0,ARUC,9.38466,1647805800.0
0.793238,40.0,44.0,ARUC,10.3933,1647806100.0
0.961732,40.0,44.0,ARUC,11.2573,1647806400.0
0.958668,40.0,44.0,ARUC,11.021,1647806700.0
0.922341,40.0,44.0,ARUC,7.81601,1647807000.0
0.925609,40.0,44.0,ARUC,7.86773,1647807300.0
0.671324,40.0,44.0,ARUC,7.27477,1647808200.0
0.498456,40.0,44.0,ARUC,6.88497,1647808500.0
1.30512,40.0,44.0,ARUC,7.19639,1647809700.0
1.30267,40.0,44.0,ARUC,7.08557,1647810000.0
1.3028,40.0,44.0,ARUC,6.94463,1647810300.0
1.30296,40.0,44.0,ARUC,6.83122,1647810600.0
1.30506,40.0,44.0,ARUC,6.78042,1647810900.0
1.30357,40.0,44.0,ARUC,11.8467,1647811200.0
1.3036,40.0,44.0,ARUC,12.3299,1647811500.0
1.30384,40.0,44.0,ARUC,12.7114,1647811800.0
1.30324,40.0,44.0,ARUC,4.89695,1647813300.0
1.30659,40.0,44.0,ARUC,4.84581,1647813600.0
1.31472,40.0,44.0,ARUC,7.26633,1647814500.0
1.30955,40.0,44.0,ARUC,7.3691,1647814800.0
1.30963,40.0,44.0,ARUC,7.5668,1647815100.0
1.30893,40.0,44.0,ARUC,7.79242,1647815400.0
1.30967,40.0,44.0,ARUC,7.9961,1647815700.0
1.31054,40.0,44.0,ARUC,8.17801,1647816000.0
1.30957,40.0,44.0,ARUC,8.33459,1647816300.0
1.3174,40.0,44.0,ARUC,8.47562,1647816600.0
1.32035,40.0,44.0,ARUC,10.3023,1647817200.0
1.31102,40.0,44.0,ARUC,10.4152,1647817500.0
0.924455,40.0,44.0,ARUC,10.0335,1647817800.0
0.923902,40.0,44.0,ARUC,10.1384,1647818100.0
1.3027,40.0,44.0,ARUC,9.45388,1647818400.0
1.30294,40.0,44.0,ARUC,9.34992,1647818700.0
1.30284,40.0,44.0,ARUC,9.37784,1647819000.0
0.77309,40.0,44.0,ARUC,9.41507,1647819300.0
1.30187,40.0,44.0,ARUC,11.1031,1647819600.0
1.31355,40.0,44.0,ARUC,5.35589,1647820500.0
0.534792,32.0,35.0,BSHM,5.53628,1647734400.0
0.495007,32.0,35.0,BSHM,5.60928,1647734700.0
0.463493,32.0,35.0,BSHM,5.72502,1647735000.0
0.495829,32.0,35.0,BSHM,5.86532,1647735300.0
0.596482,32.0,35.0,BSHM,6.3483,1647735600.0
0.652356,32.0,35.0,BSHM,6.60793,1647735900.0
0.753111,32.0,35.0,BSHM,6.8605,1647736200.0
0.923,32.0,35.0,BSHM,7.18817,1647736500.0
1.30861,32.0,35.0,BSHM,7.53203,1647736800.0
0.944735,32.0,35.0,BSHM,6.94697,1647737100.0
0.937494,32.0,35.0,BSHM,5.29286,1647737400.0
0.936251,32.0,35.0,BSHM,5.2468,1647737700.0
0.761578,32.0,35.0,BSHM,5.43145,1647738000.0
0.589248,32.0,35.0,BSHM,5.47785,1647738300.0
0.589179,32.0,35.0,BSHM,5.48941,1647738600.0
0.542827,32.0,35.0,BSHM,5.64638,1647738900.0
0.602871,32.0,35.0,BSHM,5.57688,1647739200.0
0.668042,32.0,35.0,BSHM,5.88322,1647739500.0
0.7727,32.0,35.0,BSHM,6.1984,1647739800.0
1.02298,32.0,35.0,BSHM,6.27015,1647740100.0
0.945653,32.0,35.0,BSHM,5.06598,1647740400.0
1.30459,32.0,35.0,BSHM,3.973,1647740700.0
0.93404,32.0,35.0,BSHM,4.4987,1647741300.0
0.682542,32.0,35.0,BSHM,4.44538,1647741600.0
0.76635,32.0,35.0,BSHM,4.70035,1647741900.0
0.614856,32.0,35.0,BSHM,5.06675,1647742200.0
0.540063,32.0,35.0,BSHM,5.18802,1647742500.0
0.540771,32.0,35.0,BSHM,5.25828,1647742800.0
0.538321,32.0,35.0,BSHM,5.3371,1647743100.0
0.500518,32.0,35.0,BSHM,5.37873,1647743400.0
0.462815,32.0,35.0,BSHM,5.45111,1647743700.0
0.461273,32.0,35.0,BSHM,5.47807,1647744000.0
0.493183,32.0,35.0,BSHM,4.59147,1647744300.0
0.582542,32.0,35.0,BSHM,5.62926,1647744600.0
0.537789,32.0,35.0,BSHM,5.67248,1647744900.0
0.548652,32.0,35.0,BSHM,5.5369,1647745200.0
0.60618,32.0,35.0,BSHM,5.92624,1647745500.0
0.613908,32.0,35.0,BSHM,6.16789,1647745800.0
0.611449,32.0,35.0,BSHM,6.50497,1647746100.0
0.690374,32.0,35.0,BSHM,6.23634,1647746400.0
0.70812,32.0,35.0,BSHM,5.93439,1647746700.0
0.750322,32.0,35.0,BSHM,6.13144,1647747000.0
0.615463,32.0,35.0,BSHM,6.35507,1647747300.0
0.774867,32.0,35.0,BSHM,6.5225,1647747600.0
0.772213,32.0,35.0,BSHM,6.81398,1647747900.0
0.666473,32.0,35.0,BSHM,6.94137,1647748200.0
0.54511,32.0,35.0,BSHM,7.41428,1647748500.0
0.535229,32.0,35.0,BSHM,7.77551,1647748800.0
0.533594,32.0,35.0,BSHM,8.19277,1647749100.0
0.464415,32.0,35.0,BSHM,8.72457,1647749400.0
0.414605,32.0,35.0,BSHM,9.23982,1647749700.0
0.396027,32.0,35.0,BSHM,9.62264,1647750000.0
0.435187,32.0,35.0,BSHM,10.2576,1647750300.0
0.42436,32.0,35.0,BSHM,10.8975,1647750600.0
0.408716,32.0,35.0,BSHM,11.3864,1647750900.0
0.468022,32.0,35.0,BSHM,12.0767,1647751200.0
0.587718,32.0,35.0,BSHM,12.4454,1647751500.0
0.583638,32.0,35.0,BSHM,13.2968,1647751800.0
0.560663,32.0,35.0,BSHM,13.818,1647752100.0
0.509931,32.0,35.0,BSHM,14.2011,1647752400.0
0.494694,32.0,35.0,BSHM,14.5166,1647752700.0
0.583082,32.0,35.0,BSHM,14.7736,1647753000.0
0.461803,32.0,35.0,BSHM,15.3736,1647753300.0
0.435644,32.0,35.0,BSHM,15.8935,1647753600.0
0.461986,32.0,35.0,BSHM,16.3529,1647753900.0
0.435322,32.0,35.0,BSHM,16.751,1647754200.0
0.461838,32.0,35.0,BSHM,17.1252,1647754500.0
0.49395,32.0,35.0,BSHM,17.3762,1647754800.0
0.533645,32.0,35.0,BSHM,17.5563,1647755100.0
0.534688,32.0,35.0,BSHM,17.5203,1647755400.0
0.652758,32.0,35.0,BSHM,17.8839,1647755700.0
0.584919,32.0,35.0,BSHM,18.3077,1647756000.0
0.651931,32.0,35.0,BSHM,18.555,1647756300.0
0.533765,32.0,35.0,BSHM,18.6496,1647756600.0
0.492802,32.0,35.0,BSHM,19.1826,1647756900.0
0.434611,32.0,35.0,BSHM,19.2998,1647757200.0
0.43475,32.0,35.0,BSHM,19.5751,1647757500.0
0.434362,32.0,35.0,BSHM,19.8692,1647757800.0
0.492247,32.0,35.0,BSHM,20.1273,1647758100.0
0.531768,32.0,35.0,BSHM,20.1671,1647758400.0
0.650933,32.0,35.0,BSHM,20.3276,1647758700.0
0.65105,32.0,35.0,BSHM,20.5416,1647759000.0
0.921098,32.0,35.0,BSHM,20.8544,1647759300.0
1.30226,32.0,35.0,BSHM,21.1173,1647759600.0
1.30253,32.0,35.0,BSHM,21.4128,1647759900.0
1.31534,32.0,35.0,BSHM,25.9928,1647761400.0
1.31387,32.0,35.0,BSHM,26.612,1647761700.0
0.92528,32.0,35.0,BSHM,27.2148,1647762000.0
0.754648,32.0,35.0,BSHM,27.8386,1647762300.0
0.754599,32.0,35.0,BSHM,28.3683,1647762600.0
0.924549,32.0,35.0,BSHM,29.1222,1647762900.0
0.928172,32.0,35.0,BSHM,28.7591,1647763200.0
0.772941,32.0,35.0,BSHM,29.6756,1647763500.0
0.923617,32.0,35.0,BSHM,29.9698,1647763800.0
0.923427,32.0,35.0,BSHM,30.3896,1647764100.0
0.923756,32.0,35.0,BSHM,30.8545,1647764400.0
1.30772,32.0,35.0,BSHM,32.5862,1647764700.0
1.30203,32.0,35.0,BSHM,28.179,1647765600.0
0.921147,32.0,35.0,BSHM,29.6898,1647765900.0
1.30329,32.0,35.0,BSHM,31.4557,1647766200.0
1.33831,32.0,35.0,BSHM,31.0656,1647766500.0
1.31805,32.0,35.0,BSHM,35.3218,1647770700.0
1.31312,32.0,35.0,BSHM,34.9356,1647771000.0
0.759454,32.0,35.0,BSHM,33.9878,1647771300.0
0.658537,32.0,35.0,BSHM,34.0368,1647771600.0
0.588031,32.0,35.0,BSHM,33.9765,1647771900.0
0.586377,32.0,35.0,BSHM,34.0156,1647772200.0
0.586634,32.0,35.0,BSHM,33.9998,1647772500.0
0.586951,32.0,35.0,BSHM,33.9543,1647772800.0
0.499636,32.0,35.0,BSHM,34.4214,1647773100.0
0.596139,32.0,35.0,BSHM,35.595,1647773400.0
0.53586,32.0,35.0,BSHM,35.5705,1647773700.0
0.496333,32.0,35.0,BSHM,34.5881,1647774000.0
0.466996,32.0,35.0,BSHM,34.3357,1647774300.0
0.416966,32.0,35.0,BSHM,33.883,1647774600.0
0.415281,32.0,35.0,BSHM,33.1264,1647774900.0
0.414929,32.0,35.0,BSHM,32.3008,1647775200.0
0.467304,32.0,35.0,BSHM,32.0477,1647775500.0
0.463249,32.0,35.0,BSHM,31.7236,1647775800.0
0.463112,32.0,35.0,BSHM,31.6777,1647776100.0
0.440901,32.0,35.0,BSHM,31.3943,1647776400.0
0.583385,32.0,35.0,BSHM,30.5088,1647776700.0
0.53287,32.0,35.0,BSHM,30.3077,1647777000.0
0.474206,32.0,35.0,BSHM,30.1577,1647777300.0
0.445135,32.0,35.0,BSHM,30.126,1647777600.0
0.476263,32.0,35.0,BSHM,28.8312,1647777900.0
0.472714,32.0,35.0,BSHM,28.4832,1647778200.0
0.502813,32.0,35.0,BSHM,28.3061,1647778500.0
0.496182,32.0,35.0,BSHM,28.2979,1647778800.0
0.494211,32.0,35.0,BSHM,29.6825,1647779100.0
0.499814,32.0,35.0,BSHM,29.8306,1647779400.0
0.435509,32.0,35.0,BSHM,30.1048,1647779700.0
0.43723,32.0,35.0,BSHM,29.8694,1647780000.0
0.470518,32.0,35.0,BSHM,29.9756,1647780300.0
0.532518,32.0,35.0,BSHM,30.1041,1647780600.0
0.533073,32.0,35.0,BSHM,30.154,1647780900.0
0.753232,32.0,35.0,BSHM,29.9532,1647781200.0
0.922961,32.0,35.0,BSHM,29.7648,1647781500.0
0.652628,32.0,35.0,BSHM,29.5389,1647781800.0
0.752534,32.0,35.0,BSHM,29.5582,1647782100.0
0.654379,32.0,35.0,BSHM,29.7959,1647782400.0
0.584691,32.0,35.0,BSHM,29.3532,1647782700.0
0.651238,32.0,35.0,BSHM,29.2235,1647783000.0
0.582485,32.0,35.0,BSHM,29.1964,1647783300.0
0.651122,32.0,35.0,BSHM,28.8638,1647783600.0
0.651161,32.0,35.0,BSHM,28.8214,1647783900.0
0.75156,32.0,35.0,BSHM,28.8022,1647784200.0
0.754814,32.0,35.0,BSHM,29.6342,1647784500.0
0.586635,32.0,35.0,BSHM,26.7101,1647784800.0
0.657938,32.0,35.0,BSHM,24.8908,1647785100.0
0.586468,32.0,35.0,BSHM,25.3144,1647785400.0
0.535331,32.0,35.0,BSHM,24.8642,1647785700.0
0.535647,32.0,35.0,BSHM,24.6694,1647786000.0
0.595089,32.0,35.0,BSHM,25.4552,1647786300.0
0.585288,32.0,35.0,BSHM,24.0583,1647786600.0
0.757151,32.0,35.0,BSHM,23.6037,1647786900.0
0.754565,32.0,35.0,BSHM,22.053,1647787200.0
0.756762,32.0,35.0,BSHM,21.9353,1647787500.0
1.31988,32.0,35.0,BSHM,23.4398,1647787800.0
1.5468,32.0,35.0,BSHM,20.5877,1647790200.0
0.940829,32.0,35.0,BSHM,20.3479,1647790500.0
0.763053,32.0,35.0,BSHM,21.742,1647790800.0
0.761511,32.0,35.0,BSHM,21.35,1647791100.0
0.676395,32.0,35.0,BSHM,20.4487,1647791400.0
0.594626,32.0,35.0,BSHM,19.7417,1647791700.0
0.594983,32.0,35.0,BSHM,19.3697,1647792000.0
0.59458,32.0,35.0,BSHM,18.8301,1647792300.0
0.538973,32.0,35.0,BSHM,19.1208,1647792600.0
0.497473,32.0,35.0,BSHM,18.1514,1647792900.0
0.538666,32.0,35.0,BSHM,17.1764,1647793200.0
0.471693,32.0,35.0,BSHM,17.3076,1647793500.0
0.534371,32.0,35.0,BSHM,18.1357,1647793800.0
0.65093,32.0,35.0,BSHM,17.4829,1647794100.0
0.650983,32.0,35.0,BSHM,16.9507,1647794400.0
0.53283,32.0,35.0,BSHM,16.5636,1647794700.0
0.531935,32.0,35.0,BSHM,16.0169,1647795000.0
0.582861,32.0,35.0,BSHM,15.4639,1647795300.0
0.651397,32.0,35.0,BSHM,15.0176,1647795600.0
0.651197,32.0,35.0,BSHM,13.9146,1647795900.0
0.532655,32.0,35.0,BSHM,13.8997,1647796200.0
0.534055,32.0,35.0,BSHM,13.9391,1647796500.0
0.494358,32.0,35.0,BSHM,13.4605,1647796800.0
0.462233,32.0,35.0,BSHM,12.9098,1647797100.0
0.462332,32.0,35.0,BSHM,12.4453,1647797400.0
0.534047,32.0,35.0,BSHM,12.0162,1647797700.0
0.541262,32.0,35.0,BSHM,11.0589,1647798000.0
0.500395,32.0,35.0,BSHM,11.1246,1647798300.0
0.500026,32.0,35.0,BSHM,10.8062,1647798600.0
0.592076,32.0,35.0,BSHM,10.5007,1647798900.0
0.513854,32.0,35.0,BSHM,10.624,1647799200.0
0.610314,32.0,35.0,BSHM,9.93536,1647799500.0
0.578668,32.0,35.0,BSHM,8.98437,1647799800.0
0.603129,32.0,35.0,BSHM,9.29916,1647800100.0
0.48815,32.0,35.0,BSHM,9.16072,1647800400.0
0.478604,32.0,35.0,BSHM,8.93631,1647800700.0
0.517328,32.0,35.0,BSHM,8.81008,1647801000.0
0.588893,32.0,35.0,BSHM,8.44764,1647801300.0
0.469945,32.0,35.0,BSHM,8.63741,1647801600.0
0.476659,32.0,35.0,BSHM,8.43986,1647801900.0
0.498043,32.0,35.0,BSHM,8.61388,1647802200.0
0.442219,32.0,35.0,BSHM,8.71534,1647802500.0
0.51451,32.0,35.0,BSHM,8.22341,1647802800.0
0.668571,32.0,35.0,BSHM,8.74554,1647803100.0
0.623008,32.0,35.0,BSHM,9.66495,1647803400.0
0.603184,32.0,35.0,BSHM,9.4928,1647803700.0
0.675684,32.0,35.0,BSHM,9.89202,1647804000.0
0.674183,32.0,35.0,BSHM,9.6442,1647804300.0
0.679121,32.0,35.0,BSHM,9.54099,1647804600.0
0.764209,32.0,35.0,BSHM,9.40586,1647804900.0
0.977145,32.0,35.0,BSHM,9.15859,1647805200.0
1.33698,32.0,35.0,BSHM,9.18154,1647805500.0
1.33317,32.0,35.0,BSHM,8.9372,1647805800.0
0.935989,32.0,35.0,BSHM,8.56904,1647806100.0
0.786958,32.0,35.0,BSHM,8.23071,1647806400.0
0.673087,32.0,35.0,BSHM,7.94661,1647806700.0
0.598065,32.0,35.0,BSHM,8.351,1647807000.0
0.594985,32.0,35.0,BSHM,8.01863,1647807300.0
0.614441,32.0,35.0,BSHM,7.8311,1647807600.0
0.5994,32.0,35.0,BSHM,7.15323,1647807900.0
0.605579,32.0,35.0,BSHM,6.93539,1647808200.0
0.768545,32.0,35.0,BSHM,6.98761,1647808500.0
0.636711,32.0,35.0,BSHM,7.41626,1647808800.0
0.794126,32.0,35.0,BSHM,7.24066,1647809100.0
1.3448,32.0,35.0,BSHM,7.35768,1647809400.0
1.30764,32.0,35.0,BSHM,7.26398,1647809700.0
1.30695,32.0,35.0,BSHM,7.13565,1647810000.0
1.30739,32.0,35.0,BSHM,7.02764,1647810300.0
1.34457,32.0,35.0,BSHM,6.83412,1647810600.0
1.33512,32.0,35.0,BSHM,6.77407,1647810900.0
0.933442,32.0,35.0,BSHM,6.76344,1647811200.0
1.3327,32.0,35.0,BSHM,6.77654,1647811500.0
1.40067,32.0,35.0,BSHM,6.74681,1647811800.0
1.35371,32.0,35.0,BSHM,7.10844,1647812100.0
0.930065,32.0,35.0,BSHM,7.23452,1647812400.0
0.589439,32.0,35.0,BSHM,7.39495,1647812700.0
0.586727,32.0,35.0,BSHM,7.43126,1647813000.0
0.499974,32.0,35.0,BSHM,7.60993,1647813300.0
0.441087,32.0,35.0,BSHM,7.42087,1647813600.0
0.417162,32.0,35.0,BSHM,7.31234,1647813900.0
0.496415,32.0,35.0,BSHM,7.34199,1647814200.0
0.468188,32.0,35.0,BSHM,7.363,1647814500.0
0.589024,32.0,35.0,BSHM,7.22106,1647814800.0
0.660393,32.0,35.0,BSHM,7.67818,1647815100.0
1.311,32.0,35.0,BSHM,7.70252,1647815400.0
1.30682,32.0,35.0,BSHM,7.77265,1647815700.0
1.30686,32.0,35.0,BSHM,7.91224,1647816000.0
0.92281,32.0,35.0,BSHM,7.97287,1647816300.0
0.75415,32.0,35.0,BSHM,8.06344,1647816600.0
0.753959,32.0,35.0,BSHM,8.17072,1647816900.0
0.75425,32.0,35.0,BSHM,8.2375,1647817200.0
0.753898,32.0,35.0,BSHM,8.29705,1647817500.0
0.754844,32.0,35.0,BSHM,8.37607,1647817800.0
0.922786,32.0,35.0,BSHM,8.43009,1647818100.0
1.30705,32.0,35.0,BSHM,8.49157,1647818400.0
1.35998,32.0,35.0,BSHM,8.50491,1647818700.0
1.30414,32.0,35.0,BSHM,6.96154,1647819000.0
0.754419,32.0,35.0,BSHM,7.06619,1647819300.0
0.654471,32.0,35.0,BSHM,7.22057,1647819600.0
0.652548,32.0,35.0,BSHM,7.12636,1647819900.0
0.583255,32.0,35.0,BSHM,7.18953,1647820200.0
0.65239,32.0,35.0,BSHM,7.54477,1647820500.0
1.34275,35.0,33.0,NICO,4.94591,1647737100.0
1.30533,35.0,33.0,NICO,4.88868,1647737400.0
0.932884,35.0,33.0,NICO,5.00976,1647737700.0
1.31473,35.0,33.0,NICO,4.58011,1647738000.0
0.769708,35.0,33.0,NICO,4.74331,1647738300.0
0.503336,35.0,33.0,NICO,4.68829,1647738600.0
0.464302,35.0,33.0,NICO,4.72251,1647738900.0
0.534842,35.0,33.0,NICO,4.73676,1647739200.0
0.540005,35.0,33.0,NICO,4.73514,1647739500.0
0.924763,35.0,33.0,NICO,4.68995,1647739800.0
1.30875,35.0,33.0,NICO,4.3994,1647744600.0
0.662264,35.0,33.0,NICO,4.17738,1647744900.0
0.495681,35.0,33.0,NICO,3.95727,1647745200.0
0.495108,35.0,33.0,NICO,3.82384,1647745500.0
0.669544,35.0,33.0,NICO,3.62345,1647745800.0
0.753399,35.0,33.0,NICO,3.82364,1647746100.0
1.31435,35.0,33.0,NICO,3.90176,1647746400.0
1.30241,35.0,33.0,NICO,7.62378,1647747300.0
1.3036,35.0,33.0,NICO,9.54629,1647750600.0
0.760296,35.0,33.0,NICO,9.93406,1647750900.0
0.598087,35.0,33.0,NICO,10.5553,1647751200.0
0.503368,35.0,33.0,NICO,10.9969,1647751500.0
0.546315,35.0,33.0,NICO,11.5628,1647751800.0
0.762061,35.0,33.0,NICO,12.0991,1647752100.0
1.30484,35.0,33.0,NICO,12.6435,1647752400.0
1.30287,35.0,33.0,NICO,15.7211,1647753300.0
0.925307,35.0,33.0,NICO,14.6708,1647755400.0
0.752797,35.0,33.0,NICO,14.9034,1647755700.0
0.752887,35.0,33.0,NICO,15.291,1647756000.0
0.753063,35.0,33.0,NICO,15.7005,1647756300.0
0.754974,35.0,33.0,NICO,15.9184,1647756600.0
0.929086,35.0,33.0,NICO,17.1132,1647756900.0
1.30678,35.0,33.0,NICO,17.9785,1647757200.0
1.37466,35.0,33.0,NICO,19.3081,1647757800.0
1.06189,35.0,33.0,NICO,19.7665,1647758100.0
1.39148,35.0,33.0,NICO,20.2797,1647758400.0
1.30436,35.0,33.0,NICO,18.7493,1647758700.0
1.31739,35.0,33.0,NICO,15.7136,1647759000.0
1.30573,35.0,33.0,NICO,15.1047,1647759300.0
1.37764,35.0,33.0,NICO,22.0904,1647759600.0
1.31666,35.0,33.0,NICO,22.3207,1647759900.0
0.756755,35.0,33.0,NICO,22.7211,1647760200.0
0.75655,35.0,33.0,NICO,23.0449,1647760500.0
0.759187,35.0,33.0,NICO,23.4343,1647760800.0
0.921386,35.0,33.0,NICO,23.8368,1647761100.0
0.752044,35.0,33.0,NICO,23.5605,1647761400.0
0.752434,35.0,33.0,NICO,23.9343,1647761700.0
1.30312,35.0,33.0,NICO,22.7207,1647762000.0
0.754486,35.0,33.0,NICO,25.4408,1647765900.0
0.758329,35.0,33.0,NICO,25.8235,1647766200.0
0.921428,35.0,33.0,NICO,26.5069,1647766500.0
1.30151,35.0,33.0,NICO,27.1337,1647766800.0
1.30671,35.0,33.0,NICO,27.4562,1647767100.0
1.30391,35.0,33.0,NICO,31.4733,1647767400.0
1.32899,35.0,33.0,NICO,32.2855,1647768300.0
1.36966,35.0,33.0,NICO,32.633,1647768600.0
1.30766,35.0,33.0,NICO,30.8348,1647769800.0
1.30455,35.0,33.0,NICO,30.6893,1647770100.0
1.30583,35.0,33.0,NICO,30.3957,1647770400.0
1.30286,35.0,33.0,NICO,28.5445,1647771900.0
1.31016,35.0,33.0,NICO,28.3552,1647772200.0
0.755955,35.0,33.0,NICO,28.5557,1647773400.0
0.531886,35.0,33.0,NICO,28.4821,1647773700.0
0.435177,35.0,33.0,NICO,28.5173,1647774000.0
0.531952,35.0,33.0,NICO,28.6886,1647774300.0
0.65111,35.0,33.0,NICO,28.4579,1647774600.0
0.752761,35.0,33.0,NICO,28.5549,1647774900.0
0.760871,35.0,33.0,NICO,28.985,1647776100.0
0.656244,35.0,33.0,NICO,28.9255,1647776400.0
0.758316,35.0,33.0,NICO,28.9999,1647776700.0
0.757771,35.0,33.0,NICO,29.053,1647777000.0
0.762184,35.0,33.0,NICO,29.079,1647777300.0
1.30596,35.0,33.0,NICO,29.6663,1647778200.0
1.30225,35.0,33.0,NICO,29.2,1647778500.0
1.30256,35.0,33.0,NICO,28.5955,1647778800.0
1.30312,35.0,33.0,NICO,29.2502,1647779100.0
1.30486,35.0,33.0,NICO,28.9941,1647779400.0
1.30148,35.0,33.0,NICO,25.9128,1647780600.0
1.30168,35.0,33.0,NICO,25.4019,1647780900.0
1.30304,35.0,33.0,NICO,27.0636,1647781200.0
1.30273,35.0,33.0,NICO,22.5894,1647785400.0
1.30157,35.0,33.0,NICO,22.6041,1647785700.0
1.33012,35.0,33.0,NICO,20.4645,1647788700.0
0.656795,35.0,33.0,NICO,18.4838,1647789000.0
0.933222,35.0,33.0,NICO,20.0586,1647789300.0
0.544789,35.0,33.0,NICO,19.8868,1647789600.0
0.543113,35.0,33.0,NICO,19.7433,1647789900.0
0.601917,35.0,33.0,NICO,19.6045,1647790200.0
0.669132,35.0,33.0,NICO,19.4609,1647790500.0
0.659324,35.0,33.0,NICO,18.6455,1647790800.0
0.766739,35.0,33.0,NICO,18.4566,1647791100.0
1.30127,35.0,33.0,NICO,18.704,1647794400.0
1.30126,35.0,33.0,NICO,18.0096,1647794700.0
0.7828,35.0,33.0,NICO,16.3163,1647795000.0
0.666452,35.0,33.0,NICO,15.145,1647795300.0
0.668686,35.0,33.0,NICO,13.8371,1647795600.0
0.598107,35.0,33.0,NICO,12.694,1647795900.0
0.660216,35.0,33.0,NICO,12.3861,1647796200.0
0.601028,35.0,33.0,NICO,11.8965,1647796500.0
0.76916,35.0,33.0,NICO,11.5427,1647796800.0
0.927793,35.0,33.0,NICO,10.8334,1647797100.0
0.756459,35.0,33.0,NICO,9.94966,1647797400.0
0.656829,35.0,33.0,NICO,9.66087,1647797700.0
0.759054,35.0,33.0,NICO,9.34887,1647798000.0
0.666148,35.0,33.0,NICO,9.9135,1647798300.0
0.934633,35.0,33.0,NICO,10.5482,1647798600.0
1.30284,35.0,33.0,NICO,12.4112,1647798900.0
1.30302,35.0,33.0,NICO,12.1648,1647799200.0
1.39544,35.0,33.0,NICO,7.85482,1647802800.0
1.30138,35.0,33.0,NICO,9.2375,1647803400.0
0.7641,35.0,33.0,NICO,6.28028,1647806100.0
0.75671,35.0,33.0,NICO,6.24067,1647806400.0
0.655573,35.0,33.0,NICO,6.20812,1647806700.0
0.754692,35.0,33.0,NICO,6.34131,1647807000.0
0.755061,35.0,33.0,NICO,6.33826,1647807300.0
1.31523,35.0,33.0,NICO,6.13058,1647807600.0
1.31292,35.0,33.0,NICO,6.58689,1647808200.0
0.507222,35.0,33.0,NICO,6.33044,1647808500.0
0.469652,35.0,33.0,NICO,6.30835,1647808800.0
0.500369,35.0,33.0,NICO,6.22156,1647809100.0
0.537515,35.0,33.0,NICO,6.22567,1647809400.0
0.758297,35.0,33.0,NICO,6.12001,1647809700.0
0.928462,35.0,33.0,NICO,7.8362,1647810000.0
0.656357,35.0,33.0,NICO,6.68836,1647810300.0
0.752683,35.0,33.0,NICO,6.21894,1647810600.0
0.651814,35.0,33.0,NICO,6.19292,1647810900.0
0.583039,35.0,33.0,NICO,6.20492,1647811200.0
0.752468,35.0,33.0,NICO,6.23344,1647811500.0
0.757324,35.0,33.0,NICO,6.27425,1647811800.0
1.30238,35.0,33.0,NICO,7.19327,1647813000.0
1.30238,35.0,33.0,NICO,6.95072,1647813300.0
1.31323,35.0,33.0,NICO,6.34521,1647815100.0
0.926915,35.0,33.0,NICO,6.72057,1647815400.0
0.925059,35.0,33.0,NICO,6.69506,1647815700.0
0.757077,35.0,33.0,NICO,6.40569,1647816000.0
0.922769,35.0,33.0,NICO,6.00724,1647816300.0
1.3232,35.0,33.0,NICO,5.88341,1647816600.0
1.31179,35.0,33.0,NICO,6.05117,1647817200.0
1.3035,35.0,33.0,NICO,5.99552,1647817500.0
0.771995,35.0,33.0,NICO,6.50425,1647817800.0
0.757299,35.0,33.0,NICO,6.53575,1647818100.0
0.539098,35.0,33.0,NICO,6.57894,1647818400.0
0.596662,35.0,33.0,NICO,6.73562,1647818700.0
0.757166,35.0,33.0,NICO,6.64165,1647819000.0
0.92503,35.0,33.0,NICO,6.79201,1647819300.0
0.94716,35.0,33.0,NICO,6.51057,1647819600.0
1.30184,35.0,33.0,NICO,6.92839,1647819900.0
1.30219,35.0,33.0,NICO,6.96626,1647820200.0
1.30246,40.0,44.0,ARUC,7.60698,1647820800.0
1.30258,40.0,44.0,ARUC,7.69434,1647821100.0
1.30272,40.0,44.0,ARUC,7.79765,1647821400.0
1.30259,40.0,44.0,ARUC,7.90426,1647821700.0
0.395888,40.0,44.0,ARUC,6.00742,1647822000.0
0.35158,40.0,44.0,ARUC,5.48958,1647822300.0
1.30271,40.0,44.0,ARUC,8.52846,1647822600.0
1.30269,40.0,44.0,ARUC,8.7475,1647822900.0
1.31477,40.0,44.0,ARUC,4.36568,1647823500.0
1.31006,40.0,44.0,ARUC,4.37208,1647823800.0
1.33748,40.0,44.0,ARUC,5.60175,1647826800.0
0.767597,40.0,44.0,ARUC,6.28918,1647827100.0
1.30182,40.0,44.0,ARUC,9.65226,1647827700.0
1.30163,40.0,44.0,ARUC,9.40516,1647828000.0
1.30633,40.0,44.0,ARUC,8.26693,1647828600.0
1.3059,40.0,44.0,ARUC,7.89928,1647828900.0
0.922154,40.0,44.0,ARUC,9.11978,1647829200.0
0.92154,40.0,44.0,ARUC,8.89321,1647829500.0
0.920701,40.0,44.0,ARUC,8.84499,1647829800.0
0.9206,40.0,44.0,ARUC,8.96892,1647830100.0
0.922735,40.0,44.0,ARUC,8.93782,1647830400.0
0.753689,40.0,44.0,ARUC,9.28645,1647830700.0
0.752121,40.0,44.0,ARUC,9.26722,1647831000.0
0.752924,40.0,44.0,ARUC,9.29514,1647831300.0
0.92127,40.0,44.0,ARUC,8.94445,1647831600.0
0.922837,40.0,44.0,ARUC,9.18419,1647831900.0
0.756979,40.0,44.0,ARUC,8.9375,1647832200.0
0.416774,40.0,44.0,ARUC,6.92724,1647832500.0
0.592055,40.0,44.0,ARUC,8.32997,1647832800.0
0.932602,40.0,44.0,ARUC,8.96757,1647833100.0
0.926816,40.0,44.0,ARUC,9.11035,1647833400.0
1.33895,40.0,44.0,ARUC,6.43547,1647833700.0
1.30562,40.0,44.0,ARUC,12.6646,1647834600.0
0.921883,40.0,44.0,ARUC,13.7038,1647834900.0
1.30166,40.0,44.0,ARUC,14.8814,1647835200.0
0.921236,40.0,44.0,ARUC,12.6917,1647835500.0
0.926212,40.0,44.0,ARUC,12.781,1647835800.0
1.00426,40.0,44.0,ARUC,7.93136,1647836400.0
1.30146,40.0,44.0,ARUC,15.8696,1647838200.0
1.30116,40.0,44.0,ARUC,15.8203,1647838500.0
1.30117,40.0,44.0,ARUC,15.7821,1647838800.0
1.30954,40.0,44.0,ARUC,11.2801,1647839400.0
1.30507,40.0,44.0,ARUC,11.2681,1647839700.0
0.6528,40.0,44.0,ARUC,12.8499,1647840900.0
0.583779,40.0,44.0,ARUC,13.3441,1647841200.0
1.30201,40.0,44.0,ARUC,17.3484,1647843600.0
1.30207,40.0,44.0,ARUC,17.621,1647843900.0
0.755629,40.0,44.0,ARUC,14.9637,1647844200.0
0.462987,40.0,44.0,ARUC,16.0466,1647844500.0
0.39442,40.0,44.0,ARUC,15.5766,1647844800.0
0.438991,40.0,44.0,ARUC,15.614,1647845100.0
0.498943,40.0,44.0,ARUC,16.6859,1647845400.0
0.958864,40.0,44.0,ARUC,21.3757,1647845700.0
1.34187,40.0,44.0,ARUC,19.4445,1647846000.0
1.33853,40.0,44.0,ARUC,19.9723,1647846300.0
1.3422,40.0,44.0,ARUC,20.5033,1647846600.0
1.34648,40.0,44.0,ARUC,20.9924,1647846900.0
1.34183,40.0,44.0,ARUC,21.4349,1647847200.0
1.35804,40.0,44.0,ARUC,21.8129,1647847500.0
1.30276,40.0,44.0,ARUC,22.4527,1647847800.0
1.30245,40.0,44.0,ARUC,22.5927,1647848100.0
1.30278,40.0,44.0,ARUC,22.7236,1647848400.0
1.30719,40.0,44.0,ARUC,19.5955,1647848700.0
0.922326,40.0,44.0,ARUC,20.5388,1647849000.0
0.922674,40.0,44.0,ARUC,20.7468,1647849300.0
1.30746,40.0,44.0,ARUC,20.5654,1647849600.0
0.929073,40.0,44.0,ARUC,18.8731,1647849900.0
0.931896,40.0,44.0,ARUC,19.0584,1647850200.0
1.30318,40.0,44.0,ARUC,26.7056,1647853800.0
1.30319,40.0,44.0,ARUC,26.3554,1647854100.0
1.31616,40.0,44.0,ARUC,19.5809,1647855900.0
1.31637,40.0,44.0,ARUC,19.7552,1647856200.0
1.31812,40.0,44.0,ARUC,20.0602,1647856500.0
1.3166,40.0,44.0,ARUC,20.1836,1647856800.0
0.927578,40.0,44.0,ARUC,21.3207,1647857100.0
0.494751,40.0,44.0,ARUC,21.4625,1647857400.0
1.31812,40.0,44.0,ARUC,20.47,1647857700.0
1.33072,40.0,44.0,ARUC,20.5155,1647858000.0
1.31226,40.0,44.0,ARUC,19.5588,1647858300.0
1.31045,40.0,44.0,ARUC,19.7357,1647858600.0
1.31134,40.0,44.0,ARUC,19.9311,1647858900.0
1.31535,40.0,44.0,ARUC,20.0485,1647859200.0
1.30621,40.0,44.0,ARUC,16.9406,1647862200.0
1.30327,40.0,44.0,ARUC,17.0516,1647862500.0
1.30345,40.0,44.0,ARUC,17.1865,1647862800.0
1.30366,40.0,44.0,ARUC,17.2937,1647863100.0
1.30345,40.0,44.0,ARUC,17.4683,1647863400.0
0.759631,40.0,44.0,ARUC,21.0898,1647863700.0
0.760224,40.0,44.0,ARUC,21.102,1647864000.0
0.41467,40.0,44.0,ARUC,18.6838,1647864300.0
0.413596,40.0,44.0,ARUC,18.0815,1647864600.0
1.30397,40.0,44.0,ARUC,17.2094,1647864900.0
1.30389,40.0,44.0,ARUC,17.1416,1647865200.0
0.929367,40.0,44.0,ARUC,17.1237,1647865500.0
1.30528,40.0,44.0,ARUC,17.0241,1647865800.0
1.30506,40.0,44.0,ARUC,16.7074,1647866100.0
1.30524,40.0,44.0,ARUC,16.3599,1647866400.0
1.30541,40.0,44.0,ARUC,16.0978,1647866700.0
1.30355,40.0,44.0,ARUC,21.3853,1647867600.0
1.30406,40.0,44.0,ARUC,21.324,1647867900.0
1.30189,40.0,44.0,ARUC,21.1787,1647869100.0
1.30187,40.0,44.0,ARUC,21.148,1647869400.0
1.32211,40.0,44.0,ARUC,17.9814,1647872100.0
0.925857,40.0,44.0,ARUC,16.3709,1647872400.0
0.761365,40.0,44.0,ARUC,16.6687,1647872700.0
0.472356,40.0,44.0,ARUC,15.6823,1647873000.0
0.396295,40.0,44.0,ARUC,16.232,1647873300.0
0.33059,40.0,44.0,ARUC,16.3364,1647873600.0
0.339569,40.0,44.0,ARUC,16.6717,1647873900.0
0.352568,40.0,44.0,ARUC,16.3687,1647874200.0
1.30673,40.0,44.0,ARUC,15.3011,1647874500.0
0.926805,40.0,44.0,ARUC,13.8381,1647874800.0
0.928788,40.0,44.0,ARUC,13.6609,1647875100.0
1.30774,40.0,44.0,ARUC,14.0197,1647875400.0
1.3159,40.0,44.0,ARUC,13.7569,1647875700.0
1.32868,40.0,44.0,ARUC,13.0517,1647876300.0
1.31235,40.0,44.0,ARUC,12.9939,1647876600.0
1.31162,40.0,44.0,ARUC,12.9729,1647876900.0
0.755478,40.0,44.0,ARUC,14.2807,1647877200.0
0.670352,40.0,44.0,ARUC,12.4915,1647877500.0
0.332806,40.0,44.0,ARUC,13.0937,1647877800.0
0.400403,40.0,44.0,ARUC,12.7463,1647878100.0
1.30828,40.0,44.0,ARUC,12.327,1647878400.0
1.30782,40.0,44.0,ARUC,12.1343,1647878700.0
1.30812,40.0,44.0,ARUC,11.985,1647879000.0
1.31419,40.0,44.0,ARUC,11.8414,1647879300.0
1.30349,40.0,44.0,ARUC,7.86064,1647881400.0
0.936816,40.0,44.0,ARUC,9.12591,1647881700.0
0.655543,40.0,44.0,ARUC,9.43362,1647882000.0
0.654649,40.0,44.0,ARUC,9.36119,1647882300.0
0.654621,40.0,44.0,ARUC,9.20953,1647882600.0
0.654363,40.0,44.0,ARUC,9.04829,1647882900.0
0.655027,40.0,44.0,ARUC,8.93404,1647883200.0
0.762391,40.0,44.0,ARUC,8.9048,1647883500.0
1.30909,40.0,44.0,ARUC,8.01171,1647883800.0
1.30824,40.0,44.0,ARUC,7.89282,1647884100.0
1.3138,40.0,44.0,ARUC,7.73062,1647884400.0
1.39406,40.0,44.0,ARUC,6.71005,1647884700.0
0.595914,40.0,44.0,ARUC,6.92253,1647885000.0
0.670083,40.0,44.0,ARUC,6.86881,1647885300.0
0.926398,40.0,44.0,ARUC,6.74615,1647886200.0
0.923991,40.0,44.0,ARUC,6.58891,1647886500.0
1.30319,40.0,44.0,ARUC,7.17999,1647886800.0
0.924725,40.0,44.0,ARUC,6.89124,1647887100.0
0.92294,40.0,44.0,ARUC,6.8562,1647887400.0
0.814718,40.0,44.0,ARUC,8.32933,1647887700.0
0.813671,40.0,44.0,ARUC,7.23189,1647888000.0
1.30656,40.0,44.0,ARUC,7.31109,1647888300.0
1.30703,40.0,44.0,ARUC,7.43527,1647888600.0
1.30758,40.0,44.0,ARUC,7.623,1647888900.0
1.31046,40.0,44.0,ARUC,7.71985,1647889200.0
1.30646,40.0,44.0,ARUC,5.86406,1647890100.0
0.927427,40.0,44.0,ARUC,6.42264,1647890400.0
1.30841,40.0,44.0,ARUC,7.06033,1647890700.0
1.30803,40.0,44.0,ARUC,7.22723,1647891000.0
1.30855,40.0,44.0,ARUC,7.3597,1647891300.0
0.926743,40.0,44.0,ARUC,7.80507,1647891600.0
0.924397,40.0,44.0,ARUC,7.88726,1647891900.0
0.926998,40.0,44.0,ARUC,7.92571,1647892200.0
1.30597,40.0,44.0,ARUC,8.27994,1647892500.0
0.925948,40.0,44.0,ARUC,6.63872,1647892800.0
0.922559,40.0,44.0,ARUC,6.66909,1647893100.0
0.924419,40.0,44.0,ARUC,6.61971,1647893400.0
0.544981,40.0,44.0,ARUC,4.83439,1647894000.0
0.793002,40.0,44.0,ARUC,4.97911,1647894300.0
1.30445,40.0,44.0,ARUC,5.74819,1647894600.0
1.3136,40.0,44.0,ARUC,5.65962,1647894900.0
1.31277,40.0,44.0,ARUC,7.27929,1647895800.0
1.30353,40.0,44.0,ARUC,7.21796,1647896100.0
1.30332,40.0,44.0,ARUC,7.16977,1647896400.0
1.30351,40.0,44.0,ARUC,7.12977,1647896700.0
1.30578,40.0,44.0,ARUC,7.03177,1647897000.0
1.30327,40.0,44.0,ARUC,10.2771,1647897300.0
1.30316,40.0,44.0,ARUC,10.6288,1647897600.0
1.30324,40.0,44.0,ARUC,11.0772,1647897900.0
1.30478,40.0,44.0,ARUC,5.00068,1647898800.0
1.30334,40.0,44.0,ARUC,4.96913,1647899100.0
1.31761,40.0,44.0,ARUC,7.08469,1647900600.0
1.31058,40.0,44.0,ARUC,7.18881,1647900900.0
1.30976,40.0,44.0,ARUC,7.38736,1647901200.0
1.30981,40.0,44.0,ARUC,7.52602,1647901500.0
1.30907,40.0,44.0,ARUC,7.75493,1647901800.0
1.30979,40.0,44.0,ARUC,7.96679,1647902100.0
1.31063,40.0,44.0,ARUC,8.09413,1647902400.0
1.31311,40.0,44.0,ARUC,8.26682,1647902700.0
1.31857,40.0,44.0,ARUC,8.17382,1647903000.0
1.31524,40.0,44.0,ARUC,8.30409,1647903300.0
1.31655,40.0,44.0,ARUC,8.38552,1647903600.0
0.926363,40.0,44.0,ARUC,7.00118,1647903900.0
0.925271,40.0,44.0,ARUC,7.11075,1647904200.0
0.934901,40.0,44.0,ARUC,7.17303,1647904500.0
1.30272,40.0,44.0,ARUC,5.87468,1647904800.0
1.30295,40.0,44.0,ARUC,5.86297,1647905100.0
0.926981,40.0,44.0,ARUC,6.88911,1647905400.0
1.31881,40.0,44.0,ARUC,8.29751,1647905700.0
1.30256,40.0,44.0,ARUC,6.33836,1647906900.0
0.537172,32.0,35.0,BSHM,7.39501,1647820800.0
0.463437,32.0,35.0,BSHM,7.26251,1647821100.0
0.495261,32.0,35.0,BSHM,7.22572,1647821400.0
0.495117,32.0,35.0,BSHM,7.20676,1647821700.0
0.534747,32.0,35.0,BSHM,7.1318,1647822000.0
0.594729,32.0,35.0,BSHM,7.08143,1647822300.0
0.92315,32.0,35.0,BSHM,7.91243,1647822600.0
0.923814,32.0,35.0,BSHM,7.99555,1647822900.0
1.31115,32.0,35.0,BSHM,7.97287,1647823200.0
1.33304,32.0,35.0,BSHM,6.88125,1647823500.0
1.31108,32.0,35.0,BSHM,6.83138,1647823800.0
0.925005,32.0,35.0,BSHM,6.9706,1647824100.0
0.66262,32.0,35.0,BSHM,7.17045,1647824400.0
0.588478,32.0,35.0,BSHM,6.85365,1647824700.0
0.5382,32.0,35.0,BSHM,6.80089,1647825000.0
0.587798,32.0,35.0,BSHM,6.7245,1647825300.0
0.594779,32.0,35.0,BSHM,6.59231,1647825600.0
0.759367,32.0,35.0,BSHM,6.78543,1647825900.0
0.952008,32.0,35.0,BSHM,6.77378,1647826200.0
1.31317,32.0,35.0,BSHM,6.72703,1647826500.0
1.30358,32.0,35.0,BSHM,5.57106,1647826800.0
0.92855,32.0,35.0,BSHM,6.74615,1647827400.0
0.664866,32.0,35.0,BSHM,6.71464,1647827700.0
0.764374,32.0,35.0,BSHM,6.7363,1647828000.0
0.555921,32.0,35.0,BSHM,6.87993,1647828300.0
0.506109,32.0,35.0,BSHM,6.81798,1647828600.0
0.488639,32.0,35.0,BSHM,6.77307,1647828900.0
0.504955,32.0,35.0,BSHM,6.59431,1647829200.0
0.472601,32.0,35.0,BSHM,6.38314,1647829500.0
0.478536,32.0,35.0,BSHM,6.20711,1647829800.0
0.465945,32.0,35.0,BSHM,5.98634,1647830100.0
0.535204,32.0,35.0,BSHM,5.73449,1647830400.0
0.50199,32.0,35.0,BSHM,5.72384,1647830700.0
0.534882,32.0,35.0,BSHM,5.59857,1647831000.0
0.601533,32.0,35.0,BSHM,5.6471,1647831300.0
0.610862,32.0,35.0,BSHM,6.13854,1647831600.0
0.621675,32.0,35.0,BSHM,6.47859,1647831900.0
0.613457,32.0,35.0,BSHM,6.54681,1647832200.0
0.69834,32.0,35.0,BSHM,6.81814,1647832500.0
0.719631,32.0,35.0,BSHM,7.12885,1647832800.0
0.709774,32.0,35.0,BSHM,7.12817,1647833100.0
0.619222,32.0,35.0,BSHM,6.95881,1647833400.0
0.677449,32.0,35.0,BSHM,7.04033,1647833700.0
0.59836,32.0,35.0,BSHM,7.03514,1647834000.0
0.651795,32.0,35.0,BSHM,7.42424,1647834300.0
0.531973,32.0,35.0,BSHM,7.8034,1647834600.0
0.531992,32.0,35.0,BSHM,8.09698,1647834900.0
0.464107,32.0,35.0,BSHM,8.49562,1647835200.0
0.460965,32.0,35.0,BSHM,8.89934,1647835500.0
0.414406,32.0,35.0,BSHM,9.40543,1647835800.0
0.383673,32.0,35.0,BSHM,9.80305,1647836100.0
0.369394,32.0,35.0,BSHM,10.282,1647836400.0
0.395784,32.0,35.0,BSHM,10.7542,1647836700.0
0.395849,32.0,35.0,BSHM,11.2542,1647837000.0
0.438149,32.0,35.0,BSHM,11.7639,1647837300.0
0.425293,32.0,35.0,BSHM,12.0192,1647837600.0
0.463843,32.0,35.0,BSHM,12.6054,1647837900.0
0.583299,32.0,35.0,BSHM,13.2207,1647838200.0
0.582609,32.0,35.0,BSHM,13.0888,1647838500.0
0.533191,32.0,35.0,BSHM,13.3047,1647838800.0
0.582742,32.0,35.0,BSHM,13.6688,1647839100.0
0.492838,32.0,35.0,BSHM,14.0854,1647839400.0
0.434653,32.0,35.0,BSHM,14.5726,1647839700.0
0.460814,32.0,35.0,BSHM,14.9082,1647840000.0
0.460925,32.0,35.0,BSHM,15.1659,1647840300.0
0.460953,32.0,35.0,BSHM,15.4522,1647840600.0
0.49268,32.0,35.0,BSHM,15.7305,1647840900.0
0.435668,32.0,35.0,BSHM,15.9929,1647841200.0
0.493902,32.0,35.0,BSHM,16.1784,1647841500.0
0.582364,32.0,35.0,BSHM,16.2353,1647841800.0
0.583221,32.0,35.0,BSHM,16.442,1647842100.0
0.65076,32.0,35.0,BSHM,17.0284,1647842400.0
0.492376,32.0,35.0,BSHM,17.4825,1647842700.0
0.49255,32.0,35.0,BSHM,17.9369,1647843000.0
0.434433,32.0,35.0,BSHM,18.3518,1647843300.0
0.411875,32.0,35.0,BSHM,18.6146,1647843600.0
0.434059,32.0,35.0,BSHM,19.0385,1647843900.0
0.531579,32.0,35.0,BSHM,19.2076,1647844200.0
0.493038,32.0,35.0,BSHM,19.6179,1647844500.0
0.582139,32.0,35.0,BSHM,19.9713,1647844800.0
0.582114,32.0,35.0,BSHM,20.3722,1647845100.0
0.651437,32.0,35.0,BSHM,20.7865,1647845400.0
0.92089,32.0,35.0,BSHM,21.1609,1647845700.0
1.30157,32.0,35.0,BSHM,21.6705,1647846000.0
1.45464,32.0,35.0,BSHM,25.2151,1647847500.0
1.38693,32.0,35.0,BSHM,25.8047,1647847800.0
0.971037,32.0,35.0,BSHM,26.3881,1647848100.0
0.780754,32.0,35.0,BSHM,27.2997,1647848400.0
0.776791,32.0,35.0,BSHM,27.9796,1647848700.0
0.961233,32.0,35.0,BSHM,28.864,1647849000.0
1.06157,32.0,35.0,BSHM,29.5917,1647849300.0
1.68295,32.0,35.0,BSHM,30.3745,1647849600.0
1.3048,32.0,35.0,BSHM,31.5878,1647851700.0
0.921992,32.0,35.0,BSHM,34.0903,1647852000.0
0.932435,32.0,35.0,BSHM,33.7761,1647852300.0
1.32442,32.0,35.0,BSHM,33.5099,1647852600.0
1.31174,32.0,35.0,BSHM,33.4933,1647852900.0
1.81125,32.0,35.0,BSHM,24.4283,1647855900.0
1.01608,32.0,35.0,BSHM,29.2554,1647856200.0
0.821899,32.0,35.0,BSHM,31.3287,1647856500.0
0.72645,32.0,35.0,BSHM,32.2839,1647856800.0
0.618185,32.0,35.0,BSHM,33.2346,1647857100.0
0.542398,32.0,35.0,BSHM,33.5534,1647857400.0
0.573655,32.0,35.0,BSHM,34.677,1647857700.0
0.518968,32.0,35.0,BSHM,34.4917,1647858000.0
0.522031,32.0,35.0,BSHM,34.8518,1647858300.0
0.532301,32.0,35.0,BSHM,34.8833,1647858600.0
0.563289,32.0,35.0,BSHM,34.8133,1647858900.0
0.696012,32.0,35.0,BSHM,34.2849,1647859200.0
0.813758,32.0,35.0,BSHM,34.6461,1647859500.0
0.911489,32.0,35.0,BSHM,34.798,1647859800.0
0.807443,32.0,35.0,BSHM,33.9488,1647860100.0
0.529842,32.0,35.0,BSHM,33.7672,1647860400.0
0.508028,32.0,35.0,BSHM,33.3348,1647860700.0
0.474014,32.0,35.0,BSHM,32.7644,1647861000.0
0.421135,32.0,35.0,BSHM,32.3,1647861300.0
0.409617,32.0,35.0,BSHM,32.239,1647861600.0
0.410186,32.0,35.0,BSHM,32.0591,1647861900.0
0.416354,32.0,35.0,BSHM,31.9952,1647862200.0
0.498347,32.0,35.0,BSHM,32.3164,1647862500.0
0.536116,32.0,35.0,BSHM,32.2338,1647862800.0
0.509354,32.0,35.0,BSHM,32.1292,1647863100.0
0.520235,32.0,35.0,BSHM,31.4887,1647863400.0
0.541045,32.0,35.0,BSHM,31.8356,1647863700.0
0.510293,32.0,35.0,BSHM,30.6351,1647864000.0
0.545109,32.0,35.0,BSHM,29.3393,1647864300.0
0.60359,32.0,35.0,BSHM,27.987,1647864600.0
0.605712,32.0,35.0,BSHM,25.6615,1647864900.0
0.605904,32.0,35.0,BSHM,24.9438,1647865200.0
0.766133,32.0,35.0,BSHM,23.4617,1647865500.0
0.617438,32.0,35.0,BSHM,25.2621,1647865800.0
0.670423,32.0,35.0,BSHM,25.0794,1647866100.0
0.774025,32.0,35.0,BSHM,26.42,1647866400.0
0.938085,32.0,35.0,BSHM,27.1763,1647866700.0
0.779548,32.0,35.0,BSHM,27.1384,1647867000.0
0.768619,32.0,35.0,BSHM,27.1771,1647867300.0
0.787773,32.0,35.0,BSHM,27.2561,1647867600.0
0.669525,32.0,35.0,BSHM,27.3606,1647867900.0
0.661338,32.0,35.0,BSHM,26.7781,1647868200.0
0.612742,32.0,35.0,BSHM,27.0664,1647868500.0
0.543035,32.0,35.0,BSHM,26.5483,1647868800.0
0.589861,32.0,35.0,BSHM,26.5954,1647869100.0
0.538758,32.0,35.0,BSHM,26.7788,1647869400.0
0.552128,32.0,35.0,BSHM,27.0457,1647869700.0
0.660503,32.0,35.0,BSHM,26.7404,1647870000.0
0.761877,32.0,35.0,BSHM,27.0989,1647870300.0
0.674182,32.0,35.0,BSHM,26.9559,1647870600.0
0.594851,32.0,35.0,BSHM,24.9441,1647870900.0
0.675452,32.0,35.0,BSHM,23.4203,1647871200.0
0.658681,32.0,35.0,BSHM,23.6407,1647871500.0
0.594137,32.0,35.0,BSHM,24.0009,1647871800.0
0.588714,32.0,35.0,BSHM,24.0779,1647872100.0
0.546887,32.0,35.0,BSHM,23.6974,1647872400.0
0.604045,32.0,35.0,BSHM,23.2417,1647872700.0
0.668152,32.0,35.0,BSHM,24.4997,1647873000.0
0.660806,32.0,35.0,BSHM,23.8469,1647873300.0
0.668213,32.0,35.0,BSHM,23.927,1647873600.0
1.33489,32.0,35.0,BSHM,25.0762,1647873900.0
1.02683,32.0,35.0,BSHM,20.2179,1647876600.0
1.00404,32.0,35.0,BSHM,19.3627,1647876900.0
0.808647,32.0,35.0,BSHM,18.5738,1647877200.0
0.776404,32.0,35.0,BSHM,17.5834,1647877500.0
0.654217,32.0,35.0,BSHM,16.5413,1647877800.0
0.589009,32.0,35.0,BSHM,15.668,1647878100.0
0.624073,32.0,35.0,BSHM,14.7465,1647878400.0
0.569325,32.0,35.0,BSHM,13.8593,1647878700.0
0.532454,32.0,35.0,BSHM,12.5627,1647879000.0
0.580039,32.0,35.0,BSHM,11.848,1647879300.0
0.571989,32.0,35.0,BSHM,12.8462,1647879600.0
0.633007,32.0,35.0,BSHM,12.472,1647879900.0
0.674045,32.0,35.0,BSHM,12.5288,1647880200.0
0.675677,32.0,35.0,BSHM,11.9464,1647880500.0
0.627153,32.0,35.0,BSHM,11.3921,1647880800.0
0.556847,32.0,35.0,BSHM,11.0434,1647881100.0
0.605793,32.0,35.0,BSHM,10.6091,1647881400.0
0.561332,32.0,35.0,BSHM,10.0463,1647881700.0
0.611417,32.0,35.0,BSHM,9.74072,1647882000.0
0.66646,32.0,35.0,BSHM,9.6041,1647882300.0
0.693731,32.0,35.0,BSHM,9.43018,1647882600.0
0.607645,32.0,35.0,BSHM,9.13318,1647882900.0
0.566185,32.0,35.0,BSHM,8.75745,1647883200.0
0.576337,32.0,35.0,BSHM,8.51452,1647883500.0
0.674662,32.0,35.0,BSHM,8.3584,1647883800.0
0.695692,32.0,35.0,BSHM,8.14949,1647884100.0
0.680171,32.0,35.0,BSHM,7.91382,1647884400.0
0.680157,32.0,35.0,BSHM,7.71319,1647884700.0
0.798968,32.0,35.0,BSHM,7.55721,1647885000.0
0.79726,32.0,35.0,BSHM,7.4334,1647885300.0
0.968718,32.0,35.0,BSHM,7.34443,1647885600.0
0.888311,32.0,35.0,BSHM,7.22781,1647885900.0
0.85295,32.0,35.0,BSHM,7.08594,1647886200.0
0.655512,32.0,35.0,BSHM,6.77632,1647886500.0
0.506826,32.0,35.0,BSHM,6.63113,1647886800.0
0.580888,32.0,35.0,BSHM,6.48231,1647887100.0
0.521847,32.0,35.0,BSHM,6.24921,1647887400.0
0.518886,32.0,35.0,BSHM,6.10378,1647887700.0
0.485319,32.0,35.0,BSHM,5.96715,1647888000.0
0.520841,32.0,35.0,BSHM,6.03912,1647888300.0
0.475536,32.0,35.0,BSHM,6.32078,1647888600.0
0.477071,32.0,35.0,BSHM,6.51266,1647888900.0
0.582285,32.0,35.0,BSHM,6.30587,1647889200.0
0.641427,32.0,35.0,BSHM,6.3602,1647889500.0
0.712722,32.0,35.0,BSHM,6.35806,1647889800.0
0.725196,32.0,35.0,BSHM,6.58996,1647890100.0
0.728968,32.0,35.0,BSHM,6.40461,1647890400.0
0.807612,32.0,35.0,BSHM,6.19616,1647890700.0
0.786013,32.0,35.0,BSHM,6.04858,1647891000.0
0.678488,32.0,35.0,BSHM,5.82014,1647891300.0
0.67494,32.0,35.0,BSHM,5.76115,1647891600.0
0.637609,32.0,35.0,BSHM,5.74157,1647891900.0
0.628271,32.0,35.0,BSHM,5.6082,1647892200.0
0.655562,32.0,35.0,BSHM,5.58177,1647892500.0
0.473246,32.0,35.0,BSHM,5.56196,1647892800.0
0.473024,32.0,35.0,BSHM,5.54243,1647893100.0
0.424641,32.0,35.0,BSHM,5.64585,1647893400.0
0.407064,32.0,35.0,BSHM,5.50246,1647893700.0
0.429269,32.0,35.0,BSHM,5.68692,1647894000.0
0.438768,32.0,35.0,BSHM,5.66333,1647894300.0
0.472503,32.0,35.0,BSHM,5.97509,1647894600.0
0.559861,32.0,35.0,BSHM,6.27573,1647894900.0
0.593446,32.0,35.0,BSHM,6.6659,1647895200.0
0.676977,32.0,35.0,BSHM,6.76061,1647895500.0
0.663801,32.0,35.0,BSHM,6.77614,1647895800.0
0.936474,32.0,35.0,BSHM,6.58685,1647896100.0
1.30873,32.0,35.0,BSHM,5.97184,1647896400.0
0.940555,32.0,35.0,BSHM,5.80404,1647896700.0
1.31498,32.0,35.0,BSHM,5.69789,1647897000.0
0.762891,32.0,35.0,BSHM,5.7713,1647897300.0
0.776293,32.0,35.0,BSHM,5.74502,1647897600.0
0.758511,32.0,35.0,BSHM,5.97372,1647897900.0
0.768165,32.0,35.0,BSHM,6.21174,1647898200.0
0.754625,32.0,35.0,BSHM,6.24513,1647898500.0
0.661412,32.0,35.0,BSHM,6.33,1647898800.0
0.533322,32.0,35.0,BSHM,6.37524,1647899100.0
0.496394,32.0,35.0,BSHM,6.46786,1647899400.0
0.535468,32.0,35.0,BSHM,6.51286,1647899700.0
0.493613,32.0,35.0,BSHM,6.49419,1647900000.0
0.584263,32.0,35.0,BSHM,6.63502,1647900300.0
0.503619,32.0,35.0,BSHM,6.14506,1647900600.0
0.593116,32.0,35.0,BSHM,5.8544,1647900900.0
0.58815,32.0,35.0,BSHM,5.79143,1647901200.0
0.760578,32.0,35.0,BSHM,5.03934,1647901500.0
0.925795,32.0,35.0,BSHM,5.63718,1647901800.0
0.929326,32.0,35.0,BSHM,5.72795,1647902100.0
0.926114,32.0,35.0,BSHM,7.03814,1647902400.0
0.924941,32.0,35.0,BSHM,7.14454,1647902700.0
0.924469,32.0,35.0,BSHM,7.25469,1647903000.0
0.762613,32.0,35.0,BSHM,7.34456,1647903300.0
0.755128,32.0,35.0,BSHM,7.41719,1647903600.0
0.754847,32.0,35.0,BSHM,7.48631,1647903900.0
0.925932,32.0,35.0,BSHM,7.56316,1647904200.0
0.941671,32.0,35.0,BSHM,7.61941,1647904500.0
1.3156,32.0,35.0,BSHM,7.62759,1647904800.0
1.30663,32.0,35.0,BSHM,6.45163,1647905100.0
0.755037,32.0,35.0,BSHM,6.46755,1647905400.0
0.753871,32.0,35.0,BSHM,6.41721,1647905700.0
0.652523,32.0,35.0,BSHM,6.19994,1647906000.0
0.532416,32.0,35.0,BSHM,6.22395,1647906300.0
0.495394,32.0,35.0,BSHM,6.19588,1647906600.0
0.532461,32.0,35.0,BSHM,6.01534,1647906900.0
1.30571,35.0,33.0,NICO,6.56355,1647823500.0
0.924459,35.0,33.0,NICO,6.68301,1647823800.0
1.30287,35.0,33.0,NICO,6.41234,1647824100.0
0.934364,35.0,33.0,NICO,6.44733,1647824400.0
0.535594,35.0,33.0,NICO,6.49482,1647824700.0
0.495569,35.0,33.0,NICO,6.57812,1647825000.0
0.583791,35.0,33.0,NICO,6.66744,1647825300.0
0.588052,35.0,33.0,NICO,6.76286,1647825600.0
0.922322,35.0,33.0,NICO,6.87936,1647825900.0
1.30167,35.0,33.0,NICO,7.08664,1647827100.0
1.30645,35.0,33.0,NICO,7.26484,1647827400.0
1.32359,35.0,33.0,NICO,8.18333,1647830100.0
1.30242,35.0,33.0,NICO,5.88507,1647830400.0
0.920672,35.0,33.0,NICO,5.88676,1647830700.0
0.49441,35.0,33.0,NICO,5.9217,1647831000.0
0.494776,35.0,33.0,NICO,5.83429,1647831300.0
0.493135,35.0,33.0,NICO,5.62954,1647831600.0
0.652082,35.0,33.0,NICO,5.45279,1647831900.0
0.929416,35.0,33.0,NICO,5.47635,1647832200.0
1.3083,35.0,33.0,NICO,8.3926,1647833400.0
1.33618,35.0,33.0,NICO,8.42702,1647833700.0
1.33766,35.0,33.0,NICO,9.42552,1647836700.0
0.557693,35.0,33.0,NICO,10.112,1647837000.0
0.484516,35.0,33.0,NICO,10.547,1647837300.0
0.519108,35.0,33.0,NICO,10.9335,1647837600.0
0.575426,35.0,33.0,NICO,11.2532,1647837900.0
0.776564,35.0,33.0,NICO,11.6214,1647838200.0
1.42757,35.0,33.0,NICO,12.0371,1647838500.0
1.41659,35.0,33.0,NICO,14.0967,1647841500.0
0.765363,35.0,33.0,NICO,14.3976,1647841800.0
0.6686,35.0,33.0,NICO,14.784,1647842100.0
0.978752,35.0,33.0,NICO,15.3195,1647842400.0
0.992133,35.0,33.0,NICO,15.7118,1647842700.0
0.976004,35.0,33.0,NICO,16.6353,1647843000.0
1.31193,35.0,33.0,NICO,17.3608,1647843300.0
1.31295,35.0,33.0,NICO,18.9665,1647844800.0
0.927137,35.0,33.0,NICO,19.5968,1647845100.0
1.30501,35.0,33.0,NICO,18.3491,1647845400.0
1.30093,35.0,33.0,NICO,24.5589,1647847800.0
1.30095,35.0,33.0,NICO,25.0509,1647848100.0
1.30992,35.0,33.0,NICO,22.2721,1647848700.0
1.32921,35.0,33.0,NICO,22.5698,1647849000.0
0.794668,35.0,33.0,NICO,27.0739,1647852000.0
0.778502,35.0,33.0,NICO,27.3559,1647852300.0
0.963524,35.0,33.0,NICO,27.978,1647852600.0
0.792188,35.0,33.0,NICO,29.564,1647852900.0
0.572424,35.0,33.0,NICO,30.6793,1647853200.0
0.479119,35.0,33.0,NICO,31.6259,1647853500.0
0.488862,35.0,33.0,NICO,31.503,1647853800.0
0.613833,35.0,33.0,NICO,31.4985,1647854100.0
0.678866,35.0,33.0,NICO,31.6522,1647854400.0
0.837258,35.0,33.0,NICO,32.2001,1647854700.0
1.36622,35.0,33.0,NICO,31.13,1647855900.0
0.92988,35.0,33.0,NICO,31.9906,1647856200.0
1.31909,35.0,33.0,NICO,29.6763,1647856500.0
1.30646,35.0,33.0,NICO,27.0621,1647858000.0
1.31267,35.0,33.0,NICO,26.6505,1647858300.0
1.30662,35.0,33.0,NICO,30.0646,1647859800.0
1.30384,35.0,33.0,NICO,29.3467,1647860100.0
0.76903,35.0,33.0,NICO,26.7884,1647862200.0
0.759806,35.0,33.0,NICO,26.6162,1647862500.0
0.672005,35.0,33.0,NICO,26.3414,1647862800.0
0.765792,35.0,33.0,NICO,25.9593,1647863100.0
0.767193,35.0,33.0,NICO,25.7534,1647863400.0
1.30227,35.0,33.0,NICO,27.9758,1647864600.0
1.30235,35.0,33.0,NICO,27.4279,1647864900.0
1.30313,35.0,33.0,NICO,28.2675,1647865200.0
1.30356,35.0,33.0,NICO,27.6106,1647865500.0
1.3029,35.0,33.0,NICO,24.7943,1647866700.0
1.30295,35.0,33.0,NICO,24.3634,1647867000.0
1.3032,35.0,33.0,NICO,26.6358,1647867300.0
1.30364,35.0,33.0,NICO,26.5288,1647867600.0
1.30148,35.0,33.0,NICO,23.8321,1647871800.0
1.32763,35.0,33.0,NICO,22.9038,1647874500.0
0.951551,35.0,33.0,NICO,22.4825,1647874800.0
0.598743,35.0,33.0,NICO,20.8544,1647875100.0
0.513289,35.0,33.0,NICO,21.2919,1647875400.0
0.567573,35.0,33.0,NICO,21.2303,1647875700.0
0.782858,35.0,33.0,NICO,20.4851,1647876000.0
0.798839,35.0,33.0,NICO,20.1296,1647876300.0
0.9471,35.0,33.0,NICO,19.6224,1647876600.0
1.30176,35.0,33.0,NICO,14.9027,1647880500.0
1.30167,35.0,33.0,NICO,14.1114,1647880800.0
1.3025,35.0,33.0,NICO,13.5865,1647881100.0
0.921315,35.0,33.0,NICO,13.2455,1647881400.0
1.30251,35.0,33.0,NICO,12.934,1647881700.0
0.930469,35.0,33.0,NICO,6.15447,1647883500.0
0.659918,35.0,33.0,NICO,6.8089,1647883800.0
0.65801,35.0,33.0,NICO,6.779,1647884100.0
0.939848,35.0,33.0,NICO,5.79368,1647884400.0
1.30262,35.0,33.0,NICO,9.91294,1647885000.0
1.30261,35.0,33.0,NICO,9.77729,1647885300.0
0.925923,35.0,33.0,NICO,5.39046,1647888000.0
0.546185,35.0,33.0,NICO,5.25626,1647888300.0
0.534213,35.0,33.0,NICO,5.22151,1647888600.0
0.509948,35.0,33.0,NICO,5.10686,1647888900.0
0.548708,35.0,33.0,NICO,5.12627,1647889200.0
0.923088,35.0,33.0,NICO,5.02646,1647889500.0
1.36689,35.0,33.0,NICO,5.01458,1647889800.0
0.944677,35.0,33.0,NICO,5.26327,1647892200.0
0.7773,35.0,33.0,NICO,5.3112,1647892500.0
0.655025,35.0,33.0,NICO,5.36114,1647892800.0
0.657994,35.0,33.0,NICO,5.39213,1647893100.0
0.75625,35.0,33.0,NICO,5.47644,1647893400.0
0.934288,35.0,33.0,NICO,5.58599,1647893700.0
0.924861,35.0,33.0,NICO,4.8384,1647894300.0
0.584741,35.0,33.0,NICO,4.84662,1647894600.0
0.469736,35.0,33.0,NICO,4.97328,1647894900.0
0.502074,35.0,33.0,NICO,5.03308,1647895200.0
0.586607,35.0,33.0,NICO,5.03364,1647895500.0
0.755734,35.0,33.0,NICO,5.10643,1647895800.0
0.924636,35.0,33.0,NICO,6.20218,1647896100.0
0.765045,35.0,33.0,NICO,5.79352,1647896400.0
0.752984,35.0,33.0,NICO,5.11689,1647896700.0
0.65201,35.0,33.0,NICO,5.18763,1647897000.0
0.582917,35.0,33.0,NICO,5.2502,1647897300.0
0.753128,35.0,33.0,NICO,5.27891,1647897600.0
0.757261,35.0,33.0,NICO,5.32011,1647897900.0
1.3022,35.0,33.0,NICO,6.13274,1647899100.0
1.30211,35.0,33.0,NICO,6.12331,1647899400.0
1.3462,35.0,33.0,NICO,5.7084,1647900600.0
0.926398,35.0,33.0,NICO,5.73399,1647900900.0
0.925778,35.0,33.0,NICO,5.86085,1647901200.0
1.3094,35.0,33.0,NICO,5.94837,1647901500.0
1.31858,35.0,33.0,NICO,5.82445,1647901800.0
0.928876,35.0,33.0,NICO,5.59054,1647902100.0
1.3021,35.0,33.0,NICO,5.40472,1647902400.0
1.34982,35.0,33.0,NICO,6.16548,1647903300.0
1.30702,35.0,33.0,NICO,6.13908,1647903600.0
0.768918,35.0,33.0,NICO,5.93682,1647903900.0
0.65706,35.0,33.0,NICO,5.70926,1647904200.0
0.536745,35.0,33.0,NICO,5.54769,1647904500.0
0.608674,35.0,33.0,NICO,5.67368,1647904800.0
0.755051,35.0,33.0,NICO,5.85666,1647905100.0
0.922585,35.0,33.0,NICO,5.93709,1647905400.0
0.921827,35.0,33.0,NICO,5.74158,1647905700.0
1.30251,35.0,33.0,NICO,6.14074,1647906000.0
1.30254,40.0,44.0,ARUC,4.47808,1647907200.0
1.30266,40.0,44.0,ARUC,4.6725,1647907500.0
1.3028,40.0,44.0,ARUC,4.83906,1647907800.0
0.754735,40.0,44.0,ARUC,4.65889,1647908100.0
0.362755,40.0,44.0,ARUC,4.48217,1647908400.0
1.30265,40.0,44.0,ARUC,5.46001,1647908700.0
1.30277,40.0,44.0,ARUC,5.63999,1647909000.0
1.31352,40.0,44.0,ARUC,5.75971,1647909300.0
1.32865,40.0,44.0,ARUC,4.72291,1647909600.0
1.30614,40.0,44.0,ARUC,4.7227,1647909900.0
0.772418,40.0,44.0,ARUC,5.6836,1647913200.0
1.36442,40.0,44.0,ARUC,5.01982,1647913500.0
1.30207,40.0,44.0,ARUC,9.40993,1647913800.0
1.3015,40.0,44.0,ARUC,9.19047,1647914100.0
1.30918,40.0,44.0,ARUC,6.596,1647915000.0
0.922473,40.0,44.0,ARUC,8.06213,1647915300.0
0.920961,40.0,44.0,ARUC,7.74236,1647915600.0
0.920772,40.0,44.0,ARUC,7.76046,1647915900.0
0.922587,40.0,44.0,ARUC,7.85345,1647916200.0
0.922346,40.0,44.0,ARUC,7.76459,1647916500.0
0.754113,40.0,44.0,ARUC,8.2217,1647916800.0
0.752758,40.0,44.0,ARUC,8.20595,1647917100.0
0.752911,40.0,44.0,ARUC,8.24663,1647917400.0
0.922371,40.0,44.0,ARUC,7.97987,1647917700.0
0.922909,40.0,44.0,ARUC,8.25595,1647918000.0
0.75728,40.0,44.0,ARUC,8.76997,1647918300.0
0.38339,40.0,44.0,ARUC,7.28457,1647918600.0
0.445001,40.0,44.0,ARUC,7.89673,1647918900.0
0.939961,40.0,44.0,ARUC,10.4329,1647919200.0
0.925824,40.0,44.0,ARUC,10.5137,1647919500.0
1.32709,40.0,44.0,ARUC,8.5532,1647919800.0
0.921723,40.0,44.0,ARUC,13.9761,1647921000.0
1.30164,40.0,44.0,ARUC,15.9085,1647921300.0
1.30159,40.0,44.0,ARUC,16.1573,1647921600.0
0.495182,40.0,44.0,ARUC,12.141,1647922800.0
0.498612,40.0,44.0,ARUC,12.3145,1647923100.0
1.30141,40.0,44.0,ARUC,17.1518,1647924600.0
1.30141,40.0,44.0,ARUC,17.4515,1647924900.0
1.31358,40.0,44.0,ARUC,12.6929,1647925500.0
1.30466,40.0,44.0,ARUC,12.8602,1647925800.0
1.32752,40.0,44.0,ARUC,13.0049,1647926100.0
0.652945,40.0,44.0,ARUC,13.7012,1647927000.0
0.582613,40.0,44.0,ARUC,14.7269,1647927300.0
0.653299,40.0,44.0,ARUC,14.6611,1647927600.0
1.30218,40.0,44.0,ARUC,19.0882,1647929700.0
1.30203,40.0,44.0,ARUC,19.3205,1647930000.0
0.922606,40.0,44.0,ARUC,17.6678,1647930300.0
0.666845,40.0,44.0,ARUC,17.543,1647930600.0
0.65632,40.0,44.0,ARUC,17.2964,1647930900.0
0.92226,40.0,44.0,ARUC,17.9765,1647931200.0
0.677521,40.0,44.0,ARUC,17.7222,1647931500.0
0.764532,40.0,44.0,ARUC,18.104,1647931800.0
1.33034,40.0,44.0,ARUC,20.0317,1647932100.0
1.3277,40.0,44.0,ARUC,20.6804,1647932400.0
0.953679,40.0,44.0,ARUC,20.9913,1647932700.0
1.32772,40.0,44.0,ARUC,21.9929,1647933000.0
1.33037,40.0,44.0,ARUC,22.6091,1647933300.0
1.3301,40.0,44.0,ARUC,23.2043,1647933600.0
1.30294,40.0,44.0,ARUC,23.4961,1647933900.0
1.3043,40.0,44.0,ARUC,23.4692,1647934200.0
1.30735,40.0,44.0,ARUC,22.8337,1647934800.0
0.922661,40.0,44.0,ARUC,23.0197,1647935100.0
0.585958,40.0,44.0,ARUC,23.3701,1647935400.0
0.654695,40.0,44.0,ARUC,24.1058,1647935700.0
0.654515,40.0,44.0,ARUC,24.2612,1647936000.0
0.654332,40.0,44.0,ARUC,24.6994,1647936300.0
0.925423,40.0,44.0,ARUC,26.8309,1647936600.0
1.30453,40.0,44.0,ARUC,30.4803,1647939900.0
1.30441,40.0,44.0,ARUC,30.2436,1647940200.0
1.31351,40.0,44.0,ARUC,26.2003,1647942000.0
1.30944,40.0,44.0,ARUC,26.2382,1647942300.0
1.31028,40.0,44.0,ARUC,26.3834,1647942600.0
1.31126,40.0,44.0,ARUC,26.4544,1647942900.0
0.930242,40.0,44.0,ARUC,26.7284,1647943200.0
0.532641,40.0,44.0,ARUC,26.4807,1647943500.0
0.653346,40.0,44.0,ARUC,26.0848,1647943800.0
0.926994,40.0,44.0,ARUC,25.4538,1647944100.0
1.30625,40.0,44.0,ARUC,23.9679,1647944400.0
1.30968,40.0,44.0,ARUC,17.1777,1647948300.0
1.30317,40.0,44.0,ARUC,17.1222,1647948600.0
1.30303,40.0,44.0,ARUC,17.0266,1647948900.0
1.30318,40.0,44.0,ARUC,17.0334,1647949200.0
1.30336,40.0,44.0,ARUC,16.9777,1647949500.0
1.30317,40.0,44.0,ARUC,16.9671,1647949800.0
0.926995,40.0,44.0,ARUC,17.8315,1647950100.0
0.49437,40.0,44.0,ARUC,16.959,1647950400.0
0.377134,40.0,44.0,ARUC,16.7747,1647950700.0
0.751767,40.0,44.0,ARUC,17.0085,1647951000.0
0.751743,40.0,44.0,ARUC,16.9154,1647951300.0
0.754343,40.0,44.0,ARUC,16.8274,1647951600.0
1.30395,40.0,44.0,ARUC,16.6317,1647951900.0
1.30439,40.0,44.0,ARUC,16.5376,1647952200.0
1.30421,40.0,44.0,ARUC,16.4386,1647952500.0
1.30434,40.0,44.0,ARUC,16.4197,1647952800.0
1.31699,40.0,44.0,ARUC,16.3871,1647953100.0
1.30508,40.0,44.0,ARUC,19.4885,1647953700.0
1.30459,40.0,44.0,ARUC,19.4105,1647954000.0
1.30179,40.0,44.0,ARUC,19.6399,1647955200.0
1.30173,40.0,44.0,ARUC,19.6332,1647955500.0
1.32991,40.0,44.0,ARUC,17.174,1647958200.0
0.924327,40.0,44.0,ARUC,15.767,1647958500.0
0.923982,40.0,44.0,ARUC,15.7739,1647958800.0
1.30859,40.0,44.0,ARUC,17.284,1647959100.0
1.30813,40.0,44.0,ARUC,17.384,1647959400.0
0.938107,40.0,44.0,ARUC,17.3238,1647959700.0
0.543221,40.0,44.0,ARUC,17.0194,1647960000.0
0.401453,40.0,44.0,ARUC,16.5906,1647960300.0
0.770567,40.0,44.0,ARUC,16.3695,1647960600.0
1.3064,40.0,44.0,ARUC,16.764,1647960900.0
1.30605,40.0,44.0,ARUC,16.6105,1647961200.0
1.30663,40.0,44.0,ARUC,16.4154,1647961500.0
1.31466,40.0,44.0,ARUC,16.3076,1647961800.0
1.39687,40.0,44.0,ARUC,14.0194,1647962400.0
1.31381,40.0,44.0,ARUC,14.0188,1647962700.0
0.925707,40.0,44.0,ARUC,15.8608,1647963000.0
0.756251,40.0,44.0,ARUC,14.662,1647963300.0
0.926287,40.0,44.0,ARUC,13.0321,1647963600.0
0.386707,40.0,44.0,ARUC,13.8333,1647963900.0
0.373203,40.0,44.0,ARUC,13.5942,1647964200.0
1.30854,40.0,44.0,ARUC,13.4915,1647964500.0
1.30804,40.0,44.0,ARUC,13.3363,1647964800.0
1.30761,40.0,44.0,ARUC,13.3179,1647965100.0
1.3104,40.0,44.0,ARUC,13.2648,1647965400.0
1.30407,40.0,44.0,ARUC,8.55394,1647967500.0
0.926326,40.0,44.0,ARUC,8.53629,1647967800.0
0.652926,40.0,44.0,ARUC,8.67922,1647968100.0
0.652671,40.0,44.0,ARUC,8.4961,1647968400.0
0.65256,40.0,44.0,ARUC,8.36942,1647968700.0
0.652545,40.0,44.0,ARUC,8.39452,1647969000.0
0.652587,40.0,44.0,ARUC,8.44972,1647969300.0
0.753973,40.0,44.0,ARUC,8.17269,1647969600.0
1.30371,40.0,44.0,ARUC,7.67556,1647969900.0
1.30344,40.0,44.0,ARUC,7.39105,1647970200.0
1.30362,40.0,44.0,ARUC,7.13538,1647970500.0
1.34057,40.0,44.0,ARUC,8.71034,1647970800.0
0.539712,40.0,44.0,ARUC,8.37153,1647971100.0
0.654795,40.0,44.0,ARUC,8.16648,1647971400.0
1.31167,40.0,44.0,ARUC,6.88183,1647972000.0
1.31271,40.0,44.0,ARUC,6.471,1647972300.0
0.927568,40.0,44.0,ARUC,5.96877,1647972600.0
1.31256,40.0,44.0,ARUC,5.86972,1647972900.0
0.927118,40.0,44.0,ARUC,5.78611,1647973200.0
0.927788,40.0,44.0,ARUC,5.81988,1647973500.0
0.922566,40.0,44.0,ARUC,5.64343,1647973800.0
0.922345,40.0,44.0,ARUC,5.63512,1647974100.0
0.924929,40.0,44.0,ARUC,5.65845,1647974400.0
1.30626,40.0,44.0,ARUC,6.18835,1647974700.0
1.30668,40.0,44.0,ARUC,6.40566,1647975000.0
1.30991,40.0,44.0,ARUC,6.5723,1647975300.0
1.30628,40.0,44.0,ARUC,4.09916,1647976200.0
0.92923,40.0,44.0,ARUC,4.69744,1647976500.0
1.3088,40.0,44.0,ARUC,5.30134,1647976800.0
1.30889,40.0,44.0,ARUC,5.24225,1647977100.0
1.30847,40.0,44.0,ARUC,5.26171,1647977400.0
0.927948,40.0,44.0,ARUC,6.10196,1647977700.0
0.924848,40.0,44.0,ARUC,6.13572,1647978000.0
0.754842,40.0,44.0,ARUC,7.51382,1647978300.0
0.753155,40.0,44.0,ARUC,7.14212,1647978600.0
0.752729,40.0,44.0,ARUC,7.10112,1647978900.0
0.753815,40.0,44.0,ARUC,7.18423,1647979200.0
0.924663,40.0,44.0,ARUC,6.10679,1647979500.0
0.546787,40.0,44.0,ARUC,4.96801,1647979800.0
1.30514,40.0,44.0,ARUC,5.41913,1647980700.0
1.3078,40.0,44.0,ARUC,5.3556,1647981000.0
1.30339,40.0,44.0,ARUC,6.18203,1647982200.0
1.30339,40.0,44.0,ARUC,6.03027,1647982500.0
1.3032,40.0,44.0,ARUC,5.89602,1647982800.0
1.30421,40.0,44.0,ARUC,5.7995,1647983100.0
1.30426,40.0,44.0,ARUC,9.01137,1647983400.0
1.30399,40.0,44.0,ARUC,9.03279,1647983700.0
0.923238,40.0,44.0,ARUC,6.96576,1647984000.0
0.923146,40.0,44.0,ARUC,7.14449,1647984300.0
1.30667,40.0,44.0,ARUC,4.43465,1647984600.0
1.32785,40.0,44.0,ARUC,5.96075,1647986700.0
1.30963,40.0,44.0,ARUC,6.13288,1647987000.0
1.3106,40.0,44.0,ARUC,6.38077,1647987300.0
1.30976,40.0,44.0,ARUC,6.61519,1647987600.0
0.979783,40.0,44.0,ARUC,7.4496,1647987900.0
0.467299,40.0,44.0,ARUC,7.04398,1647988200.0
0.402645,40.0,44.0,ARUC,7.01253,1647988500.0
0.420532,40.0,44.0,ARUC,6.00426,1647988800.0
0.499284,40.0,44.0,ARUC,5.79034,1647989100.0
1.37038,40.0,44.0,ARUC,5.80034,1647989400.0
1.31246,40.0,44.0,ARUC,7.56115,1647990000.0
1.30239,40.0,44.0,ARUC,7.56873,1647990300.0
1.30246,40.0,44.0,ARUC,7.60547,1647990600.0
1.30241,40.0,44.0,ARUC,7.62349,1647990900.0
1.30259,40.0,44.0,ARUC,7.7098,1647991200.0
0.94649,40.0,44.0,ARUC,5.41765,1647991500.0
1.302,40.0,44.0,ARUC,9.24319,1647991800.0
1.30254,40.0,44.0,ARUC,9.4305,1647992100.0
1.30294,40.0,44.0,ARUC,6.11509,1647993000.0
1.30265,40.0,44.0,ARUC,6.24301,1647993300.0
0.462297,32.0,35.0,BSHM,5.62858,1647907200.0
0.494417,32.0,35.0,BSHM,5.61685,1647907500.0
0.494848,32.0,35.0,BSHM,5.68295,1647907800.0
0.534274,32.0,35.0,BSHM,5.68733,1647908100.0
0.589643,32.0,35.0,BSHM,5.61175,1647908400.0
0.754532,32.0,35.0,BSHM,6.61506,1647908700.0
0.922857,32.0,35.0,BSHM,6.76182,1647909000.0
0.982335,32.0,35.0,BSHM,6.69958,1647909300.0
1.34119,32.0,35.0,BSHM,6.35192,1647909600.0
0.934,32.0,35.0,BSHM,6.15048,1647909900.0
0.760135,32.0,35.0,BSHM,6.02857,1647910200.0
0.66306,32.0,35.0,BSHM,5.96703,1647910500.0
0.658626,32.0,35.0,BSHM,5.92146,1647910800.0
0.53798,32.0,35.0,BSHM,5.70465,1647911100.0
0.551868,32.0,35.0,BSHM,5.71915,1647911400.0
0.591011,32.0,35.0,BSHM,5.82447,1647911700.0
0.759223,32.0,35.0,BSHM,5.85383,1647912000.0
0.940108,32.0,35.0,BSHM,5.80027,1647912300.0
1.31783,32.0,35.0,BSHM,5.57996,1647912600.0
0.949945,32.0,35.0,BSHM,3.85171,1647912900.0
0.938132,32.0,35.0,BSHM,4.91473,1647913200.0
0.925889,32.0,35.0,BSHM,4.83629,1647913500.0
0.658234,32.0,35.0,BSHM,4.80691,1647913800.0
0.759551,32.0,35.0,BSHM,4.8376,1647914100.0
0.659858,32.0,35.0,BSHM,4.8732,1647914400.0
0.540476,32.0,35.0,BSHM,4.99178,1647914700.0
0.538604,32.0,35.0,BSHM,4.94605,1647915000.0
0.535219,32.0,35.0,BSHM,4.90855,1647915300.0
0.534314,32.0,35.0,BSHM,4.83319,1647915600.0
0.494611,32.0,35.0,BSHM,4.73744,1647915900.0
0.493692,32.0,35.0,BSHM,4.58661,1647916200.0
0.495095,32.0,35.0,BSHM,4.39977,1647916500.0
0.494433,32.0,35.0,BSHM,4.53261,1647916800.0
0.531848,32.0,35.0,BSHM,4.50229,1647917100.0
0.616899,32.0,35.0,BSHM,4.26242,1647917400.0
0.632425,32.0,35.0,BSHM,4.563,1647917700.0
0.616017,32.0,35.0,BSHM,4.58567,1647918000.0
0.678226,32.0,35.0,BSHM,4.76847,1647918300.0
0.695799,32.0,35.0,BSHM,4.98201,1647918600.0
0.812846,32.0,35.0,BSHM,5.07142,1647918900.0
0.837454,32.0,35.0,BSHM,5.14513,1647919200.0
0.77693,32.0,35.0,BSHM,5.19438,1647919500.0
0.541973,32.0,35.0,BSHM,5.17455,1647919800.0
0.592416,32.0,35.0,BSHM,5.43045,1647920100.0
0.587316,32.0,35.0,BSHM,5.83448,1647920400.0
0.532652,32.0,35.0,BSHM,6.35469,1647920700.0
0.494059,32.0,35.0,BSHM,6.95845,1647921000.0
0.461334,32.0,35.0,BSHM,7.48902,1647921300.0
0.461174,32.0,35.0,BSHM,7.99239,1647921600.0
0.393742,32.0,35.0,BSHM,8.59261,1647921900.0
0.377688,32.0,35.0,BSHM,9.01194,1647922200.0
0.397801,32.0,35.0,BSHM,9.56642,1647922500.0
0.396893,32.0,35.0,BSHM,9.91019,1647922800.0
0.39857,32.0,35.0,BSHM,10.4073,1647923100.0
0.441271,32.0,35.0,BSHM,10.7959,1647923400.0
0.463984,32.0,35.0,BSHM,11.4304,1647923700.0
0.538583,32.0,35.0,BSHM,11.9399,1647924000.0
0.589624,32.0,35.0,BSHM,12.5675,1647924300.0
0.583275,32.0,35.0,BSHM,12.4406,1647924600.0
0.582992,32.0,35.0,BSHM,12.488,1647924900.0
0.653218,32.0,35.0,BSHM,13.3592,1647925200.0
0.533328,32.0,35.0,BSHM,13.8232,1647925500.0
0.462174,32.0,35.0,BSHM,14.1495,1647925800.0
0.462105,32.0,35.0,BSHM,14.5888,1647926100.0
0.493136,32.0,35.0,BSHM,14.9618,1647926400.0
0.461305,32.0,35.0,BSHM,15.2199,1647926700.0
0.493146,32.0,35.0,BSHM,15.528,1647927000.0
0.435216,32.0,35.0,BSHM,15.8956,1647927300.0
0.462697,32.0,35.0,BSHM,16.5594,1647927600.0
0.582735,32.0,35.0,BSHM,16.5282,1647927900.0
0.582398,32.0,35.0,BSHM,16.7387,1647928200.0
0.651009,32.0,35.0,BSHM,17.2451,1647928500.0
0.582394,32.0,35.0,BSHM,17.5447,1647928800.0
0.583978,32.0,35.0,BSHM,17.9982,1647929100.0
0.492839,32.0,35.0,BSHM,18.5622,1647929400.0
0.492312,32.0,35.0,BSHM,18.8982,1647929700.0
0.531751,32.0,35.0,BSHM,19.3114,1647930000.0
0.532244,32.0,35.0,BSHM,19.7472,1647930300.0
0.582582,32.0,35.0,BSHM,20.2388,1647930600.0
0.582214,32.0,35.0,BSHM,20.7514,1647930900.0
0.582212,32.0,35.0,BSHM,21.1083,1647931200.0
0.650973,32.0,35.0,BSHM,21.3962,1647931500.0
0.920486,32.0,35.0,BSHM,21.6193,1647931800.0
1.30136,32.0,35.0,BSHM,22.1283,1647932100.0
1.30272,32.0,35.0,BSHM,22.3122,1647932400.0
1.30163,32.0,35.0,BSHM,24.9745,1647932700.0
1.35797,32.0,35.0,BSHM,24.4189,1647933600.0
1.32415,32.0,35.0,BSHM,24.8719,1647933900.0
0.930811,32.0,35.0,BSHM,25.695,1647934200.0
0.758836,32.0,35.0,BSHM,26.3804,1647934500.0
0.75806,32.0,35.0,BSHM,26.939,1647934800.0
0.929686,32.0,35.0,BSHM,27.6893,1647935100.0
0.931743,32.0,35.0,BSHM,28.2573,1647935400.0
0.787381,32.0,35.0,BSHM,28.0681,1647935700.0
0.939613,32.0,35.0,BSHM,27.9776,1647936000.0
0.937835,32.0,35.0,BSHM,28.4148,1647936300.0
0.937788,32.0,35.0,BSHM,28.9695,1647936600.0
0.936283,32.0,35.0,BSHM,29.5875,1647936900.0
1.31634,32.0,35.0,BSHM,29.9918,1647937200.0
1.30382,32.0,35.0,BSHM,27.6521,1647937800.0
0.921688,32.0,35.0,BSHM,29.77,1647938100.0
0.923022,32.0,35.0,BSHM,29.7218,1647938400.0
1.34692,32.0,35.0,BSHM,29.3595,1647938700.0
1.31056,32.0,35.0,BSHM,29.3885,1647939000.0
1.38793,32.0,35.0,BSHM,29.4248,1647939300.0
1.30583,32.0,35.0,BSHM,31.3978,1647939600.0
1.31353,32.0,35.0,BSHM,31.7537,1647939900.0
1.32734,32.0,35.0,BSHM,33.5409,1647943500.0
1.30933,32.0,35.0,BSHM,33.745,1647943800.0
0.980164,32.0,35.0,BSHM,34.1941,1647944100.0
0.809739,32.0,35.0,BSHM,33.618,1647944400.0
0.7925,32.0,35.0,BSHM,33.6896,1647944700.0
0.788056,32.0,35.0,BSHM,33.8369,1647945000.0
0.801619,32.0,35.0,BSHM,34.1158,1647945300.0
1.41477,32.0,35.0,BSHM,36.3312,1647945600.0
0.953865,32.0,35.0,BSHM,35.9653,1647945900.0
1.02792,32.0,35.0,BSHM,34.4855,1647946200.0
0.824693,32.0,35.0,BSHM,33.8788,1647946500.0
0.670916,32.0,35.0,BSHM,34.036,1647946800.0
0.547066,32.0,35.0,BSHM,33.5305,1647947100.0
0.514737,32.0,35.0,BSHM,32.9627,1647947400.0
0.467147,32.0,35.0,BSHM,32.1815,1647947700.0
0.442172,32.0,35.0,BSHM,31.721,1647948000.0
0.421775,32.0,35.0,BSHM,31.3253,1647948300.0
0.468247,32.0,35.0,BSHM,31.1778,1647948600.0
0.502303,32.0,35.0,BSHM,30.8839,1647948900.0
0.536698,32.0,35.0,BSHM,30.8538,1647949200.0
0.655871,32.0,35.0,BSHM,30.6334,1647949500.0
0.470665,32.0,35.0,BSHM,29.7305,1647949800.0
0.532647,32.0,35.0,BSHM,28.8354,1647950100.0
0.652507,32.0,35.0,BSHM,28.0102,1647950400.0
0.604295,32.0,35.0,BSHM,27.437,1647950700.0
0.757564,32.0,35.0,BSHM,26.1968,1647951000.0
0.756737,32.0,35.0,BSHM,25.3304,1647951300.0
0.654371,32.0,35.0,BSHM,24.7933,1647951600.0
0.653982,32.0,35.0,BSHM,24.937,1647951900.0
0.654145,32.0,35.0,BSHM,24.1043,1647952200.0
0.539476,32.0,35.0,BSHM,22.2813,1647952500.0
0.598872,32.0,35.0,BSHM,21.5723,1647952800.0
0.591597,32.0,35.0,BSHM,21.2899,1647953100.0
0.595455,32.0,35.0,BSHM,21.2911,1647953400.0
0.772365,32.0,35.0,BSHM,21.5952,1647953700.0
0.613596,32.0,35.0,BSHM,21.8509,1647954000.0
0.59426,32.0,35.0,BSHM,21.6786,1647954300.0
0.596793,32.0,35.0,BSHM,21.9115,1647954600.0
0.476255,32.0,35.0,BSHM,21.6755,1647954900.0
0.557367,32.0,35.0,BSHM,21.8629,1647955200.0
0.591838,32.0,35.0,BSHM,22.0019,1647955500.0
0.597657,32.0,35.0,BSHM,22.1869,1647955800.0
0.762035,32.0,35.0,BSHM,21.9178,1647956100.0
0.935698,32.0,35.0,BSHM,22.0857,1647956400.0
0.778407,32.0,35.0,BSHM,22.1949,1647956700.0
0.759572,32.0,35.0,BSHM,22.1368,1647957000.0
0.665183,32.0,35.0,BSHM,21.7994,1647957300.0
0.65459,32.0,35.0,BSHM,21.5596,1647957600.0
0.593791,32.0,35.0,BSHM,21.0253,1647957900.0
0.53899,32.0,35.0,BSHM,20.9209,1647958200.0
0.541376,32.0,35.0,BSHM,20.8256,1647958500.0
0.661165,32.0,35.0,BSHM,20.2788,1647958800.0
0.667877,32.0,35.0,BSHM,20.1207,1647959100.0
0.75357,32.0,35.0,BSHM,19.7522,1647959400.0
0.753109,32.0,35.0,BSHM,19.7109,1647959700.0
1.30662,32.0,35.0,BSHM,20.4868,1647960000.0
1.03046,32.0,35.0,BSHM,18.7938,1647962700.0
1.00599,32.0,35.0,BSHM,18.5616,1647963000.0
0.805284,32.0,35.0,BSHM,18.5157,1647963300.0
0.775342,32.0,35.0,BSHM,18.3692,1647963600.0
0.653671,32.0,35.0,BSHM,18.2892,1647963900.0
0.626234,32.0,35.0,BSHM,18.049,1647964200.0
0.691394,32.0,35.0,BSHM,17.7286,1647964500.0
0.608103,32.0,35.0,BSHM,17.4034,1647964800.0
0.573019,32.0,35.0,BSHM,17.1605,1647965100.0
0.610941,32.0,35.0,BSHM,16.8586,1647965400.0
0.566717,32.0,35.0,BSHM,17.043,1647965700.0
0.615295,32.0,35.0,BSHM,16.7878,1647966000.0
0.68945,32.0,35.0,BSHM,16.8878,1647966300.0
0.682367,32.0,35.0,BSHM,16.178,1647966600.0
0.638095,32.0,35.0,BSHM,15.4938,1647966900.0
0.568477,32.0,35.0,BSHM,14.934,1647967200.0
0.615817,32.0,35.0,BSHM,14.32,1647967500.0
0.528424,32.0,35.0,BSHM,13.68,1647967800.0
0.558089,32.0,35.0,BSHM,12.6979,1647968100.0
0.52296,32.0,35.0,BSHM,12.409,1647968400.0
0.616208,32.0,35.0,BSHM,12.2513,1647968700.0
0.572308,32.0,35.0,BSHM,11.6407,1647969000.0
0.496379,32.0,35.0,BSHM,11.092,1647969300.0
0.496082,32.0,35.0,BSHM,10.5394,1647969600.0
0.568774,32.0,35.0,BSHM,10.1523,1647969900.0
0.574937,32.0,35.0,BSHM,9.7306,1647970200.0
0.521638,32.0,35.0,BSHM,9.01702,1647970500.0
0.515274,32.0,35.0,BSHM,8.34268,1647970800.0
0.548819,32.0,35.0,BSHM,8.03344,1647971100.0
0.504415,32.0,35.0,BSHM,7.81584,1647971400.0
0.625943,32.0,35.0,BSHM,7.64831,1647971700.0
0.459578,32.0,35.0,BSHM,7.28146,1647972000.0
0.481265,32.0,35.0,BSHM,7.26905,1647972300.0
0.465451,32.0,35.0,BSHM,7.29082,1647972600.0
0.475584,32.0,35.0,BSHM,7.23641,1647972900.0
0.512155,32.0,35.0,BSHM,7.18029,1647973200.0
0.51259,32.0,35.0,BSHM,7.12019,1647973500.0
0.517326,32.0,35.0,BSHM,7.00669,1647973800.0
0.51909,32.0,35.0,BSHM,6.96119,1647974100.0
0.577413,32.0,35.0,BSHM,6.83335,1647974400.0
0.55551,32.0,35.0,BSHM,6.94308,1647974700.0
0.630459,32.0,35.0,BSHM,7.13338,1647975000.0
0.669762,32.0,35.0,BSHM,7.22224,1647975300.0
0.712799,32.0,35.0,BSHM,7.36937,1647975600.0
0.69407,32.0,35.0,BSHM,7.72009,1647975900.0
0.81323,32.0,35.0,BSHM,7.8788,1647976200.0
0.787499,32.0,35.0,BSHM,7.91619,1647976500.0
0.679849,32.0,35.0,BSHM,7.70006,1647976800.0
0.683614,32.0,35.0,BSHM,7.59722,1647977100.0
0.604137,32.0,35.0,BSHM,6.8394,1647977400.0
0.560197,32.0,35.0,BSHM,6.72999,1647977700.0
0.564916,32.0,35.0,BSHM,6.51731,1647978000.0
0.515315,32.0,35.0,BSHM,6.58848,1647978300.0
0.542343,32.0,35.0,BSHM,6.78935,1647978600.0
0.507348,32.0,35.0,BSHM,6.76408,1647978900.0
0.509032,32.0,35.0,BSHM,6.7546,1647979200.0
0.429734,32.0,35.0,BSHM,6.4998,1647979500.0
0.408934,32.0,35.0,BSHM,6.28913,1647979800.0
0.396117,32.0,35.0,BSHM,6.18492,1647980100.0
0.41424,32.0,35.0,BSHM,6.12392,1647980400.0
0.41912,32.0,35.0,BSHM,6.34632,1647980700.0
0.486612,32.0,35.0,BSHM,6.52222,1647981000.0
0.4514,32.0,35.0,BSHM,6.6026,1647981300.0
0.556205,32.0,35.0,BSHM,6.82777,1647981600.0
0.67717,32.0,35.0,BSHM,7.53299,1647981900.0
0.943026,32.0,35.0,BSHM,6.95629,1647982200.0
1.31615,32.0,35.0,BSHM,6.03474,1647982500.0
0.973523,32.0,35.0,BSHM,5.90036,1647982800.0
1.36031,32.0,35.0,BSHM,5.77747,1647983100.0
0.804983,32.0,35.0,BSHM,5.68933,1647983400.0
0.785095,32.0,35.0,BSHM,5.71082,1647983700.0
0.664452,32.0,35.0,BSHM,6.0304,1647984000.0
0.65701,32.0,35.0,BSHM,6.2738,1647984300.0
0.652863,32.0,35.0,BSHM,6.43334,1647984600.0
0.66883,32.0,35.0,BSHM,6.58781,1647984900.0
0.533701,32.0,35.0,BSHM,6.76318,1647985200.0
0.494473,32.0,35.0,BSHM,6.90274,1647985500.0
0.534104,32.0,35.0,BSHM,6.9908,1647985800.0
0.46232,32.0,35.0,BSHM,7.07702,1647986100.0
0.472288,32.0,35.0,BSHM,7.09667,1647986400.0
0.466607,32.0,35.0,BSHM,6.96542,1647986700.0
0.496506,32.0,35.0,BSHM,6.9032,1647987000.0
0.537007,32.0,35.0,BSHM,6.8412,1647987300.0
0.656724,32.0,35.0,BSHM,6.50723,1647987600.0
0.77601,32.0,35.0,BSHM,6.03502,1647987900.0
0.932571,32.0,35.0,BSHM,6.37132,1647988200.0
0.929479,32.0,35.0,BSHM,7.26839,1647988500.0
0.757589,32.0,35.0,BSHM,7.41145,1647988800.0
0.756028,32.0,35.0,BSHM,7.5622,1647989100.0
0.755543,32.0,35.0,BSHM,7.72129,1647989400.0
0.755929,32.0,35.0,BSHM,7.88002,1647989700.0
0.757002,32.0,35.0,BSHM,8.00335,1647990000.0
0.924985,32.0,35.0,BSHM,8.12886,1647990300.0
0.930498,32.0,35.0,BSHM,8.19879,1647990600.0
1.30639,32.0,35.0,BSHM,8.23342,1647990900.0
1.30732,32.0,35.0,BSHM,6.40464,1647991200.0
0.924047,32.0,35.0,BSHM,6.70568,1647991500.0
0.922306,32.0,35.0,BSHM,6.78133,1647991800.0
0.752873,32.0,35.0,BSHM,6.74472,1647992100.0
0.5826,32.0,35.0,BSHM,6.90695,1647992400.0
0.532874,32.0,35.0,BSHM,7.05059,1647992700.0
0.462229,32.0,35.0,BSHM,6.98787,1647993000.0
0.460768,32.0,35.0,BSHM,7.28818,1647993300.0
1.30808,35.0,33.0,NICO,6.78171,1647909600.0
0.753244,35.0,33.0,NICO,6.54722,1647909900.0
0.931342,35.0,33.0,NICO,4.87021,1647910200.0
0.653091,35.0,33.0,NICO,5.13732,1647910500.0
0.463309,35.0,33.0,NICO,5.40715,1647910800.0
0.464613,35.0,33.0,NICO,5.48074,1647911100.0
0.533248,35.0,33.0,NICO,5.4108,1647911400.0
0.658326,35.0,33.0,NICO,5.65209,1647911700.0
1.31043,35.0,33.0,NICO,5.73483,1647912000.0
1.3021,35.0,33.0,NICO,5.55657,1647913200.0
0.920918,35.0,33.0,NICO,4.12872,1647916500.0
0.590269,35.0,33.0,NICO,4.10702,1647916800.0
0.583372,35.0,33.0,NICO,4.09913,1647917100.0
0.582466,35.0,33.0,NICO,4.0942,1647917400.0
0.532742,35.0,33.0,NICO,3.99578,1647917700.0
0.752528,35.0,33.0,NICO,3.81975,1647918000.0
1.31218,35.0,33.0,NICO,3.51712,1647918300.0
1.3045,35.0,33.0,NICO,6.64905,1647919500.0
1.30775,35.0,33.0,NICO,6.67637,1647919800.0
1.33876,35.0,33.0,NICO,13.7248,1647927600.0
0.755053,35.0,33.0,NICO,13.9792,1647927900.0
0.654668,35.0,33.0,NICO,14.3634,1647928200.0
0.661918,35.0,33.0,NICO,14.6453,1647928500.0
0.758921,35.0,33.0,NICO,15.0387,1647928800.0
0.939236,35.0,33.0,NICO,16.9874,1647929100.0
1.30942,35.0,33.0,NICO,18.9103,1647929400.0
1.32955,35.0,33.0,NICO,20.4358,1647930900.0
0.930053,35.0,33.0,NICO,18.0129,1647931200.0
1.30646,35.0,33.0,NICO,20.3839,1647931500.0
1.33085,35.0,33.0,NICO,22.3781,1647932100.0
1.31403,35.0,33.0,NICO,22.4925,1647932400.0
0.778442,35.0,33.0,NICO,22.6926,1647932700.0
0.769581,35.0,33.0,NICO,22.8938,1647933000.0
0.775319,35.0,33.0,NICO,23.236,1647933300.0
0.663014,35.0,33.0,NICO,23.8681,1647933600.0
0.593014,35.0,33.0,NICO,24.236,1647933900.0
0.765207,35.0,33.0,NICO,24.6151,1647934200.0
1.41246,35.0,33.0,NICO,25.3237,1647938100.0
0.944475,35.0,33.0,NICO,25.4371,1647938400.0
1.37133,35.0,33.0,NICO,26.0822,1647938700.0
1.36809,35.0,33.0,NICO,26.4909,1647939000.0
1.43671,35.0,33.0,NICO,26.9231,1647939300.0
1.30441,35.0,33.0,NICO,29.4335,1647939900.0
1.30797,35.0,33.0,NICO,30.0259,1647940500.0
1.30458,35.0,33.0,NICO,30.5695,1647940800.0
1.33579,35.0,33.0,NICO,32.8729,1647942000.0
0.753364,35.0,33.0,NICO,33.3258,1647942300.0
0.926205,35.0,33.0,NICO,32.0084,1647942600.0
1.30659,35.0,33.0,NICO,27.36,1647944100.0
1.30741,35.0,33.0,NICO,27.0605,1647944400.0
1.30181,35.0,33.0,NICO,29.19,1647944700.0
1.30173,35.0,33.0,NICO,29.3262,1647945300.0
1.30239,35.0,33.0,NICO,29.4627,1647945600.0
1.30204,35.0,33.0,NICO,28.8891,1647946200.0
0.97716,35.0,33.0,NICO,22.4596,1647948300.0
0.762884,35.0,33.0,NICO,22.2817,1647948600.0
0.69057,35.0,33.0,NICO,22.0746,1647948900.0
0.769067,35.0,33.0,NICO,21.8795,1647949200.0
0.772511,35.0,33.0,NICO,21.6934,1647949500.0
1.15737,35.0,33.0,NICO,21.6719,1647949800.0
1.30267,35.0,33.0,NICO,25.0033,1647950700.0
1.30263,35.0,33.0,NICO,24.459,1647951000.0
1.30358,35.0,33.0,NICO,25.1108,1647951300.0
1.30313,35.0,33.0,NICO,24.7021,1647951600.0
0.812989,35.0,33.0,NICO,19.7891,1647951900.0
0.594482,35.0,33.0,NICO,19.6566,1647952200.0
0.519789,35.0,33.0,NICO,19.4154,1647952500.0
0.479662,35.0,33.0,NICO,19.6002,1647952800.0
0.526916,35.0,33.0,NICO,19.6229,1647953100.0
0.950139,35.0,33.0,NICO,20.9777,1647953400.0
1.30492,35.0,33.0,NICO,22.2547,1647953700.0
1.30197,35.0,33.0,NICO,19.7141,1647957900.0
1.30414,35.0,33.0,NICO,19.8575,1647958200.0
0.929268,35.0,33.0,NICO,18.7051,1647961200.0
0.924881,35.0,33.0,NICO,18.752,1647961500.0
1.3033,35.0,33.0,NICO,16.563,1647963000.0
1.30174,35.0,33.0,NICO,16.3138,1647963300.0
1.30135,35.0,33.0,NICO,17.3892,1647966600.0
1.30129,35.0,33.0,NICO,16.7994,1647966900.0
1.30136,35.0,33.0,NICO,16.2397,1647967200.0
0.920837,35.0,33.0,NICO,13.7503,1647967500.0
0.651912,35.0,33.0,NICO,12.0324,1647967800.0
0.495559,35.0,33.0,NICO,10.5692,1647968100.0
0.46454,35.0,33.0,NICO,10.1458,1647968400.0
0.532294,35.0,33.0,NICO,9.7442,1647968700.0
0.533755,35.0,33.0,NICO,9.37969,1647969000.0
0.7774,35.0,33.0,NICO,9.03825,1647969300.0
0.758756,35.0,33.0,NICO,9.01579,1647969600.0
0.758868,35.0,33.0,NICO,8.60585,1647969900.0
0.65894,35.0,33.0,NICO,8.31278,1647970200.0
0.763183,35.0,33.0,NICO,7.97496,1647970500.0
0.930215,35.0,33.0,NICO,9.86696,1647970800.0
0.923349,35.0,33.0,NICO,11.7781,1647971100.0
1.30371,35.0,33.0,NICO,11.2988,1647971400.0
0.665708,35.0,33.0,NICO,5.47794,1647974100.0
0.660109,35.0,33.0,NICO,5.4515,1647974400.0
0.468796,35.0,33.0,NICO,5.41945,1647974700.0
0.540935,35.0,33.0,NICO,5.45346,1647975000.0
0.550172,35.0,33.0,NICO,5.58845,1647975300.0
0.926266,35.0,33.0,NICO,5.34454,1647975600.0
1.35909,35.0,33.0,NICO,5.40121,1647975900.0
1.31782,35.0,33.0,NICO,5.10034,1647978300.0
0.754183,35.0,33.0,NICO,5.328,1647978600.0
0.653257,35.0,33.0,NICO,5.26889,1647978900.0
0.757286,35.0,33.0,NICO,5.2394,1647979200.0
0.924759,35.0,33.0,NICO,4.76211,1647979500.0
0.661365,35.0,33.0,NICO,4.73563,1647979800.0
0.753727,35.0,33.0,NICO,4.67128,1647980100.0
0.494535,35.0,33.0,NICO,4.82013,1647980400.0
0.462407,35.0,33.0,NICO,4.96259,1647980700.0
0.535536,35.0,33.0,NICO,5.06414,1647981000.0
0.652333,35.0,33.0,NICO,5.12919,1647981300.0
0.755324,35.0,33.0,NICO,5.24491,1647981600.0
1.30685,35.0,33.0,NICO,5.34402,1647981900.0
1.3042,35.0,33.0,NICO,8.92314,1647982200.0
1.30456,35.0,33.0,NICO,8.83192,1647982500.0
0.75371,35.0,33.0,NICO,5.86776,1647982800.0
0.583153,35.0,33.0,NICO,6.20447,1647983100.0
0.583351,35.0,33.0,NICO,5.9496,1647983400.0
0.651988,35.0,33.0,NICO,6.01203,1647983700.0
0.753952,35.0,33.0,NICO,6.05922,1647984000.0
1.30332,35.0,33.0,NICO,7.57298,1647985200.0
1.30278,35.0,33.0,NICO,7.4058,1647985500.0
0.952331,35.0,33.0,NICO,5.71314,1647985800.0
0.765265,35.0,33.0,NICO,5.73126,1647986100.0
0.668675,35.0,33.0,NICO,5.80972,1647986400.0
0.663087,35.0,33.0,NICO,5.85999,1647986700.0
0.953664,35.0,33.0,NICO,5.83207,1647987000.0
1.35242,35.0,33.0,NICO,5.88431,1647987300.0
0.925103,35.0,33.0,NICO,5.7841,1647987600.0
0.924001,35.0,33.0,NICO,5.78009,1647987900.0
0.753535,35.0,33.0,NICO,5.84575,1647988200.0
0.767907,35.0,33.0,NICO,5.81138,1647988500.0
1.30717,35.0,33.0,NICO,5.49345,1647988800.0
1.31067,35.0,33.0,NICO,5.30468,1647989400.0
1.00794,35.0,33.0,NICO,5.48718,1647989700.0
0.759809,35.0,33.0,NICO,5.72668,1647990000.0
0.758996,35.0,33.0,NICO,5.66113,1647990300.0
0.537035,35.0,33.0,NICO,5.60362,1647990600.0
0.753521,35.0,33.0,NICO,5.79356,1647990900.0
0.759679,35.0,33.0,NICO,5.75259,1647991200.0
0.921809,35.0,33.0,NICO,5.23802,1647991500.0
1.30221,35.0,33.0,NICO,5.24983,1647991800.0
1.30297,40.0,44.0,ARUC,6.56919,1647993600.0
1.30314,40.0,44.0,ARUC,6.79166,1647993900.0
0.927324,40.0,44.0,ARUC,5.6784,1647994200.0
0.36648,40.0,44.0,ARUC,4.85345,1647994500.0
0.546778,40.0,44.0,ARUC,5.51819,1647994800.0
1.30311,40.0,44.0,ARUC,8.11542,1647995100.0
1.31023,40.0,44.0,ARUC,8.25263,1647995400.0
1.35975,40.0,44.0,ARUC,5.09935,1647995700.0
1.30974,40.0,44.0,ARUC,5.09445,1647996000.0
1.36235,40.0,44.0,ARUC,5.0983,1647996300.0
0.764875,40.0,44.0,ARUC,5.04544,1647999300.0
0.773927,40.0,44.0,ARUC,5.5189,1647999600.0
1.30124,40.0,44.0,ARUC,8.344,1648000200.0
1.30634,40.0,44.0,ARUC,6.39251,1648001100.0
0.921979,40.0,44.0,ARUC,6.52685,1648001400.0
0.920657,40.0,44.0,ARUC,6.40048,1648001700.0
0.92132,40.0,44.0,ARUC,6.39353,1648002000.0
0.921918,40.0,44.0,ARUC,6.40394,1648002300.0
0.921723,40.0,44.0,ARUC,6.36668,1648002600.0
0.760822,40.0,44.0,ARUC,5.99716,1648002900.0
0.752464,40.0,44.0,ARUC,6.24483,1648003200.0
0.752779,40.0,44.0,ARUC,6.29981,1648003500.0
0.922149,40.0,44.0,ARUC,5.6124,1648003800.0
0.922417,40.0,44.0,ARUC,5.74426,1648004100.0
0.921907,40.0,44.0,ARUC,7.00396,1648004400.0
0.403547,40.0,44.0,ARUC,5.20094,1648004700.0
0.473927,40.0,44.0,ARUC,5.43442,1648005000.0
1.30143,40.0,44.0,ARUC,8.81907,1648005300.0
0.921814,40.0,44.0,ARUC,7.59401,1648005600.0
0.923766,40.0,44.0,ARUC,7.71721,1648005900.0
1.30191,40.0,44.0,ARUC,11.9315,1648006800.0
0.921632,40.0,44.0,ARUC,11.3335,1648007100.0
1.30138,40.0,44.0,ARUC,12.3405,1648007400.0
1.30148,40.0,44.0,ARUC,12.4933,1648007700.0
1.30506,40.0,44.0,ARUC,8.17489,1648008300.0
1.30349,40.0,44.0,ARUC,8.31543,1648008600.0
0.498531,40.0,44.0,ARUC,9.74993,1648008900.0
0.941549,40.0,44.0,ARUC,9.78838,1648009200.0
1.30127,40.0,44.0,ARUC,13.9738,1648010700.0
1.30124,40.0,44.0,ARUC,14.171,1648011000.0
1.30184,40.0,44.0,ARUC,14.3382,1648011300.0
1.30466,40.0,44.0,ARUC,13.7894,1648011900.0
1.30936,40.0,44.0,ARUC,14.0399,1648012200.0
0.758341,40.0,44.0,ARUC,12.105,1648013100.0
0.651764,40.0,44.0,ARUC,13.4398,1648013400.0
0.752933,40.0,44.0,ARUC,13.5004,1648013700.0
1.3024,40.0,44.0,ARUC,12.5381,1648015800.0
0.927163,40.0,44.0,ARUC,14.0392,1648016100.0
0.462803,40.0,44.0,ARUC,14.0649,1648016400.0
0.413882,40.0,44.0,ARUC,14.2413,1648016700.0
0.400964,40.0,44.0,ARUC,14.515,1648017000.0
0.462674,40.0,44.0,ARUC,13.8833,1648017300.0
0.9278,40.0,44.0,ARUC,14.4526,1648017600.0
1.32666,40.0,44.0,ARUC,14.026,1648017900.0
0.985801,40.0,44.0,ARUC,16.4037,1648018200.0
0.944858,40.0,44.0,ARUC,16.9884,1648018500.0
0.942412,40.0,44.0,ARUC,17.3961,1648018800.0
1.32491,40.0,44.0,ARUC,16.093,1648019100.0
1.32705,40.0,44.0,ARUC,16.7051,1648019400.0
1.32955,40.0,44.0,ARUC,17.2889,1648019700.0
1.53201,40.0,44.0,ARUC,17.5726,1648020000.0
1.30454,40.0,44.0,ARUC,20.625,1648020600.0
0.758025,40.0,44.0,ARUC,19.8015,1648020900.0
0.923416,40.0,44.0,ARUC,19.5454,1648021200.0
0.652836,40.0,44.0,ARUC,20.7701,1648021500.0
0.923538,40.0,44.0,ARUC,22.7299,1648021800.0
0.754361,40.0,44.0,ARUC,21.3963,1648022100.0
0.754366,40.0,44.0,ARUC,21.7585,1648022400.0
0.927295,40.0,44.0,ARUC,21.0527,1648022700.0
1.30374,40.0,44.0,ARUC,24.7807,1648026000.0
1.30319,40.0,44.0,ARUC,24.6682,1648026300.0
1.31885,40.0,44.0,ARUC,21.008,1648028100.0
1.3105,40.0,44.0,ARUC,21.2239,1648028400.0
1.30982,40.0,44.0,ARUC,21.5268,1648028700.0
1.31069,40.0,44.0,ARUC,21.7739,1648029000.0
1.3117,40.0,44.0,ARUC,21.985,1648029300.0
0.584407,40.0,44.0,ARUC,23.8471,1648029600.0
0.583985,40.0,44.0,ARUC,23.8285,1648029900.0
0.927318,40.0,44.0,ARUC,23.0143,1648030200.0
1.31103,40.0,44.0,ARUC,22.8529,1648030500.0
1.31008,40.0,44.0,ARUC,22.4307,1648030800.0
1.31002,40.0,44.0,ARUC,22.088,1648031100.0
1.30917,40.0,44.0,ARUC,21.7599,1648031400.0
1.30974,40.0,44.0,ARUC,21.345,1648031700.0
1.34037,40.0,44.0,ARUC,21.1113,1648032000.0
1.30752,40.0,44.0,ARUC,20.3292,1648034400.0
1.30267,40.0,44.0,ARUC,20.2553,1648034700.0
1.30254,40.0,44.0,ARUC,20.1402,1648035000.0
1.30243,40.0,44.0,ARUC,20.0397,1648035300.0
1.30254,40.0,44.0,ARUC,19.8988,1648035600.0
1.30268,40.0,44.0,ARUC,19.7208,1648035900.0
0.932933,40.0,44.0,ARUC,21.9076,1648036200.0
0.755952,40.0,44.0,ARUC,20.8843,1648036500.0
0.377884,40.0,44.0,ARUC,20.73,1648036800.0
0.920864,40.0,44.0,ARUC,20.5827,1648037100.0
0.92095,40.0,44.0,ARUC,20.1439,1648037400.0
0.921389,40.0,44.0,ARUC,19.8633,1648037700.0
0.533003,40.0,44.0,ARUC,18.9221,1648038000.0
1.30341,40.0,44.0,ARUC,20.2666,1648038300.0
1.30378,40.0,44.0,ARUC,19.957,1648038600.0
1.30362,40.0,44.0,ARUC,19.567,1648038900.0
1.30758,40.0,44.0,ARUC,19.2424,1648039200.0
1.30576,40.0,44.0,ARUC,20.6549,1648039800.0
1.30367,40.0,44.0,ARUC,20.5743,1648040100.0
1.30135,40.0,44.0,ARUC,19.4326,1648041300.0
1.30124,40.0,44.0,ARUC,19.3573,1648041600.0
0.927936,40.0,44.0,ARUC,15.1412,1648044600.0
0.923386,40.0,44.0,ARUC,14.9711,1648044900.0
0.925952,40.0,44.0,ARUC,14.8024,1648045200.0
1.30766,40.0,44.0,ARUC,16.9552,1648045500.0
1.30723,40.0,44.0,ARUC,16.8046,1648045800.0
0.653814,40.0,44.0,ARUC,16.2991,1648046100.0
0.377611,40.0,44.0,ARUC,15.416,1648046400.0
0.468445,40.0,44.0,ARUC,15.1425,1648046700.0
0.655931,40.0,44.0,ARUC,15.2929,1648047000.0
0.932989,40.0,44.0,ARUC,15.4259,1648047300.0
1.30532,40.0,44.0,ARUC,16.7487,1648047600.0
1.30866,40.0,44.0,ARUC,16.6474,1648047900.0
0.924226,40.0,44.0,ARUC,16.2766,1648048800.0
0.923996,40.0,44.0,ARUC,16.3462,1648049100.0
1.31182,40.0,44.0,ARUC,14.3817,1648049400.0
0.925187,40.0,44.0,ARUC,13.4877,1648049700.0
0.538325,40.0,44.0,ARUC,13.4675,1648050000.0
0.330061,40.0,44.0,ARUC,13.0158,1648050300.0
0.926405,40.0,44.0,ARUC,13.0137,1648050600.0
1.30693,40.0,44.0,ARUC,13.9544,1648050900.0
1.30651,40.0,44.0,ARUC,13.8136,1648051200.0
0.927341,40.0,44.0,ARUC,11.6207,1648051500.0
1.30696,40.0,44.0,ARUC,9.40714,1648051800.0
1.30577,40.0,44.0,ARUC,7.04265,1648053600.0
0.928477,40.0,44.0,ARUC,8.00982,1648053900.0
0.754494,40.0,44.0,ARUC,10.62,1648054200.0
0.753425,40.0,44.0,ARUC,10.4422,1648054500.0
0.753542,40.0,44.0,ARUC,10.2458,1648054800.0
0.753387,40.0,44.0,ARUC,10.0704,1648055100.0
0.753498,40.0,44.0,ARUC,9.9204,1648055400.0
0.92249,40.0,44.0,ARUC,10.1728,1648055700.0
1.30222,40.0,44.0,ARUC,9.51394,1648056000.0
1.3023,40.0,44.0,ARUC,9.30656,1648056300.0
1.30218,40.0,44.0,ARUC,9.0713,1648056600.0
0.670204,40.0,44.0,ARUC,6.63067,1648057200.0
0.607594,40.0,44.0,ARUC,7.36402,1648057500.0
0.926362,40.0,44.0,ARUC,7.99422,1648058700.0
1.30943,40.0,44.0,ARUC,9.05268,1648059000.0
1.30618,40.0,44.0,ARUC,8.73146,1648059300.0
0.923894,40.0,44.0,ARUC,8.39264,1648059600.0
0.922377,40.0,44.0,ARUC,8.32244,1648059900.0
0.922562,40.0,44.0,ARUC,8.34856,1648060200.0
0.922854,40.0,44.0,ARUC,8.39462,1648060500.0
1.30692,40.0,44.0,ARUC,9.32723,1648060800.0
1.30642,40.0,44.0,ARUC,9.62767,1648061100.0
1.3081,40.0,44.0,ARUC,9.86765,1648061400.0
1.30794,40.0,44.0,ARUC,5.01644,1648062300.0
0.938821,40.0,44.0,ARUC,5.60873,1648062600.0
1.31385,40.0,44.0,ARUC,6.3681,1648062900.0
1.31293,40.0,44.0,ARUC,6.52545,1648063200.0
1.31306,40.0,44.0,ARUC,6.66383,1648063500.0
1.31222,40.0,44.0,ARUC,6.78189,1648063800.0
0.754671,40.0,44.0,ARUC,6.11327,1648064100.0
0.653723,40.0,44.0,ARUC,7.89948,1648064400.0
0.921665,40.0,44.0,ARUC,10.0902,1648064700.0
0.921553,40.0,44.0,ARUC,10.1178,1648065000.0
0.756848,40.0,44.0,ARUC,9.38337,1648065300.0
0.922592,40.0,44.0,ARUC,7.95232,1648065600.0
1.30564,40.0,44.0,ARUC,8.3597,1648065900.0
0.545943,40.0,44.0,ARUC,5.19144,1648066500.0
0.552136,40.0,44.0,ARUC,5.2469,1648066800.0
1.30626,40.0,44.0,ARUC,5.45213,1648067100.0
1.30393,40.0,44.0,ARUC,7.10932,1648068300.0
1.30341,40.0,44.0,ARUC,6.91861,1648068600.0
1.3034,40.0,44.0,ARUC,6.709,1648068900.0
1.30362,40.0,44.0,ARUC,6.54213,1648069200.0
1.30341,40.0,44.0,ARUC,10.6292,1648069500.0
1.30314,40.0,44.0,ARUC,10.6845,1648069800.0
1.30314,40.0,44.0,ARUC,10.7378,1648070100.0
1.30351,40.0,44.0,ARUC,10.783,1648070400.0
1.30454,40.0,44.0,ARUC,5.68792,1648071300.0
1.3062,40.0,44.0,ARUC,5.75333,1648071600.0
1.30874,40.0,44.0,ARUC,6.13274,1648073100.0
1.30954,40.0,44.0,ARUC,6.37254,1648073400.0
1.31046,40.0,44.0,ARUC,6.59233,1648073700.0
0.658435,40.0,44.0,ARUC,6.75004,1648074000.0
0.541069,40.0,44.0,ARUC,6.8158,1648074300.0
0.45631,40.0,44.0,ARUC,5.69702,1648074600.0
0.76718,40.0,44.0,ARUC,7.0581,1648074900.0
1.30238,40.0,44.0,ARUC,7.05018,1648076400.0
1.30231,40.0,44.0,ARUC,7.00456,1648076700.0
1.30238,40.0,44.0,ARUC,6.98226,1648077000.0
1.30232,40.0,44.0,ARUC,6.88333,1648077300.0
0.949025,40.0,44.0,ARUC,7.71048,1648077600.0
1.30154,40.0,44.0,ARUC,10.4324,1648077900.0
1.30158,40.0,44.0,ARUC,10.6521,1648078200.0
1.3043,40.0,44.0,ARUC,7.0713,1648079100.0
0.925146,40.0,44.0,ARUC,6.94618,1648079400.0
0.924898,40.0,44.0,ARUC,7.11669,1648079700.0
0.415434,32.0,35.0,BSHM,6.69744,1647993600.0
0.462836,32.0,35.0,BSHM,6.69216,1647993900.0
0.536209,32.0,35.0,BSHM,6.67943,1647994200.0
0.598421,32.0,35.0,BSHM,7.10088,1647994500.0
0.753056,32.0,35.0,BSHM,7.73899,1647994800.0
0.922738,32.0,35.0,BSHM,7.90843,1647995100.0
0.922727,32.0,35.0,BSHM,6.44221,1647995400.0
0.936205,32.0,35.0,BSHM,6.06146,1647995700.0
0.934551,32.0,35.0,BSHM,6.693,1647996000.0
0.762667,32.0,35.0,BSHM,7.08336,1647996300.0
0.669029,32.0,35.0,BSHM,7.25234,1647996600.0
0.663081,32.0,35.0,BSHM,7.38474,1647996900.0
0.598212,32.0,35.0,BSHM,6.99881,1647997200.0
0.542517,32.0,35.0,BSHM,7.0555,1647997500.0
0.592918,32.0,35.0,BSHM,7.24458,1647997800.0
0.817288,32.0,35.0,BSHM,7.54021,1647998100.0
0.949972,32.0,35.0,BSHM,7.52526,1647998400.0
0.935407,32.0,35.0,BSHM,5.88067,1647998700.0
0.778065,32.0,35.0,BSHM,6.29691,1647999000.0
0.933495,32.0,35.0,BSHM,6.21399,1647999300.0
0.933563,32.0,35.0,BSHM,6.16836,1647999600.0
0.665045,32.0,35.0,BSHM,6.20084,1647999900.0
0.764429,32.0,35.0,BSHM,6.16862,1648000200.0
0.665746,32.0,35.0,BSHM,6.14291,1648000500.0
0.550871,32.0,35.0,BSHM,6.01512,1648000800.0
0.506469,32.0,35.0,BSHM,5.83283,1648001100.0
0.505024,32.0,35.0,BSHM,5.61117,1648001400.0
0.501185,32.0,35.0,BSHM,5.39489,1648001700.0
0.469313,32.0,35.0,BSHM,5.23382,1648002000.0
0.468532,32.0,35.0,BSHM,5.00908,1648002300.0
0.498025,32.0,35.0,BSHM,4.79629,1648002600.0
0.497624,32.0,35.0,BSHM,4.61711,1648002900.0
0.536918,32.0,35.0,BSHM,4.44224,1648003200.0
0.604658,32.0,35.0,BSHM,4.38701,1648003500.0
0.673311,32.0,35.0,BSHM,4.48989,1648003800.0
0.76164,32.0,35.0,BSHM,4.61556,1648004100.0
0.939108,32.0,35.0,BSHM,4.68526,1648004400.0
1.34601,32.0,35.0,BSHM,4.87711,1648004700.0
0.921609,32.0,35.0,BSHM,4.59654,1648005900.0
0.921594,32.0,35.0,BSHM,4.97591,1648006200.0
0.761615,32.0,35.0,BSHM,5.54169,1648006500.0
0.655188,32.0,35.0,BSHM,6.02461,1648006800.0
0.584836,32.0,35.0,BSHM,6.42918,1648007100.0
0.583077,32.0,35.0,BSHM,6.99234,1648007400.0
0.583245,32.0,35.0,BSHM,7.38023,1648007700.0
0.651815,32.0,35.0,BSHM,7.78677,1648008000.0
0.583443,32.0,35.0,BSHM,8.14014,1648008300.0
0.752442,32.0,35.0,BSHM,8.66713,1648008600.0
0.752802,32.0,35.0,BSHM,9.06574,1648008900.0
0.921564,32.0,35.0,BSHM,9.37392,1648009200.0
1.30332,32.0,35.0,BSHM,9.68963,1648009500.0
0.922526,32.0,35.0,BSHM,9.99213,1648009800.0
1.30241,32.0,35.0,BSHM,10.2732,1648010100.0
1.3025,32.0,35.0,BSHM,10.6503,1648010400.0
0.92083,32.0,35.0,BSHM,11.0218,1648010700.0
0.650952,32.0,35.0,BSHM,11.2444,1648011000.0
0.585698,32.0,35.0,BSHM,11.5102,1648011300.0
0.493949,32.0,35.0,BSHM,11.9587,1648011600.0
0.43609,32.0,35.0,BSHM,12.3025,1648011900.0
0.435069,32.0,35.0,BSHM,12.6049,1648012200.0
0.46122,32.0,35.0,BSHM,13.0757,1648012500.0
0.461368,32.0,35.0,BSHM,13.334,1648012800.0
0.493562,32.0,35.0,BSHM,13.4596,1648013100.0
0.435083,32.0,35.0,BSHM,13.5876,1648013400.0
0.493361,32.0,35.0,BSHM,13.6952,1648013700.0
0.65107,32.0,35.0,BSHM,13.8273,1648014000.0
0.532113,32.0,35.0,BSHM,13.9238,1648014300.0
0.582867,32.0,35.0,BSHM,14.0286,1648014600.0
0.582513,32.0,35.0,BSHM,14.1237,1648014900.0
0.49274,32.0,35.0,BSHM,14.5833,1648015200.0
0.413056,32.0,35.0,BSHM,15.0084,1648015500.0
0.435167,32.0,35.0,BSHM,14.9959,1648015800.0
0.412889,32.0,35.0,BSHM,15.1042,1648016100.0
0.412703,32.0,35.0,BSHM,15.2297,1648016400.0
0.46175,32.0,35.0,BSHM,15.5189,1648016700.0
0.531909,32.0,35.0,BSHM,15.486,1648017000.0
0.582218,32.0,35.0,BSHM,15.4826,1648017300.0
0.582673,32.0,35.0,BSHM,15.7222,1648017600.0
0.752665,32.0,35.0,BSHM,16.0593,1648017900.0
1.30157,32.0,35.0,BSHM,16.4772,1648018200.0
1.3029,32.0,35.0,BSHM,16.6409,1648018500.0
1.30255,32.0,35.0,BSHM,19.0695,1648019100.0
1.30256,32.0,35.0,BSHM,19.0293,1648019400.0
1.7418,32.0,35.0,BSHM,20.51,1648019700.0
1.40048,32.0,35.0,BSHM,20.9929,1648020000.0
0.976736,32.0,35.0,BSHM,21.9602,1648020300.0
0.778764,32.0,35.0,BSHM,22.9295,1648020600.0
0.773311,32.0,35.0,BSHM,23.5728,1648020900.0
0.774445,32.0,35.0,BSHM,23.3543,1648021200.0
0.774024,32.0,35.0,BSHM,23.8557,1648021500.0
1.42845,32.0,35.0,BSHM,25.5572,1648021800.0
1.30164,32.0,35.0,BSHM,22.3822,1648023900.0
1.30143,32.0,35.0,BSHM,22.1576,1648024200.0
0.920913,32.0,35.0,BSHM,24.5944,1648024500.0
1.37534,32.0,35.0,BSHM,25.608,1648024800.0
0.924023,32.0,35.0,BSHM,25.6511,1648025100.0
0.929396,32.0,35.0,BSHM,25.9485,1648025400.0
1.30452,32.0,35.0,BSHM,26.898,1648025700.0
1.31742,32.0,35.0,BSHM,31.9831,1648029300.0
1.30803,32.0,35.0,BSHM,31.9156,1648029600.0
0.701691,32.0,35.0,BSHM,31.0449,1648029900.0
0.60932,32.0,35.0,BSHM,31.3743,1648030200.0
0.610493,32.0,35.0,BSHM,31.7859,1648030500.0
0.551839,32.0,35.0,BSHM,32.3432,1648030800.0
0.55202,32.0,35.0,BSHM,32.6684,1648031100.0
0.605458,32.0,35.0,BSHM,33.3896,1648031400.0
0.721544,32.0,35.0,BSHM,33.7374,1648031700.0
0.793773,32.0,35.0,BSHM,34.3789,1648032000.0
0.931683,32.0,35.0,BSHM,34.0765,1648032300.0
0.779808,32.0,35.0,BSHM,33.7497,1648032600.0
0.553003,32.0,35.0,BSHM,33.8052,1648032900.0
0.507654,32.0,35.0,BSHM,33.3439,1648033200.0
0.472104,32.0,35.0,BSHM,32.8931,1648033500.0
0.443879,32.0,35.0,BSHM,32.1912,1648033800.0
0.443164,32.0,35.0,BSHM,31.8478,1648034100.0
0.412877,32.0,35.0,BSHM,31.5752,1648034400.0
0.42844,32.0,35.0,BSHM,31.0649,1648034700.0
0.445281,32.0,35.0,BSHM,30.4639,1648035000.0
0.447236,32.0,35.0,BSHM,29.7375,1648035300.0
0.477338,32.0,35.0,BSHM,28.9629,1648035600.0
0.514415,32.0,35.0,BSHM,29.387,1648035900.0
0.481293,32.0,35.0,BSHM,28.8752,1648036200.0
0.476168,32.0,35.0,BSHM,27.1385,1648036500.0
0.423722,32.0,35.0,BSHM,26.4513,1648036800.0
0.431652,32.0,35.0,BSHM,25.3552,1648037100.0
0.416782,32.0,35.0,BSHM,24.9866,1648037400.0
0.411392,32.0,35.0,BSHM,24.8042,1648037700.0
0.397421,32.0,35.0,BSHM,25.0555,1648038000.0
0.460253,32.0,35.0,BSHM,25.1539,1648038300.0
0.480712,32.0,35.0,BSHM,23.7631,1648038600.0
0.481479,32.0,35.0,BSHM,23.8856,1648038900.0
0.543274,32.0,35.0,BSHM,24.0354,1648039200.0
0.518081,32.0,35.0,BSHM,23.4253,1648039500.0
0.602222,32.0,35.0,BSHM,22.5867,1648039800.0
0.657958,32.0,35.0,BSHM,21.8551,1648040100.0
0.543284,32.0,35.0,BSHM,21.5983,1648040400.0
0.586906,32.0,35.0,BSHM,21.329,1648040700.0
0.466384,32.0,35.0,BSHM,21.174,1648041000.0
0.536164,32.0,35.0,BSHM,21.1178,1648041300.0
0.536321,32.0,35.0,BSHM,21.0184,1648041600.0
0.536714,32.0,35.0,BSHM,21.0266,1648041900.0
0.655239,32.0,35.0,BSHM,21.0666,1648042200.0
0.659965,32.0,35.0,BSHM,21.1521,1648042500.0
0.667087,32.0,35.0,BSHM,20.8052,1648042800.0
0.657886,32.0,35.0,BSHM,20.4256,1648043100.0
0.58808,32.0,35.0,BSHM,20.1018,1648043400.0
0.657937,32.0,35.0,BSHM,19.0643,1648043700.0
0.658067,32.0,35.0,BSHM,18.9491,1648044000.0
0.587009,32.0,35.0,BSHM,19.2856,1648044300.0
0.590623,32.0,35.0,BSHM,19.2508,1648044600.0
0.654791,32.0,35.0,BSHM,19.6067,1648044900.0
0.768218,32.0,35.0,BSHM,19.342,1648045200.0
0.671755,32.0,35.0,BSHM,18.4571,1648045500.0
0.754994,32.0,35.0,BSHM,18.446,1648045800.0
0.758053,32.0,35.0,BSHM,18.4663,1648046100.0
1.15325,32.0,35.0,BSHM,15.9189,1648048800.0
1.04679,32.0,35.0,BSHM,15.6384,1648049100.0
0.85997,32.0,35.0,BSHM,15.1967,1648049400.0
0.877001,32.0,35.0,BSHM,14.8796,1648049700.0
0.746688,32.0,35.0,BSHM,14.4381,1648050000.0
0.607416,32.0,35.0,BSHM,13.9984,1648050300.0
0.589419,32.0,35.0,BSHM,13.595,1648050600.0
0.540197,32.0,35.0,BSHM,13.0869,1648050900.0
0.558247,32.0,35.0,BSHM,12.6662,1648051200.0
0.538588,32.0,35.0,BSHM,12.5294,1648051500.0
0.535005,32.0,35.0,BSHM,12.7479,1648051800.0
0.622415,32.0,35.0,BSHM,12.6951,1648052100.0
0.61273,32.0,35.0,BSHM,12.6122,1648052400.0
0.683172,32.0,35.0,BSHM,12.7082,1648052700.0
0.680493,32.0,35.0,BSHM,12.2461,1648053000.0
0.565967,32.0,35.0,BSHM,11.7796,1648053300.0
0.591138,32.0,35.0,BSHM,11.3154,1648053600.0
0.596299,32.0,35.0,BSHM,10.876,1648053900.0
0.615582,32.0,35.0,BSHM,10.0949,1648054200.0
0.566589,32.0,35.0,BSHM,10.0264,1648054500.0
0.64164,32.0,35.0,BSHM,10.1154,1648054800.0
0.572715,32.0,35.0,BSHM,9.73361,1648055100.0
0.521363,32.0,35.0,BSHM,9.55313,1648055400.0
0.495445,32.0,35.0,BSHM,9.19649,1648055700.0
0.534545,32.0,35.0,BSHM,8.9483,1648056000.0
0.573119,32.0,35.0,BSHM,8.73052,1648056300.0
0.565326,32.0,35.0,BSHM,8.16526,1648056600.0
0.512576,32.0,35.0,BSHM,7.5805,1648056900.0
0.542979,32.0,35.0,BSHM,7.29563,1648057200.0
0.484321,32.0,35.0,BSHM,6.88066,1648057500.0
0.561897,32.0,35.0,BSHM,6.65033,1648057800.0
0.517977,32.0,35.0,BSHM,6.49827,1648058100.0
0.510186,32.0,35.0,BSHM,6.51622,1648058400.0
0.47324,32.0,35.0,BSHM,6.4182,1648058700.0
0.452565,32.0,35.0,BSHM,6.35525,1648059000.0
0.480507,32.0,35.0,BSHM,6.2314,1648059300.0
0.510301,32.0,35.0,BSHM,6.10422,1648059600.0
0.510365,32.0,35.0,BSHM,5.91613,1648059900.0
0.433201,32.0,35.0,BSHM,6.20175,1648060200.0
0.467979,32.0,35.0,BSHM,6.20998,1648060500.0
0.553496,32.0,35.0,BSHM,5.70116,1648060800.0
0.551759,32.0,35.0,BSHM,6.66443,1648061100.0
0.58888,32.0,35.0,BSHM,6.65395,1648061400.0
0.684854,32.0,35.0,BSHM,6.95099,1648061700.0
0.672065,32.0,35.0,BSHM,7.43762,1648062000.0
0.671402,32.0,35.0,BSHM,7.18726,1648062300.0
0.77916,32.0,35.0,BSHM,7.57347,1648062600.0
0.618065,32.0,35.0,BSHM,7.08031,1648062900.0
0.554561,32.0,35.0,BSHM,6.5157,1648063200.0
0.554997,32.0,35.0,BSHM,6.10026,1648063500.0
0.48662,32.0,35.0,BSHM,6.00105,1648063800.0
0.513685,32.0,35.0,BSHM,5.95685,1648064100.0
0.545652,32.0,35.0,BSHM,5.95759,1648064400.0
0.471424,32.0,35.0,BSHM,5.97335,1648064700.0
0.499615,32.0,35.0,BSHM,6.10101,1648065000.0
0.471989,32.0,35.0,BSHM,6.1449,1648065300.0
0.448089,32.0,35.0,BSHM,5.98182,1648065600.0
0.398742,32.0,35.0,BSHM,6.10204,1648065900.0
0.428642,32.0,35.0,BSHM,6.03572,1648066200.0
0.404218,32.0,35.0,BSHM,5.78886,1648066500.0
0.437824,32.0,35.0,BSHM,5.55236,1648066800.0
0.547212,32.0,35.0,BSHM,5.51313,1648067100.0
0.488252,32.0,35.0,BSHM,5.33548,1648067400.0
0.599895,32.0,35.0,BSHM,5.43959,1648067700.0
0.935758,32.0,35.0,BSHM,6.14536,1648068000.0
1.31333,32.0,35.0,BSHM,4.82695,1648068300.0
1.31193,32.0,35.0,BSHM,4.70056,1648068600.0
0.984496,32.0,35.0,BSHM,4.44826,1648068900.0
1.35136,32.0,35.0,BSHM,4.18844,1648069200.0
0.942073,32.0,35.0,BSHM,4.63141,1648069500.0
0.776575,32.0,35.0,BSHM,4.53467,1648069800.0
0.939419,32.0,35.0,BSHM,4.82987,1648070100.0
0.661057,32.0,35.0,BSHM,5.85269,1648070400.0
0.653811,32.0,35.0,BSHM,5.9587,1648070700.0
0.675479,32.0,35.0,BSHM,6.20373,1648071000.0
0.506715,32.0,35.0,BSHM,6.30643,1648071300.0
0.494319,32.0,35.0,BSHM,6.50129,1648071600.0
0.532977,32.0,35.0,BSHM,6.65764,1648071900.0
0.461499,32.0,35.0,BSHM,6.72178,1648072200.0
0.466927,32.0,35.0,BSHM,6.8032,1648072500.0
0.464174,32.0,35.0,BSHM,6.67471,1648072800.0
0.467022,32.0,35.0,BSHM,6.74324,1648073100.0
0.587413,32.0,35.0,BSHM,6.52314,1648073400.0
0.793849,32.0,35.0,BSHM,6.13818,1648073700.0
0.76855,32.0,35.0,BSHM,6.56708,1648074000.0
0.9784,32.0,35.0,BSHM,6.31203,1648074300.0
0.932123,32.0,35.0,BSHM,7.0873,1648074600.0
0.758742,32.0,35.0,BSHM,7.20541,1648074900.0
0.757072,32.0,35.0,BSHM,7.31634,1648075200.0
0.756446,32.0,35.0,BSHM,7.42418,1648075500.0
0.755908,32.0,35.0,BSHM,7.54859,1648075800.0
0.756399,32.0,35.0,BSHM,7.65243,1648076100.0
0.928594,32.0,35.0,BSHM,7.70801,1648076400.0
0.931521,32.0,35.0,BSHM,7.75447,1648076700.0
1.30737,32.0,35.0,BSHM,7.79351,1648077000.0
1.30651,32.0,35.0,BSHM,5.274,1648077300.0
0.931276,32.0,35.0,BSHM,5.59019,1648077600.0
0.754131,32.0,35.0,BSHM,5.64985,1648077900.0
0.654739,32.0,35.0,BSHM,5.84184,1648078200.0
0.532434,32.0,35.0,BSHM,6.01978,1648078500.0
0.4643,32.0,35.0,BSHM,6.11556,1648078800.0
0.462351,32.0,35.0,BSHM,6.0432,1648079100.0
0.461365,32.0,35.0,BSHM,6.29452,1648079400.0
0.43566,32.0,35.0,BSHM,6.51788,1648079700.0
1.30348,35.0,33.0,NICO,6.72105,1647995100.0
1.30294,35.0,33.0,NICO,6.60554,1647995400.0
1.31695,35.0,33.0,NICO,6.34489,1647995700.0
0.922761,35.0,33.0,NICO,6.77865,1647996000.0
0.666217,35.0,33.0,NICO,5.48365,1647996300.0
0.535947,35.0,33.0,NICO,5.54545,1647996600.0
0.495354,35.0,33.0,NICO,5.57211,1647996900.0
0.534594,35.0,33.0,NICO,5.59728,1647997200.0
0.541921,35.0,33.0,NICO,5.60275,1647997500.0
0.92872,35.0,33.0,NICO,5.61244,1647997800.0
1.30546,35.0,33.0,NICO,6.38067,1648002000.0
1.30321,35.0,33.0,NICO,6.26148,1648002300.0
1.30598,35.0,33.0,NICO,4.64348,1648003800.0
1.30426,35.0,33.0,NICO,4.58188,1648004100.0
1.32496,35.0,33.0,NICO,6.02107,1648005600.0
1.31681,35.0,33.0,NICO,6.05552,1648005900.0
0.961967,35.0,33.0,NICO,7.96316,1648009800.0
0.685294,35.0,33.0,NICO,8.41025,1648010100.0
0.521645,35.0,33.0,NICO,8.68945,1648010400.0
0.55257,35.0,33.0,NICO,9.00675,1648010700.0
0.618076,35.0,33.0,NICO,9.33694,1648011000.0
1.34761,35.0,33.0,NICO,9.61848,1648011300.0
1.73394,35.0,33.0,NICO,10.173,1648013700.0
0.763992,35.0,33.0,NICO,10.4553,1648014000.0
0.765294,35.0,33.0,NICO,10.7584,1648014300.0
0.668636,35.0,33.0,NICO,11.0648,1648014600.0
0.774204,35.0,33.0,NICO,11.3571,1648014900.0
1.37353,35.0,33.0,NICO,11.7343,1648015200.0
1.30421,35.0,33.0,NICO,16.0987,1648017300.0
1.3038,35.0,33.0,NICO,17.0341,1648017600.0
1.30454,35.0,33.0,NICO,16.9754,1648017900.0
1.30123,35.0,33.0,NICO,19.3205,1648020000.0
1.30122,35.0,33.0,NICO,19.8055,1648020300.0
1.32953,35.0,33.0,NICO,19.033,1648024200.0
0.766386,35.0,33.0,NICO,19.1757,1648024500.0
0.947193,35.0,33.0,NICO,19.6539,1648024800.0
0.996433,35.0,33.0,NICO,20.0986,1648025100.0
1.31145,35.0,33.0,NICO,20.7249,1648025400.0
1.30386,35.0,33.0,NICO,25.8171,1648026000.0
1.42557,35.0,33.0,NICO,27.46,1648026600.0
1.3257,35.0,33.0,NICO,28.1725,1648026900.0
1.30369,35.0,33.0,NICO,30.3731,1648028700.0
1.30153,35.0,33.0,NICO,27.215,1648030200.0
1.30148,35.0,33.0,NICO,27.2514,1648030500.0
0.769525,35.0,33.0,NICO,27.0815,1648031700.0
0.511897,35.0,33.0,NICO,27.1543,1648032000.0
0.444063,35.0,33.0,NICO,27.8798,1648032300.0
0.500369,35.0,33.0,NICO,28.0747,1648032600.0
0.70579,35.0,33.0,NICO,27.3533,1648032900.0
1.30945,35.0,33.0,NICO,27.5469,1648033200.0
1.00239,35.0,33.0,NICO,28.6336,1648034400.0
0.763813,35.0,33.0,NICO,28.6599,1648034700.0
0.661933,35.0,33.0,NICO,28.5017,1648035000.0
0.763447,35.0,33.0,NICO,27.657,1648035300.0
0.765136,35.0,33.0,NICO,27.2911,1648035600.0
1.00818,35.0,33.0,NICO,27.0243,1648035900.0
1.30253,35.0,33.0,NICO,30.5241,1648036800.0
1.30246,35.0,33.0,NICO,29.6194,1648037100.0
0.922286,35.0,33.0,NICO,29.7302,1648037400.0
1.30307,35.0,33.0,NICO,29.7507,1648037700.0
0.647528,35.0,33.0,NICO,23.5846,1648038000.0
0.620556,35.0,33.0,NICO,23.2284,1648038300.0
0.551961,35.0,33.0,NICO,22.953,1648038600.0
0.604938,35.0,33.0,NICO,22.5875,1648038900.0
0.620629,35.0,33.0,NICO,22.8657,1648039200.0
0.946615,35.0,33.0,NICO,24.1664,1648039500.0
1.30342,35.0,33.0,NICO,25.9661,1648039800.0
1.30304,35.0,33.0,NICO,22.3625,1648040400.0
1.30964,35.0,33.0,NICO,21.8379,1648040700.0
1.30172,35.0,33.0,NICO,20.1943,1648044000.0
1.30214,35.0,33.0,NICO,20.2542,1648044300.0
1.09989,35.0,33.0,NICO,16.9976,1648047300.0
0.595027,35.0,33.0,NICO,15.8926,1648047600.0
0.735337,35.0,33.0,NICO,16.5956,1648047900.0
0.809048,35.0,33.0,NICO,16.5409,1648048200.0
0.808389,35.0,33.0,NICO,16.3263,1648048500.0
0.994857,35.0,33.0,NICO,16.069,1648048800.0
1.30159,35.0,33.0,NICO,13.4435,1648049400.0
1.30174,35.0,33.0,NICO,13.0938,1648049700.0
1.30204,35.0,33.0,NICO,13.9532,1648052700.0
1.30184,35.0,33.0,NICO,13.5881,1648053000.0
1.30187,35.0,33.0,NICO,13.0662,1648053300.0
0.921016,35.0,33.0,NICO,11.4316,1648053600.0
0.657558,35.0,33.0,NICO,9.74646,1648053900.0
0.586746,35.0,33.0,NICO,8.09812,1648054200.0
0.533455,35.0,33.0,NICO,7.81422,1648054500.0
0.53379,35.0,33.0,NICO,7.48653,1648054800.0
0.536003,35.0,33.0,NICO,7.18514,1648055100.0
0.75565,35.0,33.0,NICO,6.89792,1648055400.0
0.759828,35.0,33.0,NICO,6.6113,1648055700.0
0.757941,35.0,33.0,NICO,6.40582,1648056000.0
0.658472,35.0,33.0,NICO,6.26714,1648056300.0
0.761759,35.0,33.0,NICO,6.09277,1648056600.0
0.927737,35.0,33.0,NICO,8.07834,1648056900.0
0.927685,35.0,33.0,NICO,10.113,1648057200.0
1.30253,35.0,33.0,NICO,9.79506,1648057500.0
1.43057,35.0,33.0,NICO,10.523,1648059000.0
1.54615,35.0,33.0,NICO,10.4655,1648059300.0
0.940872,35.0,33.0,NICO,7.63106,1648059600.0
0.672162,35.0,33.0,NICO,5.91938,1648059900.0
0.661576,35.0,33.0,NICO,4.75897,1648060200.0
0.472536,35.0,33.0,NICO,4.86418,1648060500.0
0.539714,35.0,33.0,NICO,4.88918,1648060800.0
0.587771,35.0,33.0,NICO,4.83542,1648061100.0
0.781035,35.0,33.0,NICO,5.17075,1648061400.0
1.30127,35.0,33.0,NICO,7.60099,1648062300.0
1.33239,35.0,33.0,NICO,4.61926,1648064400.0
0.754015,35.0,33.0,NICO,4.68193,1648064700.0
0.652836,35.0,33.0,NICO,4.7484,1648065000.0
0.542265,35.0,33.0,NICO,4.82254,1648065300.0
0.58754,35.0,33.0,NICO,4.58474,1648065600.0
0.417951,35.0,33.0,NICO,4.20906,1648065900.0
0.479297,35.0,33.0,NICO,4.1332,1648066200.0
0.661462,35.0,33.0,NICO,3.97422,1648066500.0
0.67539,35.0,33.0,NICO,3.93121,1648066800.0
0.949141,35.0,33.0,NICO,4.33464,1648067100.0
1.3092,35.0,33.0,NICO,7.74406,1648068300.0
1.30561,35.0,33.0,NICO,7.6129,1648068600.0
0.652978,35.0,33.0,NICO,5.45132,1648068900.0
0.583319,35.0,33.0,NICO,5.42531,1648069200.0
0.583614,35.0,33.0,NICO,5.18279,1648069500.0
0.585733,35.0,33.0,NICO,5.27787,1648069800.0
0.754713,35.0,33.0,NICO,5.4394,1648070100.0
1.317,35.0,33.0,NICO,5.55894,1648070400.0
1.30215,35.0,33.0,NICO,6.4924,1648071600.0
1.30233,35.0,33.0,NICO,6.46845,1648071900.0
1.37473,35.0,33.0,NICO,5.88265,1648072800.0
0.764055,35.0,33.0,NICO,5.96883,1648073100.0
0.76361,35.0,33.0,NICO,5.48312,1648073400.0
0.760636,35.0,33.0,NICO,5.06348,1648073700.0
0.924503,35.0,33.0,NICO,5.33428,1648074000.0
0.755176,35.0,33.0,NICO,5.16478,1648074300.0
0.758744,35.0,33.0,NICO,5.14419,1648074600.0
1.30274,35.0,33.0,NICO,5.01176,1648074900.0
1.3093,35.0,33.0,NICO,5.00721,1648075500.0
0.772252,35.0,33.0,NICO,5.3878,1648075800.0
0.75555,35.0,33.0,NICO,5.3791,1648076100.0
0.654257,35.0,33.0,NICO,5.65711,1648076400.0
0.589668,35.0,33.0,NICO,5.63287,1648076700.0
0.756228,35.0,33.0,NICO,5.21375,1648077000.0
0.926731,35.0,33.0,NICO,5.25935,1648077300.0
0.921821,40.0,44.0,ARUC,5.95287,1648080000.0
1.3027,40.0,44.0,ARUC,6.39207,1648080300.0
0.382162,40.0,44.0,ARUC,5.93891,1648080600.0
0.467747,40.0,44.0,ARUC,6.50422,1648080900.0
1.30255,40.0,44.0,ARUC,7.0556,1648081200.0
1.30591,40.0,44.0,ARUC,7.20786,1648081500.0
1.30605,40.0,44.0,ARUC,5.85016,1648082100.0
1.312,40.0,44.0,ARUC,5.90268,1648082400.0
0.774654,40.0,44.0,ARUC,8.45578,1648085400.0
0.77664,40.0,44.0,ARUC,7.1872,1648085700.0
1.30168,40.0,44.0,ARUC,10.6773,1648086300.0
1.30177,40.0,44.0,ARUC,10.6267,1648086600.0
1.30318,40.0,44.0,ARUC,9.09491,1648087500.0
1.30169,40.0,44.0,ARUC,9.13352,1648087800.0
1.30166,40.0,44.0,ARUC,9.16355,1648088100.0
1.30176,40.0,44.0,ARUC,9.23978,1648088400.0
0.920864,40.0,44.0,ARUC,9.25713,1648088700.0
1.30181,40.0,44.0,ARUC,9.47816,1648089000.0
0.752345,40.0,44.0,ARUC,8.79829,1648089300.0
0.75241,40.0,44.0,ARUC,9.06667,1648089600.0
0.92209,40.0,44.0,ARUC,8.92601,1648089900.0
0.921989,40.0,44.0,ARUC,9.26509,1648090200.0
1.30438,40.0,44.0,ARUC,10.5798,1648090500.0
0.41726,40.0,44.0,ARUC,8.34525,1648090800.0
0.417062,40.0,44.0,ARUC,8.83664,1648091100.0
1.30148,40.0,44.0,ARUC,12.0772,1648091400.0
0.923164,40.0,44.0,ARUC,11.2203,1648091700.0
0.922811,40.0,44.0,ARUC,11.4675,1648092000.0
1.30574,40.0,44.0,ARUC,14.9569,1648093200.0
1.30432,40.0,44.0,ARUC,12.954,1648094100.0
1.30373,40.0,44.0,ARUC,13.0392,1648094400.0
1.30151,40.0,44.0,ARUC,19.0553,1648096800.0
1.30146,40.0,44.0,ARUC,18.934,1648097100.0
1.30159,40.0,44.0,ARUC,18.8512,1648097400.0
1.30578,40.0,44.0,ARUC,13.8858,1648098000.0
0.922923,40.0,44.0,ARUC,16.0147,1648098300.0
1.30158,40.0,44.0,ARUC,18.0614,1648098600.0
1.3052,40.0,44.0,ARUC,14.5581,1648099200.0
0.651456,40.0,44.0,ARUC,14.4716,1648099500.0
0.651516,40.0,44.0,ARUC,14.3001,1648099800.0
1.30238,40.0,44.0,ARUC,16.9392,1648101900.0
1.30198,40.0,44.0,ARUC,16.8626,1648102200.0
0.930554,40.0,44.0,ARUC,15.6318,1648102500.0
0.923087,40.0,44.0,ARUC,15.7488,1648102800.0
0.923693,40.0,44.0,ARUC,15.9444,1648103100.0
1.30287,40.0,44.0,ARUC,17.3272,1648103400.0
0.948403,40.0,44.0,ARUC,18.0868,1648104000.0
0.940251,40.0,44.0,ARUC,18.5334,1648104300.0
0.945111,40.0,44.0,ARUC,19.116,1648104600.0
1.34698,40.0,44.0,ARUC,18.9713,1648104900.0
1.34251,40.0,44.0,ARUC,19.4885,1648105200.0
1.33868,40.0,44.0,ARUC,20.1171,1648105500.0
0.936304,40.0,44.0,ARUC,20.8554,1648105800.0
1.49056,40.0,44.0,ARUC,21.1056,1648106100.0
0.923198,40.0,44.0,ARUC,20.798,1648107000.0
1.30621,40.0,44.0,ARUC,20.379,1648107300.0
0.753984,40.0,44.0,ARUC,20.9477,1648107600.0
0.758356,40.0,44.0,ARUC,20.3367,1648107900.0
0.754635,40.0,44.0,ARUC,20.573,1648108200.0
0.756391,40.0,44.0,ARUC,20.2448,1648108500.0
0.941603,40.0,44.0,ARUC,19.5451,1648108800.0
1.30476,40.0,44.0,ARUC,24.1994,1648110900.0
1.30353,40.0,44.0,ARUC,24.3827,1648112400.0
1.32292,40.0,44.0,ARUC,21.1455,1648114200.0
1.3103,40.0,44.0,ARUC,21.4444,1648114500.0
1.31042,40.0,44.0,ARUC,21.8171,1648114800.0
1.3097,40.0,44.0,ARUC,22.1055,1648115100.0
1.31054,40.0,44.0,ARUC,22.3142,1648115400.0
0.658637,40.0,44.0,ARUC,23.8099,1648115700.0
0.533612,40.0,44.0,ARUC,23.983,1648116000.0
0.928184,40.0,44.0,ARUC,22.9082,1648116300.0
1.30744,40.0,44.0,ARUC,22.3733,1648116600.0
1.30499,40.0,44.0,ARUC,22.331,1648116900.0
1.30466,40.0,44.0,ARUC,22.3507,1648117200.0
1.31994,40.0,44.0,ARUC,21.3932,1648117500.0
1.3023,40.0,44.0,ARUC,19.65,1648120800.0
1.30243,40.0,44.0,ARUC,19.6434,1648121100.0
1.30231,40.0,44.0,ARUC,19.7069,1648121400.0
1.30221,40.0,44.0,ARUC,19.7621,1648121700.0
0.92073,40.0,44.0,ARUC,22.0974,1648122000.0
0.755777,40.0,44.0,ARUC,22.7209,1648122300.0
1.30185,40.0,44.0,ARUC,24.1466,1648122600.0
0.362348,40.0,44.0,ARUC,20.9704,1648122900.0
0.493479,40.0,44.0,ARUC,20.6366,1648123200.0
0.92054,40.0,44.0,ARUC,21.3732,1648123500.0
0.920849,40.0,44.0,ARUC,21.354,1648123800.0
1.30427,40.0,44.0,ARUC,21.1824,1648124100.0
0.922049,40.0,44.0,ARUC,22.8154,1648124400.0
1.30285,40.0,44.0,ARUC,20.8159,1648124700.0
1.30313,40.0,44.0,ARUC,20.6378,1648125000.0
1.30423,40.0,44.0,ARUC,20.6255,1648125300.0
1.30322,40.0,44.0,ARUC,23.422,1648126200.0
1.30172,40.0,44.0,ARUC,23.4563,1648127400.0
1.30146,40.0,44.0,ARUC,23.5214,1648127700.0
1.3017,40.0,44.0,ARUC,23.5858,1648128000.0
1.30448,40.0,44.0,ARUC,23.6707,1648130700.0
0.922674,40.0,44.0,ARUC,20.9513,1648131000.0
0.92314,40.0,44.0,ARUC,20.9169,1648131300.0
0.587639,40.0,44.0,ARUC,20.542,1648131600.0
0.463713,40.0,44.0,ARUC,19.776,1648131900.0
0.441037,40.0,44.0,ARUC,18.9837,1648132200.0
0.338361,40.0,44.0,ARUC,20.6824,1648132500.0
0.463998,40.0,44.0,ARUC,20.5344,1648132800.0
0.933208,40.0,44.0,ARUC,19.6799,1648133100.0
0.925916,40.0,44.0,ARUC,19.4471,1648133400.0
0.932927,40.0,44.0,ARUC,19.2148,1648133700.0
1.30929,40.0,44.0,ARUC,19.568,1648134000.0
1.30353,40.0,44.0,ARUC,21.7228,1648134300.0
1.31783,40.0,44.0,ARUC,17.4864,1648134900.0
1.31146,40.0,44.0,ARUC,17.2694,1648135200.0
0.924528,40.0,44.0,ARUC,19.0096,1648135500.0
0.75481,40.0,44.0,ARUC,17.5144,1648135800.0
0.544634,40.0,44.0,ARUC,16.4895,1648136100.0
0.341345,40.0,44.0,ARUC,16.5917,1648136400.0
0.675024,40.0,44.0,ARUC,16.2051,1648136700.0
1.30616,40.0,44.0,ARUC,16.1757,1648137000.0
1.3064,40.0,44.0,ARUC,16.1087,1648137300.0
1.30605,40.0,44.0,ARUC,15.8493,1648137600.0
1.32865,40.0,44.0,ARUC,15.7199,1648137900.0
1.30409,40.0,44.0,ARUC,9.042,1648139700.0
1.30478,40.0,44.0,ARUC,8.73446,1648140000.0
0.757181,40.0,44.0,ARUC,9.21469,1648140300.0
0.753315,40.0,44.0,ARUC,8.98881,1648140600.0
0.753412,40.0,44.0,ARUC,8.68831,1648140900.0
0.753527,40.0,44.0,ARUC,8.42641,1648141200.0
0.753364,40.0,44.0,ARUC,8.19421,1648141500.0
0.922101,40.0,44.0,ARUC,7.76408,1648141800.0
1.30205,40.0,44.0,ARUC,6.78868,1648142100.0
1.30212,40.0,44.0,ARUC,6.5408,1648142400.0
1.30221,40.0,44.0,ARUC,6.33444,1648142700.0
1.30574,40.0,44.0,ARUC,6.30232,1648143000.0
0.674089,40.0,44.0,ARUC,5.56491,1648143300.0
0.593703,40.0,44.0,ARUC,6.79928,1648143600.0
0.92645,40.0,44.0,ARUC,5.49657,1648144800.0
1.31009,40.0,44.0,ARUC,5.68389,1648145100.0
1.31106,40.0,44.0,ARUC,5.43695,1648145400.0
0.925129,40.0,44.0,ARUC,5.33354,1648145700.0
0.922061,40.0,44.0,ARUC,5.21148,1648146000.0
0.922078,40.0,44.0,ARUC,5.33275,1648146300.0
0.92264,40.0,44.0,ARUC,5.47725,1648146600.0
1.30624,40.0,44.0,ARUC,6.24102,1648146900.0
1.30621,40.0,44.0,ARUC,6.42872,1648147200.0
1.30574,40.0,44.0,ARUC,6.65466,1648147500.0
1.30313,40.0,44.0,ARUC,5.02069,1648148700.0
1.31648,40.0,44.0,ARUC,5.29791,1648149000.0
1.31822,40.0,44.0,ARUC,5.44654,1648149300.0
0.933216,40.0,44.0,ARUC,5.46101,1648149600.0
0.928041,40.0,44.0,ARUC,5.65193,1648149900.0
0.654656,40.0,44.0,ARUC,6.95442,1648150200.0
0.654215,40.0,44.0,ARUC,7.1405,1648150500.0
0.753681,40.0,44.0,ARUC,7.50119,1648150800.0
0.652638,40.0,44.0,ARUC,7.02176,1648151100.0
0.754099,40.0,44.0,ARUC,6.50338,1648151400.0
1.30491,40.0,44.0,ARUC,7.68471,1648151700.0
0.693466,40.0,44.0,ARUC,6.12257,1648152600.0
0.517701,40.0,44.0,ARUC,6.04963,1648152900.0
1.30481,40.0,44.0,ARUC,5.84392,1648153200.0
0.921885,40.0,44.0,ARUC,8.41281,1648154400.0
0.92186,40.0,44.0,ARUC,8.50644,1648154700.0
1.30346,40.0,44.0,ARUC,6.23828,1648155000.0
1.30344,40.0,44.0,ARUC,6.08328,1648155300.0
0.928636,40.0,44.0,ARUC,8.12049,1648155600.0
1.30312,40.0,44.0,ARUC,10.4138,1648155900.0
1.30316,40.0,44.0,ARUC,10.7347,1648156200.0
1.30329,40.0,44.0,ARUC,10.9809,1648156500.0
1.30472,40.0,44.0,ARUC,4.74465,1648158300.0
1.30364,40.0,44.0,ARUC,4.67708,1648158600.0
1.31066,40.0,44.0,ARUC,6.22702,1648159200.0
1.30826,40.0,44.0,ARUC,6.47137,1648159500.0
1.30899,40.0,44.0,ARUC,6.66841,1648159800.0
1.30984,40.0,44.0,ARUC,6.89572,1648160100.0
0.661238,40.0,44.0,ARUC,7.28826,1648160400.0
0.44027,40.0,44.0,ARUC,7.6172,1648160700.0
0.417852,40.0,44.0,ARUC,7.29433,1648161000.0
0.441952,40.0,44.0,ARUC,7.3041,1648161300.0
0.672386,40.0,44.0,ARUC,7.15119,1648161600.0
1.35433,40.0,44.0,ARUC,6.49643,1648162200.0
0.924515,40.0,44.0,ARUC,7.80706,1648162500.0
0.925413,40.0,44.0,ARUC,7.88668,1648162800.0
1.30266,40.0,44.0,ARUC,8.58948,1648163100.0
1.30274,40.0,44.0,ARUC,8.59616,1648163400.0
1.30323,40.0,44.0,ARUC,8.5495,1648163700.0
1.3129,40.0,44.0,ARUC,6.68597,1648164900.0
0.925784,40.0,44.0,ARUC,5.71458,1648165200.0
0.927665,40.0,44.0,ARUC,5.83063,1648165500.0
1.30269,40.0,44.0,ARUC,5.03306,1648165800.0
1.3027,40.0,44.0,ARUC,5.31971,1648166100.0
0.436297,32.0,35.0,BSHM,6.26946,1648080000.0
0.58626,32.0,35.0,BSHM,6.57824,1648080300.0
0.65209,32.0,35.0,BSHM,7.09206,1648080600.0
0.75189,32.0,35.0,BSHM,7.35628,1648080900.0
0.920914,32.0,35.0,BSHM,7.55863,1648081200.0
1.3022,32.0,35.0,BSHM,7.71234,1648081500.0
0.926173,32.0,35.0,BSHM,7.18979,1648081800.0
0.923769,32.0,35.0,BSHM,6.252,1648082100.0
0.761992,32.0,35.0,BSHM,6.20805,1648082400.0
0.664365,32.0,35.0,BSHM,6.33301,1648082700.0
0.65507,32.0,35.0,BSHM,6.4804,1648083000.0
0.546263,32.0,35.0,BSHM,6.15127,1648083300.0
0.535579,32.0,35.0,BSHM,6.19774,1648083600.0
0.588671,32.0,35.0,BSHM,6.51596,1648083900.0
0.663388,32.0,35.0,BSHM,6.63201,1648084200.0
0.937971,32.0,35.0,BSHM,6.71253,1648084500.0
1.32092,32.0,35.0,BSHM,6.41116,1648084800.0
0.932019,32.0,35.0,BSHM,4.07222,1648085100.0
1.30317,32.0,35.0,BSHM,5.61343,1648086900.0
0.932953,32.0,35.0,BSHM,5.70363,1648087200.0
0.763099,32.0,35.0,BSHM,5.76295,1648087500.0
0.659063,32.0,35.0,BSHM,5.84387,1648087800.0
0.65576,32.0,35.0,BSHM,5.91524,1648088100.0
0.536403,32.0,35.0,BSHM,5.94632,1648088400.0
0.46455,32.0,35.0,BSHM,6.08997,1648088700.0
0.496409,32.0,35.0,BSHM,6.09466,1648089000.0
0.585093,32.0,35.0,BSHM,5.85823,1648089300.0
0.587854,32.0,35.0,BSHM,5.65086,1648089600.0
0.596927,32.0,35.0,BSHM,5.64086,1648089900.0
0.661848,32.0,35.0,BSHM,5.64539,1648090200.0
0.665814,32.0,35.0,BSHM,5.6977,1648090500.0
0.676233,32.0,35.0,BSHM,5.71916,1648090800.0
0.7921,32.0,35.0,BSHM,5.62414,1648091100.0
0.796741,32.0,35.0,BSHM,5.55839,1648091400.0
0.746866,32.0,35.0,BSHM,5.61872,1648091700.0
0.621352,32.0,35.0,BSHM,5.79724,1648092000.0
0.606235,32.0,35.0,BSHM,6.07856,1648092300.0
0.662543,32.0,35.0,BSHM,6.29777,1648092600.0
0.588414,32.0,35.0,BSHM,6.82355,1648092900.0
0.497297,32.0,35.0,BSHM,7.33125,1648093200.0
0.462873,32.0,35.0,BSHM,8.02333,1648093500.0
0.494519,32.0,35.0,BSHM,8.6824,1648093800.0
0.440026,32.0,35.0,BSHM,9.15339,1648094100.0
0.41372,32.0,35.0,BSHM,9.6415,1648094400.0
0.394492,32.0,35.0,BSHM,10.1883,1648094700.0
0.416081,32.0,35.0,BSHM,10.7051,1648095000.0
0.37072,32.0,35.0,BSHM,11.2069,1648095300.0
0.39799,32.0,35.0,BSHM,11.5573,1648095600.0
0.391044,32.0,35.0,BSHM,12.155,1648095900.0
0.430163,32.0,35.0,BSHM,12.3624,1648096200.0
0.497088,32.0,35.0,BSHM,13.1489,1648096500.0
0.537517,32.0,35.0,BSHM,13.5506,1648096800.0
0.465559,32.0,35.0,BSHM,13.7658,1648097100.0
0.532787,32.0,35.0,BSHM,14.0331,1648097400.0
0.494136,32.0,35.0,BSHM,14.0222,1648097700.0
0.462032,32.0,35.0,BSHM,14.0574,1648098000.0
0.435018,32.0,35.0,BSHM,14.3221,1648098300.0
0.461221,32.0,35.0,BSHM,14.3457,1648098600.0
0.434822,32.0,35.0,BSHM,14.2779,1648098900.0
0.493259,32.0,35.0,BSHM,14.2734,1648099200.0
0.46161,32.0,35.0,BSHM,14.2088,1648099500.0
0.492874,32.0,35.0,BSHM,13.9855,1648099800.0
0.590801,32.0,35.0,BSHM,13.6269,1648100100.0
0.531896,32.0,35.0,BSHM,13.4194,1648100400.0
0.583427,32.0,35.0,BSHM,13.3767,1648100700.0
0.582609,32.0,35.0,BSHM,13.333,1648101000.0
0.582626,32.0,35.0,BSHM,13.2348,1648101300.0
0.493529,32.0,35.0,BSHM,13.3378,1648101600.0
0.492914,32.0,35.0,BSHM,13.2895,1648101900.0
0.493069,32.0,35.0,BSHM,13.3009,1648102200.0
0.435728,32.0,35.0,BSHM,13.4307,1648102500.0
0.492952,32.0,35.0,BSHM,13.4719,1648102800.0
0.537903,32.0,35.0,BSHM,13.4417,1648103100.0
0.582152,32.0,35.0,BSHM,13.626,1648103400.0
0.58221,32.0,35.0,BSHM,13.8405,1648103700.0
0.751711,32.0,35.0,BSHM,14.052,1648104000.0
1.30212,32.0,35.0,BSHM,14.3159,1648104300.0
1.30404,32.0,35.0,BSHM,14.56,1648104600.0
1.75354,32.0,35.0,BSHM,17.5268,1648105800.0
1.41434,32.0,35.0,BSHM,17.7909,1648106100.0
0.967243,32.0,35.0,BSHM,18.2118,1648106400.0
0.962613,32.0,35.0,BSHM,18.5705,1648106700.0
0.771764,32.0,35.0,BSHM,18.9697,1648107000.0
0.953997,32.0,35.0,BSHM,19.3251,1648107300.0
0.957097,32.0,35.0,BSHM,19.8025,1648107600.0
1.40441,32.0,35.0,BSHM,20.1615,1648107900.0
1.31334,32.0,35.0,BSHM,18.7704,1648110000.0
1.3052,32.0,35.0,BSHM,18.8949,1648110300.0
0.923033,32.0,35.0,BSHM,20.9775,1648110600.0
1.30376,32.0,35.0,BSHM,22.4362,1648110900.0
1.31009,32.0,35.0,BSHM,22.3393,1648111200.0
1.32017,32.0,35.0,BSHM,22.3418,1648111500.0
1.30807,32.0,35.0,BSHM,21.8151,1648112100.0
1.98961,32.0,35.0,BSHM,24.2049,1648114200.0
1.0198,32.0,35.0,BSHM,24.5255,1648114500.0
0.752478,32.0,35.0,BSHM,25.0725,1648114800.0
0.833702,32.0,35.0,BSHM,25.6409,1648115100.0
0.72096,32.0,35.0,BSHM,26.0355,1648115400.0
0.604353,32.0,35.0,BSHM,26.4373,1648115700.0
0.562135,32.0,35.0,BSHM,26.8425,1648116000.0
0.51719,32.0,35.0,BSHM,27.4411,1648116300.0
0.541623,32.0,35.0,BSHM,27.7388,1648116600.0
0.639585,32.0,35.0,BSHM,28.0953,1648116900.0
0.620532,32.0,35.0,BSHM,28.6715,1648117200.0
0.685145,32.0,35.0,BSHM,29.2697,1648117500.0
0.698375,32.0,35.0,BSHM,29.2859,1648117800.0
0.923214,32.0,35.0,BSHM,29.1661,1648118100.0
1.44821,32.0,35.0,BSHM,31.0023,1648118400.0
1.33903,32.0,35.0,BSHM,30.4515,1648118700.0
0.97027,32.0,35.0,BSHM,30.6921,1648119000.0
0.797005,32.0,35.0,BSHM,30.5931,1648119300.0
0.700741,32.0,35.0,BSHM,30.736,1648119600.0
0.598577,32.0,35.0,BSHM,30.6328,1648119900.0
0.598542,32.0,35.0,BSHM,30.7731,1648120200.0
0.50829,32.0,35.0,BSHM,30.7831,1648120500.0
0.509514,32.0,35.0,BSHM,30.6826,1648120800.0
0.492537,32.0,35.0,BSHM,30.6916,1648121100.0
0.525622,32.0,35.0,BSHM,30.6527,1648121400.0
0.525952,32.0,35.0,BSHM,30.6098,1648121700.0
0.490037,32.0,35.0,BSHM,30.7091,1648122000.0
0.500006,32.0,35.0,BSHM,30.5996,1648122300.0
0.614965,32.0,35.0,BSHM,30.5206,1648122600.0
0.586938,32.0,35.0,BSHM,30.7416,1648122900.0
0.59225,32.0,35.0,BSHM,30.321,1648123200.0
0.516476,32.0,35.0,BSHM,29.8567,1648123500.0
0.570707,32.0,35.0,BSHM,29.7249,1648123800.0
0.527254,32.0,35.0,BSHM,29.7392,1648124100.0
0.603611,32.0,35.0,BSHM,29.2692,1648124400.0
0.564202,32.0,35.0,BSHM,28.716,1648124700.0
0.603565,32.0,35.0,BSHM,28.4308,1648125000.0
0.557043,32.0,35.0,BSHM,28.1674,1648125300.0
0.602907,32.0,35.0,BSHM,27.5849,1648125600.0
0.671947,32.0,35.0,BSHM,27.2681,1648125900.0
0.669068,32.0,35.0,BSHM,27.1275,1648126200.0
0.555316,32.0,35.0,BSHM,27.2837,1648126500.0
0.596157,32.0,35.0,BSHM,27.4297,1648126800.0
0.465613,32.0,35.0,BSHM,27.2981,1648127100.0
0.542956,32.0,35.0,BSHM,27.3857,1648127400.0
0.552033,32.0,35.0,BSHM,27.4125,1648127700.0
0.545181,32.0,35.0,BSHM,27.5738,1648128000.0
0.664857,32.0,35.0,BSHM,27.6211,1648128300.0
0.666497,32.0,35.0,BSHM,27.773,1648128600.0
0.771841,32.0,35.0,BSHM,28.0134,1648128900.0
0.703317,32.0,35.0,BSHM,27.0838,1648129200.0
0.60507,32.0,35.0,BSHM,26.5377,1648129500.0
0.673868,32.0,35.0,BSHM,25.3857,1648129800.0
0.609407,32.0,35.0,BSHM,24.8252,1648130100.0
0.549593,32.0,35.0,BSHM,24.5617,1648130400.0
0.547647,32.0,35.0,BSHM,24.3733,1648130700.0
0.557216,32.0,35.0,BSHM,28.3017,1648131000.0
0.672679,32.0,35.0,BSHM,24.0796,1648131300.0
0.609441,32.0,35.0,BSHM,23.3363,1648131600.0
0.763839,32.0,35.0,BSHM,23.1773,1648131900.0
0.773055,32.0,35.0,BSHM,23.2888,1648132200.0
1.57485,32.0,35.0,BSHM,24.7586,1648132500.0
1.18636,32.0,35.0,BSHM,23.6334,1648134900.0
0.993715,32.0,35.0,BSHM,23.4401,1648135200.0
0.815786,32.0,35.0,BSHM,23.0535,1648135500.0
0.827279,32.0,35.0,BSHM,22.7376,1648135800.0
0.719089,32.0,35.0,BSHM,22.1385,1648136100.0
0.633642,32.0,35.0,BSHM,21.7159,1648136400.0
0.621712,32.0,35.0,BSHM,21.3191,1648136700.0
0.57533,32.0,35.0,BSHM,20.6676,1648137000.0
0.559898,32.0,35.0,BSHM,20.0742,1648137300.0
0.532131,32.0,35.0,BSHM,19.7411,1648137600.0
0.506954,32.0,35.0,BSHM,19.4802,1648137900.0
0.623409,32.0,35.0,BSHM,19.0084,1648138200.0
0.653424,32.0,35.0,BSHM,18.5624,1648138500.0
0.691419,32.0,35.0,BSHM,18.0214,1648138800.0
0.691656,32.0,35.0,BSHM,17.016,1648139100.0
0.574534,32.0,35.0,BSHM,15.9469,1648139400.0
0.580638,32.0,35.0,BSHM,15.0484,1648139700.0
0.573905,32.0,35.0,BSHM,14.2028,1648140000.0
0.596358,32.0,35.0,BSHM,13.5679,1648140300.0
0.58136,32.0,35.0,BSHM,12.8741,1648140600.0
0.64826,32.0,35.0,BSHM,12.2668,1648140900.0
0.650049,32.0,35.0,BSHM,11.4912,1648141200.0
0.574314,32.0,35.0,BSHM,11.1221,1648141500.0
0.527089,32.0,35.0,BSHM,10.5057,1648141800.0
0.573929,32.0,35.0,BSHM,10.0064,1648142100.0
0.572109,32.0,35.0,BSHM,9.26909,1648142400.0
0.624688,32.0,35.0,BSHM,8.82634,1648142700.0
0.610553,32.0,35.0,BSHM,8.40394,1648143000.0
0.573551,32.0,35.0,BSHM,7.86808,1648143300.0
0.517779,32.0,35.0,BSHM,7.5644,1648143600.0
0.547714,32.0,35.0,BSHM,7.30966,1648143900.0
0.532374,32.0,35.0,BSHM,6.84777,1648144200.0
0.589309,32.0,35.0,BSHM,6.70992,1648144500.0
0.544795,32.0,35.0,BSHM,6.50853,1648144800.0
0.465382,32.0,35.0,BSHM,6.31929,1648145100.0
0.455928,32.0,35.0,BSHM,6.1159,1648145400.0
0.522159,32.0,35.0,BSHM,5.87437,1648145700.0
0.486847,32.0,35.0,BSHM,5.49665,1648146000.0
0.438583,32.0,35.0,BSHM,5.53821,1648146300.0
0.465819,32.0,35.0,BSHM,5.40593,1648146600.0
0.553044,32.0,35.0,BSHM,4.82169,1648146900.0
0.526099,32.0,35.0,BSHM,5.11731,1648147200.0
0.52432,32.0,35.0,BSHM,5.40672,1648147500.0
0.583554,32.0,35.0,BSHM,6.0786,1648147800.0
0.611452,32.0,35.0,BSHM,6.29734,1648148100.0
0.573846,32.0,35.0,BSHM,6.03773,1648148400.0
0.557062,32.0,35.0,BSHM,6.18669,1648148700.0
0.549043,32.0,35.0,BSHM,6.26027,1648149000.0
0.491212,32.0,35.0,BSHM,6.07849,1648149300.0
0.475036,32.0,35.0,BSHM,6.12818,1648149600.0
0.487254,32.0,35.0,BSHM,5.85117,1648149900.0
0.47704,32.0,35.0,BSHM,5.83412,1648150200.0
0.462375,32.0,35.0,BSHM,5.813,1648150500.0
0.476754,32.0,35.0,BSHM,5.72374,1648150800.0
0.455022,32.0,35.0,BSHM,5.73921,1648151100.0
0.464789,32.0,35.0,BSHM,5.54762,1648151400.0
0.437346,32.0,35.0,BSHM,5.61344,1648151700.0
0.509385,32.0,35.0,BSHM,5.76108,1648152000.0
0.54565,32.0,35.0,BSHM,5.94794,1648152300.0
0.576791,32.0,35.0,BSHM,5.55734,1648152600.0
0.614231,32.0,35.0,BSHM,5.75803,1648152900.0
0.68153,32.0,35.0,BSHM,5.44739,1648153200.0
0.782168,32.0,35.0,BSHM,5.82636,1648153500.0
0.955637,32.0,35.0,BSHM,5.97309,1648153800.0
1.36447,32.0,35.0,BSHM,6.56852,1648154100.0
1.32662,32.0,35.0,BSHM,6.14826,1648154400.0
1.32892,32.0,35.0,BSHM,5.60171,1648154700.0
1.10062,32.0,35.0,BSHM,5.40189,1648155000.0
1.37954,32.0,35.0,BSHM,5.29188,1648155300.0
0.947237,32.0,35.0,BSHM,5.2968,1648155600.0
0.788976,32.0,35.0,BSHM,5.27113,1648155900.0
0.948613,32.0,35.0,BSHM,5.36018,1648156200.0
0.700743,32.0,35.0,BSHM,5.61205,1648156500.0
0.654418,32.0,35.0,BSHM,5.75582,1648156800.0
0.754673,32.0,35.0,BSHM,5.89575,1648157100.0
0.534937,32.0,35.0,BSHM,6.03967,1648157400.0
0.496091,32.0,35.0,BSHM,6.17157,1648157700.0
0.534141,32.0,35.0,BSHM,6.29454,1648158000.0
0.465619,32.0,35.0,BSHM,6.33943,1648158300.0
0.416329,32.0,35.0,BSHM,6.11565,1648158600.0
0.46452,32.0,35.0,BSHM,6.21259,1648158900.0
0.464804,32.0,35.0,BSHM,6.25108,1648159200.0
0.588543,32.0,35.0,BSHM,6.0237,1648159500.0
0.760632,32.0,35.0,BSHM,6.17561,1648159800.0
0.783498,32.0,35.0,BSHM,6.11691,1648160100.0
1.30708,32.0,35.0,BSHM,6.76424,1648160400.0
0.943499,32.0,35.0,BSHM,6.90883,1648160700.0
0.763644,32.0,35.0,BSHM,7.02168,1648161000.0
0.756769,32.0,35.0,BSHM,7.14668,1648161300.0
0.757353,32.0,35.0,BSHM,7.27045,1648161600.0
0.756683,32.0,35.0,BSHM,7.39718,1648161900.0
0.756106,32.0,35.0,BSHM,7.53241,1648162200.0
0.766264,32.0,35.0,BSHM,7.61804,1648162500.0
0.930349,32.0,35.0,BSHM,7.73919,1648162800.0
1.30534,32.0,35.0,BSHM,7.80364,1648163100.0
1.31037,32.0,35.0,BSHM,6.1669,1648163400.0
0.934842,32.0,35.0,BSHM,6.34379,1648163700.0
0.752805,32.0,35.0,BSHM,6.08163,1648164000.0
0.753028,32.0,35.0,BSHM,6.35769,1648164300.0
0.532273,32.0,35.0,BSHM,6.39056,1648164600.0
0.492875,32.0,35.0,BSHM,6.36153,1648164900.0
0.532633,32.0,35.0,BSHM,6.16205,1648165200.0
0.492751,32.0,35.0,BSHM,6.15879,1648165500.0
0.461234,32.0,35.0,BSHM,6.24408,1648165800.0
0.493103,32.0,35.0,BSHM,6.40094,1648166100.0
1.31911,35.0,33.0,NICO,4.42626,1648081800.0
1.30696,35.0,33.0,NICO,4.38289,1648082100.0
1.3013,35.0,33.0,NICO,5.26902,1648082400.0
1.30197,35.0,33.0,NICO,5.44475,1648085100.0
0.920901,35.0,33.0,NICO,5.5062,1648085400.0
1.30207,35.0,33.0,NICO,5.58573,1648085700.0
1.30868,35.0,33.0,NICO,7.68026,1648087500.0
1.3158,35.0,33.0,NICO,7.58534,1648087800.0
1.30279,35.0,33.0,NICO,3.44123,1648089300.0
0.754806,35.0,33.0,NICO,3.45231,1648089600.0
0.440269,35.0,33.0,NICO,3.52459,1648089900.0
0.4417,35.0,33.0,NICO,3.46348,1648090200.0
0.53451,35.0,33.0,NICO,3.26287,1648090500.0
0.751953,35.0,33.0,NICO,3.12006,1648090800.0
0.922211,35.0,33.0,NICO,3.08469,1648091100.0
1.30652,35.0,33.0,NICO,8.18161,1648092000.0
1.4002,35.0,33.0,NICO,9.68217,1648095300.0
0.595623,35.0,33.0,NICO,9.91688,1648095600.0
0.544053,35.0,33.0,NICO,10.5458,1648095900.0
0.470785,35.0,33.0,NICO,10.9254,1648096200.0
0.504635,35.0,33.0,NICO,11.2517,1648096500.0
0.622717,35.0,33.0,NICO,11.4574,1648096800.0
1.30309,35.0,33.0,NICO,11.6181,1648097100.0
0.76309,35.0,33.0,NICO,10.6342,1648100100.0
0.76219,35.0,33.0,NICO,10.6922,1648100400.0
0.663699,35.0,33.0,NICO,10.761,1648100700.0
0.769755,35.0,33.0,NICO,10.904,1648101000.0
1.36797,35.0,33.0,NICO,11.0967,1648101300.0
1.87706,35.0,33.0,NICO,11.1767,1648101600.0
1.30484,35.0,33.0,NICO,14.3703,1648103400.0
1.30545,35.0,33.0,NICO,14.1763,1648103700.0
1.30471,35.0,33.0,NICO,13.8148,1648104000.0
1.30177,35.0,33.0,NICO,17.0596,1648106100.0
1.30133,35.0,33.0,NICO,17.2557,1648106400.0
1.30364,35.0,33.0,NICO,17.4481,1648106700.0
1.30656,35.0,33.0,NICO,13.3724,1648107000.0
1.32654,35.0,33.0,NICO,13.5152,1648107300.0
0.802053,35.0,33.0,NICO,17.0629,1648110600.0
0.99509,35.0,33.0,NICO,17.6664,1648110900.0
0.824042,35.0,33.0,NICO,18.4069,1648111200.0
0.598464,35.0,33.0,NICO,19.1783,1648111500.0
0.519827,35.0,33.0,NICO,19.7891,1648111800.0
0.454267,35.0,33.0,NICO,20.4061,1648112100.0
0.546018,35.0,33.0,NICO,20.592,1648112400.0
0.626641,35.0,33.0,NICO,21.4055,1648112700.0
0.823455,35.0,33.0,NICO,22.2726,1648113000.0
1.40362,35.0,33.0,NICO,23.7869,1648113300.0
1.30428,35.0,33.0,NICO,26.666,1648114800.0
1.31193,35.0,33.0,NICO,23.1426,1648116300.0
1.30502,35.0,33.0,NICO,23.354,1648116600.0
1.01804,35.0,33.0,NICO,25.5385,1648117500.0
0.559405,35.0,33.0,NICO,25.44,1648117800.0
0.478561,35.0,33.0,NICO,25.7942,1648118100.0
0.507205,35.0,33.0,NICO,26.5353,1648118400.0
0.602121,35.0,33.0,NICO,26.7225,1648118700.0
0.794001,35.0,33.0,NICO,26.8391,1648119000.0
1.30132,35.0,33.0,NICO,29.2565,1648119600.0
1.30128,35.0,33.0,NICO,28.8417,1648119900.0
1.42887,35.0,33.0,NICO,27.7358,1648120500.0
0.756648,35.0,33.0,NICO,27.7776,1648120800.0
0.662778,35.0,33.0,NICO,27.7605,1648121100.0
0.762299,35.0,33.0,NICO,27.7335,1648121400.0
0.759833,35.0,33.0,NICO,27.6128,1648121700.0
0.775132,35.0,33.0,NICO,27.4774,1648122000.0
1.30276,35.0,33.0,NICO,27.0284,1648122900.0
1.30232,35.0,33.0,NICO,26.7169,1648123200.0
0.922404,35.0,33.0,NICO,26.6843,1648123500.0
1.30311,35.0,33.0,NICO,26.7548,1648123800.0
1.3061,35.0,33.0,NICO,26.5825,1648124100.0
0.726151,35.0,33.0,NICO,23.9567,1648124400.0
0.530226,35.0,33.0,NICO,23.7715,1648124700.0
0.524911,35.0,33.0,NICO,23.8582,1648125000.0
0.48441,35.0,33.0,NICO,23.9934,1648125300.0
0.608561,35.0,33.0,NICO,24.0462,1648125600.0
0.963909,35.0,33.0,NICO,25.451,1648125900.0
1.30204,35.0,33.0,NICO,22.4359,1648126500.0
1.30275,35.0,33.0,NICO,22.3256,1648126800.0
1.30157,35.0,33.0,NICO,23.9104,1648130100.0
1.30193,35.0,33.0,NICO,23.9588,1648130400.0
1.33529,35.0,33.0,NICO,23.6863,1648132800.0
1.3211,35.0,33.0,NICO,23.6402,1648133100.0
0.960089,35.0,33.0,NICO,23.316,1648133400.0
0.59753,35.0,33.0,NICO,21.3167,1648133700.0
0.605312,35.0,33.0,NICO,22.993,1648134000.0
0.68465,35.0,33.0,NICO,22.7722,1648134300.0
0.789142,35.0,33.0,NICO,22.6221,1648134600.0
0.682469,35.0,33.0,NICO,21.5945,1648134900.0
0.787473,35.0,33.0,NICO,21.3314,1648135200.0
1.30143,35.0,33.0,NICO,17.5032,1648139100.0
0.921808,35.0,33.0,NICO,15.2351,1648139400.0
0.655696,35.0,33.0,NICO,14.1419,1648139700.0
0.53449,35.0,33.0,NICO,13.0435,1648140000.0
0.494026,35.0,33.0,NICO,12.3381,1648140300.0
0.534057,35.0,33.0,NICO,11.2468,1648140600.0
0.585291,35.0,33.0,NICO,10.7517,1648140900.0
0.757837,35.0,33.0,NICO,9.95005,1648141200.0
0.922372,35.0,33.0,NICO,8.05586,1648141800.0
0.920548,35.0,33.0,NICO,7.67734,1648142100.0
0.752707,35.0,33.0,NICO,7.29538,1648142400.0
0.753452,35.0,33.0,NICO,7.997,1648142700.0
0.752221,35.0,33.0,NICO,7.82563,1648143000.0
0.923854,35.0,33.0,NICO,8.09331,1648143300.0
1.30249,35.0,33.0,NICO,9.65604,1648143600.0
1.3036,35.0,33.0,NICO,9.34835,1648143900.0
1.12711,35.0,33.0,NICO,8.14435,1648145100.0
0.954252,35.0,33.0,NICO,5.25936,1648145400.0
0.662512,35.0,33.0,NICO,5.04553,1648145700.0
0.504546,35.0,33.0,NICO,4.91717,1648146000.0
0.551991,35.0,33.0,NICO,4.78469,1648146300.0
0.753427,35.0,33.0,NICO,4.82382,1648146600.0
1.31695,35.0,33.0,NICO,4.80086,1648146900.0
1.37435,35.0,33.0,NICO,5.01361,1648147500.0
1.3013,35.0,33.0,NICO,6.85551,1648148100.0
1.3013,35.0,33.0,NICO,7.10018,1648148400.0
1.33792,35.0,33.0,NICO,4.93632,1648150500.0
0.756102,35.0,33.0,NICO,5.02809,1648150800.0
0.657131,35.0,33.0,NICO,5.04606,1648151100.0
0.585876,35.0,33.0,NICO,4.98355,1648151400.0
0.754494,35.0,33.0,NICO,4.99632,1648151700.0
0.758333,35.0,33.0,NICO,5.08333,1648152000.0
0.948303,35.0,33.0,NICO,5.53806,1648152600.0
0.464794,35.0,33.0,NICO,5.50324,1648152900.0
0.473263,35.0,33.0,NICO,5.30904,1648153200.0
0.666189,35.0,33.0,NICO,5.09734,1648153500.0
0.679782,35.0,33.0,NICO,4.87562,1648153800.0
0.779572,35.0,33.0,NICO,4.64114,1648154100.0
0.962634,35.0,33.0,NICO,6.05417,1648154400.0
1.30402,35.0,33.0,NICO,7.09027,1648154700.0
0.654426,35.0,33.0,NICO,5.48875,1648155000.0
0.652579,35.0,33.0,NICO,5.44542,1648155300.0
0.583942,35.0,33.0,NICO,4.92783,1648155600.0
0.584589,35.0,33.0,NICO,4.99001,1648155900.0
0.754333,35.0,33.0,NICO,5.03126,1648156200.0
1.30794,35.0,33.0,NICO,5.03934,1648156500.0
1.30215,35.0,33.0,NICO,6.36338,1648157700.0
1.30218,35.0,33.0,NICO,6.17341,1648158000.0
0.927663,35.0,33.0,NICO,5.6413,1648159800.0
0.924089,35.0,33.0,NICO,5.6303,1648160100.0
0.75424,35.0,33.0,NICO,5.66016,1648160400.0
0.755112,35.0,33.0,NICO,5.68317,1648160700.0
1.3053,35.0,33.0,NICO,5.59921,1648161000.0
1.42147,35.0,33.0,NICO,5.58658,1648161300.0
1.30318,35.0,33.0,NICO,6.89381,1648162500.0
1.30637,35.0,33.0,NICO,7.01297,1648162800.0
1.30231,35.0,33.0,NICO,5.70903,1648164900.0
1.30541,35.0,33.0,NICO,5.7212,1648165200.0
0.934238,40.0,44.0,ARUC,9.64166,1648166400.0
0.365202,40.0,44.0,ARUC,7.00269,1648166700.0
0.396331,40.0,44.0,ARUC,6.80082,1648167000.0
0.921363,40.0,44.0,ARUC,7.04968,1648167300.0
1.30384,40.0,44.0,ARUC,8.22687,1648167600.0
1.31116,40.0,44.0,ARUC,7.94917,1648168200.0
1.31299,40.0,44.0,ARUC,8.03365,1648168500.0
1.32181,40.0,44.0,ARUC,6.67945,1648171500.0
0.760787,40.0,44.0,ARUC,6.69953,1648171800.0
1.30157,40.0,44.0,ARUC,10.8734,1648172400.0
1.30153,40.0,44.0,ARUC,10.7274,1648172700.0
1.33117,40.0,44.0,ARUC,8.65875,1648173300.0
0.923861,40.0,44.0,ARUC,9.13733,1648173600.0
0.921475,40.0,44.0,ARUC,8.87609,1648173900.0
0.921484,40.0,44.0,ARUC,8.60834,1648174200.0
0.920631,40.0,44.0,ARUC,7.97498,1648174500.0
0.920638,40.0,44.0,ARUC,7.85792,1648174800.0
0.920704,40.0,44.0,ARUC,7.83662,1648175100.0
0.752,40.0,44.0,ARUC,7.80808,1648175400.0
0.751941,40.0,44.0,ARUC,7.49619,1648175700.0
0.921137,40.0,44.0,ARUC,7.15915,1648176000.0
0.921272,40.0,44.0,ARUC,7.24732,1648176300.0
1.30298,40.0,44.0,ARUC,7.53002,1648176600.0
0.589884,40.0,44.0,ARUC,6.78,1648176900.0
0.439223,40.0,44.0,ARUC,7.17839,1648177200.0
0.927076,40.0,44.0,ARUC,8.72143,1648177500.0
0.92298,40.0,44.0,ARUC,9.56178,1648177800.0
0.922167,40.0,44.0,ARUC,9.60562,1648178100.0
1.31783,40.0,44.0,ARUC,9.63212,1648178400.0
1.30358,40.0,44.0,ARUC,14.4466,1648179600.0
0.920947,40.0,44.0,ARUC,11.9003,1648179900.0
1.30145,40.0,44.0,ARUC,14.6887,1648180200.0
1.30148,40.0,44.0,ARUC,14.7856,1648180500.0
0.414402,40.0,44.0,ARUC,10.5238,1648181400.0
0.927662,40.0,44.0,ARUC,11.1594,1648181700.0
1.30139,40.0,44.0,ARUC,17.3621,1648182900.0
1.30133,40.0,44.0,ARUC,17.4589,1648183200.0
1.30137,40.0,44.0,ARUC,17.579,1648183500.0
1.30452,40.0,44.0,ARUC,13.2845,1648184100.0
0.922126,40.0,44.0,ARUC,15.6864,1648184400.0
1.30174,40.0,44.0,ARUC,18.0371,1648184700.0
0.585814,40.0,44.0,ARUC,13.0847,1648185600.0
0.651368,40.0,44.0,ARUC,15.4959,1648185900.0
1.30309,40.0,44.0,ARUC,18.292,1648188000.0
1.30198,40.0,44.0,ARUC,18.4491,1648188300.0
0.760455,40.0,44.0,ARUC,17.0324,1648188600.0
0.513078,40.0,44.0,ARUC,17.2907,1648188900.0
0.454683,40.0,44.0,ARUC,16.212,1648189200.0
0.669249,40.0,44.0,ARUC,18.8012,1648189500.0
0.977352,40.0,44.0,ARUC,18.352,1648189800.0
0.988357,40.0,44.0,ARUC,18.2802,1648190100.0
1.32058,40.0,44.0,ARUC,19.8486,1648190400.0
1.31905,40.0,44.0,ARUC,20.4618,1648190700.0
0.932461,40.0,44.0,ARUC,22.538,1648191000.0
0.937735,40.0,44.0,ARUC,22.9999,1648191300.0
1.32081,40.0,44.0,ARUC,22.2421,1648191600.0
1.31893,40.0,44.0,ARUC,22.7903,1648191900.0
1.34814,40.0,44.0,ARUC,23.1728,1648192200.0
1.30796,40.0,44.0,ARUC,25.5621,1648192800.0
0.927503,40.0,44.0,ARUC,25.6035,1648193100.0
0.929487,40.0,44.0,ARUC,25.8491,1648193400.0
0.753773,40.0,44.0,ARUC,25.9688,1648193700.0
0.654577,40.0,44.0,ARUC,25.5352,1648194000.0
0.754825,40.0,44.0,ARUC,25.3876,1648194300.0
0.754201,40.0,44.0,ARUC,25.4168,1648194600.0
0.926708,40.0,44.0,ARUC,24.8072,1648194900.0
1.30609,40.0,44.0,ARUC,27.891,1648197000.0
1.30355,40.0,44.0,ARUC,27.288,1648198500.0
1.30454,40.0,44.0,ARUC,27.227,1648198800.0
1.33213,40.0,44.0,ARUC,23.2794,1648200300.0
1.31201,40.0,44.0,ARUC,23.4028,1648200600.0
1.3111,40.0,44.0,ARUC,23.627,1648200900.0
1.31119,40.0,44.0,ARUC,23.8267,1648201200.0
1.31038,40.0,44.0,ARUC,23.9199,1648201500.0
0.754523,40.0,44.0,ARUC,24.306,1648201800.0
0.583727,40.0,44.0,ARUC,24.3622,1648202100.0
0.940094,40.0,44.0,ARUC,24.5631,1648202400.0
0.937987,40.0,44.0,ARUC,24.6647,1648202700.0
1.30839,40.0,44.0,ARUC,24.452,1648203000.0
1.30344,40.0,44.0,ARUC,21.6737,1648206900.0
1.30301,40.0,44.0,ARUC,21.6093,1648207200.0
1.30321,40.0,44.0,ARUC,21.6443,1648207500.0
0.923326,40.0,44.0,ARUC,23.783,1648207800.0
0.921833,40.0,44.0,ARUC,23.7535,1648208100.0
0.75655,40.0,44.0,ARUC,24.055,1648208400.0
1.31086,40.0,44.0,ARUC,25.4294,1648208700.0
0.377384,40.0,44.0,ARUC,21.6278,1648209000.0
0.413361,40.0,44.0,ARUC,21.6052,1648209300.0
0.920696,40.0,44.0,ARUC,23.5303,1648209600.0
0.920907,40.0,44.0,ARUC,23.1785,1648209900.0
0.926554,40.0,44.0,ARUC,22.9394,1648210200.0
1.30317,40.0,44.0,ARUC,21.7875,1648210500.0
0.922503,40.0,44.0,ARUC,23.1937,1648210800.0
1.30337,40.0,44.0,ARUC,21.1801,1648211100.0
1.30438,40.0,44.0,ARUC,20.987,1648211400.0
1.30367,40.0,44.0,ARUC,23.3135,1648212300.0
1.30132,40.0,44.0,ARUC,23.155,1648213800.0
1.30143,40.0,44.0,ARUC,23.0318,1648214100.0
1.30438,40.0,44.0,ARUC,22.2404,1648216800.0
0.658445,40.0,44.0,ARUC,19.1811,1648217100.0
0.493887,40.0,44.0,ARUC,18.5473,1648217400.0
0.398074,40.0,44.0,ARUC,17.7966,1648217700.0
0.396798,40.0,44.0,ARUC,18.0491,1648218000.0
0.497822,40.0,44.0,ARUC,18.1876,1648218300.0
0.395058,40.0,44.0,ARUC,18.6931,1648218600.0
0.378259,40.0,44.0,ARUC,19.4055,1648218900.0
1.30604,40.0,44.0,ARUC,20.0062,1648219200.0
1.3067,40.0,44.0,ARUC,19.6913,1648219500.0
1.30625,40.0,44.0,ARUC,19.4089,1648219800.0
1.30634,40.0,44.0,ARUC,19.089,1648220100.0
0.938485,40.0,44.0,ARUC,19.3088,1648220400.0
1.33402,40.0,44.0,ARUC,18.2809,1648221000.0
1.31912,40.0,44.0,ARUC,18.1844,1648221300.0
0.926445,40.0,44.0,ARUC,18.6359,1648221600.0
0.756075,40.0,44.0,ARUC,17.1378,1648221900.0
0.658986,40.0,44.0,ARUC,16.2679,1648222200.0
0.331995,40.0,44.0,ARUC,15.9062,1648222500.0
0.476385,40.0,44.0,ARUC,15.9522,1648222800.0
1.3063,40.0,44.0,ARUC,16.5211,1648223100.0
1.30652,40.0,44.0,ARUC,16.4981,1648223400.0
1.30678,40.0,44.0,ARUC,16.5301,1648223700.0
1.31308,40.0,44.0,ARUC,16.5409,1648224000.0
1.30644,40.0,44.0,ARUC,10.0569,1648225800.0
1.30436,40.0,44.0,ARUC,9.81307,1648226100.0
0.924135,40.0,44.0,ARUC,11.7756,1648226400.0
0.753624,40.0,44.0,ARUC,11.282,1648226700.0
0.753437,40.0,44.0,ARUC,11.1588,1648227000.0
0.753541,40.0,44.0,ARUC,11.0835,1648227300.0
0.753663,40.0,44.0,ARUC,11.0719,1648227600.0
0.756013,40.0,44.0,ARUC,11.0461,1648227900.0
1.30283,40.0,44.0,ARUC,11.1493,1648228200.0
1.30266,40.0,44.0,ARUC,10.7919,1648228500.0
1.30277,40.0,44.0,ARUC,10.4776,1648228800.0
1.30635,40.0,44.0,ARUC,10.3437,1648229100.0
0.783096,40.0,44.0,ARUC,8.89912,1648229400.0
0.59009,40.0,44.0,ARUC,9.13245,1648229700.0
1.40565,40.0,44.0,ARUC,8.94709,1648230000.0
1.33488,40.0,44.0,ARUC,10.0182,1648230600.0
0.923574,40.0,44.0,ARUC,8.26786,1648230900.0
1.30432,40.0,44.0,ARUC,9.42515,1648231200.0
1.30461,40.0,44.0,ARUC,9.09825,1648231500.0
0.924312,40.0,44.0,ARUC,8.75759,1648231800.0
0.752771,40.0,44.0,ARUC,9.59496,1648232100.0
0.922227,40.0,44.0,ARUC,8.6064,1648232400.0
0.922709,40.0,44.0,ARUC,8.62308,1648232700.0
1.30782,40.0,44.0,ARUC,9.33827,1648233000.0
1.30718,40.0,44.0,ARUC,9.5577,1648233300.0
1.30713,40.0,44.0,ARUC,9.76087,1648233600.0
1.31968,40.0,44.0,ARUC,9.87424,1648233900.0
1.30385,40.0,44.0,ARUC,6.18584,1648234800.0
1.31131,40.0,44.0,ARUC,7.32453,1648235100.0
1.30981,40.0,44.0,ARUC,7.43956,1648235400.0
1.31064,40.0,44.0,ARUC,7.54822,1648235700.0
1.30996,40.0,44.0,ARUC,7.68612,1648236000.0
0.925468,40.0,44.0,ARUC,7.85291,1648236300.0
0.924387,40.0,44.0,ARUC,7.79933,1648236600.0
0.944852,40.0,44.0,ARUC,7.78064,1648236900.0
1.3056,40.0,44.0,ARUC,7.94027,1648237200.0
0.923131,40.0,44.0,ARUC,7.93935,1648237500.0
0.92292,40.0,44.0,ARUC,8.1056,1648237800.0
0.754903,40.0,44.0,ARUC,7.4672,1648238100.0
0.924804,40.0,44.0,ARUC,7.14124,1648238400.0
0.545766,40.0,44.0,ARUC,5.73291,1648238700.0
1.32086,40.0,44.0,ARUC,6.03732,1648239000.0
1.30436,40.0,44.0,ARUC,5.96491,1648239300.0
0.922113,40.0,44.0,ARUC,8.83196,1648240500.0
0.921678,40.0,44.0,ARUC,8.91608,1648240800.0
1.30312,40.0,44.0,ARUC,7.53987,1648241100.0
1.30293,40.0,44.0,ARUC,7.38988,1648241400.0
1.30659,40.0,44.0,ARUC,7.28282,1648241700.0
1.30351,40.0,44.0,ARUC,9.8545,1648242000.0
1.30356,40.0,44.0,ARUC,10.1512,1648242300.0
1.3038,40.0,44.0,ARUC,10.3361,1648242600.0
1.31208,40.0,44.0,ARUC,5.91643,1648243800.0
1.31123,40.0,44.0,ARUC,5.91974,1648244100.0
1.31349,40.0,44.0,ARUC,8.15907,1648245300.0
1.30882,40.0,44.0,ARUC,8.39251,1648245600.0
1.30823,40.0,44.0,ARUC,8.57911,1648245900.0
1.30892,40.0,44.0,ARUC,8.80148,1648246200.0
0.508039,40.0,44.0,ARUC,7.92946,1648246500.0
0.418512,40.0,44.0,ARUC,8.61739,1648246800.0
0.358858,40.0,44.0,ARUC,8.10189,1648247100.0
0.440992,40.0,44.0,ARUC,7.71864,1648247400.0
0.791027,40.0,44.0,ARUC,7.06002,1648247700.0
1.30308,40.0,44.0,ARUC,9.79193,1648248600.0
1.30261,40.0,44.0,ARUC,9.50084,1648248900.0
1.30283,40.0,44.0,ARUC,9.16759,1648249200.0
1.30275,40.0,44.0,ARUC,8.82989,1648249500.0
1.30298,40.0,44.0,ARUC,8.65976,1648249800.0
1.30239,40.0,44.0,ARUC,10.1095,1648250100.0
1.30196,40.0,44.0,ARUC,10.2038,1648250400.0
1.30506,40.0,44.0,ARUC,7.3419,1648251300.0
1.30288,40.0,44.0,ARUC,7.40339,1648251600.0
1.30306,40.0,44.0,ARUC,7.47544,1648251900.0
1.3029,40.0,44.0,ARUC,7.63846,1648252200.0
1.3029,40.0,44.0,ARUC,7.73741,1648252500.0
0.651827,32.0,35.0,BSHM,6.75063,1648166400.0
0.652637,32.0,35.0,BSHM,6.83039,1648166700.0
0.752421,32.0,35.0,BSHM,6.95247,1648167000.0
0.921697,32.0,35.0,BSHM,7.19749,1648167300.0
1.30454,32.0,35.0,BSHM,6.97678,1648167600.0
0.939206,32.0,35.0,BSHM,6.61958,1648167900.0
0.936297,32.0,35.0,BSHM,6.21693,1648168200.0
0.933386,32.0,35.0,BSHM,6.17277,1648168500.0
0.759084,32.0,35.0,BSHM,6.27765,1648168800.0
0.657522,32.0,35.0,BSHM,6.3142,1648169100.0
0.588271,32.0,35.0,BSHM,5.99152,1648169400.0
0.539284,32.0,35.0,BSHM,5.70679,1648169700.0
0.547289,32.0,35.0,BSHM,6.51814,1648170000.0
0.659675,32.0,35.0,BSHM,6.14543,1648170300.0
0.935035,32.0,35.0,BSHM,6.40829,1648170600.0
1.3262,32.0,35.0,BSHM,6.11844,1648170900.0
0.930655,32.0,35.0,BSHM,2.26246,1648171200.0
1.33536,32.0,35.0,BSHM,5.6345,1648172100.0
0.928079,32.0,35.0,BSHM,5.54199,1648172400.0
0.589141,32.0,35.0,BSHM,5.90134,1648172700.0
0.586635,32.0,35.0,BSHM,6.01221,1648173000.0
0.466978,32.0,35.0,BSHM,6.11056,1648173300.0
0.497066,32.0,35.0,BSHM,6.05368,1648173600.0
0.497046,32.0,35.0,BSHM,6.08218,1648173900.0
0.464301,32.0,35.0,BSHM,6.05488,1648174200.0
0.462504,32.0,35.0,BSHM,5.94664,1648174500.0
0.462387,32.0,35.0,BSHM,5.87768,1648174800.0
0.495741,32.0,35.0,BSHM,5.92541,1648175100.0
0.583686,32.0,35.0,BSHM,5.92754,1648175400.0
0.583886,32.0,35.0,BSHM,5.84653,1648175700.0
0.655785,32.0,35.0,BSHM,5.88351,1648176000.0
0.755905,32.0,35.0,BSHM,5.83141,1648176300.0
0.925886,32.0,35.0,BSHM,5.94768,1648176600.0
1.31,32.0,35.0,BSHM,6.32306,1648176900.0
0.924591,32.0,35.0,BSHM,6.11163,1648178100.0
0.921331,32.0,35.0,BSHM,6.21952,1648178400.0
0.662828,32.0,35.0,BSHM,6.0094,1648178700.0
0.752738,32.0,35.0,BSHM,6.41858,1648179000.0
0.597906,32.0,35.0,BSHM,6.48604,1648179300.0
0.536513,32.0,35.0,BSHM,6.80981,1648179600.0
0.496427,32.0,35.0,BSHM,7.28043,1648179900.0
0.464024,32.0,35.0,BSHM,7.75317,1648180200.0
0.438339,32.0,35.0,BSHM,8.15316,1648180500.0
0.415475,32.0,35.0,BSHM,8.44774,1648180800.0
0.386049,32.0,35.0,BSHM,9.30381,1648181100.0
0.49517,32.0,35.0,BSHM,9.79042,1648181400.0
0.495989,32.0,35.0,BSHM,10.5107,1648181700.0
0.539134,32.0,35.0,BSHM,10.9324,1648182000.0
0.587242,32.0,35.0,BSHM,11.9944,1648182300.0
0.535681,32.0,35.0,BSHM,12.2386,1648182600.0
0.53649,32.0,35.0,BSHM,12.3754,1648182900.0
0.583579,32.0,35.0,BSHM,12.1026,1648183200.0
0.497953,32.0,35.0,BSHM,12.505,1648183500.0
0.535409,32.0,35.0,BSHM,13.0103,1648183800.0
0.464171,32.0,35.0,BSHM,13.174,1648184100.0
0.435355,32.0,35.0,BSHM,13.4787,1648184400.0
0.46151,32.0,35.0,BSHM,13.7541,1648184700.0
0.435129,32.0,35.0,BSHM,14.0625,1648185000.0
0.461752,32.0,35.0,BSHM,14.4857,1648185300.0
0.461778,32.0,35.0,BSHM,14.9168,1648185600.0
0.493352,32.0,35.0,BSHM,15.0984,1648185900.0
0.495628,32.0,35.0,BSHM,15.4851,1648186200.0
0.53168,32.0,35.0,BSHM,15.3512,1648186500.0
0.583746,32.0,35.0,BSHM,15.4269,1648186800.0
0.582123,32.0,35.0,BSHM,15.6001,1648187100.0
0.531793,32.0,35.0,BSHM,15.6583,1648187400.0
0.531537,32.0,35.0,BSHM,15.7044,1648187700.0
0.492066,32.0,35.0,BSHM,16.181,1648188000.0
0.434276,32.0,35.0,BSHM,16.5574,1648188300.0
0.43525,32.0,35.0,BSHM,16.8036,1648188600.0
0.531703,32.0,35.0,BSHM,16.6025,1648188900.0
0.531919,32.0,35.0,BSHM,17.035,1648189200.0
0.582542,32.0,35.0,BSHM,17.4336,1648189500.0
0.582697,32.0,35.0,BSHM,17.6862,1648189800.0
0.752389,32.0,35.0,BSHM,17.9979,1648190100.0
0.929812,32.0,35.0,BSHM,18.2386,1648190400.0
1.30303,32.0,35.0,BSHM,18.6073,1648190700.0
1.37947,32.0,35.0,BSHM,21.6324,1648192200.0
1.38746,32.0,35.0,BSHM,22.1303,1648192500.0
0.946708,32.0,35.0,BSHM,22.5484,1648192800.0
0.765928,32.0,35.0,BSHM,23.0605,1648193100.0
0.765088,32.0,35.0,BSHM,23.4329,1648193400.0
0.945499,32.0,35.0,BSHM,23.9207,1648193700.0
0.97231,32.0,35.0,BSHM,24.1316,1648194000.0
0.933116,32.0,35.0,BSHM,23.5369,1648194300.0
0.931866,32.0,35.0,BSHM,23.8979,1648194600.0
0.932825,32.0,35.0,BSHM,24.1991,1648194900.0
0.93401,32.0,35.0,BSHM,24.599,1648195200.0
1.00142,32.0,35.0,BSHM,24.8198,1648195500.0
1.34983,32.0,35.0,BSHM,23.4509,1648196100.0
1.30504,32.0,35.0,BSHM,23.6208,1648196400.0
0.922965,32.0,35.0,BSHM,24.9005,1648196700.0
1.30355,32.0,35.0,BSHM,25.4578,1648197000.0
1.3087,32.0,35.0,BSHM,24.7015,1648197300.0
1.30973,32.0,35.0,BSHM,24.6705,1648197600.0
1.31048,32.0,35.0,BSHM,23.8431,1648198200.0
2.23957,32.0,35.0,BSHM,24.5485,1648200000.0
0.978661,32.0,35.0,BSHM,25.7343,1648200300.0
0.73491,32.0,35.0,BSHM,26.4635,1648200600.0
0.826317,32.0,35.0,BSHM,26.688,1648200900.0
0.760906,32.0,35.0,BSHM,27.1217,1648201200.0
0.722063,32.0,35.0,BSHM,27.6066,1648201500.0
0.869851,32.0,35.0,BSHM,27.9485,1648201800.0
0.647755,32.0,35.0,BSHM,29.0038,1648202100.0
0.621394,32.0,35.0,BSHM,29.4796,1648202400.0
0.694275,32.0,35.0,BSHM,29.8945,1648202700.0
0.698226,32.0,35.0,BSHM,30.3608,1648203000.0
0.702838,32.0,35.0,BSHM,30.8445,1648203300.0
0.697733,32.0,35.0,BSHM,31.2096,1648203600.0
0.685677,32.0,35.0,BSHM,31.1218,1648203900.0
0.798722,32.0,35.0,BSHM,31.3321,1648204200.0
1.43616,32.0,35.0,BSHM,31.9717,1648204500.0
0.969397,32.0,35.0,BSHM,29.1916,1648204800.0
0.694125,32.0,35.0,BSHM,30.3426,1648205100.0
0.551316,32.0,35.0,BSHM,31.0976,1648205400.0
0.506122,32.0,35.0,BSHM,30.6358,1648205700.0
0.452324,32.0,35.0,BSHM,30.2081,1648206000.0
0.450866,32.0,35.0,BSHM,30.0759,1648206300.0
0.426884,32.0,35.0,BSHM,29.9956,1648206600.0
0.425369,32.0,35.0,BSHM,30.4087,1648206900.0
0.385466,32.0,35.0,BSHM,29.7839,1648207200.0
0.439779,32.0,35.0,BSHM,29.488,1648207500.0
0.448336,32.0,35.0,BSHM,29.4111,1648207800.0
0.46854,32.0,35.0,BSHM,29.3785,1648208100.0
0.484951,32.0,35.0,BSHM,29.1715,1648208400.0
0.516116,32.0,35.0,BSHM,28.6868,1648208700.0
0.462858,32.0,35.0,BSHM,28.6883,1648209000.0
0.437612,32.0,35.0,BSHM,28.5391,1648209300.0
0.458214,32.0,35.0,BSHM,28.6245,1648209600.0
0.416206,32.0,35.0,BSHM,28.2684,1648209900.0
0.410018,32.0,35.0,BSHM,28.571,1648210200.0
0.411493,32.0,35.0,BSHM,28.6542,1648210500.0
0.415417,32.0,35.0,BSHM,27.2141,1648210800.0
0.482431,32.0,35.0,BSHM,27.2157,1648211100.0
0.554312,32.0,35.0,BSHM,27.91,1648211400.0
0.520049,32.0,35.0,BSHM,27.7935,1648211700.0
0.59741,32.0,35.0,BSHM,26.9975,1648212000.0
0.674881,32.0,35.0,BSHM,27.307,1648212300.0
0.557812,32.0,35.0,BSHM,27.3823,1648212600.0
0.600892,32.0,35.0,BSHM,27.4638,1648212900.0
0.512548,32.0,35.0,BSHM,27.5669,1648213200.0
0.514057,32.0,35.0,BSHM,27.6528,1648213500.0
0.562439,32.0,35.0,BSHM,27.8152,1648213800.0
0.547332,32.0,35.0,BSHM,28.0094,1648214100.0
0.617072,32.0,35.0,BSHM,28.1939,1648214400.0
0.668579,32.0,35.0,BSHM,28.3913,1648214700.0
0.77116,32.0,35.0,BSHM,28.6864,1648215000.0
0.770668,32.0,35.0,BSHM,28.06,1648215300.0
0.600097,32.0,35.0,BSHM,26.0231,1648215600.0
0.672423,32.0,35.0,BSHM,24.5492,1648215900.0
0.661612,32.0,35.0,BSHM,24.5151,1648216200.0
0.544235,32.0,35.0,BSHM,24.5546,1648216500.0
0.54434,32.0,35.0,BSHM,24.4892,1648216800.0
0.512803,32.0,35.0,BSHM,24.5137,1648217100.0
0.592643,32.0,35.0,BSHM,24.5997,1648217400.0
0.672306,32.0,35.0,BSHM,24.9645,1648217700.0
0.760541,32.0,35.0,BSHM,24.2394,1648218000.0
0.767367,32.0,35.0,BSHM,24.2663,1648218300.0
1.36757,32.0,35.0,BSHM,25.3568,1648218600.0
1.69394,32.0,35.0,BSHM,22.5345,1648221000.0
0.980669,32.0,35.0,BSHM,20.4531,1648221300.0
0.803997,32.0,35.0,BSHM,20.7937,1648221600.0
0.798774,32.0,35.0,BSHM,20.5248,1648221900.0
0.711645,32.0,35.0,BSHM,20.2485,1648222200.0
0.56213,32.0,35.0,BSHM,20.2397,1648222500.0
0.580157,32.0,35.0,BSHM,19.8276,1648222800.0
0.563062,32.0,35.0,BSHM,19.3251,1648223100.0
0.543289,32.0,35.0,BSHM,18.7575,1648223400.0
0.525537,32.0,35.0,BSHM,18.6984,1648223700.0
0.576757,32.0,35.0,BSHM,18.184,1648224000.0
0.609743,32.0,35.0,BSHM,18.5579,1648224300.0
0.643113,32.0,35.0,BSHM,18.1761,1648224600.0
0.687487,32.0,35.0,BSHM,17.9721,1648224900.0
0.684152,32.0,35.0,BSHM,17.3675,1648225200.0
0.583386,32.0,35.0,BSHM,16.7686,1648225500.0
0.564654,32.0,35.0,BSHM,16.1847,1648225800.0
0.570802,32.0,35.0,BSHM,15.513,1648226100.0
0.589997,32.0,35.0,BSHM,15.0623,1648226400.0
0.588821,32.0,35.0,BSHM,14.5804,1648226700.0
0.546525,32.0,35.0,BSHM,14.1178,1648227000.0
0.584082,32.0,35.0,BSHM,13.5409,1648227300.0
0.529436,32.0,35.0,BSHM,13.048,1648227600.0
0.441121,32.0,35.0,BSHM,12.1002,1648227900.0
0.449253,32.0,35.0,BSHM,11.6589,1648228200.0
0.482414,32.0,35.0,BSHM,11.2537,1648228500.0
0.514865,32.0,35.0,BSHM,10.8521,1648228800.0
0.483881,32.0,35.0,BSHM,10.4549,1648229100.0
0.495337,32.0,35.0,BSHM,10.2916,1648229400.0
0.606982,32.0,35.0,BSHM,10.5638,1648229700.0
0.621231,32.0,35.0,BSHM,10.2996,1648230000.0
0.682949,32.0,35.0,BSHM,10.0925,1648230300.0
0.722658,32.0,35.0,BSHM,10.0022,1648230600.0
0.712529,32.0,35.0,BSHM,9.6718,1648230900.0
0.548431,32.0,35.0,BSHM,8.96554,1648231200.0
0.472389,32.0,35.0,BSHM,8.67271,1648231500.0
0.502307,32.0,35.0,BSHM,8.30167,1648231800.0
0.486012,32.0,35.0,BSHM,7.9895,1648232100.0
0.450908,32.0,35.0,BSHM,7.72598,1648232400.0
0.486867,32.0,35.0,BSHM,7.42534,1648232700.0
0.556289,32.0,35.0,BSHM,7.34308,1648233000.0
0.499083,32.0,35.0,BSHM,7.67877,1648233300.0
0.521443,32.0,35.0,BSHM,7.79136,1648233600.0
0.621614,32.0,35.0,BSHM,7.83928,1648233900.0
0.702318,32.0,35.0,BSHM,7.91022,1648234200.0
0.720901,32.0,35.0,BSHM,7.7609,1648234500.0
0.682732,32.0,35.0,BSHM,8.27173,1648234800.0
0.586038,32.0,35.0,BSHM,7.88622,1648235100.0
0.572889,32.0,35.0,BSHM,7.58952,1648235400.0
0.543508,32.0,35.0,BSHM,7.30782,1648235700.0
0.576691,32.0,35.0,BSHM,6.62578,1648236000.0
0.528151,32.0,35.0,BSHM,6.51673,1648236300.0
0.495096,32.0,35.0,BSHM,6.42515,1648236600.0
0.533461,32.0,35.0,BSHM,6.45617,1648236900.0
0.501923,32.0,35.0,BSHM,6.47048,1648237200.0
0.444658,32.0,35.0,BSHM,6.45638,1648237500.0
0.434827,32.0,35.0,BSHM,6.44622,1648237800.0
0.442631,32.0,35.0,BSHM,6.50246,1648238100.0
0.410879,32.0,35.0,BSHM,6.63539,1648238400.0
0.427126,32.0,35.0,BSHM,6.66441,1648238700.0
0.479372,32.0,35.0,BSHM,7.02297,1648239000.0
0.510978,32.0,35.0,BSHM,6.77083,1648239300.0
0.563544,32.0,35.0,BSHM,7.23333,1648239600.0
0.699136,32.0,35.0,BSHM,7.99041,1648239900.0
0.718391,32.0,35.0,BSHM,7.7683,1648240200.0
1.32113,32.0,35.0,BSHM,6.62018,1648240500.0
1.32269,32.0,35.0,BSHM,6.44293,1648240800.0
1.32457,32.0,35.0,BSHM,6.28524,1648241100.0
1.36519,32.0,35.0,BSHM,6.1457,1648241400.0
0.947786,32.0,35.0,BSHM,6.11178,1648241700.0
0.772217,32.0,35.0,BSHM,6.0332,1648242000.0
0.93965,32.0,35.0,BSHM,6.10485,1648242300.0
0.677159,32.0,35.0,BSHM,6.4439,1648242600.0
0.656158,32.0,35.0,BSHM,6.74311,1648242900.0
0.652869,32.0,35.0,BSHM,6.92154,1648243200.0
0.533123,32.0,35.0,BSHM,7.1741,1648243500.0
0.496629,32.0,35.0,BSHM,7.42235,1648243800.0
0.532765,32.0,35.0,BSHM,7.66697,1648244100.0
0.493239,32.0,35.0,BSHM,7.94046,1648244400.0
0.461116,32.0,35.0,BSHM,8.00696,1648244700.0
0.532707,32.0,35.0,BSHM,8.30136,1648245000.0
0.533337,32.0,35.0,BSHM,8.37443,1648245300.0
0.753627,32.0,35.0,BSHM,8.51825,1648245600.0
0.757089,32.0,35.0,BSHM,8.59901,1648245900.0
1.32183,32.0,35.0,BSHM,8.67685,1648246200.0
1.30743,32.0,35.0,BSHM,8.43311,1648246500.0
0.964581,32.0,35.0,BSHM,8.69754,1648246800.0
0.926757,32.0,35.0,BSHM,8.81967,1648247100.0
0.75732,32.0,35.0,BSHM,8.99487,1648247400.0
0.757343,32.0,35.0,BSHM,9.1184,1648247700.0
0.757966,32.0,35.0,BSHM,9.23558,1648248000.0
0.757207,32.0,35.0,BSHM,9.32932,1648248300.0
0.758295,32.0,35.0,BSHM,9.40258,1648248600.0
0.929226,32.0,35.0,BSHM,9.46799,1648248900.0
1.31433,32.0,35.0,BSHM,9.53204,1648249200.0
1.41463,32.0,35.0,BSHM,9.55186,1648249500.0
1.30335,32.0,35.0,BSHM,6.27075,1648249800.0
0.752903,32.0,35.0,BSHM,7.10485,1648250100.0
0.752933,32.0,35.0,BSHM,7.31542,1648250400.0
0.582968,32.0,35.0,BSHM,7.50901,1648250700.0
0.492407,32.0,35.0,BSHM,7.61682,1648251000.0
0.492692,32.0,35.0,BSHM,7.60163,1648251300.0
0.492398,32.0,35.0,BSHM,7.69822,1648251600.0
0.41459,32.0,35.0,BSHM,7.68988,1648251900.0
0.435152,32.0,35.0,BSHM,7.77109,1648252200.0
0.533104,32.0,35.0,BSHM,7.78293,1648252500.0
1.33271,35.0,33.0,NICO,6.59908,1648167900.0
1.30824,35.0,33.0,NICO,6.40213,1648168200.0
0.939109,35.0,33.0,NICO,6.5767,1648168500.0
0.950696,35.0,33.0,NICO,5.29912,1648169100.0
0.755201,35.0,33.0,NICO,5.45316,1648169400.0
0.465295,35.0,33.0,NICO,5.67108,1648169700.0
0.46422,35.0,33.0,NICO,5.72734,1648170000.0
0.533496,35.0,33.0,NICO,5.62045,1648170300.0
0.657707,35.0,33.0,NICO,5.65119,1648170600.0
1.3107,35.0,33.0,NICO,5.74189,1648170900.0
1.30743,35.0,33.0,NICO,4.92537,1648175100.0
0.921958,35.0,33.0,NICO,4.85295,1648175400.0
0.534697,35.0,33.0,NICO,5.00885,1648175700.0
0.494412,35.0,33.0,NICO,4.87162,1648176000.0
0.495117,35.0,33.0,NICO,4.83053,1648176300.0
0.753418,35.0,33.0,NICO,4.91904,1648176600.0
0.924463,35.0,33.0,NICO,4.81119,1648176900.0
1.30358,35.0,33.0,NICO,7.70137,1648178100.0
0.804758,35.0,33.0,NICO,7.7057,1648181100.0
0.555195,35.0,33.0,NICO,8.12744,1648181400.0
0.503894,35.0,33.0,NICO,8.52707,1648181700.0
0.501636,35.0,33.0,NICO,8.89508,1648182000.0
0.551799,35.0,33.0,NICO,9.27088,1648182300.0
0.777588,35.0,33.0,NICO,9.49664,1648182600.0
1.3416,35.0,33.0,NICO,9.98539,1648182900.0
0.765487,35.0,33.0,NICO,13.1756,1648186200.0
0.758694,35.0,33.0,NICO,13.4499,1648186500.0
0.660761,35.0,33.0,NICO,13.8131,1648186800.0
0.76775,35.0,33.0,NICO,14.1354,1648187100.0
0.780971,35.0,33.0,NICO,14.2997,1648187400.0
0.978292,35.0,33.0,NICO,17.095,1648187700.0
1.31483,35.0,33.0,NICO,19.4114,1648188000.0
1.30422,35.0,33.0,NICO,19.0576,1648189500.0
1.31069,35.0,33.0,NICO,22.7631,1648189800.0
1.30473,35.0,33.0,NICO,17.8604,1648190100.0
1.37164,35.0,33.0,NICO,19.1887,1648190400.0
1.31553,35.0,33.0,NICO,19.3415,1648190700.0
0.76289,35.0,33.0,NICO,19.4888,1648191000.0
0.760515,35.0,33.0,NICO,19.6949,1648191300.0
0.598042,35.0,33.0,NICO,19.9821,1648191600.0
0.757754,35.0,33.0,NICO,20.1582,1648191900.0
0.656249,35.0,33.0,NICO,20.4479,1648192200.0
0.75956,35.0,33.0,NICO,20.7185,1648192500.0
1.30198,35.0,33.0,NICO,20.9939,1648192800.0
0.798638,35.0,33.0,NICO,21.0769,1648196700.0
0.793975,35.0,33.0,NICO,21.7459,1648197000.0
0.586048,35.0,33.0,NICO,22.5123,1648197300.0
0.492005,35.0,33.0,NICO,22.9321,1648197600.0
0.482491,35.0,33.0,NICO,23.3409,1648197900.0
0.517245,35.0,33.0,NICO,23.7542,1648198200.0
0.664623,35.0,33.0,NICO,24.0887,1648198500.0
1.01006,35.0,33.0,NICO,24.5161,1648198800.0
1.33127,35.0,33.0,NICO,27.0439,1648199100.0
1.42279,35.0,33.0,NICO,27.247,1648199400.0
1.30271,35.0,33.0,NICO,27.3077,1648200300.0
0.922038,35.0,33.0,NICO,27.0501,1648200600.0
0.921754,35.0,33.0,NICO,27.9346,1648200900.0
1.30474,35.0,33.0,NICO,26.5537,1648201200.0
1.30439,35.0,33.0,NICO,25.0454,1648202700.0
1.40217,35.0,33.0,NICO,26.1905,1648203900.0
0.614528,35.0,33.0,NICO,26.2015,1648204200.0
0.475069,35.0,33.0,NICO,26.5942,1648204500.0
0.462227,35.0,33.0,NICO,26.536,1648204800.0
0.609446,35.0,33.0,NICO,26.4381,1648205100.0
0.763291,35.0,33.0,NICO,26.5873,1648205400.0
0.947103,35.0,33.0,NICO,27.68,1648205700.0
1.30185,35.0,33.0,NICO,28.5575,1648206000.0
0.76273,35.0,33.0,NICO,26.5293,1648206900.0
0.666126,35.0,33.0,NICO,26.5127,1648207200.0
0.775831,35.0,33.0,NICO,26.5541,1648207500.0
0.768319,35.0,33.0,NICO,26.652,1648207800.0
0.779373,35.0,33.0,NICO,26.6913,1648208100.0
1.30288,35.0,33.0,NICO,27.2293,1648209900.0
0.978846,35.0,33.0,NICO,26.3184,1648210200.0
0.689485,35.0,33.0,NICO,25.0526,1648210500.0
0.522922,35.0,33.0,NICO,25.1262,1648210800.0
0.516338,35.0,33.0,NICO,25.2284,1648211100.0
0.490067,35.0,33.0,NICO,25.4154,1648211400.0
0.566645,35.0,33.0,NICO,25.4587,1648211700.0
0.784438,35.0,33.0,NICO,25.9321,1648212000.0
1.30188,35.0,33.0,NICO,25.135,1648212300.0
1.30253,35.0,33.0,NICO,24.6796,1648212600.0
1.30215,35.0,33.0,NICO,24.0703,1648216200.0
1.30191,35.0,33.0,NICO,24.2458,1648216500.0
1.30712,35.0,33.0,NICO,23.4278,1648218900.0
0.925428,35.0,33.0,NICO,23.0798,1648219200.0
0.924341,35.0,33.0,NICO,22.8604,1648219500.0
0.511932,35.0,33.0,NICO,21.7995,1648219800.0
0.596974,35.0,33.0,NICO,21.9592,1648220100.0
0.773228,35.0,33.0,NICO,21.8931,1648220400.0
0.827562,35.0,33.0,NICO,21.6894,1648220700.0
1.01717,35.0,33.0,NICO,21.8647,1648221000.0
0.977168,35.0,33.0,NICO,15.9327,1648224600.0
0.785722,35.0,33.0,NICO,15.7244,1648224900.0
0.541525,35.0,33.0,NICO,15.3339,1648225200.0
0.468039,35.0,33.0,NICO,14.5886,1648225500.0
0.445736,35.0,33.0,NICO,14.6924,1648225800.0
0.463913,35.0,33.0,NICO,14.4404,1648226100.0
0.601077,35.0,33.0,NICO,13.8952,1648226400.0
0.945573,35.0,33.0,NICO,12.8222,1648226700.0
0.921799,35.0,33.0,NICO,10.7229,1648227900.0
0.754717,35.0,33.0,NICO,10.4505,1648228200.0
0.654305,35.0,33.0,NICO,10.0984,1648228500.0
0.651453,35.0,33.0,NICO,10.2784,1648228800.0
0.65302,35.0,33.0,NICO,10.0988,1648229100.0
1.30412,35.0,33.0,NICO,9.24804,1648229400.0
1.30279,35.0,33.0,NICO,13.5602,1648229700.0
1.30295,35.0,33.0,NICO,13.3256,1648230000.0
1.31188,35.0,33.0,NICO,12.8763,1648230900.0
1.32572,35.0,33.0,NICO,12.4837,1648231200.0
0.955986,35.0,33.0,NICO,6.78144,1648232400.0
0.667734,35.0,33.0,NICO,6.50253,1648232700.0
0.517713,35.0,33.0,NICO,6.25954,1648233000.0
0.549981,35.0,33.0,NICO,6.13092,1648233300.0
0.594891,35.0,33.0,NICO,6.04496,1648233600.0
1.37466,35.0,33.0,NICO,6.05103,1648233900.0
0.752801,35.0,33.0,NICO,5.3218,1648236900.0
0.752499,35.0,33.0,NICO,5.21899,1648237200.0
0.584705,35.0,33.0,NICO,5.13845,1648237500.0
0.752526,35.0,33.0,NICO,5.11927,1648237800.0
0.753234,35.0,33.0,NICO,5.17502,1648238100.0
1.30431,35.0,33.0,NICO,5.74865,1648239300.0
0.58831,35.0,33.0,NICO,5.79285,1648239600.0
0.46704,35.0,33.0,NICO,5.82797,1648239900.0
0.463986,35.0,33.0,NICO,5.88091,1648240200.0
0.468652,35.0,33.0,NICO,6.04879,1648240500.0
0.654227,35.0,33.0,NICO,6.12738,1648240800.0
0.587513,35.0,33.0,NICO,6.58902,1648241100.0
0.652708,35.0,33.0,NICO,6.74685,1648241400.0
0.653171,35.0,33.0,NICO,6.52571,1648241700.0
0.58413,35.0,33.0,NICO,6.54892,1648242000.0
0.754483,35.0,33.0,NICO,6.52728,1648242300.0
0.930184,35.0,33.0,NICO,6.52815,1648242600.0
1.30249,35.0,33.0,NICO,7.74451,1648243800.0
1.30245,35.0,33.0,NICO,7.52339,1648244100.0
1.16554,35.0,33.0,NICO,5.80638,1648245600.0
0.769761,35.0,33.0,NICO,6.6889,1648245900.0
0.76378,35.0,33.0,NICO,6.70272,1648246200.0
0.927758,35.0,33.0,NICO,6.53017,1648246500.0
0.757743,35.0,33.0,NICO,6.73933,1648246800.0
0.92172,35.0,33.0,NICO,6.68432,1648247100.0
1.31554,35.0,33.0,NICO,6.15611,1648247400.0
1.33565,35.0,33.0,NICO,6.40303,1648248000.0
1.30501,35.0,33.0,NICO,6.32676,1648248300.0
0.941339,35.0,33.0,NICO,6.5203,1648248600.0
0.759124,35.0,33.0,NICO,6.45809,1648248900.0
0.765817,35.0,33.0,NICO,6.53277,1648249200.0
0.587287,35.0,33.0,NICO,6.48172,1648249500.0
0.924696,35.0,33.0,NICO,6.63008,1648249800.0
0.928755,35.0,33.0,NICO,6.56803,1648250100.0
0.920893,35.0,33.0,NICO,6.95308,1648250400.0
0.927552,35.0,33.0,NICO,7.07168,1648250700.0
0.389951,40.0,44.0,ARUC,7.77664,1648252800.0
0.359145,40.0,44.0,ARUC,8.1719,1648253100.0
1.30232,40.0,44.0,ARUC,9.10857,1648253400.0
1.30246,40.0,44.0,ARUC,9.0998,1648253700.0
1.48144,40.0,44.0,ARUC,3.76561,1648257600.0
0.774275,40.0,44.0,ARUC,6.48419,1648257900.0
1.30134,40.0,44.0,ARUC,9.07235,1648258500.0
1.3013,40.0,44.0,ARUC,8.93368,1648258800.0
1.3016,40.0,44.0,ARUC,9.98575,1648260000.0
0.920673,40.0,44.0,ARUC,8.40627,1648260300.0
0.920418,40.0,44.0,ARUC,8.26125,1648260600.0
0.921034,40.0,44.0,ARUC,8.20595,1648260900.0
1.30165,40.0,44.0,ARUC,9.42994,1648261200.0
0.753507,40.0,44.0,ARUC,8.45972,1648261500.0
0.752608,40.0,44.0,ARUC,8.47021,1648261800.0
0.754056,40.0,44.0,ARUC,8.59886,1648262100.0
0.922519,40.0,44.0,ARUC,8.44366,1648262400.0
0.927979,40.0,44.0,ARUC,8.66867,1648262700.0
0.667918,40.0,44.0,ARUC,8.53386,1648263000.0
0.401178,40.0,44.0,ARUC,7.48393,1648263300.0
0.761746,40.0,44.0,ARUC,9.71467,1648263600.0
1.3012,40.0,44.0,ARUC,11.1921,1648263900.0
1.30132,40.0,44.0,ARUC,11.2918,1648264200.0
1.30502,40.0,44.0,ARUC,12.8679,1648265400.0
1.30127,40.0,44.0,ARUC,14.3889,1648265700.0
1.30125,40.0,44.0,ARUC,14.6144,1648266000.0
1.30123,40.0,44.0,ARUC,14.8109,1648266300.0
1.30472,40.0,44.0,ARUC,12.1654,1648266600.0
1.30388,40.0,44.0,ARUC,12.2933,1648266900.0
1.30134,40.0,44.0,ARUC,16.2913,1648269000.0
1.30115,40.0,44.0,ARUC,16.3549,1648269300.0
1.30121,40.0,44.0,ARUC,16.5033,1648269600.0
1.30321,40.0,44.0,ARUC,16.2957,1648270500.0
1.30146,40.0,44.0,ARUC,16.3491,1648270800.0
1.30303,40.0,44.0,ARUC,16.3797,1648271100.0
0.652403,40.0,44.0,ARUC,14.2892,1648271700.0
0.583069,40.0,44.0,ARUC,15.0643,1648272000.0
1.30492,40.0,44.0,ARUC,18.5482,1648274100.0
1.30167,40.0,44.0,ARUC,18.5887,1648274400.0
1.30173,40.0,44.0,ARUC,18.6861,1648274700.0
1.30181,40.0,44.0,ARUC,18.7224,1648275000.0
1.30171,40.0,44.0,ARUC,18.8087,1648275300.0
1.30179,40.0,44.0,ARUC,19.0068,1648275600.0
1.36077,40.0,44.0,ARUC,19.6352,1648276200.0
1.32561,40.0,44.0,ARUC,19.8468,1648276500.0
1.32586,40.0,44.0,ARUC,20.157,1648276800.0
0.932634,40.0,44.0,ARUC,20.785,1648277100.0
0.966811,40.0,44.0,ARUC,20.9533,1648277400.0
1.32869,40.0,44.0,ARUC,21.1232,1648277700.0
1.3258,40.0,44.0,ARUC,21.3229,1648278000.0
1.34155,40.0,44.0,ARUC,21.4712,1648278300.0
1.30589,40.0,44.0,ARUC,21.4867,1648279500.0
0.756026,40.0,44.0,ARUC,20.9599,1648279800.0
0.752944,40.0,44.0,ARUC,21.1954,1648280100.0
0.923207,40.0,44.0,ARUC,22.3754,1648280400.0
0.923,40.0,44.0,ARUC,22.7456,1648280700.0
0.925151,40.0,44.0,ARUC,23.1306,1648281000.0
1.30442,40.0,44.0,ARUC,24.0241,1648283100.0
1.30287,40.0,44.0,ARUC,24.6406,1648284600.0
1.30304,40.0,44.0,ARUC,24.5587,1648284900.0
1.39582,40.0,44.0,ARUC,21.5407,1648286400.0
1.31113,40.0,44.0,ARUC,21.6727,1648286700.0
1.31237,40.0,44.0,ARUC,21.9146,1648287000.0
1.31136,40.0,44.0,ARUC,22.1015,1648287300.0
1.31142,40.0,44.0,ARUC,22.0582,1648287600.0
0.924961,40.0,44.0,ARUC,22.2223,1648287900.0
0.584089,40.0,44.0,ARUC,22.3005,1648288200.0
0.925876,40.0,44.0,ARUC,22.462,1648288500.0
0.930465,40.0,44.0,ARUC,22.2835,1648288800.0
1.30212,40.0,44.0,ARUC,21.4509,1648289100.0
1.30221,40.0,44.0,ARUC,21.3369,1648289400.0
1.30254,40.0,44.0,ARUC,21.1916,1648289700.0
1.30443,40.0,44.0,ARUC,18.7741,1648293000.0
1.30285,40.0,44.0,ARUC,18.8112,1648293300.0
1.30305,40.0,44.0,ARUC,18.8986,1648293600.0
1.30329,40.0,44.0,ARUC,18.9733,1648293900.0
0.920918,40.0,44.0,ARUC,20.3223,1648294200.0
0.753668,40.0,44.0,ARUC,19.9058,1648294500.0
0.927306,40.0,44.0,ARUC,20.2173,1648294800.0
0.435565,40.0,44.0,ARUC,19.3579,1648295100.0
0.413278,40.0,44.0,ARUC,19.2126,1648295400.0
0.920414,40.0,44.0,ARUC,19.597,1648295700.0
0.464958,40.0,44.0,ARUC,18.6103,1648296000.0
0.924852,40.0,44.0,ARUC,19.382,1648296300.0
1.30336,40.0,44.0,ARUC,19.215,1648296600.0
0.921772,40.0,44.0,ARUC,20.1085,1648296900.0
1.30312,40.0,44.0,ARUC,19.253,1648297200.0
1.30373,40.0,44.0,ARUC,19.2191,1648297500.0
1.30322,40.0,44.0,ARUC,22.2853,1648298400.0
1.30465,40.0,44.0,ARUC,22.2998,1648298700.0
1.30105,40.0,44.0,ARUC,21.7085,1648299900.0
1.3011,40.0,44.0,ARUC,21.7816,1648300200.0
1.30241,40.0,44.0,ARUC,21.4594,1648302900.0
1.30195,40.0,44.0,ARUC,21.3419,1648303200.0
1.30189,40.0,44.0,ARUC,21.2925,1648303500.0
1.30194,40.0,44.0,ARUC,21.2571,1648303800.0
0.683122,40.0,44.0,ARUC,19.2062,1648304100.0
0.497019,40.0,44.0,ARUC,19.4162,1648304400.0
0.422787,40.0,44.0,ARUC,19.8512,1648304700.0
0.350103,40.0,44.0,ARUC,19.7275,1648305000.0
0.587485,40.0,44.0,ARUC,18.7449,1648305300.0
0.953359,40.0,44.0,ARUC,19.2009,1648305600.0
1.30551,40.0,44.0,ARUC,19.9501,1648305900.0
1.30513,40.0,44.0,ARUC,19.699,1648306200.0
0.927946,40.0,44.0,ARUC,20.48,1648306500.0
1.32229,40.0,44.0,ARUC,17.6282,1648307100.0
1.31166,40.0,44.0,ARUC,17.7091,1648307400.0
0.924039,40.0,44.0,ARUC,18.7662,1648307700.0
0.923909,40.0,44.0,ARUC,18.5704,1648308000.0
0.929387,40.0,44.0,ARUC,17.8071,1648308300.0
0.353235,40.0,44.0,ARUC,17.7458,1648308600.0
0.417712,40.0,44.0,ARUC,17.5141,1648308900.0
1.30578,40.0,44.0,ARUC,17.9424,1648309200.0
1.30547,40.0,44.0,ARUC,17.8126,1648309500.0
1.30567,40.0,44.0,ARUC,17.6317,1648309800.0
1.30976,40.0,44.0,ARUC,17.3806,1648310100.0
0.923509,40.0,44.0,ARUC,12.2316,1648312500.0
0.753246,40.0,44.0,ARUC,12.0683,1648312800.0
0.753,40.0,44.0,ARUC,11.758,1648313100.0
0.752879,40.0,44.0,ARUC,11.4664,1648313400.0
0.752957,40.0,44.0,ARUC,11.1603,1648313700.0
0.754265,40.0,44.0,ARUC,10.9235,1648314000.0
0.923785,40.0,44.0,ARUC,10.3662,1648314300.0
1.30208,40.0,44.0,ARUC,9.04543,1648314600.0
1.30196,40.0,44.0,ARUC,8.65286,1648314900.0
1.30307,40.0,44.0,ARUC,8.39557,1648315200.0
0.663041,40.0,44.0,ARUC,8.72015,1648315800.0
0.605657,40.0,44.0,ARUC,7.83438,1648316100.0
1.31296,40.0,44.0,ARUC,8.15744,1648316700.0
1.30699,40.0,44.0,ARUC,7.90514,1648317000.0
1.05849,40.0,44.0,ARUC,8.53414,1648317300.0
1.30641,40.0,44.0,ARUC,7.23229,1648317600.0
0.927835,40.0,44.0,ARUC,7.03678,1648317900.0
0.756816,40.0,44.0,ARUC,6.62266,1648318200.0
0.923819,40.0,44.0,ARUC,6.95759,1648318500.0
0.923593,40.0,44.0,ARUC,6.95037,1648318800.0
1.31128,40.0,44.0,ARUC,7.67204,1648319100.0
1.31234,40.0,44.0,ARUC,7.78453,1648319400.0
1.31116,40.0,44.0,ARUC,7.83003,1648319700.0
1.32073,40.0,44.0,ARUC,7.84335,1648320000.0
1.31236,40.0,44.0,ARUC,5.47745,1648321200.0
1.30715,40.0,44.0,ARUC,5.5972,1648321500.0
1.30768,40.0,44.0,ARUC,5.77336,1648321800.0
1.30829,40.0,44.0,ARUC,5.93712,1648322100.0
0.925449,40.0,44.0,ARUC,6.37791,1648322400.0
0.759206,40.0,44.0,ARUC,7.38703,1648322700.0
0.755668,40.0,44.0,ARUC,7.42525,1648323000.0
0.923286,40.0,44.0,ARUC,7.97905,1648323300.0
0.754812,40.0,44.0,ARUC,7.19518,1648323600.0
0.92243,40.0,44.0,ARUC,6.35524,1648323900.0
1.30665,40.0,44.0,ARUC,7.06132,1648324200.0
0.556809,40.0,44.0,ARUC,4.82062,1648324500.0
0.922839,40.0,44.0,ARUC,8.22952,1648326600.0
0.92111,40.0,44.0,ARUC,8.27605,1648326900.0
1.302,40.0,44.0,ARUC,6.83979,1648327200.0
1.3021,40.0,44.0,ARUC,6.68256,1648327500.0
1.30295,40.0,44.0,ARUC,6.58392,1648327800.0
1.30292,40.0,44.0,ARUC,8.77718,1648328100.0
1.30286,40.0,44.0,ARUC,8.8633,1648328400.0
1.30296,40.0,44.0,ARUC,8.97278,1648328700.0
1.31295,40.0,44.0,ARUC,6.63137,1648331400.0
1.30913,40.0,44.0,ARUC,6.81288,1648331700.0
1.30841,40.0,44.0,ARUC,6.98662,1648332000.0
1.30779,40.0,44.0,ARUC,7.16364,1648332300.0
1.30845,40.0,44.0,ARUC,7.38212,1648332600.0
1.30923,40.0,44.0,ARUC,7.5468,1648332900.0
1.30837,40.0,44.0,ARUC,7.68487,1648333200.0
1.31301,40.0,44.0,ARUC,7.80816,1648333500.0
1.30392,40.0,44.0,ARUC,6.97881,1648334700.0
1.30204,40.0,44.0,ARUC,6.92675,1648335000.0
1.30223,40.0,44.0,ARUC,6.94282,1648335300.0
1.30246,40.0,44.0,ARUC,6.91173,1648335600.0
1.30237,40.0,44.0,ARUC,6.85456,1648335900.0
1.31591,40.0,44.0,ARUC,6.84561,1648336200.0
1.31232,40.0,44.0,ARUC,5.93941,1648337400.0
1.30208,40.0,44.0,ARUC,5.96116,1648337700.0
1.3022,40.0,44.0,ARUC,6.02844,1648338000.0
1.30233,40.0,44.0,ARUC,6.1017,1648338300.0
1.30221,40.0,44.0,ARUC,6.20936,1648338600.0
0.597377,40.0,44.0,ARUC,6.97478,1648338900.0
0.536044,32.0,35.0,BSHM,9.54525,1648252800.0
0.588772,32.0,35.0,BSHM,9.40281,1648253100.0
0.77276,32.0,35.0,BSHM,9.60252,1648253400.0
1.30279,32.0,35.0,BSHM,10.9104,1648253700.0
0.965214,32.0,35.0,BSHM,10.4634,1648254000.0
0.960405,32.0,35.0,BSHM,9.15182,1648254300.0
0.956158,32.0,35.0,BSHM,9.12097,1648254600.0
0.776182,32.0,35.0,BSHM,9.0215,1648254900.0
0.6751,32.0,35.0,BSHM,9.06188,1648255200.0
0.670145,32.0,35.0,BSHM,9.15791,1648255500.0
0.602445,32.0,35.0,BSHM,8.98536,1648255800.0
0.60599,32.0,35.0,BSHM,8.75403,1648256100.0
0.670013,32.0,35.0,BSHM,8.84845,1648256400.0
0.782071,32.0,35.0,BSHM,8.84733,1648256700.0
1.06202,32.0,35.0,BSHM,8.72058,1648257000.0
1.34622,32.0,35.0,BSHM,8.51658,1648257300.0
1.30381,32.0,35.0,BSHM,8.48916,1648257600.0
1.36526,32.0,35.0,BSHM,8.33714,1648257900.0
0.941696,32.0,35.0,BSHM,8.29842,1648258200.0
0.681815,32.0,35.0,BSHM,8.45936,1648258500.0
0.778218,32.0,35.0,BSHM,8.54894,1648258800.0
0.599669,32.0,35.0,BSHM,8.58413,1648259100.0
0.543771,32.0,35.0,BSHM,8.68504,1648259400.0
0.565366,32.0,35.0,BSHM,8.70933,1648259700.0
0.509895,32.0,35.0,BSHM,8.6516,1648260000.0
0.54167,32.0,35.0,BSHM,8.67869,1648260300.0
0.500345,32.0,35.0,BSHM,8.64319,1648260600.0
0.497815,32.0,35.0,BSHM,8.57143,1648260900.0
0.536948,32.0,35.0,BSHM,8.46161,1648261200.0
0.589206,32.0,35.0,BSHM,8.38231,1648261500.0
0.589298,32.0,35.0,BSHM,8.31153,1648261800.0
0.595719,32.0,35.0,BSHM,7.9335,1648262100.0
0.76435,32.0,35.0,BSHM,8.24226,1648262400.0
0.936581,32.0,35.0,BSHM,8.19289,1648262700.0
1.32769,32.0,35.0,BSHM,8.28341,1648263000.0
1.34429,32.0,35.0,BSHM,6.60801,1648263900.0
0.806649,32.0,35.0,BSHM,7.48691,1648264200.0
0.760592,32.0,35.0,BSHM,7.74277,1648264500.0
0.659615,32.0,35.0,BSHM,8.07475,1648264800.0
0.59147,32.0,35.0,BSHM,8.48017,1648265100.0
0.539003,32.0,35.0,BSHM,8.9259,1648265400.0
0.439626,32.0,35.0,BSHM,9.43956,1648265700.0
0.438907,32.0,35.0,BSHM,9.93197,1648266000.0
0.398459,32.0,35.0,BSHM,10.5779,1648266300.0
0.385135,32.0,35.0,BSHM,11.2635,1648266600.0
0.389567,32.0,35.0,BSHM,11.9052,1648266900.0
0.438425,32.0,35.0,BSHM,12.6835,1648267200.0
0.43826,32.0,35.0,BSHM,13.2629,1648267500.0
0.539962,32.0,35.0,BSHM,13.913,1648267800.0
0.587881,32.0,35.0,BSHM,14.5807,1648268100.0
0.5908,32.0,35.0,BSHM,14.7551,1648268400.0
0.590232,32.0,35.0,BSHM,15.2682,1648268700.0
0.756183,32.0,35.0,BSHM,15.2799,1648269000.0
0.652425,32.0,35.0,BSHM,14.8685,1648269300.0
0.534608,32.0,35.0,BSHM,15.096,1648269600.0
0.583912,32.0,35.0,BSHM,15.2528,1648269900.0
0.49334,32.0,35.0,BSHM,15.3781,1648270200.0
0.435168,32.0,35.0,BSHM,15.4948,1648270500.0
0.461459,32.0,35.0,BSHM,15.4739,1648270800.0
0.435462,32.0,35.0,BSHM,15.4724,1648271100.0
0.461555,32.0,35.0,BSHM,15.5455,1648271400.0
0.492737,32.0,35.0,BSHM,15.5302,1648271700.0
0.461483,32.0,35.0,BSHM,15.5008,1648272000.0
0.493982,32.0,35.0,BSHM,15.2645,1648272300.0
0.53223,32.0,35.0,BSHM,15.5451,1648272600.0
0.494046,32.0,35.0,BSHM,15.5965,1648272900.0
0.582554,32.0,35.0,BSHM,15.7496,1648273200.0
0.49316,32.0,35.0,BSHM,15.7864,1648273500.0
0.461041,32.0,35.0,BSHM,15.7798,1648273800.0
0.393014,32.0,35.0,BSHM,15.8589,1648274100.0
0.392841,32.0,35.0,BSHM,15.7851,1648274400.0
0.43421,32.0,35.0,BSHM,15.8962,1648274700.0
0.492357,32.0,35.0,BSHM,15.9395,1648275000.0
0.461707,32.0,35.0,BSHM,16.1005,1648275300.0
0.582042,32.0,35.0,BSHM,16.1508,1648275600.0
0.582095,32.0,35.0,BSHM,16.3128,1648275900.0
0.751519,32.0,35.0,BSHM,16.6088,1648276200.0
0.9208,32.0,35.0,BSHM,16.6308,1648276500.0
1.30149,32.0,35.0,BSHM,16.7834,1648276800.0
1.39665,32.0,35.0,BSHM,20.2586,1648278300.0
1.37783,32.0,35.0,BSHM,20.6548,1648278600.0
0.954041,32.0,35.0,BSHM,21.1692,1648278900.0
0.767739,32.0,35.0,BSHM,21.7394,1648279200.0
0.767488,32.0,35.0,BSHM,22.1712,1648279500.0
0.782187,32.0,35.0,BSHM,22.452,1648279800.0
0.774552,32.0,35.0,BSHM,22.6489,1648280100.0
0.840672,32.0,35.0,BSHM,22.9333,1648280400.0
0.937898,32.0,35.0,BSHM,23.2171,1648280700.0
0.936413,32.0,35.0,BSHM,23.7964,1648281000.0
1.02269,32.0,35.0,BSHM,24.2584,1648281300.0
1.30243,32.0,35.0,BSHM,26.2632,1648282500.0
0.921398,32.0,35.0,BSHM,25.6168,1648282800.0
1.3034,32.0,35.0,BSHM,24.5581,1648283100.0
1.32168,32.0,35.0,BSHM,26.3,1648283400.0
1.31058,32.0,35.0,BSHM,26.4393,1648283700.0
1.30812,32.0,35.0,BSHM,28.1403,1648284000.0
1.30617,32.0,35.0,BSHM,28.6412,1648284300.0
1.31153,32.0,35.0,BSHM,28.9621,1648284600.0
1.14519,32.0,35.0,BSHM,29.0466,1648286700.0
0.867108,32.0,35.0,BSHM,29.2567,1648287000.0
0.962054,32.0,35.0,BSHM,29.6094,1648287300.0
0.82267,32.0,35.0,BSHM,29.7182,1648287600.0
0.627164,32.0,35.0,BSHM,30.2073,1648287900.0
0.535345,32.0,35.0,BSHM,30.26,1648288200.0
0.520657,32.0,35.0,BSHM,30.342,1648288500.0
0.460232,32.0,35.0,BSHM,30.3899,1648288800.0
0.517194,32.0,35.0,BSHM,30.423,1648289100.0
0.556142,32.0,35.0,BSHM,30.0396,1648289400.0
0.611859,32.0,35.0,BSHM,29.7451,1648289700.0
0.610827,32.0,35.0,BSHM,29.509,1648290000.0
0.686529,32.0,35.0,BSHM,29.1148,1648290300.0
0.872173,32.0,35.0,BSHM,28.988,1648290600.0
0.901217,32.0,35.0,BSHM,30.0381,1648290900.0
0.723915,32.0,35.0,BSHM,29.8735,1648291200.0
0.619114,32.0,35.0,BSHM,29.2688,1648291500.0
0.521917,32.0,35.0,BSHM,28.545,1648291800.0
0.45572,32.0,35.0,BSHM,28.0448,1648292100.0
0.521756,32.0,35.0,BSHM,27.606,1648292400.0
0.511271,32.0,35.0,BSHM,27.1612,1648292700.0
0.507916,32.0,35.0,BSHM,26.8251,1648293000.0
0.439434,32.0,35.0,BSHM,26.5883,1648293300.0
0.446008,32.0,35.0,BSHM,26.378,1648293600.0
0.451606,32.0,35.0,BSHM,26.0841,1648293900.0
0.503587,32.0,35.0,BSHM,25.7547,1648294200.0
0.488263,32.0,35.0,BSHM,25.1332,1648294500.0
0.515678,32.0,35.0,BSHM,25.0682,1648294800.0
0.47941,32.0,35.0,BSHM,24.8099,1648295100.0
0.490475,32.0,35.0,BSHM,24.6507,1648295400.0
0.494232,32.0,35.0,BSHM,24.6445,1648295700.0
0.403411,32.0,35.0,BSHM,24.2728,1648296000.0
0.444958,32.0,35.0,BSHM,24.3416,1648296300.0
0.431774,32.0,35.0,BSHM,24.2924,1648296600.0
0.479273,32.0,35.0,BSHM,24.0702,1648296900.0
0.489341,32.0,35.0,BSHM,24.4408,1648297200.0
0.528788,32.0,35.0,BSHM,25.0244,1648297500.0
0.536177,32.0,35.0,BSHM,25.5252,1648297800.0
0.611367,32.0,35.0,BSHM,25.2901,1648298100.0
0.697105,32.0,35.0,BSHM,24.9534,1648298400.0
0.586031,32.0,35.0,BSHM,25.1005,1648298700.0
0.609132,32.0,35.0,BSHM,25.3154,1648299000.0
0.576922,32.0,35.0,BSHM,25.5779,1648299300.0
0.52028,32.0,35.0,BSHM,24.9837,1648299600.0
0.604348,32.0,35.0,BSHM,25.4693,1648299900.0
0.553512,32.0,35.0,BSHM,25.7533,1648300200.0
0.622295,32.0,35.0,BSHM,25.8864,1648300500.0
0.678143,32.0,35.0,BSHM,26.1128,1648300800.0
0.78392,32.0,35.0,BSHM,26.7403,1648301100.0
0.716533,32.0,35.0,BSHM,26.479,1648301400.0
0.604602,32.0,35.0,BSHM,25.6252,1648301700.0
0.682248,32.0,35.0,BSHM,24.6359,1648302000.0
0.595919,32.0,35.0,BSHM,24.4122,1648302300.0
0.544987,32.0,35.0,BSHM,24.4989,1648302600.0
0.544003,32.0,35.0,BSHM,24.755,1648302900.0
0.544671,32.0,35.0,BSHM,24.5377,1648303200.0
0.596018,32.0,35.0,BSHM,24.4576,1648303500.0
0.774052,32.0,35.0,BSHM,25.4467,1648303800.0
0.759408,32.0,35.0,BSHM,24.7943,1648304100.0
0.762247,32.0,35.0,BSHM,24.9735,1648304400.0
1.35504,32.0,35.0,BSHM,25.5801,1648304700.0
1.76715,32.0,35.0,BSHM,25.1756,1648307100.0
1.01378,32.0,35.0,BSHM,25.325,1648307400.0
0.717937,32.0,35.0,BSHM,24.975,1648307700.0
0.68528,32.0,35.0,BSHM,24.6583,1648308000.0
0.660914,32.0,35.0,BSHM,24.1015,1648308300.0
0.580594,32.0,35.0,BSHM,23.6662,1648308600.0
0.582232,32.0,35.0,BSHM,23.2225,1648308900.0
0.661276,32.0,35.0,BSHM,22.7575,1648309200.0
0.625507,32.0,35.0,BSHM,22.1674,1648309500.0
0.575556,32.0,35.0,BSHM,21.7254,1648309800.0
0.638814,32.0,35.0,BSHM,21.1764,1648310100.0
0.590288,32.0,35.0,BSHM,21.1883,1648310400.0
0.652031,32.0,35.0,BSHM,20.9268,1648310700.0
0.687006,32.0,35.0,BSHM,20.564,1648311000.0
0.691111,32.0,35.0,BSHM,19.7931,1648311300.0
0.603477,32.0,35.0,BSHM,19.0944,1648311600.0
0.565571,32.0,35.0,BSHM,18.4438,1648311900.0
0.613443,32.0,35.0,BSHM,17.72,1648312200.0
0.573458,32.0,35.0,BSHM,17.0418,1648312500.0
0.619576,32.0,35.0,BSHM,16.4006,1648312800.0
0.549248,32.0,35.0,BSHM,15.8986,1648313100.0
0.588362,32.0,35.0,BSHM,15.1714,1648313400.0
0.527612,32.0,35.0,BSHM,14.4601,1648313700.0
0.501769,32.0,35.0,BSHM,13.6966,1648314000.0
0.500491,32.0,35.0,BSHM,13.0276,1648314300.0
0.567045,32.0,35.0,BSHM,12.5206,1648314600.0
0.501776,32.0,35.0,BSHM,11.4557,1648314900.0
0.505601,32.0,35.0,BSHM,10.8918,1648315200.0
0.524281,32.0,35.0,BSHM,10.3456,1648315500.0
0.539373,32.0,35.0,BSHM,9.95981,1648315800.0
0.48844,32.0,35.0,BSHM,9.48773,1648316100.0
0.586583,32.0,35.0,BSHM,9.22111,1648316400.0
0.566461,32.0,35.0,BSHM,8.90509,1648316700.0
0.564739,32.0,35.0,BSHM,8.59338,1648317000.0
0.493065,32.0,35.0,BSHM,8.23368,1648317300.0
0.441912,32.0,35.0,BSHM,7.93856,1648317600.0
0.517873,32.0,35.0,BSHM,7.5044,1648317900.0
0.489273,32.0,35.0,BSHM,7.12262,1648318200.0
0.4764,32.0,35.0,BSHM,6.92882,1648318500.0
0.481833,32.0,35.0,BSHM,6.7898,1648318800.0
0.555534,32.0,35.0,BSHM,6.60604,1648319100.0
0.524437,32.0,35.0,BSHM,6.74115,1648319400.0
0.603882,32.0,35.0,BSHM,6.6832,1648319700.0
0.836511,32.0,35.0,BSHM,6.09577,1648320000.0
1.0622,32.0,35.0,BSHM,5.99401,1648320300.0
1.39738,32.0,35.0,BSHM,5.79475,1648320600.0
1.73756,32.0,35.0,BSHM,8.29856,1648320900.0
1.35099,32.0,35.0,BSHM,8.3438,1648321200.0
1.34555,32.0,35.0,BSHM,8.4666,1648321500.0
1.35376,32.0,35.0,BSHM,8.60118,1648321800.0
1.35194,32.0,35.0,BSHM,7.17792,1648322400.0
0.969683,32.0,35.0,BSHM,7.16988,1648322700.0
0.802066,32.0,35.0,BSHM,7.19903,1648323000.0
0.67237,32.0,35.0,BSHM,7.27483,1648323300.0
0.617808,32.0,35.0,BSHM,7.32975,1648323600.0
0.559017,32.0,35.0,BSHM,7.48268,1648323900.0
0.556651,32.0,35.0,BSHM,7.74758,1648324200.0
0.573782,32.0,35.0,BSHM,7.94017,1648324500.0
0.680788,32.0,35.0,BSHM,8.03865,1648324800.0
0.553336,32.0,35.0,BSHM,8.17148,1648325100.0
0.564668,32.0,35.0,BSHM,8.32831,1648325400.0
0.551752,32.0,35.0,BSHM,8.49292,1648325700.0
0.610541,32.0,35.0,BSHM,8.59657,1648326000.0
0.636432,32.0,35.0,BSHM,8.73263,1648326300.0
0.622999,32.0,35.0,BSHM,8.73127,1648326600.0
0.678661,32.0,35.0,BSHM,8.72964,1648326900.0
0.956229,32.0,35.0,BSHM,8.40394,1648327200.0
1.47169,32.0,35.0,BSHM,7.31993,1648327500.0
0.997941,32.0,35.0,BSHM,7.25201,1648327800.0
0.821238,32.0,35.0,BSHM,7.14962,1648328100.0
0.957693,32.0,35.0,BSHM,7.24375,1648328400.0
0.683119,32.0,35.0,BSHM,7.57999,1648328700.0
0.668521,32.0,35.0,BSHM,7.8849,1648329000.0
0.65949,32.0,35.0,BSHM,8.0184,1648329300.0
0.538405,32.0,35.0,BSHM,8.20363,1648329600.0
0.536152,32.0,35.0,BSHM,8.33694,1648329900.0
0.537088,32.0,35.0,BSHM,8.44335,1648330200.0
0.496246,32.0,35.0,BSHM,8.66542,1648330500.0
0.463562,32.0,35.0,BSHM,8.6034,1648330800.0
0.53588,32.0,35.0,BSHM,8.9549,1648331100.0
0.509221,32.0,35.0,BSHM,8.94839,1648331400.0
0.597082,32.0,35.0,BSHM,8.57854,1648331700.0
0.595504,32.0,35.0,BSHM,8.61137,1648332000.0
0.660099,32.0,35.0,BSHM,8.18583,1648332300.0
0.663546,32.0,35.0,BSHM,8.13467,1648332600.0
0.937201,32.0,35.0,BSHM,8.29827,1648332900.0
0.783603,32.0,35.0,BSHM,8.89585,1648333200.0
0.757432,32.0,35.0,BSHM,9.89142,1648333500.0
0.756381,32.0,35.0,BSHM,10.0841,1648333800.0
0.756843,32.0,35.0,BSHM,10.2972,1648334100.0
0.757389,32.0,35.0,BSHM,10.4644,1648334400.0
0.757954,32.0,35.0,BSHM,10.5753,1648334700.0
0.925877,32.0,35.0,BSHM,10.7246,1648335000.0
0.966245,32.0,35.0,BSHM,10.8409,1648335300.0
1.31862,32.0,35.0,BSHM,10.9175,1648335600.0
1.30779,32.0,35.0,BSHM,9.05028,1648335900.0
0.754134,32.0,35.0,BSHM,8.95663,1648336200.0
0.76595,32.0,35.0,BSHM,9.16191,1648336500.0
0.586926,32.0,35.0,BSHM,9.13215,1648336800.0
0.533349,32.0,35.0,BSHM,9.28293,1648337100.0
0.501913,32.0,35.0,BSHM,9.20985,1648337400.0
0.43924,32.0,35.0,BSHM,9.0666,1648337700.0
0.415878,32.0,35.0,BSHM,9.20391,1648338000.0
0.465193,32.0,35.0,BSHM,9.19646,1648338300.0
0.466974,32.0,35.0,BSHM,9.25793,1648338600.0
0.537336,32.0,35.0,BSHM,9.25882,1648338900.0
1.30433,35.0,33.0,NICO,7.97878,1648254300.0
0.75607,35.0,33.0,NICO,8.42683,1648254600.0
0.958868,35.0,33.0,NICO,7.81082,1648254900.0
0.541732,35.0,33.0,NICO,7.7345,1648255200.0
0.4664,35.0,33.0,NICO,7.78846,1648255500.0
0.471967,35.0,33.0,NICO,7.86588,1648255800.0
0.543506,35.0,33.0,NICO,7.85904,1648256100.0
0.769869,35.0,33.0,NICO,7.96172,1648256400.0
1.36094,35.0,33.0,NICO,8.15464,1648256700.0
0.663071,35.0,33.0,NICO,6.83564,1648260900.0
0.538201,35.0,33.0,NICO,6.51508,1648261200.0
0.470456,35.0,33.0,NICO,6.6694,1648261500.0
0.49513,35.0,33.0,NICO,6.67081,1648261800.0
0.657765,35.0,33.0,NICO,6.53938,1648262100.0
0.753762,35.0,33.0,NICO,6.61424,1648262400.0
1.31146,35.0,33.0,NICO,6.49725,1648262700.0
1.3088,35.0,33.0,NICO,7.7555,1648264200.0
1.56228,35.0,33.0,NICO,10.8611,1648267800.0
0.633863,35.0,33.0,NICO,11.2731,1648268100.0
0.529657,35.0,33.0,NICO,11.6467,1648268400.0
0.477121,35.0,33.0,NICO,11.9812,1648268700.0
0.511631,35.0,33.0,NICO,12.2977,1648269000.0
0.618265,35.0,33.0,NICO,12.5949,1648269300.0
1.36622,35.0,33.0,NICO,12.6983,1648269600.0
0.96734,35.0,33.0,NICO,12.9262,1648272300.0
0.760258,35.0,33.0,NICO,12.9595,1648272600.0
0.662841,35.0,33.0,NICO,13.1124,1648272900.0
0.77213,35.0,33.0,NICO,13.3473,1648273200.0
0.789706,35.0,33.0,NICO,13.5133,1648273500.0
0.966927,35.0,33.0,NICO,14.7096,1648273800.0
1.31093,35.0,33.0,NICO,15.5784,1648274100.0
1.3037,35.0,33.0,NICO,18.3297,1648275600.0
0.9254,35.0,33.0,NICO,15.8843,1648275900.0
1.30375,35.0,33.0,NICO,17.1649,1648276200.0
1.30776,35.0,33.0,NICO,18.3393,1648276500.0
0.793368,35.0,33.0,NICO,18.4619,1648276800.0
0.758165,35.0,33.0,NICO,18.6011,1648277100.0
0.759121,35.0,33.0,NICO,18.8175,1648277400.0
0.761175,35.0,33.0,NICO,19.0136,1648277700.0
0.761107,35.0,33.0,NICO,19.1875,1648278000.0
0.931057,35.0,33.0,NICO,19.4272,1648278300.0
1.30127,35.0,33.0,NICO,17.2751,1648278600.0
1.30152,35.0,33.0,NICO,17.5294,1648278900.0
1.30627,35.0,33.0,NICO,19.0183,1648279200.0
1.30453,35.0,33.0,NICO,19.2077,1648279500.0
0.79937,35.0,33.0,NICO,21.2253,1648282800.0
0.800548,35.0,33.0,NICO,21.4834,1648283100.0
0.793975,35.0,33.0,NICO,22.4914,1648283400.0
0.682042,35.0,33.0,NICO,23.4964,1648283700.0
0.521801,35.0,33.0,NICO,24.2344,1648284000.0
0.44892,35.0,33.0,NICO,25.0471,1648284300.0
0.455368,35.0,33.0,NICO,25.4436,1648284600.0
0.606331,35.0,33.0,NICO,25.9308,1648284900.0
0.785143,35.0,33.0,NICO,25.7777,1648285200.0
1.35769,35.0,33.0,NICO,25.5855,1648285500.0
1.30299,35.0,33.0,NICO,27.7575,1648286400.0
0.923903,35.0,33.0,NICO,27.4896,1648286700.0
0.921937,35.0,33.0,NICO,28.0865,1648287000.0
1.30561,35.0,33.0,NICO,26.6658,1648287300.0
1.30483,35.0,33.0,NICO,26.0545,1648288800.0
1.31187,35.0,33.0,NICO,25.8378,1648289100.0
1.37748,35.0,33.0,NICO,25.4306,1648290000.0
0.621264,35.0,33.0,NICO,25.1646,1648290300.0
0.475054,35.0,33.0,NICO,24.9773,1648290600.0
0.482944,35.0,33.0,NICO,24.6823,1648290900.0
0.64701,35.0,33.0,NICO,24.2709,1648291200.0
0.680405,35.0,33.0,NICO,24.1375,1648291500.0
0.878078,35.0,33.0,NICO,24.2955,1648291800.0
0.953153,35.0,33.0,NICO,23.0371,1648293000.0
0.799298,35.0,33.0,NICO,22.9631,1648293300.0
0.694627,35.0,33.0,NICO,22.9533,1648293600.0
0.770409,35.0,33.0,NICO,22.9581,1648293900.0
0.774394,35.0,33.0,NICO,22.9423,1648294200.0
1.30238,35.0,33.0,NICO,22.64,1648295400.0
1.30249,35.0,33.0,NICO,21.7959,1648295700.0
1.30309,35.0,33.0,NICO,21.8781,1648296000.0
1.30388,35.0,33.0,NICO,21.4349,1648296300.0
1.3012,35.0,33.0,NICO,20.8308,1648297500.0
1.30133,35.0,33.0,NICO,20.8913,1648297800.0
1.30327,35.0,33.0,NICO,21.4567,1648298100.0
1.305,35.0,33.0,NICO,21.5149,1648298400.0
1.30243,35.0,33.0,NICO,22.2302,1648302300.0
1.30131,35.0,33.0,NICO,22.3205,1648302600.0
1.35343,35.0,33.0,NICO,24.9911,1648304700.0
0.820966,35.0,33.0,NICO,24.9949,1648305000.0
0.994991,35.0,33.0,NICO,25.018,1648305300.0
0.796634,35.0,33.0,NICO,24.8462,1648305600.0
0.663801,35.0,33.0,NICO,23.9619,1648305900.0
0.968317,35.0,33.0,NICO,24.3534,1648306200.0
1.30125,35.0,33.0,NICO,19.7419,1648311300.0
1.30121,35.0,33.0,NICO,19.2598,1648311600.0
1.30132,35.0,33.0,NICO,18.8444,1648311900.0
0.601674,35.0,33.0,NICO,16.3175,1648312200.0
0.5109,35.0,33.0,NICO,15.078,1648312500.0
0.547593,35.0,33.0,NICO,14.2699,1648312800.0
0.545321,35.0,33.0,NICO,13.7025,1648313100.0
0.627432,35.0,33.0,NICO,13.2301,1648313400.0
0.975705,35.0,33.0,NICO,12.8106,1648313700.0
1.38654,35.0,33.0,NICO,11.224,1648314000.0
0.764462,35.0,33.0,NICO,10.8444,1648314300.0
0.670912,35.0,33.0,NICO,10.3683,1648314600.0
0.693389,35.0,33.0,NICO,9.89766,1648314900.0
0.792395,35.0,33.0,NICO,9.4688,1648315200.0
1.38606,35.0,33.0,NICO,9.03219,1648315500.0
1.30262,35.0,33.0,NICO,12.0529,1648315800.0
1.30261,35.0,33.0,NICO,11.87,1648316100.0
0.706299,35.0,33.0,NICO,7.10447,1648319100.0
0.766869,35.0,33.0,NICO,7.01441,1648319400.0
0.487675,35.0,33.0,NICO,6.881,1648319700.0
0.468563,35.0,33.0,NICO,6.85786,1648320000.0
0.546286,35.0,33.0,NICO,6.78133,1648320300.0
0.786168,35.0,33.0,NICO,6.73916,1648320600.0
1.34282,35.0,33.0,NICO,6.74678,1648320900.0
0.768571,35.0,33.0,NICO,6.63245,1648323000.0
0.758215,35.0,33.0,NICO,6.59414,1648323300.0
0.658099,35.0,33.0,NICO,6.55853,1648323600.0
0.756257,35.0,33.0,NICO,6.55519,1648323900.0
0.757337,35.0,33.0,NICO,6.55129,1648324200.0
1.33366,35.0,33.0,NICO,6.51237,1648324500.0
1.4909,35.0,33.0,NICO,6.45673,1648325100.0
0.639342,35.0,33.0,NICO,6.30537,1648325400.0
0.51877,35.0,33.0,NICO,6.26387,1648325700.0
0.665925,35.0,33.0,NICO,6.39966,1648326000.0
0.976529,35.0,33.0,NICO,6.38072,1648326300.0
0.98662,35.0,33.0,NICO,6.45502,1648326600.0
1.04894,35.0,33.0,NICO,7.87233,1648326900.0
0.590294,35.0,33.0,NICO,7.43966,1648327200.0
0.652709,35.0,33.0,NICO,7.17084,1648327500.0
0.58366,35.0,33.0,NICO,6.95099,1648327800.0
0.583931,35.0,33.0,NICO,6.91956,1648328100.0
0.753381,35.0,33.0,NICO,7.04704,1648328400.0
0.761369,35.0,33.0,NICO,7.16483,1648328700.0
1.30233,35.0,33.0,NICO,6.76537,1648329900.0
1.30226,35.0,33.0,NICO,6.84563,1648330200.0
1.33267,35.0,33.0,NICO,7.64098,1648332000.0
0.926444,35.0,33.0,NICO,7.73324,1648332300.0
0.927357,35.0,33.0,NICO,7.65882,1648332600.0
0.756626,35.0,33.0,NICO,7.57081,1648332900.0
0.924704,35.0,33.0,NICO,7.46438,1648333200.0
1.33828,35.0,33.0,NICO,7.57979,1648333500.0
1.30565,35.0,33.0,NICO,7.88132,1648334100.0
1.30481,35.0,33.0,NICO,7.83634,1648334400.0
0.760736,35.0,33.0,NICO,7.98444,1648334700.0
0.656108,35.0,33.0,NICO,7.04789,1648335000.0
0.59561,35.0,33.0,NICO,7.87779,1648335300.0
0.777229,35.0,33.0,NICO,7.86821,1648335600.0
0.932691,35.0,33.0,NICO,7.72322,1648335900.0
0.927802,35.0,33.0,NICO,7.14341,1648336200.0
0.344913,40.0,44.0,ARUC,6.73096,1648339200.0
1.30283,40.0,44.0,ARUC,7.15625,1648339500.0
1.30297,40.0,44.0,ARUC,7.25211,1648339800.0
0.777057,40.0,44.0,ARUC,4.91972,1648344000.0
0.981912,40.0,44.0,ARUC,4.73177,1648344300.0
1.30168,40.0,44.0,ARUC,7.1291,1648344600.0
1.30143,40.0,44.0,ARUC,7.05264,1648344900.0
1.32271,40.0,44.0,ARUC,5.44213,1648345800.0
0.92114,40.0,44.0,ARUC,7.0884,1648346100.0
0.921663,40.0,44.0,ARUC,7.15464,1648346400.0
1.30177,40.0,44.0,ARUC,8.96803,1648346700.0
1.30181,40.0,44.0,ARUC,9.0593,1648347000.0
1.30176,40.0,44.0,ARUC,9.04311,1648347300.0
0.752816,40.0,44.0,ARUC,7.31102,1648347600.0
0.752092,40.0,44.0,ARUC,7.2868,1648347900.0
0.752456,40.0,44.0,ARUC,7.28852,1648348200.0
0.921161,40.0,44.0,ARUC,6.67739,1648348500.0
0.923189,40.0,44.0,ARUC,6.84426,1648348800.0
0.666702,40.0,44.0,ARUC,7.46247,1648349100.0
0.372604,40.0,44.0,ARUC,6.40681,1648349400.0
0.562568,40.0,44.0,ARUC,7.74887,1648349700.0
1.30137,40.0,44.0,ARUC,11.2806,1648350000.0
1.30144,40.0,44.0,ARUC,11.8982,1648350300.0
1.30275,40.0,44.0,ARUC,12.5699,1648351200.0
1.30195,40.0,44.0,ARUC,12.9732,1648351500.0
0.921801,40.0,44.0,ARUC,12.695,1648351800.0
1.30245,40.0,44.0,ARUC,13.7833,1648352100.0
1.30426,40.0,44.0,ARUC,12.374,1648352700.0
1.30364,40.0,44.0,ARUC,12.6896,1648353000.0
1.30149,40.0,44.0,ARUC,18.5251,1648356900.0
1.30221,40.0,44.0,ARUC,18.8251,1648357200.0
0.660566,40.0,44.0,ARUC,18.3948,1648357800.0
0.754031,40.0,44.0,ARUC,18.4542,1648358100.0
0.929047,40.0,44.0,ARUC,18.8445,1648358400.0
1.30221,40.0,44.0,ARUC,18.1433,1648360500.0
1.30213,40.0,44.0,ARUC,18.1547,1648360800.0
1.30219,40.0,44.0,ARUC,18.5366,1648361100.0
0.988671,40.0,44.0,ARUC,21.5176,1648361400.0
0.982564,40.0,44.0,ARUC,21.5238,1648361700.0
1.30881,40.0,44.0,ARUC,18.8867,1648362000.0
0.836711,40.0,44.0,ARUC,24.2511,1648362300.0
1.33622,40.0,44.0,ARUC,26.5597,1648362600.0
0.941473,40.0,44.0,ARUC,27.7617,1648362900.0
0.936809,40.0,44.0,ARUC,28.1292,1648363200.0
0.935349,40.0,44.0,ARUC,28.5401,1648363500.0
0.932505,40.0,44.0,ARUC,27.3992,1648363800.0
0.932683,40.0,44.0,ARUC,27.5528,1648364100.0
1.34053,40.0,44.0,ARUC,28.67,1648364400.0
1.30651,40.0,44.0,ARUC,28.6727,1648365600.0
0.922243,40.0,44.0,ARUC,27.4972,1648365900.0
0.752998,40.0,44.0,ARUC,28.2389,1648366200.0
0.923314,40.0,44.0,ARUC,29.5188,1648366500.0
0.923454,40.0,44.0,ARUC,29.9556,1648366800.0
0.924033,40.0,44.0,ARUC,30.4288,1648367100.0
1.3098,40.0,44.0,ARUC,30.3684,1648367400.0
1.30503,40.0,44.0,ARUC,26.8839,1648369200.0
1.31988,40.0,44.0,ARUC,26.2527,1648372800.0
1.31829,40.0,44.0,ARUC,26.3381,1648373100.0
1.32033,40.0,44.0,ARUC,26.4603,1648373400.0
1.31858,40.0,44.0,ARUC,26.4405,1648373700.0
1.31863,40.0,44.0,ARUC,26.5765,1648374000.0
0.533399,40.0,44.0,ARUC,25.3031,1648374300.0
0.585316,40.0,44.0,ARUC,25.2231,1648374600.0
0.93384,40.0,44.0,ARUC,25.3917,1648374900.0
1.30489,40.0,44.0,ARUC,23.3323,1648375200.0
1.30449,40.0,44.0,ARUC,23.2788,1648375500.0
1.30573,40.0,44.0,ARUC,22.9917,1648375800.0
1.30887,40.0,44.0,ARUC,22.8358,1648376100.0
1.30567,40.0,44.0,ARUC,22.8064,1648379100.0
1.30309,40.0,44.0,ARUC,22.7349,1648379400.0
1.30294,40.0,44.0,ARUC,22.7162,1648379700.0
1.3031,40.0,44.0,ARUC,22.667,1648380000.0
0.92111,40.0,44.0,ARUC,23.4309,1648380300.0
0.92087,40.0,44.0,ARUC,23.3875,1648380600.0
0.755544,40.0,44.0,ARUC,23.7109,1648380900.0
0.436163,40.0,44.0,ARUC,23.6001,1648381200.0
0.377302,40.0,44.0,ARUC,23.3712,1648381500.0
0.752272,40.0,44.0,ARUC,23.5238,1648381800.0
0.586558,40.0,44.0,ARUC,23.0676,1648382100.0
0.665933,40.0,44.0,ARUC,23.0657,1648382400.0
1.30326,40.0,44.0,ARUC,24.2537,1648382700.0
0.922047,40.0,44.0,ARUC,24.7656,1648383000.0
1.30347,40.0,44.0,ARUC,24.1805,1648383300.0
1.30336,40.0,44.0,ARUC,24.068,1648383600.0
1.32626,40.0,44.0,ARUC,24.0383,1648383900.0
1.3013,40.0,44.0,ARUC,25.2555,1648386000.0
1.30129,40.0,44.0,ARUC,25.354,1648386300.0
1.31499,40.0,44.0,ARUC,27.3895,1648389000.0
1.30834,40.0,44.0,ARUC,27.2266,1648389300.0
1.30951,40.0,44.0,ARUC,27.0199,1648389600.0
1.309,40.0,44.0,ARUC,26.7036,1648389900.0
0.818029,40.0,44.0,ARUC,22.4751,1648390200.0
0.474437,40.0,44.0,ARUC,23.3213,1648390500.0
0.407329,40.0,44.0,ARUC,23.8411,1648390800.0
0.352981,40.0,44.0,ARUC,23.7204,1648391100.0
0.760057,40.0,44.0,ARUC,22.3634,1648391400.0
0.950949,40.0,44.0,ARUC,23.0595,1648391700.0
1.3036,40.0,44.0,ARUC,24.5916,1648392000.0
1.30392,40.0,44.0,ARUC,24.314,1648392300.0
0.922838,40.0,44.0,ARUC,24.0957,1648392600.0
1.30557,40.0,44.0,ARUC,24.1388,1648392900.0
1.33143,40.0,44.0,ARUC,22.7934,1648393200.0
1.30923,40.0,44.0,ARUC,22.786,1648393500.0
1.30996,40.0,44.0,ARUC,22.654,1648393800.0
1.30938,40.0,44.0,ARUC,22.5521,1648394100.0
1.30889,40.0,44.0,ARUC,22.3176,1648394400.0
0.356014,40.0,44.0,ARUC,20.519,1648394700.0
0.372953,40.0,44.0,ARUC,20.1324,1648395000.0
1.3063,40.0,44.0,ARUC,21.7196,1648395300.0
1.30626,40.0,44.0,ARUC,21.4576,1648395600.0
1.30595,40.0,44.0,ARUC,21.0972,1648395900.0
1.30879,40.0,44.0,ARUC,20.8441,1648396200.0
0.926402,40.0,44.0,ARUC,14.8785,1648398600.0
0.753735,40.0,44.0,ARUC,14.5441,1648398900.0
0.753589,40.0,44.0,ARUC,14.2679,1648399200.0
0.753433,40.0,44.0,ARUC,14.033,1648399500.0
0.753298,40.0,44.0,ARUC,13.7416,1648399800.0
0.754292,40.0,44.0,ARUC,13.4348,1648400100.0
0.923636,40.0,44.0,ARUC,13.1323,1648400400.0
1.30247,40.0,44.0,ARUC,12.4718,1648400700.0
1.30245,40.0,44.0,ARUC,12.0425,1648401000.0
1.30265,40.0,44.0,ARUC,11.646,1648401300.0
1.42571,40.0,44.0,ARUC,10.5961,1648401600.0
0.555916,40.0,44.0,ARUC,9.58817,1648401900.0
0.667095,40.0,44.0,ARUC,9.90039,1648402200.0
1.31463,40.0,44.0,ARUC,8.29981,1648404000.0
0.771532,40.0,44.0,ARUC,7.85939,1648404300.0
0.758963,40.0,44.0,ARUC,9.85611,1648404600.0
0.922508,40.0,44.0,ARUC,8.5036,1648404900.0
1.30643,40.0,44.0,ARUC,8.43456,1648405200.0
1.3069,40.0,44.0,ARUC,8.52433,1648405500.0
1.30744,40.0,44.0,ARUC,8.62697,1648405800.0
1.31031,40.0,44.0,ARUC,8.66477,1648406100.0
1.31734,40.0,44.0,ARUC,6.90653,1648407300.0
1.3089,40.0,44.0,ARUC,6.96221,1648407600.0
1.30846,40.0,44.0,ARUC,6.9861,1648407900.0
1.30907,40.0,44.0,ARUC,7.03919,1648408200.0
0.93133,40.0,44.0,ARUC,7.60715,1648408500.0
0.924314,40.0,44.0,ARUC,7.69443,1648408800.0
0.925709,40.0,44.0,ARUC,7.81275,1648409100.0
0.922502,40.0,44.0,ARUC,9.33255,1648409400.0
0.921836,40.0,44.0,ARUC,9.37547,1648409700.0
0.921909,40.0,44.0,ARUC,9.39316,1648410000.0
0.922175,40.0,44.0,ARUC,9.36507,1648410300.0
1.31988,40.0,44.0,ARUC,8.19668,1648410600.0
1.35577,40.0,44.0,ARUC,8.26204,1648410900.0
1.31067,40.0,44.0,ARUC,7.85065,1648412700.0
0.92122,40.0,44.0,ARUC,8.39614,1648413000.0
0.921681,40.0,44.0,ARUC,8.43957,1648413300.0
1.30238,40.0,44.0,ARUC,7.52908,1648413600.0
1.30298,40.0,44.0,ARUC,7.41218,1648413900.0
1.30465,40.0,44.0,ARUC,5.55546,1648416600.0
1.32168,40.0,44.0,ARUC,7.43555,1648417500.0
1.30964,40.0,44.0,ARUC,7.58407,1648417800.0
1.31064,40.0,44.0,ARUC,7.73406,1648418100.0
1.30977,40.0,44.0,ARUC,7.85256,1648418400.0
1.30902,40.0,44.0,ARUC,8.04545,1648418700.0
0.490222,40.0,44.0,ARUC,7.38493,1648419000.0
0.42141,40.0,44.0,ARUC,7.94233,1648419300.0
0.37473,40.0,44.0,ARUC,7.63158,1648419600.0
0.500604,40.0,44.0,ARUC,8.29219,1648419900.0
0.617413,40.0,44.0,ARUC,9.13875,1648420200.0
1.3225,40.0,44.0,ARUC,11.2361,1648420500.0
0.930121,40.0,44.0,ARUC,12.2433,1648420800.0
0.927802,40.0,44.0,ARUC,12.2716,1648421100.0
0.937685,40.0,44.0,ARUC,12.3386,1648421400.0
1.30252,40.0,44.0,ARUC,13.3409,1648421700.0
1.30271,40.0,44.0,ARUC,13.399,1648422000.0
0.962204,40.0,44.0,ARUC,10.8357,1648422300.0
1.30297,40.0,44.0,ARUC,5.92123,1648423800.0
1.30271,40.0,44.0,ARUC,5.97594,1648424100.0
1.30284,40.0,44.0,ARUC,6.04971,1648424400.0
1.303,40.0,44.0,ARUC,6.0939,1648424700.0
0.598594,40.0,44.0,ARUC,6.33378,1648425000.0
0.355581,40.0,44.0,ARUC,6.29672,1648425300.0
0.672476,32.0,35.0,BSHM,9.47927,1648339200.0
0.925936,32.0,35.0,BSHM,10.444,1648339500.0
0.963976,32.0,35.0,BSHM,10.4856,1648339800.0
0.952631,32.0,35.0,BSHM,10.1809,1648340100.0
0.944496,32.0,35.0,BSHM,6.92442,1648340400.0
0.935009,32.0,35.0,BSHM,6.75163,1648340700.0
0.763573,32.0,35.0,BSHM,7.39806,1648341000.0
0.592305,32.0,35.0,BSHM,7.18587,1648341300.0
0.589756,32.0,35.0,BSHM,7.07513,1648341600.0
0.540144,32.0,35.0,BSHM,7.16211,1648341900.0
0.552852,32.0,35.0,BSHM,6.35938,1648342200.0
0.666157,32.0,35.0,BSHM,5.97447,1648342500.0
0.767999,32.0,35.0,BSHM,6.53866,1648342800.0
0.957631,32.0,35.0,BSHM,5.74254,1648343100.0
0.978886,32.0,35.0,BSHM,5.607,1648343400.0
0.76904,32.0,35.0,BSHM,1.51033,1648343700.0
0.674318,32.0,35.0,BSHM,3.45252,1648344000.0
0.770397,32.0,35.0,BSHM,3.35979,1648344300.0
0.672644,32.0,35.0,BSHM,4.28271,1648344600.0
0.602133,32.0,35.0,BSHM,4.90812,1648344900.0
0.605678,32.0,35.0,BSHM,5.78392,1648345200.0
0.548874,32.0,35.0,BSHM,6.02563,1648345500.0
0.594903,32.0,35.0,BSHM,5.68695,1648345800.0
0.593432,32.0,35.0,BSHM,6.47431,1648346100.0
0.542958,32.0,35.0,BSHM,5.69794,1648346400.0
0.501519,32.0,35.0,BSHM,5.83791,1648346700.0
0.500102,32.0,35.0,BSHM,5.73077,1648347000.0
0.500984,32.0,35.0,BSHM,5.30077,1648347300.0
0.503931,32.0,35.0,BSHM,5.28505,1648347600.0
0.540772,32.0,35.0,BSHM,5.68229,1648347900.0
0.629482,32.0,35.0,BSHM,5.70545,1648348200.0
0.62899,32.0,35.0,BSHM,7.09796,1648348500.0
0.650313,32.0,35.0,BSHM,7.31816,1648348800.0
0.709187,32.0,35.0,BSHM,7.5793,1648349100.0
0.738904,32.0,35.0,BSHM,7.59102,1648349400.0
0.829785,32.0,35.0,BSHM,7.67039,1648349700.0
0.737375,32.0,35.0,BSHM,7.63605,1648350000.0
0.646865,32.0,35.0,BSHM,7.03932,1648350300.0
0.692641,32.0,35.0,BSHM,6.92153,1648350600.0
0.6044,32.0,35.0,BSHM,6.73479,1648350900.0
0.587716,32.0,35.0,BSHM,5.98077,1648351200.0
0.500209,32.0,35.0,BSHM,6.59002,1648351500.0
0.465292,32.0,35.0,BSHM,6.53133,1648351800.0
0.494574,32.0,35.0,BSHM,6.81795,1648352100.0
0.465992,32.0,35.0,BSHM,7.70231,1648352400.0
0.414819,32.0,35.0,BSHM,8.75634,1648352700.0
0.39913,32.0,35.0,BSHM,9.67384,1648353000.0
0.421214,32.0,35.0,BSHM,10.4394,1648353300.0
0.366841,32.0,35.0,BSHM,11.207,1648353600.0
0.391314,32.0,35.0,BSHM,11.8516,1648353900.0
0.447254,32.0,35.0,BSHM,13.074,1648354200.0
0.473617,32.0,35.0,BSHM,13.3313,1648354500.0
0.485975,32.0,35.0,BSHM,13.7082,1648354800.0
0.543513,32.0,35.0,BSHM,15.3883,1648355100.0
0.500252,32.0,35.0,BSHM,15.7614,1648355400.0
0.535024,32.0,35.0,BSHM,14.9461,1648355700.0
0.585689,32.0,35.0,BSHM,15.1127,1648356000.0
0.495161,32.0,35.0,BSHM,16.1768,1648356300.0
0.415578,32.0,35.0,BSHM,17.0769,1648356600.0
0.437702,32.0,35.0,BSHM,17.3564,1648356900.0
0.53371,32.0,35.0,BSHM,17.7459,1648357200.0
0.53379,32.0,35.0,BSHM,18.2038,1648357500.0
0.58413,32.0,35.0,BSHM,19.3053,1648357800.0
0.493261,32.0,35.0,BSHM,19.7407,1648358100.0
0.496817,32.0,35.0,BSHM,19.7005,1648358400.0
0.583839,32.0,35.0,BSHM,20.4079,1648358700.0
0.58265,32.0,35.0,BSHM,20.5599,1648359000.0
0.58741,32.0,35.0,BSHM,19.9715,1648359300.0
0.536918,32.0,35.0,BSHM,20.3467,1648359600.0
0.584673,32.0,35.0,BSHM,20.3088,1648359900.0
0.494327,32.0,35.0,BSHM,20.6576,1648360200.0
0.493602,32.0,35.0,BSHM,20.8747,1648360500.0
0.436651,32.0,35.0,BSHM,20.9399,1648360800.0
0.46288,32.0,35.0,BSHM,21.4357,1648361100.0
0.493837,32.0,35.0,BSHM,21.56,1648361400.0
0.582361,32.0,35.0,BSHM,21.2669,1648361700.0
0.582314,32.0,35.0,BSHM,21.5146,1648362000.0
0.651637,32.0,35.0,BSHM,21.7231,1648362300.0
0.921952,32.0,35.0,BSHM,22.86,1648362600.0
1.30193,32.0,35.0,BSHM,23.2371,1648362900.0
1.30906,32.0,35.0,BSHM,23.4245,1648363200.0
1.62889,32.0,35.0,BSHM,27.9571,1648364400.0
1.45917,32.0,35.0,BSHM,28.3206,1648364700.0
1.47263,32.0,35.0,BSHM,28.7231,1648365000.0
1.48837,32.0,35.0,BSHM,28.9806,1648365300.0
1.46837,32.0,35.0,BSHM,29.1719,1648365600.0
1.48244,32.0,35.0,BSHM,29.3927,1648365900.0
1.47748,32.0,35.0,BSHM,30.1707,1648366200.0
0.835704,32.0,35.0,BSHM,28.5747,1648366500.0
0.947196,32.0,35.0,BSHM,28.1735,1648366800.0
0.944727,32.0,35.0,BSHM,28.3536,1648367100.0
0.942704,32.0,35.0,BSHM,28.5824,1648367400.0
0.962158,32.0,35.0,BSHM,28.7535,1648367700.0
1.30331,32.0,35.0,BSHM,29.386,1648368600.0
0.921713,32.0,35.0,BSHM,29.6032,1648368900.0
1.30368,32.0,35.0,BSHM,28.8648,1648369200.0
1.33345,32.0,35.0,BSHM,29.8257,1648369500.0
1.3082,32.0,35.0,BSHM,29.8029,1648369800.0
0.942949,32.0,35.0,BSHM,29.4131,1648370100.0
1.3061,32.0,35.0,BSHM,29.5351,1648370400.0
1.30768,32.0,35.0,BSHM,30.0029,1648370700.0
1.06792,32.0,35.0,BSHM,35.0004,1648372800.0
0.865757,32.0,35.0,BSHM,35.6528,1648373100.0
1.01636,32.0,35.0,BSHM,36.3967,1648373400.0
0.846778,32.0,35.0,BSHM,35.9439,1648373700.0
0.672394,32.0,35.0,BSHM,35.8813,1648374000.0
0.566183,32.0,35.0,BSHM,35.9667,1648374300.0
0.569022,32.0,35.0,BSHM,35.6617,1648374600.0
0.52318,32.0,35.0,BSHM,36.1094,1648374900.0
0.569608,32.0,35.0,BSHM,36.5637,1648375200.0
0.558932,32.0,35.0,BSHM,36.8729,1648375500.0
0.572242,32.0,35.0,BSHM,37.132,1648375800.0
0.614085,32.0,35.0,BSHM,37.4465,1648376100.0
0.611407,32.0,35.0,BSHM,36.7205,1648376400.0
0.700034,32.0,35.0,BSHM,36.9443,1648376700.0
0.698212,32.0,35.0,BSHM,37.4118,1648377000.0
0.585312,32.0,35.0,BSHM,38.9113,1648377300.0
0.579681,32.0,35.0,BSHM,38.9291,1648377600.0
0.529869,32.0,35.0,BSHM,38.7036,1648377900.0
0.450253,32.0,35.0,BSHM,38.9136,1648378200.0
0.453492,32.0,35.0,BSHM,38.8063,1648378500.0
0.450362,32.0,35.0,BSHM,38.5761,1648378800.0
0.409627,32.0,35.0,BSHM,38.0935,1648379100.0
0.447965,32.0,35.0,BSHM,38.1738,1648379400.0
0.470229,32.0,35.0,BSHM,36.9672,1648379700.0
0.446762,32.0,35.0,BSHM,36.5458,1648380000.0
0.489549,32.0,35.0,BSHM,35.9475,1648380300.0
0.467401,32.0,35.0,BSHM,35.0384,1648380600.0
0.458226,32.0,35.0,BSHM,34.9187,1648380900.0
0.546016,32.0,35.0,BSHM,35.0857,1648381200.0
0.602583,32.0,35.0,BSHM,33.8461,1648381500.0
0.60768,32.0,35.0,BSHM,33.7357,1648381800.0
0.634142,32.0,35.0,BSHM,33.1271,1648382100.0
0.714196,32.0,35.0,BSHM,33.5022,1648382400.0
0.770034,32.0,35.0,BSHM,32.1361,1648382700.0
0.780798,32.0,35.0,BSHM,31.4803,1648383000.0
0.841342,32.0,35.0,BSHM,30.7454,1648383300.0
0.792168,32.0,35.0,BSHM,29.8312,1648383600.0
0.708935,32.0,35.0,BSHM,29.5464,1648383900.0
0.680869,32.0,35.0,BSHM,29.4585,1648384200.0
0.714755,32.0,35.0,BSHM,29.3557,1648384500.0
0.627984,32.0,35.0,BSHM,29.4451,1648384800.0
0.601193,32.0,35.0,BSHM,29.2347,1648385100.0
0.572529,32.0,35.0,BSHM,29.5833,1648385400.0
0.479599,32.0,35.0,BSHM,29.5246,1648385700.0
0.598321,32.0,35.0,BSHM,29.6273,1648386000.0
0.545438,32.0,35.0,BSHM,29.9709,1648386300.0
0.558824,32.0,35.0,BSHM,30.2844,1648386600.0
0.615622,32.0,35.0,BSHM,31.1502,1648386900.0
0.632471,32.0,35.0,BSHM,31.7835,1648387200.0
0.56709,32.0,35.0,BSHM,32.7205,1648387500.0
0.602899,32.0,35.0,BSHM,33.5178,1648387800.0
0.58093,32.0,35.0,BSHM,33.2887,1648388100.0
0.686037,32.0,35.0,BSHM,34.0092,1648388400.0
0.682124,32.0,35.0,BSHM,33.8869,1648388700.0
0.626168,32.0,35.0,BSHM,33.2022,1648389000.0
0.728957,32.0,35.0,BSHM,33.0535,1648389300.0
0.7904,32.0,35.0,BSHM,32.3761,1648389600.0
0.752267,32.0,35.0,BSHM,32.277,1648389900.0
0.767831,32.0,35.0,BSHM,29.2259,1648390200.0
0.7676,32.0,35.0,BSHM,29.2574,1648390500.0
1.35915,32.0,35.0,BSHM,30.42,1648390800.0
1.03969,32.0,35.0,BSHM,27.109,1648393500.0
1.03504,32.0,35.0,BSHM,26.5926,1648393800.0
0.819232,32.0,35.0,BSHM,28.2374,1648394100.0
0.673068,32.0,35.0,BSHM,26.6589,1648394400.0
0.597716,32.0,35.0,BSHM,27.6704,1648394700.0
0.590437,32.0,35.0,BSHM,27.5449,1648395000.0
0.626593,32.0,35.0,BSHM,27.4114,1648395300.0
0.574796,32.0,35.0,BSHM,26.2497,1648395600.0
0.568122,32.0,35.0,BSHM,25.9186,1648395900.0
0.700724,32.0,35.0,BSHM,23.8257,1648396200.0
0.582545,32.0,35.0,BSHM,23.3909,1648396500.0
0.638045,32.0,35.0,BSHM,22.8308,1648396800.0
0.673604,32.0,35.0,BSHM,22.0764,1648397100.0
0.674046,32.0,35.0,BSHM,21.2915,1648397400.0
0.640607,32.0,35.0,BSHM,20.5712,1648397700.0
0.556148,32.0,35.0,BSHM,19.9302,1648398000.0
0.609381,32.0,35.0,BSHM,19.2196,1648398300.0
0.522466,32.0,35.0,BSHM,18.5289,1648398600.0
0.612808,32.0,35.0,BSHM,17.7999,1648398900.0
0.572697,32.0,35.0,BSHM,17.4656,1648399200.0
0.624602,32.0,35.0,BSHM,17.3588,1648399500.0
0.522565,32.0,35.0,BSHM,16.7007,1648399800.0
0.493824,32.0,35.0,BSHM,16.0092,1648400100.0
0.495915,32.0,35.0,BSHM,15.4346,1648400400.0
0.538822,32.0,35.0,BSHM,14.9368,1648400700.0
0.569793,32.0,35.0,BSHM,14.3718,1648401000.0
0.569912,32.0,35.0,BSHM,13.7971,1648401300.0
0.614027,32.0,35.0,BSHM,13.0674,1648401600.0
0.576191,32.0,35.0,BSHM,13.4624,1648401900.0
0.604409,32.0,35.0,BSHM,13.3482,1648402200.0
0.572574,32.0,35.0,BSHM,13.5994,1648402500.0
0.612139,32.0,35.0,BSHM,13.24,1648402800.0
0.560796,32.0,35.0,BSHM,12.6487,1648403100.0
0.459211,32.0,35.0,BSHM,11.6929,1648403400.0
0.447724,32.0,35.0,BSHM,11.1272,1648403700.0
0.505107,32.0,35.0,BSHM,10.7893,1648404000.0
0.479384,32.0,35.0,BSHM,10.4087,1648404300.0
0.508851,32.0,35.0,BSHM,9.78866,1648404600.0
0.475374,32.0,35.0,BSHM,10.6506,1648404900.0
0.547602,32.0,35.0,BSHM,10.6645,1648405200.0
0.513362,32.0,35.0,BSHM,10.3112,1648405500.0
0.601277,32.0,35.0,BSHM,9.85309,1648405800.0
0.694869,32.0,35.0,BSHM,10.4566,1648406100.0
0.711258,32.0,35.0,BSHM,11.1108,1648406400.0
0.691118,32.0,35.0,BSHM,10.8985,1648406700.0
0.809093,32.0,35.0,BSHM,11.7215,1648407000.0
0.7996,32.0,35.0,BSHM,11.2437,1648407300.0
0.79566,32.0,35.0,BSHM,11.1343,1648407600.0
0.715812,32.0,35.0,BSHM,11.1344,1648407900.0
0.637797,32.0,35.0,BSHM,10.8691,1648408200.0
0.686077,32.0,35.0,BSHM,10.7448,1648408500.0
0.626155,32.0,35.0,BSHM,10.6223,1648408800.0
0.600192,32.0,35.0,BSHM,10.4026,1648409100.0
0.607375,32.0,35.0,BSHM,10.3147,1648409400.0
0.561359,32.0,35.0,BSHM,10.1947,1648409700.0
0.577787,32.0,35.0,BSHM,10.1499,1648410000.0
0.49094,32.0,35.0,BSHM,10.221,1648410300.0
0.468303,32.0,35.0,BSHM,10.1263,1648410600.0
0.439598,32.0,35.0,BSHM,10.3502,1648410900.0
0.455126,32.0,35.0,BSHM,10.4977,1648411200.0
0.447819,32.0,35.0,BSHM,10.8068,1648411500.0
0.484161,32.0,35.0,BSHM,10.8695,1648411800.0
0.466244,32.0,35.0,BSHM,10.9886,1648412100.0
0.624368,32.0,35.0,BSHM,10.8989,1648412400.0
0.843271,32.0,35.0,BSHM,11.2093,1648412700.0
1.47668,32.0,35.0,BSHM,11.984,1648413000.0
1.4236,32.0,35.0,BSHM,10.0101,1648413600.0
1.38243,32.0,35.0,BSHM,9.8886,1648413900.0
0.792921,32.0,35.0,BSHM,9.88074,1648414200.0
0.811735,32.0,35.0,BSHM,9.91655,1648414500.0
0.774119,32.0,35.0,BSHM,10.1172,1648414800.0
0.771745,32.0,35.0,BSHM,10.4444,1648415100.0
0.75677,32.0,35.0,BSHM,10.4837,1648415400.0
0.590474,32.0,35.0,BSHM,10.6684,1648415700.0
0.534112,32.0,35.0,BSHM,10.7828,1648416000.0
0.500612,32.0,35.0,BSHM,10.9301,1648416300.0
0.536346,32.0,35.0,BSHM,11.056,1648416600.0
0.58528,32.0,35.0,BSHM,10.9761,1648416900.0
0.65501,32.0,35.0,BSHM,11.3771,1648417200.0
0.465418,32.0,35.0,BSHM,10.8962,1648417500.0
0.543875,32.0,35.0,BSHM,10.7108,1648417800.0
0.540536,32.0,35.0,BSHM,11.3862,1648418100.0
0.766092,32.0,35.0,BSHM,9.85671,1648418400.0
0.928671,32.0,35.0,BSHM,9.93502,1648418700.0
1.30426,32.0,35.0,BSHM,11.7093,1648419000.0
0.93513,32.0,35.0,BSHM,11.8682,1648419300.0
0.758043,32.0,35.0,BSHM,12.0838,1648419600.0
0.757479,32.0,35.0,BSHM,12.2525,1648419900.0
0.75688,32.0,35.0,BSHM,12.3877,1648420200.0
0.757351,32.0,35.0,BSHM,12.5188,1648420500.0
0.758236,32.0,35.0,BSHM,12.6287,1648420800.0
0.929926,32.0,35.0,BSHM,12.7042,1648421100.0
0.94918,32.0,35.0,BSHM,12.7682,1648421400.0
1.30531,32.0,35.0,BSHM,12.8438,1648421700.0
1.30688,32.0,35.0,BSHM,10.7076,1648422000.0
0.756149,32.0,35.0,BSHM,9.31241,1648422300.0
0.754977,32.0,35.0,BSHM,9.27954,1648422600.0
0.655847,32.0,35.0,BSHM,9.7052,1648422900.0
0.498344,32.0,35.0,BSHM,9.01644,1648423200.0
0.442789,32.0,35.0,BSHM,8.87484,1648423500.0
0.497323,32.0,35.0,BSHM,9.35883,1648423800.0
0.465489,32.0,35.0,BSHM,9.43429,1648424100.0
0.500515,32.0,35.0,BSHM,9.12147,1648424400.0
0.543814,32.0,35.0,BSHM,9.65873,1648424700.0
0.653971,32.0,35.0,BSHM,10.4987,1648425000.0
0.662234,32.0,35.0,BSHM,10.4357,1648425300.0
0.758083,35.0,33.0,NICO,7.21683,1648340400.0
0.545453,35.0,33.0,NICO,7.53129,1648340700.0
0.504234,35.0,33.0,NICO,7.8238,1648341000.0
0.467288,35.0,33.0,NICO,7.81515,1648341300.0
0.543811,35.0,33.0,NICO,7.7921,1648341600.0
0.763856,35.0,33.0,NICO,7.73928,1648341900.0
0.963737,35.0,33.0,NICO,7.86491,1648342200.0
1.30277,35.0,33.0,NICO,6.63512,1648344000.0
1.31416,35.0,33.0,NICO,6.6454,1648344300.0
1.32493,35.0,33.0,NICO,4.98865,1648347600.0
0.757879,35.0,33.0,NICO,5.27539,1648347900.0
0.496793,35.0,33.0,NICO,5.40792,1648348200.0
0.465089,35.0,33.0,NICO,5.34264,1648348500.0
0.586186,35.0,33.0,NICO,5.44836,1648348800.0
0.757505,35.0,33.0,NICO,5.40224,1648349100.0
0.930173,35.0,33.0,NICO,5.35988,1648349400.0
1.31153,35.0,33.0,NICO,5.6101,1648350300.0
0.626642,35.0,33.0,NICO,11.463,1648354200.0
0.555775,35.0,33.0,NICO,12.1412,1648354500.0
0.482662,35.0,33.0,NICO,12.8402,1648354800.0
0.513922,35.0,33.0,NICO,13.6251,1648355100.0
0.606331,35.0,33.0,NICO,14.3012,1648355400.0
1.3622,35.0,33.0,NICO,14.7463,1648355700.0
1.33,35.0,33.0,NICO,17.5616,1648358700.0
0.966114,35.0,33.0,NICO,18.0672,1648359000.0
0.826658,35.0,33.0,NICO,18.4446,1648359300.0
0.984019,35.0,33.0,NICO,18.8318,1648359600.0
1.31565,35.0,33.0,NICO,18.8685,1648359900.0
1.30716,35.0,33.0,NICO,19.1104,1648360200.0
1.39889,35.0,33.0,NICO,23.4133,1648361400.0
0.948006,35.0,33.0,NICO,22.883,1648361700.0
0.927057,35.0,33.0,NICO,16.2134,1648362000.0
1.30747,35.0,33.0,NICO,19.8023,1648362300.0
1.35715,35.0,33.0,NICO,25.6458,1648362900.0
1.33615,35.0,33.0,NICO,25.8288,1648363200.0
0.767166,35.0,33.0,NICO,26.1766,1648363500.0
0.768437,35.0,33.0,NICO,26.497,1648363800.0
0.676767,35.0,33.0,NICO,26.9148,1648364100.0
0.765979,35.0,33.0,NICO,27.1864,1648364400.0
0.686683,35.0,33.0,NICO,26.3558,1648364700.0
0.935044,35.0,33.0,NICO,25.7563,1648365000.0
1.3053,35.0,33.0,NICO,26.2026,1648365300.0
1.30732,35.0,33.0,NICO,26.4692,1648365600.0
0.824727,35.0,33.0,NICO,26.4251,1648368900.0
0.78589,35.0,33.0,NICO,26.476,1648369200.0
0.81043,35.0,33.0,NICO,27.1083,1648369500.0
0.696373,35.0,33.0,NICO,27.8461,1648369800.0
0.519992,35.0,33.0,NICO,28.2189,1648370100.0
0.44698,35.0,33.0,NICO,28.4006,1648370400.0
0.48425,35.0,33.0,NICO,28.5248,1648370700.0
0.607803,35.0,33.0,NICO,28.8368,1648371000.0
0.70414,35.0,33.0,NICO,29.1096,1648371300.0
1.02789,35.0,33.0,NICO,29.3096,1648371600.0
1.30663,35.0,33.0,NICO,30.1696,1648372500.0
1.31315,35.0,33.0,NICO,28.4279,1648372800.0
0.922086,35.0,33.0,NICO,30.0467,1648373100.0
1.30499,35.0,33.0,NICO,29.1359,1648373400.0
1.30809,35.0,33.0,NICO,30.0098,1648374900.0
1.31256,35.0,33.0,NICO,30.0628,1648375200.0
1.30158,35.0,33.0,NICO,31.448,1648377000.0
0.973889,35.0,33.0,NICO,31.128,1648379100.0
0.932594,35.0,33.0,NICO,31.1738,1648379400.0
0.800839,35.0,33.0,NICO,31.1471,1648379700.0
0.940405,35.0,33.0,NICO,30.9837,1648380000.0
0.945511,35.0,33.0,NICO,30.7845,1648380300.0
1.30259,35.0,33.0,NICO,28.3025,1648381500.0
1.30255,35.0,33.0,NICO,27.8646,1648381800.0
1.30345,35.0,33.0,NICO,27.7606,1648382100.0
1.30332,35.0,33.0,NICO,27.2999,1648382400.0
1.51507,35.0,33.0,NICO,26.1468,1648382700.0
0.880674,35.0,33.0,NICO,26.1285,1648383000.0
0.585642,35.0,33.0,NICO,26.0743,1648383300.0
0.564525,35.0,33.0,NICO,26.038,1648383600.0
0.568963,35.0,33.0,NICO,26.1379,1648383900.0
0.566951,35.0,33.0,NICO,26.0174,1648384200.0
0.879445,35.0,33.0,NICO,25.7873,1648384500.0
1.30129,35.0,33.0,NICO,29.0186,1648388700.0
1.33745,35.0,33.0,NICO,29.5889,1648391400.0
0.771541,35.0,33.0,NICO,28.971,1648391700.0
0.590027,35.0,33.0,NICO,27.1357,1648392000.0
0.47686,35.0,33.0,NICO,27.3184,1648392300.0
0.77338,35.0,33.0,NICO,27.8139,1648392600.0
0.777629,35.0,33.0,NICO,27.477,1648392900.0
0.813709,35.0,33.0,NICO,26.9354,1648393200.0
1.53385,35.0,33.0,NICO,26.4626,1648393500.0
1.30217,35.0,33.0,NICO,21.9172,1648394700.0
1.3028,35.0,33.0,NICO,21.5635,1648395000.0
1.30134,35.0,33.0,NICO,20.5154,1648397400.0
1.30129,35.0,33.0,NICO,20.0193,1648397700.0
1.30133,35.0,33.0,NICO,19.5104,1648398000.0
1.30177,35.0,33.0,NICO,19.134,1648398300.0
1.30125,35.0,33.0,NICO,18.4916,1648398600.0
0.956569,35.0,33.0,NICO,16.3584,1648398900.0
0.588987,35.0,33.0,NICO,16.3601,1648399200.0
0.495112,35.0,33.0,NICO,15.8693,1648399500.0
0.49657,35.0,33.0,NICO,15.5017,1648399800.0
0.502997,35.0,33.0,NICO,14.6195,1648400100.0
0.500946,35.0,33.0,NICO,14.0705,1648400400.0
0.55164,35.0,33.0,NICO,13.5147,1648400700.0
0.695205,35.0,33.0,NICO,12.8341,1648401000.0
0.667788,35.0,33.0,NICO,12.9664,1648401300.0
0.766193,35.0,33.0,NICO,13.5985,1648401600.0
1.30266,35.0,33.0,NICO,14.1445,1648401900.0
1.3025,35.0,33.0,NICO,11.2122,1648403100.0
1.30305,35.0,33.0,NICO,10.4046,1648403400.0
1.43939,35.0,33.0,NICO,9.4165,1648404900.0
0.788972,35.0,33.0,NICO,9.36001,1648405200.0
0.582838,35.0,33.0,NICO,9.24373,1648405500.0
0.573977,35.0,33.0,NICO,9.0815,1648405800.0
0.627932,35.0,33.0,NICO,8.92524,1648406100.0
1.43439,35.0,33.0,NICO,9.01177,1648406400.0
0.764036,35.0,33.0,NICO,8.40827,1648409100.0
0.75483,35.0,33.0,NICO,8.3835,1648409400.0
0.654678,35.0,33.0,NICO,8.38863,1648409700.0
0.756586,35.0,33.0,NICO,8.45414,1648410000.0
0.75622,35.0,33.0,NICO,8.56446,1648410300.0
0.945684,35.0,33.0,NICO,8.79153,1648410600.0
1.30508,35.0,33.0,NICO,9.57493,1648413000.0
0.652165,35.0,33.0,NICO,9.42512,1648413300.0
0.652697,35.0,33.0,NICO,9.12866,1648413600.0
0.654076,35.0,33.0,NICO,9.12872,1648413900.0
0.584297,35.0,33.0,NICO,9.25451,1648414200.0
0.657677,35.0,33.0,NICO,9.40962,1648414500.0
0.760374,35.0,33.0,NICO,9.51064,1648414800.0
1.31494,35.0,33.0,NICO,10.2569,1648418100.0
0.925573,35.0,33.0,NICO,10.4216,1648418400.0
0.924918,35.0,33.0,NICO,10.444,1648418700.0
0.755867,35.0,33.0,NICO,10.4505,1648419000.0
0.923936,35.0,33.0,NICO,10.2849,1648419300.0
1.30461,35.0,33.0,NICO,10.0802,1648419600.0
1.31561,35.0,33.0,NICO,10.0244,1648419900.0
0.990601,35.0,33.0,NICO,10.4556,1648420200.0
0.76005,35.0,33.0,NICO,10.3338,1648420500.0
0.762266,35.0,33.0,NICO,10.2272,1648420800.0
0.7788,35.0,33.0,NICO,10.349,1648421100.0
0.768809,35.0,33.0,NICO,10.2516,1648421400.0
0.948856,35.0,33.0,NICO,10.2304,1648421700.0
1.30242,35.0,33.0,NICO,8.44704,1648422900.0
1.3021,35.0,33.0,NICO,8.29941,1648423200.0
0.605916,40.0,44.0,ARUC,5.04703,1648425600.0
1.30263,40.0,44.0,ARUC,7.95644,1648425900.0
1.31471,40.0,44.0,ARUC,7.99925,1648426200.0
0.785804,40.0,44.0,ARUC,4.7462,1648430100.0
0.783187,40.0,44.0,ARUC,5.01954,1648430400.0
1.30144,40.0,44.0,ARUC,8.05427,1648431000.0
1.30648,40.0,44.0,ARUC,7.14012,1648431900.0
0.921843,40.0,44.0,ARUC,7.36056,1648432200.0
0.921851,40.0,44.0,ARUC,7.19634,1648432500.0
0.920946,40.0,44.0,ARUC,7.07421,1648432800.0
0.920715,40.0,44.0,ARUC,7.0049,1648433100.0
0.920863,40.0,44.0,ARUC,6.91557,1648433400.0
0.754503,40.0,44.0,ARUC,6.94405,1648433700.0
0.752672,40.0,44.0,ARUC,6.90275,1648434000.0
0.753181,40.0,44.0,ARUC,6.89356,1648434300.0
0.922469,40.0,44.0,ARUC,6.80601,1648434600.0
0.9229,40.0,44.0,ARUC,6.84119,1648434900.0
0.663448,40.0,44.0,ARUC,6.21804,1648435200.0
0.402438,40.0,44.0,ARUC,5.33989,1648435500.0
0.477036,40.0,44.0,ARUC,5.90098,1648435800.0
1.30153,40.0,44.0,ARUC,9.09953,1648436100.0
1.30151,40.0,44.0,ARUC,9.2298,1648436400.0
1.30384,40.0,44.0,ARUC,9.22603,1648436700.0
0.92298,40.0,44.0,ARUC,11.5118,1648437900.0
1.30134,40.0,44.0,ARUC,12.3154,1648438200.0
1.3013,40.0,44.0,ARUC,12.6559,1648438500.0
0.920888,40.0,44.0,ARUC,11.1189,1648438800.0
1.30764,40.0,44.0,ARUC,9.51329,1648439100.0
0.468036,40.0,44.0,ARUC,10.7453,1648439700.0
0.680218,40.0,44.0,ARUC,10.8228,1648440000.0
1.30143,40.0,44.0,ARUC,16.0567,1648441500.0
1.3014,40.0,44.0,ARUC,16.505,1648441800.0
1.30123,40.0,44.0,ARUC,16.4353,1648443000.0
1.30147,40.0,44.0,ARUC,17.0166,1648443300.0
0.935142,40.0,44.0,ARUC,16.7971,1648443900.0
0.654704,40.0,44.0,ARUC,16.6407,1648444200.0
0.653793,40.0,44.0,ARUC,16.732,1648444500.0
1.30683,40.0,44.0,ARUC,17.7826,1648445100.0
1.30205,40.0,44.0,ARUC,23.5297,1648446600.0
1.30187,40.0,44.0,ARUC,23.9176,1648446900.0
1.30179,40.0,44.0,ARUC,24.1746,1648447200.0
1.30185,40.0,44.0,ARUC,24.6204,1648447500.0
1.30191,40.0,44.0,ARUC,24.7711,1648447800.0
1.30345,40.0,44.0,ARUC,24.7463,1648448100.0
1.55234,40.0,44.0,ARUC,25.3114,1648448400.0
0.951977,40.0,44.0,ARUC,25.2633,1648448700.0
0.9367,40.0,44.0,ARUC,25.377,1648449000.0
0.935177,40.0,44.0,ARUC,25.6715,1648449300.0
0.935147,40.0,44.0,ARUC,25.9676,1648449600.0
0.759854,40.0,44.0,ARUC,25.4175,1648449900.0
0.930257,40.0,44.0,ARUC,25.4048,1648450200.0
1.33215,40.0,44.0,ARUC,27.3088,1648450500.0
1.3035,40.0,44.0,ARUC,23.7013,1648451100.0
1.30286,40.0,44.0,ARUC,23.9184,1648451400.0
0.923311,40.0,44.0,ARUC,25.0438,1648451700.0
1.30603,40.0,44.0,ARUC,26.2265,1648452000.0
0.753143,40.0,44.0,ARUC,25.6501,1648452300.0
0.923197,40.0,44.0,ARUC,26.411,1648452600.0
0.923295,40.0,44.0,ARUC,26.6241,1648452900.0
0.923806,40.0,44.0,ARUC,26.801,1648453200.0
1.30696,40.0,44.0,ARUC,26.6828,1648453500.0
1.30423,40.0,44.0,ARUC,24.7123,1648455300.0
1.30439,40.0,44.0,ARUC,25.5272,1648456800.0
1.3039,40.0,44.0,ARUC,25.5979,1648457100.0
1.32367,40.0,44.0,ARUC,24.642,1648458900.0
1.3139,40.0,44.0,ARUC,24.7419,1648459200.0
1.31527,40.0,44.0,ARUC,25.0179,1648459500.0
1.31688,40.0,44.0,ARUC,25.2053,1648459800.0
0.930245,40.0,44.0,ARUC,25.682,1648460100.0
0.587202,40.0,44.0,ARUC,24.6631,1648460400.0
0.584092,40.0,44.0,ARUC,24.5144,1648460700.0
0.929191,40.0,44.0,ARUC,25.8029,1648461000.0
1.30784,40.0,44.0,ARUC,24.9242,1648461300.0
1.30774,40.0,44.0,ARUC,24.8333,1648461600.0
1.30949,40.0,44.0,ARUC,23.7596,1648465200.0
1.30294,40.0,44.0,ARUC,23.8756,1648465500.0
1.30295,40.0,44.0,ARUC,23.9053,1648465800.0
1.3028,40.0,44.0,ARUC,24.0399,1648466100.0
1.30295,40.0,44.0,ARUC,24.3709,1648466400.0
1.30313,40.0,44.0,ARUC,24.6838,1648466700.0
0.927064,40.0,44.0,ARUC,25.2918,1648467000.0
0.755578,40.0,44.0,ARUC,24.0901,1648467300.0
0.377586,40.0,44.0,ARUC,24.2247,1648467600.0
0.779685,40.0,44.0,ARUC,24.1284,1648467900.0
0.920745,40.0,44.0,ARUC,23.7761,1648468200.0
0.921328,40.0,44.0,ARUC,23.5859,1648468500.0
1.30619,40.0,44.0,ARUC,28.6805,1648468800.0
0.922539,40.0,44.0,ARUC,26.933,1648469100.0
1.30607,40.0,44.0,ARUC,28.5472,1648469400.0
1.30581,40.0,44.0,ARUC,28.4329,1648469700.0
1.31227,40.0,44.0,ARUC,28.3895,1648470000.0
1.30729,40.0,44.0,ARUC,24.2815,1648470600.0
1.30442,40.0,44.0,ARUC,24.3139,1648470900.0
1.30147,40.0,44.0,ARUC,24.9275,1648472100.0
1.30136,40.0,44.0,ARUC,24.826,1648472400.0
0.654717,40.0,44.0,ARUC,20.1217,1648473600.0
0.765207,40.0,44.0,ARUC,21.517,1648473900.0
1.32599,40.0,44.0,ARUC,22.0175,1648475100.0
1.30588,40.0,44.0,ARUC,21.8896,1648475400.0
1.30662,40.0,44.0,ARUC,21.699,1648475700.0
1.30749,40.0,44.0,ARUC,21.3926,1648476000.0
0.50561,40.0,44.0,ARUC,17.746,1648476300.0
0.464828,40.0,44.0,ARUC,18.7389,1648476600.0
0.401101,40.0,44.0,ARUC,18.9411,1648476900.0
0.339113,40.0,44.0,ARUC,19.2118,1648477200.0
0.673972,40.0,44.0,ARUC,18.7817,1648477500.0
1.30448,40.0,44.0,ARUC,19.9719,1648477800.0
1.30425,40.0,44.0,ARUC,19.793,1648478100.0
1.30463,40.0,44.0,ARUC,19.61,1648478400.0
1.30815,40.0,44.0,ARUC,19.4335,1648478700.0
1.31143,40.0,44.0,ARUC,17.8537,1648479600.0
1.31155,40.0,44.0,ARUC,17.8905,1648479900.0
1.31251,40.0,44.0,ARUC,17.9235,1648480200.0
1.31169,40.0,44.0,ARUC,17.8822,1648480500.0
0.421112,40.0,44.0,ARUC,17.9384,1648480800.0
0.384458,40.0,44.0,ARUC,17.8237,1648481100.0
1.3071,40.0,44.0,ARUC,18.5795,1648481400.0
1.30672,40.0,44.0,ARUC,18.52,1648481700.0
1.30666,40.0,44.0,ARUC,18.5137,1648482000.0
1.30732,40.0,44.0,ARUC,18.4762,1648482300.0
1.31775,40.0,44.0,ARUC,14.0234,1648484700.0
0.754212,40.0,44.0,ARUC,14.1522,1648485000.0
0.75381,40.0,44.0,ARUC,13.9081,1648485300.0
0.753966,40.0,44.0,ARUC,13.6884,1648485600.0
0.753763,40.0,44.0,ARUC,13.4968,1648485900.0
0.753981,40.0,44.0,ARUC,13.3049,1648486200.0
0.923397,40.0,44.0,ARUC,13.0437,1648486500.0
1.30338,40.0,44.0,ARUC,12.2999,1648486800.0
1.30313,40.0,44.0,ARUC,11.9258,1648487100.0
1.30309,40.0,44.0,ARUC,11.6415,1648487400.0
0.594093,40.0,44.0,ARUC,11.2093,1648488000.0
0.598854,40.0,44.0,ARUC,11.0835,1648488300.0
1.31885,40.0,44.0,ARUC,10.935,1648489500.0
1.30478,40.0,44.0,ARUC,10.7418,1648489800.0
0.94035,40.0,44.0,ARUC,10.1819,1648490100.0
0.923164,40.0,44.0,ARUC,10.0064,1648490400.0
0.922422,40.0,44.0,ARUC,9.87467,1648490700.0
0.922659,40.0,44.0,ARUC,9.76352,1648491000.0
0.922861,40.0,44.0,ARUC,9.65035,1648491300.0
0.927894,40.0,44.0,ARUC,9.52389,1648491600.0
1.30722,40.0,44.0,ARUC,9.98607,1648491900.0
1.30957,40.0,44.0,ARUC,10.0295,1648492200.0
1.32175,40.0,44.0,ARUC,7.28302,1648493400.0
1.3096,40.0,44.0,ARUC,7.3224,1648493700.0
1.30907,40.0,44.0,ARUC,7.33815,1648494000.0
1.30862,40.0,44.0,ARUC,7.42041,1648494300.0
1.30919,40.0,44.0,ARUC,7.51897,1648494600.0
0.9246,40.0,44.0,ARUC,7.95437,1648494900.0
0.787455,40.0,44.0,ARUC,9.18628,1648495200.0
0.954308,40.0,44.0,ARUC,10.1704,1648495500.0
0.948958,40.0,44.0,ARUC,10.2239,1648495800.0
0.794196,40.0,44.0,ARUC,8.51628,1648496100.0
0.922532,40.0,44.0,ARUC,7.36244,1648496400.0
0.506309,40.0,44.0,ARUC,6.65046,1648497600.0
1.31131,40.0,44.0,ARUC,6.29432,1648497900.0
0.921153,40.0,44.0,ARUC,9.28208,1648499100.0
0.921298,40.0,44.0,ARUC,9.20135,1648499400.0
1.30218,40.0,44.0,ARUC,7.72901,1648499700.0
1.30268,40.0,44.0,ARUC,7.58842,1648500000.0
1.30419,40.0,44.0,ARUC,11.3737,1648500300.0
1.30382,40.0,44.0,ARUC,11.5349,1648500600.0
1.30384,40.0,44.0,ARUC,11.7823,1648500900.0
1.30459,40.0,44.0,ARUC,11.9449,1648501200.0
1.30628,40.0,44.0,ARUC,4.14079,1648502400.0
1.30359,40.0,44.0,ARUC,4.14463,1648502700.0
1.3965,40.0,44.0,ARUC,7.84345,1648503600.0
1.31053,40.0,44.0,ARUC,8.00045,1648503900.0
1.31154,40.0,44.0,ARUC,8.1809,1648504200.0
1.31272,40.0,44.0,ARUC,8.28123,1648504500.0
1.31163,40.0,44.0,ARUC,8.45313,1648504800.0
1.3107,40.0,44.0,ARUC,8.66575,1648505100.0
1.31154,40.0,44.0,ARUC,8.84264,1648505400.0
1.31253,40.0,44.0,ARUC,8.95984,1648505700.0
1.31449,40.0,44.0,ARUC,6.94399,1648506600.0
0.926642,40.0,44.0,ARUC,8.12156,1648506900.0
0.925922,40.0,44.0,ARUC,8.19398,1648507200.0
0.756796,40.0,44.0,ARUC,8.47858,1648507500.0
1.30204,40.0,44.0,ARUC,8.95301,1648507800.0
1.30218,40.0,44.0,ARUC,8.92675,1648508100.0
1.30381,40.0,44.0,ARUC,8.90745,1648508400.0
1.30178,40.0,44.0,ARUC,10.3623,1648508700.0
1.30191,40.0,44.0,ARUC,10.5099,1648509000.0
1.30321,40.0,44.0,ARUC,7.15312,1648509900.0
1.30264,40.0,44.0,ARUC,7.30551,1648510200.0
1.30252,40.0,44.0,ARUC,7.48185,1648510500.0
1.30265,40.0,44.0,ARUC,7.48792,1648510800.0
0.766739,40.0,44.0,ARUC,4.64612,1648511100.0
0.353759,40.0,44.0,ARUC,5.73498,1648511400.0
0.472411,40.0,44.0,ARUC,6.23592,1648511700.0
0.754272,32.0,35.0,BSHM,11.9134,1648425600.0
0.925315,32.0,35.0,BSHM,11.7874,1648425900.0
0.974421,32.0,35.0,BSHM,11.3446,1648426200.0
1.33302,32.0,35.0,BSHM,10.828,1648426500.0
0.933532,32.0,35.0,BSHM,10.0502,1648426800.0
0.763933,32.0,35.0,BSHM,9.93689,1648427100.0
0.59749,32.0,35.0,BSHM,10.1283,1648427400.0
0.590665,32.0,35.0,BSHM,10.0478,1648427700.0
0.542387,32.0,35.0,BSHM,9.87603,1648428000.0
0.545815,32.0,35.0,BSHM,9.81802,1648428300.0
0.59632,32.0,35.0,BSHM,9.48453,1648428600.0
0.770144,32.0,35.0,BSHM,9.60264,1648428900.0
0.957084,32.0,35.0,BSHM,9.62203,1648429200.0
1.32505,32.0,35.0,BSHM,9.14183,1648429500.0
1.42358,32.0,35.0,BSHM,9.04615,1648429800.0
1.35723,32.0,35.0,BSHM,8.95814,1648430400.0
0.933995,32.0,35.0,BSHM,9.061,1648430700.0
0.668036,32.0,35.0,BSHM,9.19098,1648431000.0
0.665218,32.0,35.0,BSHM,9.19993,1648431300.0
0.546917,32.0,35.0,BSHM,9.22257,1648431600.0
0.502012,32.0,35.0,BSHM,9.04343,1648431900.0
0.55111,32.0,35.0,BSHM,8.75905,1648432200.0
0.475591,32.0,35.0,BSHM,8.60365,1648432500.0
0.500509,32.0,35.0,BSHM,8.57407,1648432800.0
0.465164,32.0,35.0,BSHM,8.26164,1648433100.0
0.467507,32.0,35.0,BSHM,8.13499,1648433400.0
0.590961,32.0,35.0,BSHM,8.21838,1648433700.0
0.616107,32.0,35.0,BSHM,8.19163,1648434000.0
0.594989,32.0,35.0,BSHM,8.22874,1648434300.0
0.601337,32.0,35.0,BSHM,8.36687,1648434600.0
0.555991,32.0,35.0,BSHM,8.45419,1648434900.0
0.556842,32.0,35.0,BSHM,8.30518,1648435200.0
0.633939,32.0,35.0,BSHM,8.1959,1648435500.0
0.684706,32.0,35.0,BSHM,7.96845,1648435800.0
0.79028,32.0,35.0,BSHM,7.64845,1648436100.0
0.681303,32.0,35.0,BSHM,7.4395,1648436400.0
0.633595,32.0,35.0,BSHM,7.33888,1648436700.0
0.665929,32.0,35.0,BSHM,7.2385,1648437000.0
0.601731,32.0,35.0,BSHM,7.48972,1648437300.0
0.546348,32.0,35.0,BSHM,7.64757,1648437600.0
0.48119,32.0,35.0,BSHM,7.74432,1648437900.0
0.49458,32.0,35.0,BSHM,8.06557,1648438200.0
0.46218,32.0,35.0,BSHM,8.51033,1648438500.0
0.414194,32.0,35.0,BSHM,9.03314,1648438800.0
0.378895,32.0,35.0,BSHM,9.57225,1648439100.0
0.401549,32.0,35.0,BSHM,10.1099,1648439400.0
0.389501,32.0,35.0,BSHM,10.7605,1648439700.0
0.403474,32.0,35.0,BSHM,11.2931,1648440000.0
0.393729,32.0,35.0,BSHM,11.8118,1648440300.0
0.481347,32.0,35.0,BSHM,12.4342,1648440600.0
0.591447,32.0,35.0,BSHM,13.5259,1648440900.0
0.539368,32.0,35.0,BSHM,13.8931,1648441200.0
0.543783,32.0,35.0,BSHM,14.2827,1648441500.0
0.536379,32.0,35.0,BSHM,14.3174,1648441800.0
0.586401,32.0,35.0,BSHM,14.8866,1648442100.0
0.537736,32.0,35.0,BSHM,15.2901,1648442400.0
0.496464,32.0,35.0,BSHM,15.8615,1648442700.0
0.49524,32.0,35.0,BSHM,16.4984,1648443000.0
0.464374,32.0,35.0,BSHM,17.1613,1648443300.0
0.493432,32.0,35.0,BSHM,17.6379,1648443600.0
0.532381,32.0,35.0,BSHM,18.099,1648443900.0
0.461091,32.0,35.0,BSHM,18.632,1648444200.0
0.493267,32.0,35.0,BSHM,18.8658,1648444500.0
0.583045,32.0,35.0,BSHM,19.6431,1648444800.0
0.582209,32.0,35.0,BSHM,19.8207,1648445100.0
0.582134,32.0,35.0,BSHM,20.2973,1648445400.0
0.49297,32.0,35.0,BSHM,20.5783,1648445700.0
0.463115,32.0,35.0,BSHM,20.8199,1648446000.0
0.412036,32.0,35.0,BSHM,21.2627,1648446300.0
0.434008,32.0,35.0,BSHM,21.3793,1648446600.0
0.392972,32.0,35.0,BSHM,21.5437,1648446900.0
0.434257,32.0,35.0,BSHM,21.8086,1648447200.0
0.531885,32.0,35.0,BSHM,21.925,1648447500.0
0.651216,32.0,35.0,BSHM,22.1443,1648447800.0
0.651123,32.0,35.0,BSHM,22.2346,1648448100.0
0.651133,32.0,35.0,BSHM,22.3857,1648448400.0
0.921822,32.0,35.0,BSHM,22.3858,1648448700.0
1.30259,32.0,35.0,BSHM,22.6569,1648449000.0
1.30787,32.0,35.0,BSHM,22.8268,1648449300.0
1.61064,32.0,35.0,BSHM,26.4699,1648450500.0
1.40132,32.0,35.0,BSHM,26.6316,1648450800.0
0.967505,32.0,35.0,BSHM,26.7085,1648451100.0
0.776341,32.0,35.0,BSHM,26.7241,1648451400.0
0.776068,32.0,35.0,BSHM,26.8177,1648451700.0
0.960366,32.0,35.0,BSHM,27.1034,1648452000.0
0.96736,32.0,35.0,BSHM,27.3417,1648452300.0
0.7886,32.0,35.0,BSHM,26.6691,1648452600.0
0.938555,32.0,35.0,BSHM,26.4076,1648452900.0
0.940285,32.0,35.0,BSHM,26.5785,1648453200.0
0.938402,32.0,35.0,BSHM,26.7172,1648453500.0
0.950532,32.0,35.0,BSHM,26.8714,1648453800.0
1.30225,32.0,35.0,BSHM,24.7221,1648454700.0
1.302,32.0,35.0,BSHM,24.7607,1648455000.0
0.92154,32.0,35.0,BSHM,25.3026,1648455300.0
1.7589,32.0,35.0,BSHM,30.5644,1648459800.0
1.35471,32.0,35.0,BSHM,30.5016,1648460100.0
1.35403,32.0,35.0,BSHM,30.1513,1648460400.0
0.687518,32.0,35.0,BSHM,30.1215,1648460700.0
0.631964,32.0,35.0,BSHM,30.354,1648461000.0
0.616812,32.0,35.0,BSHM,30.525,1648461300.0
0.61272,32.0,35.0,BSHM,30.7179,1648461600.0
0.609665,32.0,35.0,BSHM,30.9279,1648461900.0
0.549863,32.0,35.0,BSHM,31.0745,1648462200.0
0.600207,32.0,35.0,BSHM,31.8533,1648462500.0
0.509216,32.0,35.0,BSHM,32.909,1648462800.0
0.515656,32.0,35.0,BSHM,32.7547,1648463100.0
0.468429,32.0,35.0,BSHM,32.2005,1648463400.0
0.437366,32.0,35.0,BSHM,32.3446,1648463700.0
0.411385,32.0,35.0,BSHM,32.5754,1648464000.0
0.41114,32.0,35.0,BSHM,32.4747,1648464300.0
0.416809,32.0,35.0,BSHM,31.8204,1648464600.0
0.43842,32.0,35.0,BSHM,31.853,1648464900.0
0.414793,32.0,35.0,BSHM,32.246,1648465200.0
0.426137,32.0,35.0,BSHM,32.1908,1648465500.0
0.42737,32.0,35.0,BSHM,32.0649,1648465800.0
0.487259,32.0,35.0,BSHM,32.0667,1648466100.0
0.43231,32.0,35.0,BSHM,31.9044,1648466400.0
0.415316,32.0,35.0,BSHM,31.9684,1648466700.0
0.436497,32.0,35.0,BSHM,31.5193,1648467000.0
0.433041,32.0,35.0,BSHM,31.1518,1648467300.0
0.459522,32.0,35.0,BSHM,31.073,1648467600.0
0.506195,32.0,35.0,BSHM,30.8295,1648467900.0
0.50604,32.0,35.0,BSHM,31.5661,1648468200.0
0.504157,32.0,35.0,BSHM,32.1244,1648468500.0
0.46986,32.0,35.0,BSHM,32.719,1648468800.0
0.491634,32.0,35.0,BSHM,32.6798,1648469100.0
0.502664,32.0,35.0,BSHM,32.4762,1648469400.0
0.501722,32.0,35.0,BSHM,32.3558,1648469700.0
0.527323,32.0,35.0,BSHM,32.0831,1648470000.0
0.562977,32.0,35.0,BSHM,31.85,1648470300.0
0.651258,32.0,35.0,BSHM,31.5725,1648470600.0
0.678405,32.0,35.0,BSHM,31.1989,1648470900.0
0.579619,32.0,35.0,BSHM,31.0457,1648471200.0
0.60445,32.0,35.0,BSHM,30.9249,1648471500.0
0.483824,32.0,35.0,BSHM,30.3405,1648471800.0
0.577001,32.0,35.0,BSHM,30.4026,1648472100.0
0.606777,32.0,35.0,BSHM,30.0102,1648472400.0
0.609604,32.0,35.0,BSHM,29.9889,1648472700.0
0.671817,32.0,35.0,BSHM,29.9113,1648473000.0
0.705981,32.0,35.0,BSHM,29.9521,1648473300.0
0.703089,32.0,35.0,BSHM,29.4396,1648473600.0
0.679901,32.0,35.0,BSHM,28.3148,1648473900.0
0.608149,32.0,35.0,BSHM,27.5848,1648474200.0
0.594492,32.0,35.0,BSHM,25.6465,1648474500.0
0.594445,32.0,35.0,BSHM,25.4264,1648474800.0
0.541957,32.0,35.0,BSHM,25.1834,1648475100.0
0.558292,32.0,35.0,BSHM,24.9861,1648475400.0
0.590165,32.0,35.0,BSHM,24.4524,1648475700.0
0.602475,32.0,35.0,BSHM,24.3793,1648476000.0
0.671427,32.0,35.0,BSHM,23.6294,1648476300.0
0.759613,32.0,35.0,BSHM,23.0635,1648476600.0
0.791741,32.0,35.0,BSHM,22.9649,1648476900.0
1.03704,32.0,35.0,BSHM,21.8316,1648479600.0
1.00155,32.0,35.0,BSHM,21.6001,1648479900.0
0.812487,32.0,35.0,BSHM,21.3724,1648480200.0
0.84162,32.0,35.0,BSHM,21.1967,1648480500.0
0.744465,32.0,35.0,BSHM,20.8054,1648480800.0
0.702419,32.0,35.0,BSHM,20.5732,1648481100.0
0.801073,32.0,35.0,BSHM,20.3921,1648481400.0
0.617101,32.0,35.0,BSHM,20.0504,1648481700.0
0.616058,32.0,35.0,BSHM,19.7525,1648482000.0
0.611785,32.0,35.0,BSHM,19.845,1648482300.0
0.56621,32.0,35.0,BSHM,20.002,1648482600.0
0.53695,32.0,35.0,BSHM,19.7328,1648482900.0
0.711953,32.0,35.0,BSHM,20.1795,1648483200.0
0.698132,32.0,35.0,BSHM,19.6889,1648483500.0
0.702861,32.0,35.0,BSHM,19.2144,1648483800.0
0.576105,32.0,35.0,BSHM,18.7554,1648484100.0
0.586993,32.0,35.0,BSHM,18.2229,1648484400.0
0.550628,32.0,35.0,BSHM,17.6756,1648484700.0
0.561641,32.0,35.0,BSHM,16.6276,1648485000.0
0.528181,32.0,35.0,BSHM,16.453,1648485300.0
0.666163,32.0,35.0,BSHM,16.5823,1648485600.0
0.594734,32.0,35.0,BSHM,16.0767,1648485900.0
0.523957,32.0,35.0,BSHM,15.6851,1648486200.0
0.516636,32.0,35.0,BSHM,15.158,1648486500.0
0.557317,32.0,35.0,BSHM,14.7089,1648486800.0
0.586455,32.0,35.0,BSHM,14.2319,1648487100.0
0.523657,32.0,35.0,BSHM,13.4067,1648487400.0
0.523621,32.0,35.0,BSHM,12.8775,1648487700.0
0.588533,32.0,35.0,BSHM,12.3732,1648488000.0
0.546437,32.0,35.0,BSHM,12.0284,1648488300.0
0.635823,32.0,35.0,BSHM,11.6036,1648488600.0
0.569109,32.0,35.0,BSHM,11.4007,1648488900.0
0.588362,32.0,35.0,BSHM,11.0568,1648489200.0
0.544335,32.0,35.0,BSHM,10.8968,1648489500.0
0.506852,32.0,35.0,BSHM,10.5581,1648489800.0
0.478117,32.0,35.0,BSHM,10.2521,1648490100.0
0.480228,32.0,35.0,BSHM,9.93084,1648490400.0
0.507298,32.0,35.0,BSHM,9.55866,1648490700.0
0.48456,32.0,35.0,BSHM,9.25967,1648491000.0
0.539582,32.0,35.0,BSHM,8.88297,1648491300.0
0.484033,32.0,35.0,BSHM,8.88133,1648491600.0
0.519285,32.0,35.0,BSHM,8.99931,1648491900.0
0.647593,32.0,35.0,BSHM,9.04098,1648492200.0
0.629467,32.0,35.0,BSHM,9.30768,1648492500.0
0.629354,32.0,35.0,BSHM,9.52704,1648492800.0
0.697436,32.0,35.0,BSHM,9.71644,1648493100.0
0.688745,32.0,35.0,BSHM,9.59725,1648493400.0
0.692786,32.0,35.0,BSHM,9.42595,1648493700.0
0.694323,32.0,35.0,BSHM,9.27535,1648494000.0
0.631489,32.0,35.0,BSHM,9.06468,1648494300.0
0.803828,32.0,35.0,BSHM,8.65998,1648494600.0
0.807921,32.0,35.0,BSHM,8.48071,1648494900.0
0.715201,32.0,35.0,BSHM,8.27599,1648495200.0
0.702535,32.0,35.0,BSHM,8.09711,1648495500.0
0.695432,32.0,35.0,BSHM,7.88783,1648495800.0
0.605821,32.0,35.0,BSHM,7.7379,1648496100.0
0.587957,32.0,35.0,BSHM,7.65118,1648496400.0
0.64191,32.0,35.0,BSHM,7.48097,1648496700.0
0.673498,32.0,35.0,BSHM,7.41631,1648497000.0
0.66055,32.0,35.0,BSHM,7.14682,1648497300.0
0.758579,32.0,35.0,BSHM,7.01865,1648497600.0
0.711389,32.0,35.0,BSHM,7.04469,1648497900.0
0.833947,32.0,35.0,BSHM,7.31522,1648498200.0
1.09386,32.0,35.0,BSHM,7.41719,1648498500.0
1.35231,32.0,35.0,BSHM,7.79244,1648498800.0
1.3407,32.0,35.0,BSHM,7.63736,1648499100.0
1.3362,32.0,35.0,BSHM,7.51645,1648499400.0
1.04541,32.0,35.0,BSHM,7.32054,1648499700.0
1.43469,32.0,35.0,BSHM,7.1286,1648500000.0
0.97559,32.0,35.0,BSHM,7.28835,1648500300.0
0.828046,32.0,35.0,BSHM,7.18098,1648500600.0
0.671159,32.0,35.0,BSHM,7.5082,1648500900.0
0.66213,32.0,35.0,BSHM,7.76176,1648501200.0
0.654556,32.0,35.0,BSHM,7.8834,1648501500.0
0.59176,32.0,35.0,BSHM,7.98287,1648501800.0
0.533793,32.0,35.0,BSHM,8.06991,1648502100.0
0.495575,32.0,35.0,BSHM,8.2116,1648502400.0
0.467355,32.0,35.0,BSHM,8.17562,1648502700.0
0.442931,32.0,35.0,BSHM,8.12075,1648503000.0
0.440799,32.0,35.0,BSHM,8.18902,1648503300.0
0.465712,32.0,35.0,BSHM,8.23112,1648503600.0
0.500259,32.0,35.0,BSHM,8.2076,1648503900.0
0.597004,32.0,35.0,BSHM,8.04951,1648504200.0
0.96204,32.0,35.0,BSHM,7.83062,1648504500.0
1.30986,32.0,35.0,BSHM,8.8161,1648504800.0
1.30348,32.0,35.0,BSHM,8.90069,1648505100.0
0.923897,32.0,35.0,BSHM,9.02156,1648505400.0
0.756141,32.0,35.0,BSHM,9.09313,1648505700.0
0.753665,32.0,35.0,BSHM,9.169,1648506000.0
0.753647,32.0,35.0,BSHM,9.22655,1648506300.0
0.753397,32.0,35.0,BSHM,9.28985,1648506600.0
0.753704,32.0,35.0,BSHM,9.37609,1648506900.0
0.923818,32.0,35.0,BSHM,9.47914,1648507200.0
0.925012,32.0,35.0,BSHM,9.52635,1648507500.0
1.30895,32.0,35.0,BSHM,9.54091,1648507800.0
1.30785,32.0,35.0,BSHM,8.19963,1648508100.0
0.760748,32.0,35.0,BSHM,7.87424,1648508400.0
0.754881,32.0,35.0,BSHM,7.93989,1648508700.0
0.654711,32.0,35.0,BSHM,8.20955,1648509000.0
0.532976,32.0,35.0,BSHM,8.22436,1648509300.0
0.495649,32.0,35.0,BSHM,8.29323,1648509600.0
0.533396,32.0,35.0,BSHM,8.51319,1648509900.0
0.438371,32.0,35.0,BSHM,8.18166,1648510200.0
0.437959,32.0,35.0,BSHM,8.22236,1648510500.0
0.46334,32.0,35.0,BSHM,8.31229,1648510800.0
0.535052,32.0,35.0,BSHM,8.22771,1648511100.0
0.535609,32.0,35.0,BSHM,8.30542,1648511400.0
0.65944,32.0,35.0,BSHM,8.45096,1648511700.0
1.31098,35.0,33.0,NICO,8.15339,1648426500.0
0.922513,35.0,33.0,NICO,8.35594,1648426800.0
1.38001,35.0,33.0,NICO,8.7087,1648427100.0
0.97253,35.0,33.0,NICO,8.67827,1648427400.0
0.759401,35.0,33.0,NICO,8.66561,1648427700.0
0.499095,35.0,33.0,NICO,8.71855,1648428000.0
0.496467,35.0,33.0,NICO,8.72965,1648428300.0
0.537433,35.0,33.0,NICO,8.77185,1648428600.0
0.672699,35.0,33.0,NICO,8.79351,1648428900.0
1.33151,35.0,33.0,NICO,8.93874,1648429200.0
1.30194,35.0,33.0,NICO,6.32685,1648433700.0
0.920521,35.0,33.0,NICO,6.34858,1648434000.0
0.496756,35.0,33.0,NICO,6.38061,1648434300.0
0.462954,35.0,33.0,NICO,6.00655,1648434600.0
0.495934,35.0,33.0,NICO,6.22767,1648434900.0
0.753899,35.0,33.0,NICO,6.27759,1648435200.0
0.932455,35.0,33.0,NICO,6.20831,1648435500.0
1.31793,35.0,33.0,NICO,6.44635,1648436400.0
1.3258,35.0,33.0,NICO,6.45465,1648436700.0
1.33837,35.0,33.0,NICO,9.05157,1648440000.0
0.519348,35.0,33.0,NICO,9.8149,1648440300.0
0.505221,35.0,33.0,NICO,10.467,1648440600.0
0.543404,35.0,33.0,NICO,11.0035,1648440900.0
0.596885,35.0,33.0,NICO,11.5134,1648441200.0
0.774864,35.0,33.0,NICO,12.1418,1648441500.0
1.34715,35.0,33.0,NICO,12.4868,1648441800.0
1.53542,35.0,33.0,NICO,15.1231,1648444500.0
0.764048,35.0,33.0,NICO,15.5394,1648444800.0
0.765799,35.0,33.0,NICO,16.1096,1648445100.0
0.698634,35.0,33.0,NICO,16.6145,1648445400.0
0.777954,35.0,33.0,NICO,17.1304,1648445700.0
0.968479,35.0,33.0,NICO,17.3349,1648446000.0
1.30726,35.0,33.0,NICO,16.9182,1648446300.0
1.35052,35.0,33.0,NICO,16.9053,1648446600.0
1.5009,35.0,33.0,NICO,20.2105,1648446900.0
1.36251,35.0,33.0,NICO,20.7046,1648447200.0
1.05523,35.0,33.0,NICO,21.3301,1648447500.0
1.8907,35.0,33.0,NICO,21.7612,1648447800.0
1.30537,35.0,33.0,NICO,21.0208,1648448100.0
1.30528,35.0,33.0,NICO,18.7027,1648448400.0
1.33233,35.0,33.0,NICO,23.8663,1648449000.0
1.32383,35.0,33.0,NICO,24.1092,1648449300.0
0.768682,35.0,33.0,NICO,24.2686,1648449600.0
0.76773,35.0,33.0,NICO,24.6195,1648449900.0
0.694431,35.0,33.0,NICO,25.1531,1648450200.0
0.789976,35.0,33.0,NICO,25.4355,1648450500.0
0.767844,35.0,33.0,NICO,24.1156,1648450800.0
0.954515,35.0,33.0,NICO,23.6858,1648451100.0
1.51325,35.0,33.0,NICO,21.924,1648455000.0
0.778857,35.0,33.0,NICO,22.0084,1648455300.0
0.978233,35.0,33.0,NICO,22.368,1648455600.0
1.07877,35.0,33.0,NICO,22.6739,1648455900.0
1.43607,35.0,33.0,NICO,23.0036,1648456200.0
1.30454,35.0,33.0,NICO,24.1327,1648456800.0
1.35579,35.0,33.0,NICO,24.8468,1648457400.0
1.31881,35.0,33.0,NICO,25.6501,1648457700.0
0.922817,35.0,33.0,NICO,27.2008,1648459200.0
1.3063,35.0,33.0,NICO,24.2151,1648459500.0
1.34361,35.0,33.0,NICO,24.2718,1648459800.0
1.30818,35.0,33.0,NICO,24.0388,1648461000.0
1.30771,35.0,33.0,NICO,24.2209,1648461300.0
0.967308,35.0,33.0,NICO,28.0707,1648462500.0
0.571791,35.0,33.0,NICO,26.7796,1648462800.0
0.447453,35.0,33.0,NICO,27.2003,1648463100.0
0.43381,35.0,33.0,NICO,27.5032,1648463400.0
0.60744,35.0,33.0,NICO,28.463,1648463700.0
0.796294,35.0,33.0,NICO,27.9329,1648464000.0
1.38904,35.0,33.0,NICO,28.2907,1648464300.0
1.42764,35.0,33.0,NICO,29.5124,1648465200.0
0.766385,35.0,33.0,NICO,29.666,1648465500.0
0.686152,35.0,33.0,NICO,29.9339,1648465800.0
0.771046,35.0,33.0,NICO,30.3044,1648466100.0
0.773611,35.0,33.0,NICO,30.6874,1648466400.0
1.1444,35.0,33.0,NICO,30.9194,1648466700.0
1.30259,35.0,33.0,NICO,30.5222,1648467600.0
1.3025,35.0,33.0,NICO,30.0366,1648467900.0
0.922427,35.0,33.0,NICO,30.48,1648468200.0
1.30285,35.0,33.0,NICO,30.5883,1648468500.0
1.30217,35.0,33.0,NICO,27.6677,1648470000.0
1.30383,35.0,33.0,NICO,28.4552,1648470300.0
1.30336,35.0,33.0,NICO,28.2665,1648470600.0
1.30168,35.0,33.0,NICO,24.4211,1648474800.0
1.3229,35.0,33.0,NICO,22.1206,1648477800.0
0.658076,35.0,33.0,NICO,20.0709,1648478100.0
0.654242,35.0,33.0,NICO,20.0277,1648478400.0
0.62313,35.0,33.0,NICO,21.5621,1648478700.0
0.542816,35.0,33.0,NICO,21.4453,1648479000.0
0.54275,35.0,33.0,NICO,21.285,1648479300.0
0.63391,35.0,33.0,NICO,21.158,1648479600.0
0.600685,35.0,33.0,NICO,20.9529,1648479900.0
0.681589,35.0,33.0,NICO,20.1375,1648480200.0
1.36677,35.0,33.0,NICO,21.1788,1648480500.0
1.3014,35.0,33.0,NICO,19.2136,1648483500.0
1.30126,35.0,33.0,NICO,18.9128,1648483800.0
1.30129,35.0,33.0,NICO,18.5278,1648484100.0
1.3019,35.0,33.0,NICO,18.5966,1648484400.0
0.682841,35.0,33.0,NICO,16.3832,1648484700.0
0.556399,35.0,33.0,NICO,15.4867,1648485000.0
0.606406,35.0,33.0,NICO,15.1268,1648485300.0
0.560856,35.0,33.0,NICO,14.8476,1648485600.0
0.653773,35.0,33.0,NICO,14.7209,1648485900.0
0.795749,35.0,33.0,NICO,14.1444,1648486200.0
0.763441,35.0,33.0,NICO,13.5772,1648486500.0
0.761814,35.0,33.0,NICO,13.1717,1648486800.0
0.666036,35.0,33.0,NICO,12.8363,1648487100.0
0.662559,35.0,33.0,NICO,12.9624,1648487400.0
0.930081,35.0,33.0,NICO,13.1518,1648487700.0
1.30328,35.0,33.0,NICO,14.5962,1648488000.0
1.30314,35.0,33.0,NICO,14.3789,1648488300.0
1.34101,35.0,33.0,NICO,10.6548,1648491300.0
1.46265,35.0,33.0,NICO,7.91723,1648492200.0
1.30168,35.0,33.0,NICO,9.52848,1648492800.0
1.33372,35.0,33.0,NICO,6.52606,1648495200.0
0.754867,35.0,33.0,NICO,6.51822,1648495500.0
0.654376,35.0,33.0,NICO,6.54159,1648495800.0
0.661185,35.0,33.0,NICO,6.56445,1648496100.0
0.755153,35.0,33.0,NICO,6.58586,1648496400.0
0.761032,35.0,33.0,NICO,6.60312,1648496700.0
1.33627,35.0,33.0,NICO,6.22923,1648497300.0
0.603135,35.0,33.0,NICO,6.24511,1648497600.0
0.510955,35.0,33.0,NICO,6.30332,1648497900.0
0.471793,35.0,33.0,NICO,6.40491,1648498200.0
0.516048,35.0,33.0,NICO,6.49049,1648498500.0
0.685521,35.0,33.0,NICO,6.57426,1648498800.0
0.925916,35.0,33.0,NICO,7.78179,1648499100.0
0.92963,35.0,33.0,NICO,7.78654,1648499400.0
0.651457,35.0,33.0,NICO,7.11446,1648499700.0
0.653152,35.0,33.0,NICO,6.90443,1648500000.0
0.583278,35.0,33.0,NICO,6.94221,1648500300.0
0.585182,35.0,33.0,NICO,6.98157,1648500600.0
0.75288,35.0,33.0,NICO,7.05368,1648500900.0
1.33442,35.0,33.0,NICO,7.16348,1648501200.0
1.30269,35.0,33.0,NICO,7.5489,1648502400.0
1.30331,35.0,33.0,NICO,7.50088,1648502700.0
0.930035,35.0,33.0,NICO,7.65654,1648504500.0
0.926538,35.0,33.0,NICO,7.71877,1648504800.0
0.753868,35.0,33.0,NICO,7.65707,1648505100.0
0.766536,35.0,33.0,NICO,7.58769,1648505400.0
1.30337,35.0,33.0,NICO,7.38537,1648505700.0
1.30377,35.0,33.0,NICO,6.47441,1648506600.0
0.926042,35.0,33.0,NICO,6.81856,1648506900.0
0.654555,35.0,33.0,NICO,7.79036,1648507200.0
0.755802,35.0,33.0,NICO,7.12554,1648507500.0
0.587204,35.0,33.0,NICO,7.09623,1648507800.0
0.789433,35.0,33.0,NICO,7.19854,1648508100.0
0.769776,35.0,33.0,NICO,7.1892,1648508400.0
0.951649,35.0,33.0,NICO,7.53197,1648508700.0
1.30281,35.0,33.0,NICO,7.17158,1648509000.0
1.30215,35.0,33.0,NICO,7.12654,1648509300.0
1.3035,40.0,44.0,ARUC,6.70313,1648512000.0
1.3133,40.0,44.0,ARUC,6.86296,1648512300.0
0.79833,40.0,44.0,ARUC,6.84305,1648516200.0
0.784137,40.0,44.0,ARUC,6.27694,1648516500.0
1.30136,40.0,44.0,ARUC,8.94572,1648517100.0
1.30155,40.0,44.0,ARUC,8.91019,1648517400.0
1.30867,40.0,44.0,ARUC,6.90585,1648517700.0
1.30627,40.0,44.0,ARUC,6.65669,1648518000.0
0.922341,40.0,44.0,ARUC,6.44473,1648518300.0
0.921794,40.0,44.0,ARUC,6.26003,1648518600.0
0.920729,40.0,44.0,ARUC,6.33628,1648518900.0
0.920724,40.0,44.0,ARUC,6.28955,1648519200.0
0.920784,40.0,44.0,ARUC,6.29219,1648519500.0
0.94939,40.0,44.0,ARUC,6.01189,1648519800.0
0.753277,40.0,44.0,ARUC,5.77631,1648520100.0
0.753631,40.0,44.0,ARUC,5.83657,1648520400.0
0.924429,40.0,44.0,ARUC,6.00394,1648520700.0
0.924301,40.0,44.0,ARUC,6.15818,1648521000.0
0.769093,40.0,44.0,ARUC,5.66296,1648521300.0
0.392846,40.0,44.0,ARUC,6.59133,1648521600.0
0.445908,40.0,44.0,ARUC,7.2007,1648521900.0
1.31271,40.0,44.0,ARUC,7.36827,1648522200.0
1.31329,40.0,44.0,ARUC,7.72781,1648522500.0
1.32603,40.0,44.0,ARUC,7.97883,1648522800.0
0.925036,40.0,44.0,ARUC,13.1315,1648524000.0
1.30144,40.0,44.0,ARUC,14.7411,1648524300.0
0.921403,40.0,44.0,ARUC,13.1978,1648524600.0
0.921052,40.0,44.0,ARUC,13.5943,1648524900.0
0.987339,40.0,44.0,ARUC,11.7987,1648525500.0
1.30147,40.0,44.0,ARUC,18.0096,1648527600.0
1.3014,40.0,44.0,ARUC,18.3823,1648527900.0
1.3018,40.0,44.0,ARUC,18.6811,1648528200.0
1.30197,40.0,44.0,ARUC,18.8184,1648529100.0
1.30177,40.0,44.0,ARUC,19.1946,1648529400.0
1.443,40.0,44.0,ARUC,17.0282,1648530000.0
0.66022,40.0,44.0,ARUC,18.4493,1648530300.0
0.658636,40.0,44.0,ARUC,18.9954,1648530600.0
1.30255,40.0,44.0,ARUC,23.4568,1648532700.0
1.30202,40.0,44.0,ARUC,23.8386,1648533000.0
1.30202,40.0,44.0,ARUC,24.2057,1648533300.0
0.50492,40.0,44.0,ARUC,22.4559,1648533600.0
0.465488,40.0,44.0,ARUC,23.6243,1648533900.0
0.440332,40.0,44.0,ARUC,23.5502,1648534200.0
0.497566,40.0,44.0,ARUC,23.1388,1648534500.0
0.540989,40.0,44.0,ARUC,24.6649,1648534800.0
1.37006,40.0,44.0,ARUC,25.9238,1648535100.0
1.378,40.0,44.0,ARUC,26.2538,1648535400.0
1.37082,40.0,44.0,ARUC,26.692,1648535700.0
0.94442,40.0,44.0,ARUC,27.8558,1648536000.0
0.942497,40.0,44.0,ARUC,28.0843,1648536300.0
1.36975,40.0,44.0,ARUC,27.9029,1648536600.0
1.8696,40.0,44.0,ARUC,28.0887,1648536900.0
1.303,40.0,44.0,ARUC,31.6692,1648537200.0
1.30302,40.0,44.0,ARUC,31.8741,1648537500.0
0.924785,40.0,44.0,ARUC,31.6012,1648537800.0
1.30649,40.0,44.0,ARUC,31.4001,1648538100.0
0.753308,40.0,44.0,ARUC,31.9349,1648538400.0
0.753905,40.0,44.0,ARUC,32.2826,1648538700.0
0.923294,40.0,44.0,ARUC,32.4574,1648539000.0
0.923548,40.0,44.0,ARUC,32.7445,1648539300.0
1.30633,40.0,44.0,ARUC,32.8481,1648539600.0
1.30593,40.0,44.0,ARUC,33.5027,1648541700.0
1.30482,40.0,44.0,ARUC,33.1901,1648542900.0
1.30353,40.0,44.0,ARUC,33.161,1648543200.0
1.46537,40.0,44.0,ARUC,28.3076,1648545000.0
1.37041,40.0,44.0,ARUC,28.5484,1648545300.0
1.36515,40.0,44.0,ARUC,29.0196,1648545600.0
1.37191,40.0,44.0,ARUC,29.4711,1648545900.0
1.37976,40.0,44.0,ARUC,29.9442,1648546200.0
0.765785,40.0,44.0,ARUC,31.0194,1648546500.0
0.53832,40.0,44.0,ARUC,31.0494,1648546800.0
1.37133,40.0,44.0,ARUC,31.5845,1648547100.0
1.40467,40.0,44.0,ARUC,31.1732,1648547400.0
1.36018,40.0,44.0,ARUC,31.4216,1648547700.0
1.35471,40.0,44.0,ARUC,31.7262,1648548000.0
1.35007,40.0,44.0,ARUC,32.0755,1648548300.0
1.47121,40.0,44.0,ARUC,32.283,1648548600.0
1.31042,40.0,44.0,ARUC,30.6238,1648551300.0
1.3034,40.0,44.0,ARUC,30.5539,1648551600.0
1.30321,40.0,44.0,ARUC,30.3601,1648551900.0
1.30321,40.0,44.0,ARUC,30.1519,1648552200.0
1.30304,40.0,44.0,ARUC,29.9887,1648552500.0
0.925064,40.0,44.0,ARUC,31.2039,1648552800.0
0.75767,40.0,44.0,ARUC,32.2856,1648553100.0
0.924162,40.0,44.0,ARUC,30.4776,1648553400.0
0.362817,40.0,44.0,ARUC,30.2634,1648553700.0
0.753014,40.0,44.0,ARUC,30.7632,1648554000.0
0.92082,40.0,44.0,ARUC,30.8417,1648554300.0
0.920941,40.0,44.0,ARUC,30.4197,1648554600.0
1.30481,40.0,44.0,ARUC,30.1695,1648554900.0
0.922535,40.0,44.0,ARUC,30.8594,1648555200.0
1.30324,40.0,44.0,ARUC,29.2342,1648555500.0
1.30355,40.0,44.0,ARUC,28.7561,1648555800.0
1.30476,40.0,44.0,ARUC,28.3579,1648556100.0
1.30387,40.0,44.0,ARUC,29.3061,1648557000.0
1.30148,40.0,44.0,ARUC,27.4918,1648558200.0
1.30143,40.0,44.0,ARUC,27.4022,1648558500.0
1.32427,40.0,44.0,ARUC,25.7692,1648561500.0
1.3233,40.0,44.0,ARUC,25.5431,1648561800.0
0.517605,40.0,44.0,ARUC,25.2718,1648562100.0
0.421661,40.0,44.0,ARUC,21.8657,1648562400.0
0.355476,40.0,44.0,ARUC,22.5813,1648562700.0
0.370139,40.0,44.0,ARUC,23.0165,1648563000.0
0.382935,40.0,44.0,ARUC,23.1341,1648563300.0
0.784995,40.0,44.0,ARUC,23.4583,1648563600.0
0.939672,40.0,44.0,ARUC,21.9328,1648563900.0
0.925493,40.0,44.0,ARUC,21.7032,1648564200.0
0.955181,40.0,44.0,ARUC,21.6481,1648564500.0
1.30699,40.0,44.0,ARUC,22.4865,1648564800.0
1.31227,40.0,44.0,ARUC,20.6024,1648565700.0
1.30928,40.0,44.0,ARUC,20.5746,1648566000.0
0.924077,40.0,44.0,ARUC,21.2421,1648566300.0
0.924348,40.0,44.0,ARUC,21.1947,1648566600.0
0.610757,40.0,44.0,ARUC,20.5122,1648566900.0
0.348505,40.0,44.0,ARUC,20.272,1648567200.0
1.30671,40.0,44.0,ARUC,19.7888,1648567500.0
1.307,40.0,44.0,ARUC,19.6692,1648567800.0
1.30662,40.0,44.0,ARUC,19.5093,1648568100.0
1.30656,40.0,44.0,ARUC,19.3388,1648568400.0
1.32665,40.0,44.0,ARUC,14.0435,1648570800.0
0.764639,40.0,44.0,ARUC,14.6,1648571100.0
0.758641,40.0,44.0,ARUC,14.3667,1648571400.0
0.759239,40.0,44.0,ARUC,14.0107,1648571700.0
0.759941,40.0,44.0,ARUC,13.6764,1648572000.0
0.759187,40.0,44.0,ARUC,13.4342,1648572300.0
0.932085,40.0,44.0,ARUC,13.4072,1648572600.0
1.33263,40.0,44.0,ARUC,13.5594,1648572900.0
1.33549,40.0,44.0,ARUC,13.3034,1648573200.0
1.33152,40.0,44.0,ARUC,13.0723,1648573500.0
1.4441,40.0,44.0,ARUC,12.9122,1648573800.0
0.606402,40.0,44.0,ARUC,11.495,1648574100.0
0.597262,40.0,44.0,ARUC,12.3167,1648574400.0
1.46168,40.0,44.0,ARUC,6.3749,1648574700.0
1.33567,40.0,44.0,ARUC,11.7212,1648575300.0
1.31174,40.0,44.0,ARUC,11.5154,1648575600.0
1.31289,40.0,44.0,ARUC,11.2077,1648575900.0
1.31169,40.0,44.0,ARUC,10.8843,1648576200.0
0.925734,40.0,44.0,ARUC,10.324,1648576500.0
0.923456,40.0,44.0,ARUC,10.1216,1648576800.0
0.92354,40.0,44.0,ARUC,9.97944,1648577100.0
0.928929,40.0,44.0,ARUC,9.90874,1648577400.0
1.3069,40.0,44.0,ARUC,10.1257,1648577700.0
1.30639,40.0,44.0,ARUC,10.1757,1648578000.0
1.30738,40.0,44.0,ARUC,10.2187,1648578300.0
1.3783,40.0,44.0,ARUC,6.99128,1648579500.0
1.31112,40.0,44.0,ARUC,7.04173,1648579800.0
1.31213,40.0,44.0,ARUC,7.05476,1648580100.0
1.31136,40.0,44.0,ARUC,7.05979,1648580400.0
1.3107,40.0,44.0,ARUC,7.05733,1648580700.0
0.925443,40.0,44.0,ARUC,7.17738,1648581000.0
0.925641,40.0,44.0,ARUC,7.29994,1648581300.0
1.30552,40.0,44.0,ARUC,7.48967,1648581600.0
1.30549,40.0,44.0,ARUC,7.59603,1648581900.0
0.92226,40.0,44.0,ARUC,6.84738,1648582200.0
0.922347,40.0,44.0,ARUC,6.85284,1648582500.0
0.555918,40.0,44.0,ARUC,6.29174,1648583400.0
0.921484,40.0,44.0,ARUC,9.74299,1648585200.0
0.921596,40.0,44.0,ARUC,9.71222,1648585500.0
1.30222,40.0,44.0,ARUC,8.01266,1648585800.0
1.30221,40.0,44.0,ARUC,7.77204,1648586100.0
1.30404,40.0,44.0,ARUC,10.3943,1648586400.0
1.30356,40.0,44.0,ARUC,10.4707,1648586700.0
1.30356,40.0,44.0,ARUC,10.5964,1648587000.0
1.30384,40.0,44.0,ARUC,10.7144,1648587300.0
1.30316,40.0,44.0,ARUC,5.66441,1648588200.0
1.3038,40.0,44.0,ARUC,5.64363,1648588500.0
1.31305,40.0,44.0,ARUC,7.67777,1648590000.0
1.31109,40.0,44.0,ARUC,7.84692,1648590300.0
1.31212,40.0,44.0,ARUC,7.98317,1648590600.0
0.500819,40.0,44.0,ARUC,7.87133,1648590900.0
0.442969,40.0,44.0,ARUC,7.41173,1648591200.0
0.41666,40.0,44.0,ARUC,7.21636,1648591500.0
0.468875,40.0,44.0,ARUC,6.45155,1648591800.0
0.557322,40.0,44.0,ARUC,6.98025,1648592100.0
1.31401,40.0,44.0,ARUC,7.53292,1648592400.0
1.31394,40.0,44.0,ARUC,7.65988,1648592700.0
1.3127,40.0,44.0,ARUC,7.83385,1648593000.0
0.924804,40.0,44.0,ARUC,7.74687,1648593300.0
0.926436,40.0,44.0,ARUC,7.81173,1648593600.0
1.30243,40.0,44.0,ARUC,7.44921,1648593900.0
1.30239,40.0,44.0,ARUC,7.28991,1648594200.0
0.923264,40.0,44.0,ARUC,8.54927,1648594500.0
1.30522,40.0,44.0,ARUC,10.0713,1648594800.0
1.31888,40.0,44.0,ARUC,10.1493,1648595100.0
1.30532,40.0,44.0,ARUC,7.52622,1648596000.0
1.304,40.0,44.0,ARUC,7.58078,1648596300.0
1.30374,40.0,44.0,ARUC,7.644,1648596600.0
1.30353,40.0,44.0,ARUC,7.76244,1648596900.0
0.96762,40.0,44.0,ARUC,7.5908,1648597200.0
0.372609,40.0,44.0,ARUC,7.17821,1648597500.0
0.39467,40.0,44.0,ARUC,7.28229,1648597800.0
1.30372,40.0,44.0,ARUC,8.35106,1648598100.0
0.94233,32.0,35.0,BSHM,9.52333,1648512000.0
1.07492,32.0,35.0,BSHM,8.71798,1648512300.0
1.37937,32.0,35.0,BSHM,6.92836,1648512600.0
0.958043,32.0,35.0,BSHM,7.45735,1648512900.0
0.794122,32.0,35.0,BSHM,7.7675,1648513200.0
0.693745,32.0,35.0,BSHM,7.8817,1648513500.0
0.60293,32.0,35.0,BSHM,7.66332,1648513800.0
0.558451,32.0,35.0,BSHM,7.73257,1648514100.0
0.554257,32.0,35.0,BSHM,7.64975,1648514400.0
0.608881,32.0,35.0,BSHM,7.60796,1648514700.0
0.721749,32.0,35.0,BSHM,7.83665,1648515000.0
0.974806,32.0,35.0,BSHM,8.20313,1648515300.0
1.34382,32.0,35.0,BSHM,8.09371,1648515600.0
0.950111,32.0,35.0,BSHM,5.13311,1648515900.0
1.4649,32.0,35.0,BSHM,6.18196,1648516500.0
1.37186,32.0,35.0,BSHM,6.18883,1648516800.0
0.965733,32.0,35.0,BSHM,6.90213,1648517100.0
0.78014,32.0,35.0,BSHM,7.2268,1648517400.0
0.573649,32.0,35.0,BSHM,7.57161,1648517700.0
0.565527,32.0,35.0,BSHM,7.56211,1648518000.0
0.61477,32.0,35.0,BSHM,7.79051,1648518300.0
0.559117,32.0,35.0,BSHM,7.70292,1648518600.0
0.528138,32.0,35.0,BSHM,7.69765,1648518900.0
0.486769,32.0,35.0,BSHM,7.67658,1648519200.0
0.492996,32.0,35.0,BSHM,7.62846,1648519500.0
0.555283,32.0,35.0,BSHM,7.58849,1648519800.0
0.551416,32.0,35.0,BSHM,7.45304,1648520100.0
0.617697,32.0,35.0,BSHM,7.28706,1648520400.0
0.727878,32.0,35.0,BSHM,7.58686,1648520700.0
0.665135,32.0,35.0,BSHM,7.73426,1648521000.0
0.649734,32.0,35.0,BSHM,7.86236,1648521300.0
0.750185,32.0,35.0,BSHM,7.97227,1648521600.0
0.859347,32.0,35.0,BSHM,7.97335,1648521900.0
0.754005,32.0,35.0,BSHM,7.83723,1648522200.0
0.820276,32.0,35.0,BSHM,7.68507,1648522500.0
0.657655,32.0,35.0,BSHM,7.64198,1648522800.0
0.551066,32.0,35.0,BSHM,7.469,1648523100.0
0.60547,32.0,35.0,BSHM,7.78204,1648523400.0
0.597036,32.0,35.0,BSHM,8.02959,1648523700.0
0.500523,32.0,35.0,BSHM,8.27448,1648524000.0
0.468839,32.0,35.0,BSHM,8.74714,1648524300.0
0.438799,32.0,35.0,BSHM,9.20774,1648524600.0
0.41704,32.0,35.0,BSHM,9.75558,1648524900.0
0.381095,32.0,35.0,BSHM,10.3835,1648525200.0
0.384721,32.0,35.0,BSHM,11.0536,1648525500.0
0.381685,32.0,35.0,BSHM,11.7649,1648525800.0
0.401902,32.0,35.0,BSHM,12.2046,1648526100.0
0.444171,32.0,35.0,BSHM,12.7644,1648526400.0
0.458955,32.0,35.0,BSHM,13.5296,1648526700.0
0.547691,32.0,35.0,BSHM,14.6627,1648527000.0
0.565185,32.0,35.0,BSHM,15.2341,1648527300.0
0.558275,32.0,35.0,BSHM,15.7554,1648527600.0
0.545938,32.0,35.0,BSHM,16.0645,1648527900.0
0.590302,32.0,35.0,BSHM,16.5127,1648528200.0
0.511618,32.0,35.0,BSHM,16.956,1648528500.0
0.474723,32.0,35.0,BSHM,17.2703,1648528800.0
0.43979,32.0,35.0,BSHM,17.5213,1648529100.0
0.464404,32.0,35.0,BSHM,18.0825,1648529400.0
0.443419,32.0,35.0,BSHM,18.5118,1648529700.0
0.496356,32.0,35.0,BSHM,18.8675,1648530000.0
0.436967,32.0,35.0,BSHM,19.2377,1648530300.0
0.495135,32.0,35.0,BSHM,19.5468,1648530600.0
0.583317,32.0,35.0,BSHM,19.9455,1648530900.0
0.532252,32.0,35.0,BSHM,20.0276,1648531200.0
0.583456,32.0,35.0,BSHM,20.6106,1648531500.0
0.53425,32.0,35.0,BSHM,20.8975,1648531800.0
0.501614,32.0,35.0,BSHM,21.6242,1648532100.0
0.436872,32.0,35.0,BSHM,22.1905,1648532400.0
0.461398,32.0,35.0,BSHM,22.419,1648532700.0
0.434859,32.0,35.0,BSHM,22.5815,1648533000.0
0.412593,32.0,35.0,BSHM,22.8254,1648533300.0
0.532317,32.0,35.0,BSHM,22.8825,1648533600.0
0.582239,32.0,35.0,BSHM,22.718,1648533900.0
0.582239,32.0,35.0,BSHM,22.5741,1648534200.0
0.582634,32.0,35.0,BSHM,22.6105,1648534500.0
0.752039,32.0,35.0,BSHM,22.7487,1648534800.0
1.30175,32.0,35.0,BSHM,22.8191,1648535100.0
1.30292,32.0,35.0,BSHM,22.891,1648535400.0
1.61474,32.0,35.0,BSHM,25.5299,1648536600.0
1.41372,32.0,35.0,BSHM,25.8253,1648536900.0
1.02259,32.0,35.0,BSHM,26.366,1648537200.0
0.965049,32.0,35.0,BSHM,26.728,1648537500.0
0.779987,32.0,35.0,BSHM,27.1453,1648537800.0
0.972792,32.0,35.0,BSHM,27.4858,1648538100.0
0.972864,32.0,35.0,BSHM,27.7842,1648538400.0
1.41602,32.0,35.0,BSHM,28.2483,1648538700.0
1.31087,32.0,35.0,BSHM,25.1932,1648540800.0
1.30562,32.0,35.0,BSHM,25.4685,1648541100.0
0.924741,32.0,35.0,BSHM,27.3801,1648541400.0
1.30476,32.0,35.0,BSHM,28.896,1648541700.0
1.30933,32.0,35.0,BSHM,31.3766,1648542000.0
1.31768,32.0,35.0,BSHM,31.5714,1648542300.0
1.44263,32.0,35.0,BSHM,33.0132,1648545300.0
0.90195,32.0,35.0,BSHM,34.8577,1648545600.0
0.82469,32.0,35.0,BSHM,35.7649,1648545900.0
0.668001,32.0,35.0,BSHM,37.2581,1648546200.0
0.57233,32.0,35.0,BSHM,37.831,1648546500.0
0.589778,32.0,35.0,BSHM,38.7352,1648546800.0
0.552942,32.0,35.0,BSHM,39.5424,1648547100.0
0.546082,32.0,35.0,BSHM,40.2448,1648547400.0
0.602679,32.0,35.0,BSHM,41.0647,1648547700.0
0.747779,32.0,35.0,BSHM,41.9725,1648548000.0
0.753308,32.0,35.0,BSHM,42.7397,1648548300.0
0.882036,32.0,35.0,BSHM,43.4955,1648548600.0
0.933271,32.0,35.0,BSHM,44.1312,1648548900.0
1.33413,32.0,35.0,BSHM,45.392,1648549200.0
0.772373,32.0,35.0,BSHM,42.9054,1648549500.0
0.5043,32.0,35.0,BSHM,43.9354,1648549800.0
0.473135,32.0,35.0,BSHM,43.8883,1648550100.0
0.448517,32.0,35.0,BSHM,43.9522,1648550400.0
0.411487,32.0,35.0,BSHM,44.0716,1648550700.0
0.404546,32.0,35.0,BSHM,44.3284,1648551000.0
0.411348,32.0,35.0,BSHM,44.6447,1648551300.0
0.450212,32.0,35.0,BSHM,45.3458,1648551600.0
0.484091,32.0,35.0,BSHM,45.5822,1648551900.0
0.509271,32.0,35.0,BSHM,45.64,1648552200.0
0.520456,32.0,35.0,BSHM,44.6443,1648552500.0
0.479339,32.0,35.0,BSHM,44.6764,1648552800.0
0.54434,32.0,35.0,BSHM,43.6922,1648553100.0
0.549675,32.0,35.0,BSHM,43.5126,1648553400.0
0.547726,32.0,35.0,BSHM,43.0475,1648553700.0
0.670289,32.0,35.0,BSHM,41.166,1648554000.0
0.629927,32.0,35.0,BSHM,40.6426,1648554300.0
0.680481,32.0,35.0,BSHM,39.8822,1648554600.0
0.600545,32.0,35.0,BSHM,39.4096,1648554900.0
0.760541,32.0,35.0,BSHM,37.6586,1648555200.0
0.780081,32.0,35.0,BSHM,35.7048,1648555500.0
0.950274,32.0,35.0,BSHM,36.1835,1648555800.0
0.779633,32.0,35.0,BSHM,36.5989,1648556100.0
0.675156,32.0,35.0,BSHM,36.8521,1648556400.0
0.685607,32.0,35.0,BSHM,37.0524,1648556700.0
0.680961,32.0,35.0,BSHM,38.7979,1648557000.0
0.562117,32.0,35.0,BSHM,38.4638,1648557300.0
0.602965,32.0,35.0,BSHM,38.2463,1648557600.0
0.494566,32.0,35.0,BSHM,38.1212,1648557900.0
0.560041,32.0,35.0,BSHM,37.9117,1648558200.0
0.556581,32.0,35.0,BSHM,38.0633,1648558500.0
0.550897,32.0,35.0,BSHM,38.1446,1648558800.0
0.670728,32.0,35.0,BSHM,38.1438,1648559100.0
0.684237,32.0,35.0,BSHM,38.1809,1648559400.0
0.784001,32.0,35.0,BSHM,38.2124,1648559700.0
0.696809,32.0,35.0,BSHM,36.5714,1648560000.0
0.605014,32.0,35.0,BSHM,36.1002,1648560300.0
0.666836,32.0,35.0,BSHM,35.2987,1648560600.0
0.665907,32.0,35.0,BSHM,34.9693,1648560900.0
0.596897,32.0,35.0,BSHM,35.1151,1648561200.0
0.552127,32.0,35.0,BSHM,33.1368,1648561500.0
0.598482,32.0,35.0,BSHM,31.7213,1648561800.0
0.619881,32.0,35.0,BSHM,31.6399,1648562100.0
0.599669,32.0,35.0,BSHM,31.6169,1648562400.0
0.66248,32.0,35.0,BSHM,30.4657,1648562700.0
0.702557,32.0,35.0,BSHM,31.0225,1648563000.0
1.46725,32.0,35.0,BSHM,34.2773,1648563300.0
1.15271,32.0,35.0,BSHM,25.1917,1648565700.0
1.01426,32.0,35.0,BSHM,24.3561,1648566000.0
0.826031,32.0,35.0,BSHM,24.4758,1648566300.0
0.856419,32.0,35.0,BSHM,23.7644,1648566600.0
0.721813,32.0,35.0,BSHM,23.6238,1648566900.0
0.594602,32.0,35.0,BSHM,22.9049,1648567200.0
0.633462,32.0,35.0,BSHM,21.7922,1648567500.0
0.589341,32.0,35.0,BSHM,21.7026,1648567800.0
0.573708,32.0,35.0,BSHM,21.0859,1648568100.0
0.551965,32.0,35.0,BSHM,21.0648,1648568400.0
0.587309,32.0,35.0,BSHM,22.2131,1648568700.0
0.657412,32.0,35.0,BSHM,22.3721,1648569000.0
0.720966,32.0,35.0,BSHM,22.1968,1648569300.0
0.72987,32.0,35.0,BSHM,21.6784,1648569600.0
0.723518,32.0,35.0,BSHM,21.0043,1648569900.0
0.613315,32.0,35.0,BSHM,20.2779,1648570200.0
0.634275,32.0,35.0,BSHM,19.676,1648570500.0
0.552428,32.0,35.0,BSHM,18.6275,1648570800.0
0.574512,32.0,35.0,BSHM,18.1606,1648571100.0
0.549317,32.0,35.0,BSHM,17.725,1648571400.0
0.66271,32.0,35.0,BSHM,17.7232,1648571700.0
0.612613,32.0,35.0,BSHM,17.2967,1648572000.0
0.547429,32.0,35.0,BSHM,16.8017,1648572300.0
0.501826,32.0,35.0,BSHM,16.2299,1648572600.0
0.553127,32.0,35.0,BSHM,15.8114,1648572900.0
0.599183,32.0,35.0,BSHM,15.3359,1648573200.0
0.64297,32.0,35.0,BSHM,14.8998,1648573500.0
0.635754,32.0,35.0,BSHM,14.3958,1648573800.0
0.690305,32.0,35.0,BSHM,13.9584,1648574100.0
0.723624,32.0,35.0,BSHM,13.4047,1648574400.0
0.874401,32.0,35.0,BSHM,13.0434,1648574700.0
0.838171,32.0,35.0,BSHM,12.6721,1648575000.0
0.753494,32.0,35.0,BSHM,12.365,1648575300.0
0.692861,32.0,35.0,BSHM,11.9698,1648575600.0
0.553107,32.0,35.0,BSHM,11.1754,1648575900.0
0.506762,32.0,35.0,BSHM,11.0403,1648576200.0
0.508195,32.0,35.0,BSHM,10.9241,1648576500.0
0.495533,32.0,35.0,BSHM,10.6086,1648576800.0
0.477909,32.0,35.0,BSHM,10.2529,1648577100.0
0.517702,32.0,35.0,BSHM,9.98111,1648577400.0
0.53018,32.0,35.0,BSHM,10.1875,1648577700.0
0.509816,32.0,35.0,BSHM,10.1145,1648578000.0
0.478097,32.0,35.0,BSHM,10.099,1648578300.0
0.585293,32.0,35.0,BSHM,10.0849,1648578600.0
0.636912,32.0,35.0,BSHM,9.97909,1648578900.0
0.661538,32.0,35.0,BSHM,9.74452,1648579200.0
0.701433,32.0,35.0,BSHM,9.57395,1648579500.0
0.74154,32.0,35.0,BSHM,9.26953,1648579800.0
0.671258,32.0,35.0,BSHM,9.09576,1648580100.0
0.64013,32.0,35.0,BSHM,8.32333,1648580400.0
0.632249,32.0,35.0,BSHM,7.56334,1648580700.0
0.63519,32.0,35.0,BSHM,7.44979,1648581000.0
0.603405,32.0,35.0,BSHM,7.38507,1648581300.0
0.59144,32.0,35.0,BSHM,7.53216,1648581600.0
0.50032,32.0,35.0,BSHM,7.60205,1648581900.0
0.455542,32.0,35.0,BSHM,7.60871,1648582200.0
0.458575,32.0,35.0,BSHM,7.60395,1648582500.0
0.425484,32.0,35.0,BSHM,7.55848,1648582800.0
0.423878,32.0,35.0,BSHM,7.70595,1648583100.0
0.460369,32.0,35.0,BSHM,7.81944,1648583400.0
0.470764,32.0,35.0,BSHM,7.82185,1648583700.0
0.616878,32.0,35.0,BSHM,8.16749,1648584000.0
0.608644,32.0,35.0,BSHM,8.83262,1648584300.0
0.612044,32.0,35.0,BSHM,8.83426,1648584600.0
0.672688,32.0,35.0,BSHM,8.68116,1648584900.0
1.32397,32.0,35.0,BSHM,8.42521,1648585200.0
1.32598,32.0,35.0,BSHM,8.27901,1648585500.0
1.08664,32.0,35.0,BSHM,8.2724,1648585800.0
1.42217,32.0,35.0,BSHM,8.37416,1648586100.0
0.964953,32.0,35.0,BSHM,8.4983,1648586400.0
0.813268,32.0,35.0,BSHM,8.38697,1648586700.0
0.961648,32.0,35.0,BSHM,8.45703,1648587000.0
1.31089,32.0,35.0,BSHM,8.88535,1648587300.0
0.654233,32.0,35.0,BSHM,8.15852,1648587600.0
0.654734,32.0,35.0,BSHM,8.2561,1648587900.0
0.534144,32.0,35.0,BSHM,8.34102,1648588200.0
0.495186,32.0,35.0,BSHM,8.42421,1648588500.0
0.533099,32.0,35.0,BSHM,8.57885,1648588800.0
0.46156,32.0,35.0,BSHM,8.52972,1648589100.0
0.493951,32.0,35.0,BSHM,8.8893,1648589400.0
0.493969,32.0,35.0,BSHM,8.61374,1648589700.0
0.469247,32.0,35.0,BSHM,8.4198,1648590000.0
0.589515,32.0,35.0,BSHM,8.05832,1648590300.0
0.659927,32.0,35.0,BSHM,7.26557,1648590600.0
0.769482,32.0,35.0,BSHM,7.27037,1648590900.0
0.943436,32.0,35.0,BSHM,7.8948,1648591200.0
0.79957,32.0,35.0,BSHM,8.6981,1648591500.0
0.758409,32.0,35.0,BSHM,9.55611,1648591800.0
0.754775,32.0,35.0,BSHM,9.62935,1648592100.0
0.754401,32.0,35.0,BSHM,9.68789,1648592400.0
0.754368,32.0,35.0,BSHM,9.78722,1648592700.0
0.754039,32.0,35.0,BSHM,9.89161,1648593000.0
0.924214,32.0,35.0,BSHM,9.96009,1648593300.0
0.925865,32.0,35.0,BSHM,9.98053,1648593600.0
1.30716,32.0,35.0,BSHM,9.98517,1648593900.0
1.33969,32.0,35.0,BSHM,7.07244,1648594200.0
0.93555,32.0,35.0,BSHM,8.28453,1648594500.0
0.756655,32.0,35.0,BSHM,8.04218,1648594800.0
0.770724,32.0,35.0,BSHM,8.80801,1648595100.0
0.547317,32.0,35.0,BSHM,9.32749,1648595400.0
0.501001,32.0,35.0,BSHM,9.49358,1648595700.0
0.542358,32.0,35.0,BSHM,9.32103,1648596000.0
0.452437,32.0,35.0,BSHM,9.13534,1648596300.0
0.431954,32.0,35.0,BSHM,9.29342,1648596600.0
0.454117,32.0,35.0,BSHM,9.30953,1648596900.0
0.541852,32.0,35.0,BSHM,9.30609,1648597200.0
0.544949,32.0,35.0,BSHM,9.39859,1648597500.0
0.67216,32.0,35.0,BSHM,9.48905,1648597800.0
0.937107,32.0,35.0,BSHM,10.0577,1648598100.0
1.31511,35.0,33.0,NICO,5.94586,1648512600.0
0.921775,35.0,33.0,NICO,6.83055,1648512900.0
1.38699,35.0,33.0,NICO,6.68574,1648513200.0
0.969706,35.0,33.0,NICO,6.30358,1648513500.0
0.612237,35.0,33.0,NICO,6.50264,1648513800.0
0.472359,35.0,33.0,NICO,6.62586,1648514100.0
0.471085,35.0,33.0,NICO,6.63956,1648514400.0
0.542111,35.0,33.0,NICO,6.61303,1648514700.0
0.777871,35.0,33.0,NICO,6.766,1648515000.0
1.39457,35.0,33.0,NICO,6.84474,1648515300.0
1.30984,35.0,33.0,NICO,7.24208,1648515900.0
1.30813,35.0,33.0,NICO,9.6717,1648516200.0
1.30854,35.0,33.0,NICO,9.7768,1648516500.0
0.759971,35.0,33.0,NICO,5.64916,1648519800.0
0.512347,35.0,33.0,NICO,5.99905,1648520100.0
0.496736,35.0,33.0,NICO,6.00073,1648520400.0
0.494635,35.0,33.0,NICO,5.7417,1648520700.0
0.504657,35.0,33.0,NICO,5.74711,1648521000.0
0.925963,35.0,33.0,NICO,6.30913,1648521300.0
1.32979,35.0,33.0,NICO,6.02709,1648521600.0
1.42946,35.0,33.0,NICO,7.01897,1648522500.0
1.32753,35.0,33.0,NICO,7.07517,1648522800.0
1.4439,35.0,33.0,NICO,9.52587,1648525800.0
0.62744,35.0,33.0,NICO,9.98112,1648526100.0
0.523813,35.0,33.0,NICO,10.5243,1648526400.0
0.518957,35.0,33.0,NICO,11.2037,1648526700.0
0.591227,35.0,33.0,NICO,11.8631,1648527000.0
0.786308,35.0,33.0,NICO,12.5094,1648527300.0
1.3519,35.0,33.0,NICO,13.078,1648527600.0
0.769747,35.0,33.0,NICO,16.9749,1648530900.0
0.767656,35.0,33.0,NICO,17.4584,1648531200.0
0.673759,35.0,33.0,NICO,17.9667,1648531500.0
0.780037,35.0,33.0,NICO,18.5495,1648531800.0
1.36812,35.0,33.0,NICO,19.1286,1648532100.0
1.3059,35.0,33.0,NICO,22.4335,1648532400.0
1.3132,35.0,33.0,NICO,23.0614,1648532700.0
1.31803,35.0,33.0,NICO,22.0053,1648534200.0
1.3237,35.0,33.0,NICO,18.1706,1648534500.0
1.33322,35.0,33.0,NICO,17.2872,1648534800.0
1.30566,35.0,33.0,NICO,22.519,1648536900.0
1.30252,35.0,33.0,NICO,22.8316,1648537200.0
1.30727,35.0,33.0,NICO,23.1424,1648537500.0
1.31491,35.0,33.0,NICO,21.7015,1648537800.0
1.31203,35.0,33.0,NICO,21.767,1648538100.0
2.27439,35.0,33.0,NICO,23.9114,1648541100.0
0.841577,35.0,33.0,NICO,24.1227,1648541400.0
1.02129,35.0,33.0,NICO,24.6893,1648541700.0
0.863137,35.0,33.0,NICO,25.5279,1648542000.0
0.749249,35.0,33.0,NICO,26.1718,1648542300.0
0.586635,35.0,33.0,NICO,26.8196,1648542600.0
0.466185,35.0,33.0,NICO,27.5452,1648542900.0
0.598687,35.0,33.0,NICO,28.0515,1648543200.0
0.644131,35.0,33.0,NICO,29.2571,1648543500.0
0.718528,35.0,33.0,NICO,30.2187,1648543800.0
1.11377,35.0,33.0,NICO,31.4974,1648544100.0
1.30461,35.0,33.0,NICO,31.8046,1648545300.0
0.922389,35.0,33.0,NICO,33.4317,1648545600.0
1.30843,35.0,33.0,NICO,31.7858,1648545900.0
1.30663,35.0,33.0,NICO,30.7397,1648547100.0
1.30434,35.0,33.0,NICO,30.97,1648547400.0
1.30181,35.0,33.0,NICO,38.1357,1648549200.0
1.30192,35.0,33.0,NICO,37.745,1648549500.0
1.43785,35.0,33.0,NICO,36.1572,1648551300.0
0.771088,35.0,33.0,NICO,36.2824,1648551600.0
0.678748,35.0,33.0,NICO,36.4584,1648551900.0
0.77664,35.0,33.0,NICO,36.6825,1648552200.0
0.773547,35.0,33.0,NICO,36.8222,1648552500.0
0.873077,35.0,33.0,NICO,36.9543,1648552800.0
1.30299,35.0,33.0,NICO,37.619,1648553700.0
1.30275,35.0,33.0,NICO,37.1065,1648554000.0
0.924071,35.0,33.0,NICO,37.7473,1648554300.0
0.987794,35.0,33.0,NICO,37.0298,1648554600.0
0.587565,35.0,33.0,NICO,35.0316,1648554900.0
0.541071,35.0,33.0,NICO,34.3961,1648555200.0
0.529947,35.0,33.0,NICO,34.7012,1648555500.0
0.558519,35.0,33.0,NICO,35.0523,1648555800.0
0.63875,35.0,33.0,NICO,35.6765,1648556100.0
1.52178,35.0,33.0,NICO,35.5734,1648556400.0
1.30814,35.0,33.0,NICO,36.1143,1648556700.0
1.30137,35.0,33.0,NICO,26.6396,1648560900.0
1.3606,35.0,33.0,NICO,29.5969,1648563600.0
1.13491,35.0,33.0,NICO,29.182,1648563900.0
0.820122,35.0,33.0,NICO,28.8731,1648564200.0
0.543238,35.0,33.0,NICO,27.3508,1648564500.0
0.573799,35.0,33.0,NICO,28.0142,1648564800.0
0.822428,35.0,33.0,NICO,27.5378,1648565100.0
0.824818,35.0,33.0,NICO,27.3076,1648565400.0
0.857999,35.0,33.0,NICO,26.8268,1648565700.0
1.46353,35.0,33.0,NICO,26.5137,1648566000.0
1.30164,35.0,33.0,NICO,20.4995,1648569900.0
1.30166,35.0,33.0,NICO,19.9328,1648570200.0
1.30318,35.0,33.0,NICO,19.3718,1648570500.0
1.30156,35.0,33.0,NICO,19.2162,1648570800.0
1.30227,35.0,33.0,NICO,18.9959,1648571100.0
0.772489,35.0,33.0,NICO,14.0227,1648572600.0
0.765106,35.0,33.0,NICO,13.7001,1648572900.0
0.595843,35.0,33.0,NICO,13.7928,1648573200.0
0.664998,35.0,33.0,NICO,13.6029,1648573500.0
1.33544,35.0,33.0,NICO,12.7339,1648573800.0
1.30332,35.0,33.0,NICO,15.0826,1648574100.0
1.30296,35.0,33.0,NICO,14.836,1648574400.0
1.32897,35.0,33.0,NICO,9.54231,1648577100.0
0.929568,35.0,33.0,NICO,9.3755,1648577400.0
0.506998,35.0,33.0,NICO,8.91191,1648577700.0
0.504866,35.0,33.0,NICO,8.71897,1648578000.0
0.561142,35.0,33.0,NICO,8.51064,1648578300.0
0.765007,35.0,33.0,NICO,8.37508,1648578600.0
0.988062,35.0,33.0,NICO,8.11632,1648578900.0
1.3172,35.0,33.0,NICO,7.00476,1648581300.0
0.753742,35.0,33.0,NICO,6.95131,1648581600.0
0.652686,35.0,33.0,NICO,6.90109,1648581900.0
0.652774,35.0,33.0,NICO,6.86404,1648582200.0
0.753743,35.0,33.0,NICO,6.83979,1648582500.0
0.760543,35.0,33.0,NICO,6.85273,1648582800.0
1.34427,35.0,33.0,NICO,6.97575,1648583400.0
0.618321,35.0,33.0,NICO,6.53709,1648583700.0
0.620646,35.0,33.0,NICO,6.66533,1648584000.0
0.512335,35.0,33.0,NICO,6.75368,1648584300.0
0.55271,35.0,33.0,NICO,6.85437,1648584600.0
0.771381,35.0,33.0,NICO,6.94104,1648584900.0
0.932134,35.0,33.0,NICO,7.64433,1648585200.0
1.30366,35.0,33.0,NICO,7.82297,1648585500.0
0.652402,35.0,33.0,NICO,7.34042,1648585800.0
0.583315,35.0,33.0,NICO,7.41518,1648586100.0
0.583032,35.0,33.0,NICO,7.48749,1648586400.0
0.583856,35.0,33.0,NICO,7.54937,1648586700.0
0.752909,35.0,33.0,NICO,7.62927,1648587000.0
1.31249,35.0,33.0,NICO,7.6904,1648587300.0
1.30245,35.0,33.0,NICO,7.37406,1648588500.0
1.30254,35.0,33.0,NICO,7.29833,1648588800.0
0.766111,35.0,33.0,NICO,8.18022,1648590000.0
0.759747,35.0,33.0,NICO,8.3318,1648590300.0
0.756901,35.0,33.0,NICO,8.21058,1648590600.0
0.926305,35.0,33.0,NICO,8.09081,1648590900.0
0.763526,35.0,33.0,NICO,7.90909,1648591200.0
0.765151,35.0,33.0,NICO,7.90747,1648591500.0
1.30614,35.0,33.0,NICO,7.91543,1648591800.0
1.30965,35.0,33.0,NICO,7.13749,1648592700.0
0.967529,35.0,33.0,NICO,7.43263,1648593000.0
0.659271,35.0,33.0,NICO,7.76683,1648593300.0
0.764627,35.0,33.0,NICO,7.78772,1648593600.0
0.546038,35.0,33.0,NICO,7.89537,1648593900.0
0.767717,35.0,33.0,NICO,8.22775,1648594200.0
0.79179,35.0,33.0,NICO,8.17783,1648594500.0
0.802232,35.0,33.0,NICO,7.84614,1648594800.0
1.3025,35.0,33.0,NICO,7.82033,1648595100.0
1.30423,35.0,33.0,NICO,7.71985,1648595400.0
1.30532,40.0,44.0,ARUC,8.28735,1648598400.0
1.33244,40.0,44.0,ARUC,6.41631,1648602300.0
0.768279,40.0,44.0,ARUC,6.51202,1648602600.0
1.30152,40.0,44.0,ARUC,8.83559,1648603200.0
1.30154,40.0,44.0,ARUC,8.7851,1648603500.0
1.31399,40.0,44.0,ARUC,7.44877,1648604100.0
0.924236,40.0,44.0,ARUC,7.67149,1648604400.0
0.922357,40.0,44.0,ARUC,7.51293,1648604700.0
0.920766,40.0,44.0,ARUC,7.44357,1648605000.0
0.921041,40.0,44.0,ARUC,7.33868,1648605300.0
0.92261,40.0,44.0,ARUC,6.87895,1648605600.0
0.922537,40.0,44.0,ARUC,6.7282,1648605900.0
0.754471,40.0,44.0,ARUC,7.16552,1648606200.0
0.753931,40.0,44.0,ARUC,7.16826,1648606500.0
0.924982,40.0,44.0,ARUC,7.04995,1648606800.0
0.925877,40.0,44.0,ARUC,7.12792,1648607100.0
1.31352,40.0,44.0,ARUC,7.55692,1648607400.0
0.408539,40.0,44.0,ARUC,6.58555,1648607700.0
0.425252,40.0,44.0,ARUC,7.19027,1648608000.0
1.32517,40.0,44.0,ARUC,8.97095,1648608300.0
1.32385,40.0,44.0,ARUC,9.26873,1648608600.0
1.33472,40.0,44.0,ARUC,9.52941,1648608900.0
0.921887,40.0,44.0,ARUC,12.7821,1648610100.0
1.30141,40.0,44.0,ARUC,13.8706,1648610400.0
1.30141,40.0,44.0,ARUC,14.3149,1648610700.0
1.30166,40.0,44.0,ARUC,14.556,1648611000.0
0.928606,40.0,44.0,ARUC,12.812,1648611900.0
0.495542,40.0,44.0,ARUC,13.1555,1648612200.0
1.30147,40.0,44.0,ARUC,18.5946,1648613700.0
1.30141,40.0,44.0,ARUC,19.0023,1648614000.0
1.30156,40.0,44.0,ARUC,19.4135,1648614300.0
1.30193,40.0,44.0,ARUC,19.5308,1648615200.0
1.30133,40.0,44.0,ARUC,20.0384,1648615500.0
0.59392,40.0,44.0,ARUC,19.0036,1648616400.0
0.587685,40.0,44.0,ARUC,19.228,1648616700.0
1.30284,40.0,44.0,ARUC,23.4969,1648618800.0
1.30233,40.0,44.0,ARUC,23.6605,1648619100.0
1.30222,40.0,44.0,ARUC,23.9689,1648619400.0
1.30221,40.0,44.0,ARUC,24.2295,1648619700.0
0.664929,40.0,44.0,ARUC,23.6158,1648620000.0
0.791804,40.0,44.0,ARUC,25.4868,1648620300.0
1.30971,40.0,44.0,ARUC,21.1469,1648620600.0
1.33848,40.0,44.0,ARUC,26.1319,1648620900.0
1.32551,40.0,44.0,ARUC,26.6514,1648621200.0
1.32811,40.0,44.0,ARUC,27.2169,1648621500.0
0.957482,40.0,44.0,ARUC,28.5843,1648621800.0
1.32823,40.0,44.0,ARUC,28.345,1648622100.0
1.32812,40.0,44.0,ARUC,28.9872,1648622400.0
1.32553,40.0,44.0,ARUC,29.6886,1648622700.0
1.38625,40.0,44.0,ARUC,30.0263,1648623000.0
1.31405,40.0,44.0,ARUC,30.9008,1648623300.0
1.31339,40.0,44.0,ARUC,31.1238,1648623900.0
1.30696,40.0,44.0,ARUC,31.3455,1648624200.0
0.753764,40.0,44.0,ARUC,30.7352,1648624500.0
0.753559,40.0,44.0,ARUC,31.1181,1648624800.0
0.924028,40.0,44.0,ARUC,32.5189,1648625100.0
0.923832,40.0,44.0,ARUC,33.0798,1648625400.0
1.30713,40.0,44.0,ARUC,33.1873,1648625700.0
1.30497,40.0,44.0,ARUC,35.1618,1648627800.0
1.3039,40.0,44.0,ARUC,35.661,1648629300.0
1.3508,40.0,44.0,ARUC,30.5894,1648631100.0
1.32414,40.0,44.0,ARUC,30.5881,1648631400.0
1.3222,40.0,44.0,ARUC,30.7353,1648631700.0
1.32055,40.0,44.0,ARUC,30.7298,1648632000.0
1.3225,40.0,44.0,ARUC,30.7349,1648632300.0
0.757632,40.0,44.0,ARUC,30.3042,1648632600.0
0.497155,40.0,44.0,ARUC,28.4684,1648632900.0
0.929443,40.0,44.0,ARUC,30.7361,1648633200.0
0.955067,40.0,44.0,ARUC,30.4198,1648633500.0
1.31756,40.0,44.0,ARUC,29.4216,1648633800.0
1.30364,40.0,44.0,ARUC,26.1365,1648637700.0
1.30391,40.0,44.0,ARUC,26.1038,1648638000.0
1.30366,40.0,44.0,ARUC,26.1588,1648638300.0
1.30366,40.0,44.0,ARUC,26.1722,1648638600.0
1.30345,40.0,44.0,ARUC,26.238,1648638900.0
0.926196,40.0,44.0,ARUC,26.7002,1648639200.0
0.362619,40.0,44.0,ARUC,26.159,1648639800.0
0.413435,40.0,44.0,ARUC,26.1557,1648640100.0
0.920834,40.0,44.0,ARUC,26.8616,1648640400.0
0.921118,40.0,44.0,ARUC,26.7773,1648640700.0
0.925031,40.0,44.0,ARUC,26.8677,1648641000.0
1.30306,40.0,44.0,ARUC,26.916,1648641300.0
0.922179,40.0,44.0,ARUC,27.2182,1648641600.0
1.30325,40.0,44.0,ARUC,26.8447,1648641900.0
1.30421,40.0,44.0,ARUC,26.8396,1648642200.0
1.30417,40.0,44.0,ARUC,30.1062,1648643100.0
1.30185,40.0,44.0,ARUC,29.9003,1648644300.0
1.30153,40.0,44.0,ARUC,29.9393,1648644600.0
1.32553,40.0,44.0,ARUC,28.353,1648647600.0
1.32418,40.0,44.0,ARUC,28.0166,1648647900.0
1.32314,40.0,44.0,ARUC,27.655,1648648200.0
1.32639,40.0,44.0,ARUC,27.4102,1648648500.0
1.33019,40.0,44.0,ARUC,27.0817,1648648800.0
0.761657,40.0,44.0,ARUC,26.5105,1648649100.0
0.414791,40.0,44.0,ARUC,25.1298,1648649400.0
0.47226,40.0,44.0,ARUC,24.881,1648649700.0
1.30513,40.0,44.0,ARUC,25.395,1648650000.0
1.30565,40.0,44.0,ARUC,24.9576,1648650300.0
1.30529,40.0,44.0,ARUC,24.6315,1648650600.0
1.30581,40.0,44.0,ARUC,24.2901,1648650900.0
1.30322,40.0,44.0,ARUC,24.6684,1648651200.0
1.32088,40.0,44.0,ARUC,22.6116,1648651800.0
0.943597,40.0,44.0,ARUC,22.9938,1648652100.0
0.926325,40.0,44.0,ARUC,22.8943,1648652400.0
0.930373,40.0,44.0,ARUC,22.7715,1648652700.0
0.762906,40.0,44.0,ARUC,21.5725,1648653000.0
0.343887,40.0,44.0,ARUC,21.0657,1648653300.0
0.513336,40.0,44.0,ARUC,21.1529,1648653600.0
1.30705,40.0,44.0,ARUC,21.321,1648653900.0
1.30733,40.0,44.0,ARUC,21.2202,1648654200.0
1.30693,40.0,44.0,ARUC,21.0644,1648654500.0
1.31871,40.0,44.0,ARUC,20.9691,1648654800.0
0.925204,40.0,44.0,ARUC,15.7956,1648657200.0
0.753785,40.0,44.0,ARUC,15.4375,1648657500.0
0.753637,40.0,44.0,ARUC,15.1417,1648657800.0
0.753754,40.0,44.0,ARUC,14.8818,1648658100.0
0.753892,40.0,44.0,ARUC,14.622,1648658400.0
0.922975,40.0,44.0,ARUC,14.0407,1648658700.0
1.30461,40.0,44.0,ARUC,12.827,1648659000.0
1.30488,40.0,44.0,ARUC,12.3118,1648659300.0
1.3052,40.0,44.0,ARUC,11.9114,1648659600.0
1.30995,40.0,44.0,ARUC,11.6227,1648659900.0
0.780743,40.0,44.0,ARUC,11.7449,1648660200.0
0.606683,40.0,44.0,ARUC,12.2568,1648660500.0
0.996228,40.0,44.0,ARUC,12.2199,1648660800.0
1.31578,40.0,44.0,ARUC,11.2869,1648661100.0
1.30862,40.0,44.0,ARUC,10.9242,1648661400.0
1.30796,40.0,44.0,ARUC,10.4588,1648661700.0
1.30856,40.0,44.0,ARUC,10.0355,1648662000.0
1.30681,40.0,44.0,ARUC,9.6805,1648662300.0
0.923827,40.0,44.0,ARUC,9.60402,1648662600.0
0.922799,40.0,44.0,ARUC,9.57789,1648662900.0
0.922217,40.0,44.0,ARUC,9.64349,1648663200.0
0.922678,40.0,44.0,ARUC,9.70868,1648663500.0
1.30765,40.0,44.0,ARUC,10.2969,1648663800.0
1.30702,40.0,44.0,ARUC,10.5469,1648664100.0
1.30648,40.0,44.0,ARUC,10.791,1648664400.0
1.35339,40.0,44.0,ARUC,10.8936,1648664700.0
1.30891,40.0,44.0,ARUC,8.72214,1648665900.0
1.30845,40.0,44.0,ARUC,8.7678,1648666200.0
1.30909,40.0,44.0,ARUC,8.83168,1648666500.0
1.30857,40.0,44.0,ARUC,8.93926,1648666800.0
0.924735,40.0,44.0,ARUC,8.79904,1648667100.0
0.924328,40.0,44.0,ARUC,8.89042,1648667400.0
0.762253,40.0,44.0,ARUC,10.4918,1648667700.0
0.752932,40.0,44.0,ARUC,9.43908,1648668000.0
0.752893,40.0,44.0,ARUC,9.35192,1648668300.0
0.923822,40.0,44.0,ARUC,10.8907,1648668600.0
0.475781,40.0,44.0,ARUC,7.40782,1648668900.0
0.805954,40.0,44.0,ARUC,7.15141,1648669200.0
0.921245,40.0,44.0,ARUC,9.66515,1648671300.0
0.921081,40.0,44.0,ARUC,9.61052,1648671600.0
1.30238,40.0,44.0,ARUC,7.77498,1648671900.0
1.30227,40.0,44.0,ARUC,7.64215,1648672200.0
0.923794,40.0,44.0,ARUC,9.4863,1648672500.0
1.30388,40.0,44.0,ARUC,11.462,1648672800.0
1.30395,40.0,44.0,ARUC,11.5155,1648673100.0
0.922326,40.0,44.0,ARUC,7.89844,1648673400.0
1.30412,40.0,44.0,ARUC,4.31534,1648673700.0
1.31334,40.0,44.0,ARUC,7.68423,1648676100.0
1.30993,40.0,44.0,ARUC,7.9633,1648676400.0
1.30925,40.0,44.0,ARUC,8.24739,1648676700.0
1.31004,40.0,44.0,ARUC,8.65021,1648677000.0
0.614087,40.0,44.0,ARUC,8.34246,1648677300.0
0.429806,40.0,44.0,ARUC,7.20358,1648677600.0
0.406832,40.0,44.0,ARUC,7.97269,1648677900.0
0.441123,40.0,44.0,ARUC,7.37079,1648678200.0
0.605425,40.0,44.0,ARUC,7.12331,1648678500.0
1.30277,40.0,44.0,ARUC,9.4328,1648679400.0
0.921558,40.0,44.0,ARUC,9.85669,1648679700.0
1.30275,40.0,44.0,ARUC,9.17991,1648680000.0
1.30266,40.0,44.0,ARUC,9.03486,1648680300.0
1.30311,40.0,44.0,ARUC,8.89067,1648680600.0
1.30195,40.0,44.0,ARUC,11.436,1648680900.0
1.30179,40.0,44.0,ARUC,11.4805,1648681200.0
1.30533,40.0,44.0,ARUC,8.49592,1648682100.0
1.30334,40.0,44.0,ARUC,8.74087,1648682400.0
1.30358,40.0,44.0,ARUC,8.96044,1648682700.0
1.30337,40.0,44.0,ARUC,8.92814,1648683000.0
1.30318,40.0,44.0,ARUC,8.94796,1648683300.0
0.384807,40.0,44.0,ARUC,7.35397,1648683600.0
0.383408,40.0,44.0,ARUC,7.17761,1648683900.0
1.30334,40.0,44.0,ARUC,9.28952,1648684200.0
1.30418,40.0,44.0,ARUC,9.55822,1648684500.0
1.30494,32.0,35.0,BSHM,9.59475,1648598400.0
0.944387,32.0,35.0,BSHM,8.88982,1648598700.0
0.942587,32.0,35.0,BSHM,8.37184,1648599000.0
0.795318,32.0,35.0,BSHM,8.6158,1648599300.0
0.696645,32.0,35.0,BSHM,8.72047,1648599600.0
0.665276,32.0,35.0,BSHM,8.73459,1648599900.0
0.561869,32.0,35.0,BSHM,8.23294,1648600200.0
0.544094,32.0,35.0,BSHM,8.28375,1648600500.0
0.603166,32.0,35.0,BSHM,8.72753,1648600800.0
0.680001,32.0,35.0,BSHM,8.73119,1648601100.0
0.953951,32.0,35.0,BSHM,8.85254,1648601400.0
1.35025,32.0,35.0,BSHM,8.63123,1648601700.0
0.999296,32.0,35.0,BSHM,0.923204,1648602300.0
0.945036,32.0,35.0,BSHM,6.84634,1648602600.0
0.811526,32.0,35.0,BSHM,7.03232,1648602900.0
0.673796,32.0,35.0,BSHM,6.86973,1648603200.0
0.770511,32.0,35.0,BSHM,6.88161,1648603500.0
0.60429,32.0,35.0,BSHM,7.02127,1648603800.0
0.5463,32.0,35.0,BSHM,7.37216,1648604100.0
0.547887,32.0,35.0,BSHM,7.44612,1648604400.0
0.544127,32.0,35.0,BSHM,7.38382,1648604700.0
0.542573,32.0,35.0,BSHM,7.30038,1648605000.0
0.474813,32.0,35.0,BSHM,7.26438,1648605300.0
0.473412,32.0,35.0,BSHM,7.20886,1648605600.0
0.542417,32.0,35.0,BSHM,7.23223,1648605900.0
0.541903,32.0,35.0,BSHM,7.10845,1648606200.0
0.549631,32.0,35.0,BSHM,7.02469,1648606500.0
0.630491,32.0,35.0,BSHM,7.01468,1648606800.0
0.645436,32.0,35.0,BSHM,7.05285,1648607100.0
0.635554,32.0,35.0,BSHM,7.07313,1648607400.0
0.651396,32.0,35.0,BSHM,6.99929,1648607700.0
0.724639,32.0,35.0,BSHM,6.86041,1648608000.0
0.732487,32.0,35.0,BSHM,6.70557,1648608300.0
0.829036,32.0,35.0,BSHM,6.5247,1648608600.0
0.574621,32.0,35.0,BSHM,6.52267,1648608900.0
0.516388,32.0,35.0,BSHM,6.47823,1648609200.0
0.595922,32.0,35.0,BSHM,6.71389,1648609500.0
0.546434,32.0,35.0,BSHM,6.99641,1648609800.0
0.499521,32.0,35.0,BSHM,7.39328,1648610100.0
0.441777,32.0,35.0,BSHM,7.86077,1648610400.0
0.439627,32.0,35.0,BSHM,8.42389,1648610700.0
0.404494,32.0,35.0,BSHM,8.96818,1648611000.0
0.36895,32.0,35.0,BSHM,9.57186,1648611300.0
0.37307,32.0,35.0,BSHM,10.191,1648611600.0
0.394466,32.0,35.0,BSHM,11.5013,1648611900.0
0.422923,32.0,35.0,BSHM,11.6746,1648612200.0
0.453269,32.0,35.0,BSHM,12.2643,1648612500.0
0.477864,32.0,35.0,BSHM,12.6525,1648612800.0
0.597141,32.0,35.0,BSHM,13.5071,1648613100.0
0.667886,32.0,35.0,BSHM,14.5462,1648613400.0
0.939768,32.0,35.0,BSHM,14.9334,1648613700.0
0.678665,32.0,35.0,BSHM,15.3177,1648614000.0
0.621675,32.0,35.0,BSHM,15.7991,1648614300.0
0.592222,32.0,35.0,BSHM,16.4551,1648614600.0
0.506364,32.0,35.0,BSHM,16.9007,1648614900.0
0.440812,32.0,35.0,BSHM,17.3311,1648615200.0
0.465866,32.0,35.0,BSHM,17.733,1648615500.0
0.440401,32.0,35.0,BSHM,18.0807,1648615800.0
0.467191,32.0,35.0,BSHM,18.4221,1648616100.0
0.463852,32.0,35.0,BSHM,18.7324,1648616400.0
0.472441,32.0,35.0,BSHM,18.9634,1648616700.0
0.534412,32.0,35.0,BSHM,18.7588,1648617000.0
0.531919,32.0,35.0,BSHM,19.1578,1648617300.0
0.533193,32.0,35.0,BSHM,19.4863,1648617600.0
0.582716,32.0,35.0,BSHM,19.6554,1648617900.0
0.532213,32.0,35.0,BSHM,19.9532,1648618200.0
0.494293,32.0,35.0,BSHM,20.1968,1648618500.0
0.492791,32.0,35.0,BSHM,20.6691,1648618800.0
0.461127,32.0,35.0,BSHM,20.8111,1648619100.0
0.461174,32.0,35.0,BSHM,21.0406,1648619400.0
0.532115,32.0,35.0,BSHM,20.8612,1648619700.0
0.532539,32.0,35.0,BSHM,21.1921,1648620000.0
0.582129,32.0,35.0,BSHM,21.4446,1648620300.0
0.582325,32.0,35.0,BSHM,21.6633,1648620600.0
0.751618,32.0,35.0,BSHM,21.9662,1648620900.0
1.30153,32.0,35.0,BSHM,22.4654,1648621200.0
1.30196,32.0,35.0,BSHM,22.8308,1648621500.0
1.96563,32.0,35.0,BSHM,24.6016,1648622700.0
1.38228,32.0,35.0,BSHM,25.0098,1648623000.0
1.3905,32.0,35.0,BSHM,25.7903,1648623300.0
0.947784,32.0,35.0,BSHM,26.6984,1648623600.0
0.769385,32.0,35.0,BSHM,27.6866,1648623900.0
0.768091,32.0,35.0,BSHM,28.3888,1648624200.0
0.949197,32.0,35.0,BSHM,29.145,1648624500.0
1.40538,32.0,35.0,BSHM,29.6895,1648624800.0
0.955585,32.0,35.0,BSHM,31.7406,1648625100.0
0.946892,32.0,35.0,BSHM,32.0924,1648625400.0
0.949297,32.0,35.0,BSHM,32.4571,1648625700.0
0.952122,32.0,35.0,BSHM,32.7614,1648626000.0
0.961936,32.0,35.0,BSHM,33.0033,1648626300.0
1.46667,32.0,35.0,BSHM,33.1975,1648626600.0
1.30847,32.0,35.0,BSHM,26.8605,1648626900.0
1.3033,32.0,35.0,BSHM,26.948,1648627200.0
0.92219,32.0,35.0,BSHM,29.4307,1648627500.0
1.30399,32.0,35.0,BSHM,31.7615,1648627800.0
1.30632,32.0,35.0,BSHM,31.0418,1648628100.0
1.30696,32.0,35.0,BSHM,31.1215,1648628400.0
1.31141,32.0,35.0,BSHM,31.1123,1648628700.0
1.30837,32.0,35.0,BSHM,31.5046,1648629000.0
1.02343,32.0,35.0,BSHM,37.0124,1648632900.0
0.76056,32.0,35.0,BSHM,38.06,1648633200.0
0.660291,32.0,35.0,BSHM,38.6701,1648633500.0
0.625446,32.0,35.0,BSHM,39.2387,1648633800.0
0.628928,32.0,35.0,BSHM,39.7011,1648634100.0
0.634448,32.0,35.0,BSHM,40.1034,1648634400.0
0.658505,32.0,35.0,BSHM,40.5636,1648634700.0
0.819434,32.0,35.0,BSHM,42.1015,1648635000.0
1.48811,32.0,35.0,BSHM,42.9269,1648635300.0
1.1639,32.0,35.0,BSHM,36.5119,1648635600.0
0.785766,32.0,35.0,BSHM,39.482,1648635900.0
0.598581,32.0,35.0,BSHM,40.7055,1648636200.0
0.503967,32.0,35.0,BSHM,41.2058,1648636500.0
0.470138,32.0,35.0,BSHM,41.3701,1648636800.0
0.469263,32.0,35.0,BSHM,41.4701,1648637100.0
0.419209,32.0,35.0,BSHM,41.8333,1648637400.0
0.440658,32.0,35.0,BSHM,41.5837,1648637700.0
0.444815,32.0,35.0,BSHM,41.4353,1648638000.0
0.443008,32.0,35.0,BSHM,41.7048,1648638300.0
0.47021,32.0,35.0,BSHM,41.1524,1648638600.0
0.42712,32.0,35.0,BSHM,40.833,1648638900.0
0.432039,32.0,35.0,BSHM,40.3691,1648639200.0
0.504898,32.0,35.0,BSHM,39.5289,1648639500.0
0.480501,32.0,35.0,BSHM,39.3827,1648639800.0
0.464117,32.0,35.0,BSHM,38.7154,1648640100.0
0.397172,32.0,35.0,BSHM,38.8862,1648640400.0
0.419318,32.0,35.0,BSHM,38.6178,1648640700.0
0.406714,32.0,35.0,BSHM,38.0398,1648641000.0
0.446348,32.0,35.0,BSHM,38.6484,1648641300.0
0.42557,32.0,35.0,BSHM,38.393,1648641600.0
0.453807,32.0,35.0,BSHM,36.765,1648641900.0
0.481772,32.0,35.0,BSHM,36.6813,1648642200.0
0.506501,32.0,35.0,BSHM,35.3244,1648642500.0
0.67266,32.0,35.0,BSHM,36.6965,1648642800.0
0.674838,32.0,35.0,BSHM,38.0699,1648643100.0
0.559987,32.0,35.0,BSHM,37.3216,1648643400.0
0.598403,32.0,35.0,BSHM,36.7506,1648643700.0
0.514655,32.0,35.0,BSHM,36.7814,1648644000.0
0.519104,32.0,35.0,BSHM,36.1499,1648644300.0
0.549152,32.0,35.0,BSHM,35.8456,1648644600.0
0.545766,32.0,35.0,BSHM,35.8361,1648644900.0
0.691155,32.0,35.0,BSHM,35.8078,1648645200.0
0.76728,32.0,35.0,BSHM,35.8035,1648645500.0
0.937982,32.0,35.0,BSHM,35.6811,1648645800.0
0.765361,32.0,35.0,BSHM,35.3078,1648646100.0
0.593527,32.0,35.0,BSHM,33.7431,1648646400.0
0.660084,32.0,35.0,BSHM,32.2711,1648646700.0
0.610712,32.0,35.0,BSHM,30.9054,1648647000.0
0.545314,32.0,35.0,BSHM,30.6184,1648647300.0
0.546649,32.0,35.0,BSHM,30.292,1648647600.0
0.60195,32.0,35.0,BSHM,30.5729,1648647900.0
0.669813,32.0,35.0,BSHM,29.7524,1648648200.0
0.719251,32.0,35.0,BSHM,29.8201,1648648500.0
0.756995,32.0,35.0,BSHM,29.1741,1648648800.0
0.758414,32.0,35.0,BSHM,29.0466,1648649100.0
1.3423,32.0,35.0,BSHM,29.94,1648649400.0
1.21347,32.0,35.0,BSHM,25.8814,1648651800.0
1.0106,32.0,35.0,BSHM,25.3062,1648652100.0
0.82186,32.0,35.0,BSHM,25.267,1648652400.0
0.834097,32.0,35.0,BSHM,24.8212,1648652700.0
0.739605,32.0,35.0,BSHM,24.4156,1648653000.0
0.640368,32.0,35.0,BSHM,24.0868,1648653300.0
0.700895,32.0,35.0,BSHM,23.3451,1648653600.0
0.639248,32.0,35.0,BSHM,23.067,1648653900.0
0.621095,32.0,35.0,BSHM,22.6424,1648654200.0
0.587211,32.0,35.0,BSHM,22.6721,1648654500.0
0.592581,32.0,35.0,BSHM,22.6717,1648654800.0
0.625467,32.0,35.0,BSHM,22.7835,1648655100.0
0.630457,32.0,35.0,BSHM,22.3703,1648655400.0
0.688089,32.0,35.0,BSHM,21.9211,1648655700.0
0.804795,32.0,35.0,BSHM,21.4713,1648656000.0
0.657282,32.0,35.0,BSHM,20.803,1648656300.0
0.651181,32.0,35.0,BSHM,20.2535,1648656600.0
0.653494,32.0,35.0,BSHM,19.6645,1648656900.0
0.663272,32.0,35.0,BSHM,19.336,1648657200.0
0.598337,32.0,35.0,BSHM,18.3644,1648657500.0
0.61528,32.0,35.0,BSHM,18.7107,1648657800.0
0.584399,32.0,35.0,BSHM,18.5303,1648658100.0
0.537061,32.0,35.0,BSHM,18.011,1648658400.0
0.508982,32.0,35.0,BSHM,17.6268,1648658700.0
0.515086,32.0,35.0,BSHM,17.2905,1648659000.0
0.570853,32.0,35.0,BSHM,16.72,1648659300.0
0.622044,32.0,35.0,BSHM,16.2506,1648659600.0
0.5207,32.0,35.0,BSHM,14.9409,1648659900.0
0.525676,32.0,35.0,BSHM,14.4838,1648660200.0
0.495935,32.0,35.0,BSHM,13.7255,1648660500.0
0.523898,32.0,35.0,BSHM,13.676,1648660800.0
0.516177,32.0,35.0,BSHM,13.2842,1648661100.0
0.485771,32.0,35.0,BSHM,12.9815,1648661400.0
0.480032,32.0,35.0,BSHM,12.7475,1648661700.0
0.474923,32.0,35.0,BSHM,12.1509,1648662000.0
0.500288,32.0,35.0,BSHM,11.6461,1648662300.0
0.493204,32.0,35.0,BSHM,11.2503,1648662600.0
0.483478,32.0,35.0,BSHM,10.8529,1648662900.0
0.463547,32.0,35.0,BSHM,10.3748,1648663200.0
0.499527,32.0,35.0,BSHM,9.87758,1648663500.0
0.562158,32.0,35.0,BSHM,9.8332,1648663800.0
0.561605,32.0,35.0,BSHM,9.87149,1648664100.0
0.564518,32.0,35.0,BSHM,9.85967,1648664400.0
0.710006,32.0,35.0,BSHM,9.83334,1648664700.0
0.708897,32.0,35.0,BSHM,10.0304,1648665000.0
0.70928,32.0,35.0,BSHM,9.77265,1648665300.0
0.792466,32.0,35.0,BSHM,9.83815,1648665600.0
0.692192,32.0,35.0,BSHM,9.54171,1648665900.0
0.687574,32.0,35.0,BSHM,9.28426,1648666200.0
0.596222,32.0,35.0,BSHM,8.54175,1648666500.0
0.686104,32.0,35.0,BSHM,7.93242,1648666800.0
0.61907,32.0,35.0,BSHM,7.97527,1648667100.0
0.557331,32.0,35.0,BSHM,7.74589,1648667400.0
0.545652,32.0,35.0,BSHM,7.56579,1648667700.0
0.527031,32.0,35.0,BSHM,7.52014,1648668000.0
0.543581,32.0,35.0,BSHM,7.39396,1648668300.0
0.475862,32.0,35.0,BSHM,7.48828,1648668600.0
0.439363,32.0,35.0,BSHM,7.49851,1648668900.0
0.438087,32.0,35.0,BSHM,7.56535,1648669200.0
0.445508,32.0,35.0,BSHM,7.59367,1648669500.0
0.439346,32.0,35.0,BSHM,7.69658,1648669800.0
0.452393,32.0,35.0,BSHM,7.86003,1648670100.0
0.455148,32.0,35.0,BSHM,7.84677,1648670400.0
0.505473,32.0,35.0,BSHM,8.08073,1648670700.0
0.609436,32.0,35.0,BSHM,8.42743,1648671000.0
0.718367,32.0,35.0,BSHM,8.84041,1648671300.0
0.967764,32.0,35.0,BSHM,8.44806,1648671600.0
1.33538,32.0,35.0,BSHM,7.33997,1648671900.0
1.3871,32.0,35.0,BSHM,7.51334,1648672200.0
0.948066,32.0,35.0,BSHM,7.78287,1648672500.0
0.785629,32.0,35.0,BSHM,7.65785,1648672800.0
0.950572,32.0,35.0,BSHM,7.84795,1648673100.0
0.684867,32.0,35.0,BSHM,7.83918,1648673400.0
0.653441,32.0,35.0,BSHM,7.81386,1648673700.0
0.654637,32.0,35.0,BSHM,7.89221,1648674000.0
0.533602,32.0,35.0,BSHM,7.99005,1648674300.0
0.495822,32.0,35.0,BSHM,8.07561,1648674600.0
0.533649,32.0,35.0,BSHM,8.16635,1648674900.0
0.493941,32.0,35.0,BSHM,8.24817,1648675200.0
0.443201,32.0,35.0,BSHM,8.20174,1648675500.0
0.50029,32.0,35.0,BSHM,8.31461,1648675800.0
0.465991,32.0,35.0,BSHM,8.22287,1648676100.0
0.589218,32.0,35.0,BSHM,8.09802,1648676400.0
0.587937,32.0,35.0,BSHM,8.1957,1648676700.0
0.689605,32.0,35.0,BSHM,7.89304,1648677000.0
0.939276,32.0,35.0,BSHM,7.90033,1648677300.0
0.80507,32.0,35.0,BSHM,8.215,1648677600.0
0.929458,32.0,35.0,BSHM,8.61034,1648677900.0
0.75963,32.0,35.0,BSHM,8.79855,1648678200.0
0.76051,32.0,35.0,BSHM,8.96113,1648678500.0
0.759507,32.0,35.0,BSHM,9.09996,1648678800.0
0.759393,32.0,35.0,BSHM,9.25254,1648679100.0
0.767244,32.0,35.0,BSHM,9.39179,1648679400.0
0.928319,32.0,35.0,BSHM,9.50065,1648679700.0
1.31572,32.0,35.0,BSHM,9.54019,1648680000.0
1.35817,32.0,35.0,BSHM,7.84172,1648680300.0
0.942334,32.0,35.0,BSHM,8.52174,1648680600.0
0.754211,32.0,35.0,BSHM,7.98751,1648680900.0
0.769248,32.0,35.0,BSHM,8.9623,1648681200.0
0.546148,32.0,35.0,BSHM,9.4417,1648681500.0
0.536181,32.0,35.0,BSHM,9.6879,1648681800.0
0.500074,32.0,35.0,BSHM,9.42779,1648682100.0
0.439286,32.0,35.0,BSHM,9.60195,1648682400.0
0.419422,32.0,35.0,BSHM,9.82893,1648682700.0
0.467449,32.0,35.0,BSHM,9.83252,1648683000.0
0.536767,32.0,35.0,BSHM,9.88282,1648683300.0
0.552998,32.0,35.0,BSHM,9.96829,1648683600.0
0.75834,32.0,35.0,BSHM,10.1919,1648683900.0
0.93234,32.0,35.0,BSHM,10.0455,1648684200.0
0.923,32.0,35.0,BSHM,8.90428,1648684500.0
1.31839,35.0,33.0,NICO,7.99833,1648598700.0
1.3066,35.0,33.0,NICO,7.8912,1648599000.0
0.92063,35.0,33.0,NICO,7.62665,1648599300.0
0.765813,35.0,33.0,NICO,6.34877,1648599600.0
0.499076,35.0,33.0,NICO,6.67993,1648599900.0
0.465719,35.0,33.0,NICO,6.74724,1648600200.0
0.537649,35.0,33.0,NICO,6.74352,1648600500.0
0.550528,35.0,33.0,NICO,6.78161,1648600800.0
0.934749,35.0,33.0,NICO,7.04193,1648601100.0
1.30338,35.0,33.0,NICO,6.20643,1648602300.0
1.30411,35.0,33.0,NICO,6.2553,1648602600.0
0.923972,35.0,33.0,NICO,6.68297,1648605600.0
0.764612,35.0,33.0,NICO,5.58842,1648605900.0
0.4675,35.0,33.0,NICO,5.52044,1648606200.0
0.47374,35.0,33.0,NICO,5.50909,1648606500.0
0.498551,35.0,33.0,NICO,5.56982,1648606800.0
0.586983,35.0,33.0,NICO,5.76364,1648607100.0
1.31677,35.0,33.0,NICO,5.51751,1648607400.0
1.32713,35.0,33.0,NICO,7.61737,1648608900.0
0.76315,35.0,33.0,NICO,16.8017,1648617000.0
0.759035,35.0,33.0,NICO,17.0711,1648617300.0
0.658422,35.0,33.0,NICO,17.4342,1648617600.0
0.769113,35.0,33.0,NICO,17.8515,1648617900.0
1.0204,35.0,33.0,NICO,18.1255,1648618200.0
0.999825,35.0,33.0,NICO,19.0782,1648618500.0
1.3095,35.0,33.0,NICO,19.8631,1648618800.0
1.31786,35.0,33.0,NICO,21.728,1648620300.0
1.37873,35.0,33.0,NICO,21.7116,1648620600.0
1.32772,35.0,33.0,NICO,19.1057,1648620900.0
1.38084,35.0,33.0,NICO,22.1461,1648621500.0
1.40356,35.0,33.0,NICO,22.4288,1648621800.0
0.785833,35.0,33.0,NICO,22.7222,1648622100.0
0.784742,35.0,33.0,NICO,23.089,1648622400.0
0.695251,35.0,33.0,NICO,23.5966,1648622700.0
0.596607,35.0,33.0,NICO,23.9442,1648623000.0
0.776086,35.0,33.0,NICO,24.1963,1648623300.0
0.970292,35.0,33.0,NICO,24.424,1648623600.0
0.804434,35.0,33.0,NICO,26.4344,1648627500.0
0.993589,35.0,33.0,NICO,26.7692,1648627800.0
1.00918,35.0,33.0,NICO,27.0608,1648628100.0
1.46814,35.0,33.0,NICO,27.5997,1648628400.0
1.30441,35.0,33.0,NICO,32.059,1648629000.0
1.32743,35.0,33.0,NICO,32.0772,1648629900.0
1.37343,35.0,33.0,NICO,32.5656,1648630200.0
0.923179,35.0,33.0,NICO,35.9199,1648631400.0
0.752981,35.0,33.0,NICO,36.8394,1648631700.0
1.31278,35.0,33.0,NICO,35.5909,1648632000.0
1.33967,35.0,33.0,NICO,32.5171,1648633200.0
1.30444,35.0,33.0,NICO,32.5104,1648633500.0
1.30203,35.0,33.0,NICO,35.0032,1648633800.0
0.850264,35.0,33.0,NICO,32.3197,1648634400.0
0.556407,35.0,33.0,NICO,33.1071,1648634700.0
0.504516,35.0,33.0,NICO,32.0525,1648635000.0
0.505671,35.0,33.0,NICO,33.4904,1648635300.0
0.524116,35.0,33.0,NICO,33.7831,1648635600.0
0.783765,35.0,33.0,NICO,33.3759,1648635900.0
1.39728,35.0,33.0,NICO,33.5898,1648636200.0
1.32713,35.0,33.0,NICO,47.7631,1648636800.0
1.55619,35.0,33.0,NICO,36.0207,1648637400.0
0.76347,35.0,33.0,NICO,36.1536,1648637700.0
0.666454,35.0,33.0,NICO,36.23,1648638000.0
0.768207,35.0,33.0,NICO,36.1648,1648638300.0
0.766395,35.0,33.0,NICO,36.0978,1648638600.0
0.782807,35.0,33.0,NICO,36.077,1648638900.0
1.30334,35.0,33.0,NICO,37.3629,1648639800.0
1.30266,35.0,33.0,NICO,36.4984,1648640100.0
0.922198,35.0,33.0,NICO,36.6236,1648640400.0
1.30344,35.0,33.0,NICO,36.9559,1648640700.0
1.30509,35.0,33.0,NICO,36.741,1648641000.0
0.671906,35.0,33.0,NICO,34.5132,1648641300.0
0.540262,35.0,33.0,NICO,33.9107,1648641600.0
0.529596,35.0,33.0,NICO,34.0471,1648641900.0
0.499991,35.0,33.0,NICO,34.5828,1648642200.0
0.649539,35.0,33.0,NICO,34.2707,1648642500.0
0.975689,35.0,33.0,NICO,35.3947,1648642800.0
1.30146,35.0,33.0,NICO,29.0052,1648647000.0
1.30184,35.0,33.0,NICO,29.0599,1648647300.0
0.923253,35.0,33.0,NICO,24.4535,1648650600.0
1.30186,35.0,33.0,NICO,20.7984,1648652400.0
1.30192,35.0,33.0,NICO,20.5701,1648652700.0
1.30154,35.0,33.0,NICO,21.7015,1648656000.0
1.30151,35.0,33.0,NICO,21.2711,1648656300.0
1.34799,35.0,33.0,NICO,16.6242,1648656600.0
0.671745,35.0,33.0,NICO,18.5894,1648656900.0
0.516478,35.0,33.0,NICO,16.7993,1648657200.0
0.51268,35.0,33.0,NICO,15.8882,1648657500.0
0.521187,35.0,33.0,NICO,15.5538,1648657800.0
0.595849,35.0,33.0,NICO,15.1783,1648658100.0
0.965917,35.0,33.0,NICO,14.9143,1648658400.0
0.768138,35.0,33.0,NICO,14.2997,1648658700.0
0.756546,35.0,33.0,NICO,14.0605,1648659000.0
0.659987,35.0,33.0,NICO,13.8449,1648659300.0
0.762003,35.0,33.0,NICO,13.6158,1648659600.0
0.681248,35.0,33.0,NICO,14.8278,1648659900.0
0.942902,35.0,33.0,NICO,15.9511,1648660200.0
1.30342,35.0,33.0,NICO,17.3881,1648660500.0
1.30379,35.0,33.0,NICO,17.1131,1648660800.0
0.939881,35.0,33.0,NICO,9.70869,1648663200.0
0.756565,35.0,33.0,NICO,9.20348,1648663500.0
0.544424,35.0,33.0,NICO,8.60085,1648663800.0
0.482913,35.0,33.0,NICO,8.24579,1648664100.0
0.516302,35.0,33.0,NICO,7.97674,1648664400.0
0.765023,35.0,33.0,NICO,7.55073,1648664700.0
1.32576,35.0,33.0,NICO,6.83784,1648665000.0
1.33776,35.0,33.0,NICO,6.79363,1648667400.0
0.755599,35.0,33.0,NICO,6.78301,1648667700.0
0.653402,35.0,33.0,NICO,6.74795,1648668000.0
0.585681,35.0,33.0,NICO,6.91252,1648668300.0
0.753805,35.0,33.0,NICO,7.01662,1648668600.0
0.757495,35.0,33.0,NICO,7.0188,1648668900.0
0.976545,35.0,33.0,NICO,7.29859,1648669200.0
0.588683,35.0,33.0,NICO,6.93888,1648669500.0
0.517122,35.0,33.0,NICO,6.85889,1648669800.0
0.477382,35.0,33.0,NICO,6.8155,1648670100.0
0.627551,35.0,33.0,NICO,6.71431,1648670400.0
0.776957,35.0,33.0,NICO,6.69227,1648670700.0
0.864916,35.0,33.0,NICO,6.74037,1648671000.0
0.991235,35.0,33.0,NICO,9.44383,1648671300.0
1.30346,35.0,33.0,NICO,11.0787,1648671600.0
0.659127,35.0,33.0,NICO,7.72522,1648671900.0
0.583958,35.0,33.0,NICO,7.67924,1648672200.0
0.653297,35.0,33.0,NICO,6.65592,1648672500.0
0.585844,35.0,33.0,NICO,6.68921,1648672800.0
0.754558,35.0,33.0,NICO,6.71295,1648673100.0
0.768237,35.0,33.0,NICO,6.75504,1648673400.0
1.30285,35.0,33.0,NICO,8.32772,1648674600.0
1.30284,35.0,33.0,NICO,8.10388,1648674900.0
0.973177,35.0,33.0,NICO,10.1029,1648675200.0
0.797894,35.0,33.0,NICO,7.60295,1648675500.0
0.773485,35.0,33.0,NICO,9.15743,1648675800.0
0.781414,35.0,33.0,NICO,7.69398,1648676100.0
1.00236,35.0,33.0,NICO,7.7221,1648676400.0
0.935966,35.0,33.0,NICO,7.10378,1648676700.0
0.92705,35.0,33.0,NICO,7.15456,1648677000.0
0.928096,35.0,33.0,NICO,7.24946,1648677300.0
0.760319,35.0,33.0,NICO,7.29285,1648677600.0
0.946916,35.0,33.0,NICO,7.24969,1648677900.0
1.30352,35.0,33.0,NICO,7.44879,1648678800.0
0.767187,35.0,33.0,NICO,7.68115,1648679100.0
0.654554,35.0,33.0,NICO,7.67863,1648679400.0
0.539655,35.0,33.0,NICO,7.69965,1648679700.0
0.598203,35.0,33.0,NICO,7.72945,1648680000.0
0.761808,35.0,33.0,NICO,7.70712,1648680300.0
0.75999,35.0,33.0,NICO,7.01046,1648680600.0
0.957979,35.0,33.0,NICO,6.96493,1648680900.0
1.30298,35.0,33.0,NICO,6.5801,1648681200.0
1.30325,35.0,33.0,NICO,8.30934,1648684500.0
1.43375,40.0,44.0,ARUC,10.8326,1648688400.0
0.973246,40.0,44.0,ARUC,7.26161,1648688700.0
1.30177,40.0,44.0,ARUC,12.3545,1648689300.0
1.30174,40.0,44.0,ARUC,12.2311,1648689600.0
1.31051,40.0,44.0,ARUC,9.61204,1648690200.0
0.925591,40.0,44.0,ARUC,9.38391,1648690500.0
0.921916,40.0,44.0,ARUC,9.37141,1648690800.0
0.921273,40.0,44.0,ARUC,9.54799,1648691100.0
0.922042,40.0,44.0,ARUC,8.74097,1648691400.0
0.922189,40.0,44.0,ARUC,8.53143,1648691700.0
0.9234,40.0,44.0,ARUC,8.33711,1648692000.0
0.763137,40.0,44.0,ARUC,8.6704,1648692300.0
0.761058,40.0,44.0,ARUC,8.57974,1648692600.0
0.936469,40.0,44.0,ARUC,8.65367,1648692900.0
0.938492,40.0,44.0,ARUC,8.72309,1648693200.0
1.35916,40.0,44.0,ARUC,8.19694,1648693500.0
0.672683,40.0,44.0,ARUC,7.99167,1648693800.0
0.476828,40.0,44.0,ARUC,7.74277,1648694100.0
1.01925,40.0,44.0,ARUC,8.64213,1648694400.0
1.35824,40.0,44.0,ARUC,9.28328,1648694700.0
1.36067,40.0,44.0,ARUC,9.63914,1648695000.0
0.92195,40.0,44.0,ARUC,14.637,1648696200.0
1.30176,40.0,44.0,ARUC,15.5643,1648696500.0
1.30173,40.0,44.0,ARUC,15.9374,1648696800.0
1.31252,40.0,44.0,ARUC,12.8597,1648697700.0
0.681317,40.0,44.0,ARUC,13.2104,1648698000.0
0.473124,40.0,44.0,ARUC,13.8379,1648698300.0
1.30183,40.0,44.0,ARUC,19.2799,1648699800.0
1.30174,40.0,44.0,ARUC,19.6888,1648700100.0
1.3018,40.0,44.0,ARUC,20.1053,1648700400.0
1.30294,40.0,44.0,ARUC,20.7548,1648701300.0
1.30219,40.0,44.0,ARUC,21.1915,1648701600.0
0.762793,40.0,44.0,ARUC,19.2129,1648702500.0
0.756747,40.0,44.0,ARUC,19.9422,1648702800.0
0.954,40.0,44.0,ARUC,20.365,1648703100.0
1.30359,40.0,44.0,ARUC,23.7549,1648704900.0
1.30247,40.0,44.0,ARUC,23.9765,1648705200.0
0.64177,40.0,44.0,ARUC,23.5448,1648705500.0
0.497311,40.0,44.0,ARUC,25.5971,1648705800.0
0.469278,40.0,44.0,ARUC,25.6897,1648706100.0
0.498824,40.0,44.0,ARUC,26.5127,1648706400.0
0.757671,40.0,44.0,ARUC,27.7018,1648706700.0
1.42332,40.0,44.0,ARUC,27.4105,1648707000.0
1.36487,40.0,44.0,ARUC,28.1544,1648707300.0
0.966668,40.0,44.0,ARUC,32.4622,1648707600.0
0.961492,40.0,44.0,ARUC,33.5595,1648707900.0
0.987797,40.0,44.0,ARUC,34.2291,1648708200.0
1.36571,40.0,44.0,ARUC,32.4399,1648708500.0
1.36523,40.0,44.0,ARUC,33.7481,1648708800.0
1.40457,40.0,44.0,ARUC,34.8007,1648709100.0
1.31641,40.0,44.0,ARUC,39.5504,1648709400.0
1.30433,40.0,44.0,ARUC,40.0008,1648709700.0
1.30433,40.0,44.0,ARUC,40.8769,1648710000.0
0.929446,40.0,44.0,ARUC,41.9764,1648710300.0
0.758604,40.0,44.0,ARUC,43.4779,1648710600.0
0.758545,40.0,44.0,ARUC,44.3439,1648710900.0
0.93171,40.0,44.0,ARUC,45.5111,1648711200.0
0.931578,40.0,44.0,ARUC,46.7535,1648711500.0
0.941013,40.0,44.0,ARUC,47.8701,1648711800.0
1.3266,40.0,44.0,ARUC,53.8354,1648713900.0
1.30483,40.0,44.0,ARUC,49.2793,1648715400.0
1.30536,40.0,44.0,ARUC,49.3007,1648715700.0
1.80012,40.0,44.0,ARUC,41.857,1648717200.0
1.41748,40.0,44.0,ARUC,41.9363,1648717500.0
1.43128,40.0,44.0,ARUC,42.1058,1648717800.0
1.42003,40.0,44.0,ARUC,42.2074,1648718100.0
1.41041,40.0,44.0,ARUC,42.1453,1648718400.0
0.961789,40.0,44.0,ARUC,43.0269,1648718700.0
0.59752,40.0,44.0,ARUC,43.0218,1648719000.0
0.77517,40.0,44.0,ARUC,43.4523,1648719300.0
1.02619,40.0,44.0,ARUC,43.7476,1648719600.0
1.30571,40.0,44.0,ARUC,43.7817,1648719900.0
1.30608,40.0,44.0,ARUC,43.062,1648720200.0
1.30643,40.0,44.0,ARUC,42.469,1648720500.0
1.30599,40.0,44.0,ARUC,41.9453,1648720800.0
1.30629,40.0,44.0,ARUC,41.3927,1648721100.0
1.35353,40.0,44.0,ARUC,36.6868,1648723800.0
1.34871,40.0,44.0,ARUC,36.5053,1648724100.0
1.35395,40.0,44.0,ARUC,36.2917,1648724400.0
0.984669,40.0,44.0,ARUC,38.3266,1648724700.0
0.951697,40.0,44.0,ARUC,38.3131,1648725000.0
0.773879,40.0,44.0,ARUC,40.0336,1648725300.0
0.951662,40.0,44.0,ARUC,37.0784,1648725600.0
0.438167,40.0,44.0,ARUC,36.1151,1648725900.0
0.414176,40.0,44.0,ARUC,36.3303,1648726200.0
0.921107,40.0,44.0,ARUC,39.4408,1648726500.0
0.921279,40.0,44.0,ARUC,38.8463,1648726800.0
0.930373,40.0,44.0,ARUC,38.6892,1648727100.0
0.494409,40.0,44.0,ARUC,34.9948,1648727400.0
0.924031,40.0,44.0,ARUC,39.5182,1648727700.0
1.30416,40.0,44.0,ARUC,37.4605,1648728000.0
1.30482,40.0,44.0,ARUC,37.0161,1648728300.0
1.31293,40.0,44.0,ARUC,37.7982,1648729200.0
1.30626,40.0,44.0,ARUC,34.091,1648730700.0
1.3999,40.0,44.0,ARUC,32.4032,1648733700.0
1.39302,40.0,44.0,ARUC,32.27,1648734000.0
1.38781,40.0,44.0,ARUC,32.1828,1648734300.0
1.38377,40.0,44.0,ARUC,32.0753,1648734600.0
1.39539,40.0,44.0,ARUC,31.9875,1648734900.0
0.716063,40.0,44.0,ARUC,34.0042,1648735200.0
0.429631,40.0,44.0,ARUC,33.843,1648735500.0
0.400391,40.0,44.0,ARUC,30.3361,1648735800.0
0.766781,40.0,44.0,ARUC,27.3864,1648736100.0
0.662771,40.0,44.0,ARUC,28.122,1648736400.0
0.946001,40.0,44.0,ARUC,31.6315,1648736700.0
0.941514,40.0,44.0,ARUC,31.3614,1648737000.0
1.79681,40.0,44.0,ARUC,30.2578,1648737300.0
0.929468,40.0,44.0,ARUC,30.5314,1648737900.0
0.924645,40.0,44.0,ARUC,30.4089,1648738200.0
0.924986,40.0,44.0,ARUC,30.2741,1648738500.0
1.31071,40.0,44.0,ARUC,29.3517,1648738800.0
0.781829,40.0,44.0,ARUC,28.8334,1648739100.0
0.373854,40.0,44.0,ARUC,29.2057,1648739400.0
0.450732,40.0,44.0,ARUC,28.9524,1648739700.0
1.30757,40.0,44.0,ARUC,26.7934,1648740000.0
1.30778,40.0,44.0,ARUC,26.7959,1648740300.0
1.30803,40.0,44.0,ARUC,26.7631,1648740600.0
1.31173,40.0,44.0,ARUC,26.6573,1648740900.0
1.03333,40.0,44.0,ARUC,23.4965,1648743300.0
0.769542,40.0,44.0,ARUC,23.2975,1648743600.0
0.769495,40.0,44.0,ARUC,23.1372,1648743900.0
0.76805,40.0,44.0,ARUC,23.0974,1648744200.0
0.769315,40.0,44.0,ARUC,23.092,1648744500.0
0.776957,40.0,44.0,ARUC,23.027,1648744800.0
1.3839,40.0,44.0,ARUC,21.5338,1648745100.0
1.37542,40.0,44.0,ARUC,21.1733,1648745400.0
1.38094,40.0,44.0,ARUC,20.8117,1648745700.0
1.48881,40.0,44.0,ARUC,20.5872,1648746000.0
1.03617,40.0,44.0,ARUC,19.5378,1648746300.0
0.678686,40.0,44.0,ARUC,19.6076,1648746600.0
0.783086,40.0,44.0,ARUC,19.6414,1648746900.0
1.71895,40.0,44.0,ARUC,19.1756,1648747800.0
1.38748,40.0,44.0,ARUC,18.8665,1648748100.0
1.39583,40.0,44.0,ARUC,18.3628,1648748400.0
0.928348,40.0,44.0,ARUC,17.6109,1648748700.0
0.943701,40.0,44.0,ARUC,17.2411,1648749000.0
0.934471,40.0,44.0,ARUC,16.9739,1648749300.0
0.93532,40.0,44.0,ARUC,16.8083,1648749600.0
1.09889,40.0,44.0,ARUC,16.7932,1648749900.0
1.31162,40.0,44.0,ARUC,16.9723,1648750200.0
1.31061,40.0,44.0,ARUC,17.0374,1648750500.0
1.32295,40.0,44.0,ARUC,17.0101,1648750800.0
1.31426,40.0,44.0,ARUC,14.1116,1648752000.0
1.31004,40.0,44.0,ARUC,14.0737,1648752300.0
1.31066,40.0,44.0,ARUC,14.0621,1648752600.0
1.31138,40.0,44.0,ARUC,14.0737,1648752900.0
0.927304,40.0,44.0,ARUC,13.8337,1648753200.0
0.754461,40.0,44.0,ARUC,12.8269,1648753500.0
0.655366,40.0,44.0,ARUC,13.9808,1648753800.0
0.922527,40.0,44.0,ARUC,15.3853,1648754100.0
0.922378,40.0,44.0,ARUC,15.2881,1648754400.0
0.755478,40.0,44.0,ARUC,14.7154,1648754700.0
0.9242,40.0,44.0,ARUC,13.7611,1648755000.0
0.536325,40.0,44.0,ARUC,11.5119,1648755900.0
0.922685,40.0,44.0,ARUC,14.1739,1648757400.0
0.921865,40.0,44.0,ARUC,13.9851,1648757700.0
1.30259,40.0,44.0,ARUC,11.4148,1648758000.0
1.30268,40.0,44.0,ARUC,11.1605,1648758300.0
1.30396,40.0,44.0,ARUC,10.982,1648758600.0
1.30462,40.0,44.0,ARUC,14.6198,1648758900.0
1.30461,40.0,44.0,ARUC,14.5084,1648759200.0
1.30473,40.0,44.0,ARUC,14.3844,1648759500.0
1.3102,40.0,44.0,ARUC,6.08617,1648760400.0
1.30701,40.0,44.0,ARUC,6.24524,1648760700.0
1.32121,40.0,44.0,ARUC,8.79732,1648762200.0
1.31374,40.0,44.0,ARUC,8.9302,1648762500.0
1.31385,40.0,44.0,ARUC,9.07079,1648762800.0
0.98177,40.0,44.0,ARUC,9.44427,1648763100.0
0.619226,40.0,44.0,ARUC,9.11162,1648763400.0
0.532474,40.0,44.0,ARUC,8.76404,1648763700.0
0.613219,40.0,44.0,ARUC,10.4201,1648764000.0
0.790603,40.0,44.0,ARUC,8.55845,1648764300.0
1.30441,40.0,44.0,ARUC,10.8463,1648765500.0
0.922175,40.0,44.0,ARUC,11.4192,1648765800.0
0.921907,40.0,44.0,ARUC,11.2638,1648766100.0
1.30346,40.0,44.0,ARUC,10.1877,1648766400.0
1.30336,40.0,44.0,ARUC,10.0282,1648766700.0
1.30236,40.0,44.0,ARUC,11.228,1648767000.0
1.30206,40.0,44.0,ARUC,11.1947,1648767300.0
1.30422,40.0,44.0,ARUC,11.1313,1648767600.0
1.30958,40.0,44.0,ARUC,7.77391,1648768200.0
1.30315,40.0,44.0,ARUC,7.8823,1648768500.0
1.30331,40.0,44.0,ARUC,8.05211,1648768800.0
1.3035,40.0,44.0,ARUC,8.15997,1648769100.0
1.30332,40.0,44.0,ARUC,8.2744,1648769400.0
0.515929,40.0,44.0,ARUC,7.21598,1648769700.0
0.375873,40.0,44.0,ARUC,6.56235,1648770000.0
1.30348,40.0,44.0,ARUC,8.71207,1648770300.0
1.30346,40.0,44.0,ARUC,8.77523,1648770600.0
0.773596,32.0,35.0,BSHM,8.9788,1648684800.0
0.955586,32.0,35.0,BSHM,5.45442,1648685100.0
0.954834,32.0,35.0,BSHM,5.53921,1648685400.0
0.778207,32.0,35.0,BSHM,6.98756,1648685700.0
0.672106,32.0,35.0,BSHM,7.72146,1648686000.0
0.673171,32.0,35.0,BSHM,7.77206,1648686300.0
0.548396,32.0,35.0,BSHM,7.63302,1648686600.0
0.5469,32.0,35.0,BSHM,6.93736,1648686900.0
0.597176,32.0,35.0,BSHM,7.62549,1648687200.0
0.798531,32.0,35.0,BSHM,9.33971,1648687500.0
1.32834,32.0,35.0,BSHM,9.14602,1648687800.0
1.33853,32.0,35.0,BSHM,9.14635,1648688100.0
0.989089,32.0,35.0,BSHM,2.70014,1648688400.0
0.933134,32.0,35.0,BSHM,2.67423,1648688700.0
0.768173,32.0,35.0,BSHM,2.80013,1648689000.0
0.934689,32.0,35.0,BSHM,2.87209,1648689300.0
0.775179,32.0,35.0,BSHM,5.0002,1648689600.0
0.665403,32.0,35.0,BSHM,6.38557,1648689900.0
0.599602,32.0,35.0,BSHM,6.89951,1648690200.0
0.597993,32.0,35.0,BSHM,8.18194,1648690500.0
0.595037,32.0,35.0,BSHM,8.20444,1648690800.0
0.593189,32.0,35.0,BSHM,8.20269,1648691100.0
0.540616,32.0,35.0,BSHM,8.45369,1648691400.0
0.51863,32.0,35.0,BSHM,8.52895,1648691700.0
0.500006,32.0,35.0,BSHM,8.37085,1648692000.0
0.538809,32.0,35.0,BSHM,9.29373,1648692300.0
0.593359,32.0,35.0,BSHM,9.6017,1648692600.0
0.67798,32.0,35.0,BSHM,9.69071,1648692900.0
0.780524,32.0,35.0,BSHM,9.63261,1648693200.0
0.945599,32.0,35.0,BSHM,9.54825,1648693500.0
1.34441,32.0,35.0,BSHM,9.61064,1648693800.0
1.66157,32.0,35.0,BSHM,9.1258,1648695000.0
1.38196,32.0,35.0,BSHM,9.06814,1648695300.0
0.784818,32.0,35.0,BSHM,8.66613,1648695600.0
0.787437,32.0,35.0,BSHM,6.22692,1648695900.0
0.617901,32.0,35.0,BSHM,7.34086,1648696200.0
0.606055,32.0,35.0,BSHM,7.7445,1648696500.0
0.599815,32.0,35.0,BSHM,8.26656,1648696800.0
0.562501,32.0,35.0,BSHM,8.93164,1648697100.0
0.554738,32.0,35.0,BSHM,9.44635,1648697400.0
0.599403,32.0,35.0,BSHM,9.56028,1648697700.0
0.768259,32.0,35.0,BSHM,11.6264,1648698000.0
0.77627,32.0,35.0,BSHM,12.1884,1648698300.0
1.32767,32.0,35.0,BSHM,12.8359,1648698600.0
1.32965,32.0,35.0,BSHM,13.513,1648698900.0
1.51833,32.0,35.0,BSHM,15.2253,1648699200.0
1.03493,32.0,35.0,BSHM,11.7712,1648699500.0
0.99391,32.0,35.0,BSHM,12.0435,1648699800.0
0.73078,32.0,35.0,BSHM,14.3976,1648700100.0
0.645749,32.0,35.0,BSHM,15.3703,1648700400.0
0.624696,32.0,35.0,BSHM,16.3438,1648700700.0
0.565801,32.0,35.0,BSHM,17.1308,1648701000.0
0.479118,32.0,35.0,BSHM,18.1085,1648701300.0
0.511332,32.0,35.0,BSHM,19.5961,1648701600.0
0.476877,32.0,35.0,BSHM,20.2125,1648701900.0
0.507117,32.0,35.0,BSHM,20.8872,1648702200.0
0.502058,32.0,35.0,BSHM,21.611,1648702500.0
0.510479,32.0,35.0,BSHM,22.1113,1648702800.0
0.534962,32.0,35.0,BSHM,22.6076,1648703100.0
0.584106,32.0,35.0,BSHM,23.1499,1648703400.0
0.586226,32.0,35.0,BSHM,23.7128,1648703700.0
0.652697,32.0,35.0,BSHM,24.3689,1648704000.0
0.543121,32.0,35.0,BSHM,23.9638,1648704300.0
0.477795,32.0,35.0,BSHM,23.8604,1648704600.0
0.442526,32.0,35.0,BSHM,24.4706,1648704900.0
0.442557,32.0,35.0,BSHM,24.9492,1648705200.0
0.421657,32.0,35.0,BSHM,25.4075,1648705500.0
0.467771,32.0,35.0,BSHM,25.398,1648705800.0
0.474948,32.0,35.0,BSHM,25.9358,1648706100.0
0.655277,32.0,35.0,BSHM,27.572,1648706400.0
0.655786,32.0,35.0,BSHM,27.9972,1648706700.0
0.759505,32.0,35.0,BSHM,28.452,1648707000.0
0.937644,32.0,35.0,BSHM,28.7417,1648707300.0
1.30795,32.0,35.0,BSHM,29.5665,1648707600.0
1.30557,32.0,35.0,BSHM,31.5217,1648708500.0
1.34651,32.0,35.0,BSHM,35.6563,1648709100.0
1.34197,32.0,35.0,BSHM,36.6558,1648709400.0
0.938056,32.0,35.0,BSHM,37.6786,1648709700.0
0.760588,32.0,35.0,BSHM,38.6584,1648710000.0
0.75984,32.0,35.0,BSHM,39.4474,1648710300.0
0.760016,32.0,35.0,BSHM,39.5005,1648710600.0
1.34272,32.0,35.0,BSHM,41.6014,1648710900.0
1.62574,32.0,35.0,BSHM,42.0799,1648711200.0
1.30544,32.0,35.0,BSHM,42.5657,1648713000.0
1.30322,32.0,35.0,BSHM,43.2819,1648713300.0
0.922477,32.0,35.0,BSHM,46.5802,1648713600.0
1.30568,32.0,35.0,BSHM,48.8664,1648713900.0
0.980438,32.0,35.0,BSHM,49.3707,1648714200.0
0.932099,32.0,35.0,BSHM,49.7692,1648714500.0
1.33283,32.0,35.0,BSHM,50.3919,1648714800.0
1.09374,32.0,35.0,BSHM,46.7604,1648717200.0
0.972385,32.0,35.0,BSHM,47.1501,1648717500.0
1.07763,32.0,35.0,BSHM,47.7919,1648717800.0
1.06673,32.0,35.0,BSHM,48.022,1648718100.0
0.76016,32.0,35.0,BSHM,50.4716,1648718400.0
0.692044,32.0,35.0,BSHM,52.8026,1648718700.0
0.607518,32.0,35.0,BSHM,54.2602,1648719000.0
0.592329,32.0,35.0,BSHM,55.0596,1648719300.0
0.549143,32.0,35.0,BSHM,55.2879,1648719600.0
0.537746,32.0,35.0,BSHM,55.7767,1648719900.0
0.54104,32.0,35.0,BSHM,56.0465,1648720200.0
0.587155,32.0,35.0,BSHM,56.4875,1648720500.0
0.627651,32.0,35.0,BSHM,56.3539,1648720800.0
0.782892,32.0,35.0,BSHM,56.0192,1648721100.0
0.773842,32.0,35.0,BSHM,56.2765,1648721400.0
0.78332,32.0,35.0,BSHM,56.4104,1648721700.0
0.654061,32.0,35.0,BSHM,56.3891,1648722000.0
0.6142,32.0,35.0,BSHM,58.2338,1648722300.0
0.54247,32.0,35.0,BSHM,58.0318,1648722600.0
0.488296,32.0,35.0,BSHM,58.1426,1648722900.0
0.492182,32.0,35.0,BSHM,58.1691,1648723200.0
0.467603,32.0,35.0,BSHM,58.1176,1648723500.0
0.429814,32.0,35.0,BSHM,58.2934,1648723800.0
0.466051,32.0,35.0,BSHM,58.1341,1648724100.0
0.528417,32.0,35.0,BSHM,57.9724,1648724400.0
0.533923,32.0,35.0,BSHM,57.728,1648724700.0
0.526324,32.0,35.0,BSHM,57.9909,1648725000.0
0.523636,32.0,35.0,BSHM,57.8426,1648725300.0
0.544595,32.0,35.0,BSHM,56.6401,1648725600.0
0.509043,32.0,35.0,BSHM,56.7666,1648725900.0
0.481509,32.0,35.0,BSHM,56.2047,1648726200.0
0.456462,32.0,35.0,BSHM,55.9951,1648726500.0
0.454655,32.0,35.0,BSHM,56.3461,1648726800.0
0.50114,32.0,35.0,BSHM,56.4784,1648727100.0
0.453895,32.0,35.0,BSHM,56.2152,1648727400.0
0.518503,32.0,35.0,BSHM,56.1388,1648727700.0
0.541405,32.0,35.0,BSHM,55.3683,1648728000.0
0.639109,32.0,35.0,BSHM,57.3325,1648728300.0
0.597446,32.0,35.0,BSHM,57.1732,1648728600.0
0.624748,32.0,35.0,BSHM,56.8218,1648728900.0
0.724104,32.0,35.0,BSHM,57.0787,1648729200.0
0.596351,32.0,35.0,BSHM,56.8227,1648729500.0
0.61821,32.0,35.0,BSHM,56.4846,1648729800.0
0.533209,32.0,35.0,BSHM,56.7548,1648730100.0
0.574747,32.0,35.0,BSHM,56.7019,1648730400.0
0.680464,32.0,35.0,BSHM,56.1878,1648730700.0
0.611122,32.0,35.0,BSHM,56.0913,1648731000.0
0.72864,32.0,35.0,BSHM,55.8544,1648731300.0
0.787707,32.0,35.0,BSHM,55.6036,1648731600.0
0.959158,32.0,35.0,BSHM,55.4951,1648731900.0
0.959433,32.0,35.0,BSHM,54.1752,1648732200.0
0.676021,32.0,35.0,BSHM,52.9011,1648732500.0
0.676718,32.0,35.0,BSHM,51.8877,1648732800.0
0.660682,32.0,35.0,BSHM,51.2284,1648733100.0
0.59079,32.0,35.0,BSHM,50.2197,1648733400.0
0.591029,32.0,35.0,BSHM,49.6017,1648733700.0
0.604801,32.0,35.0,BSHM,48.6658,1648734000.0
0.658673,32.0,35.0,BSHM,47.9616,1648734300.0
0.760574,32.0,35.0,BSHM,48.1571,1648734600.0
0.756135,32.0,35.0,BSHM,45.4726,1648734900.0
0.757189,32.0,35.0,BSHM,45.489,1648735200.0
1.31749,32.0,35.0,BSHM,46.5081,1648735500.0
1.8151,32.0,35.0,BSHM,43.0174,1648737900.0
1.01429,32.0,35.0,BSHM,41.2948,1648738200.0
0.845376,32.0,35.0,BSHM,41.7691,1648738500.0
0.81627,32.0,35.0,BSHM,41.2061,1648738800.0
0.699172,32.0,35.0,BSHM,41.5215,1648739100.0
0.632269,32.0,35.0,BSHM,41.2788,1648739400.0
0.53624,32.0,35.0,BSHM,41.0482,1648739700.0
0.536194,32.0,35.0,BSHM,40.0592,1648740000.0
0.535649,32.0,35.0,BSHM,39.5563,1648740300.0
0.547256,32.0,35.0,BSHM,39.6918,1648740600.0
0.578092,32.0,35.0,BSHM,39.1938,1648740900.0
0.678055,32.0,35.0,BSHM,38.505,1648741200.0
0.82238,32.0,35.0,BSHM,37.187,1648741500.0
0.876043,32.0,35.0,BSHM,36.7882,1648741800.0
0.889521,32.0,35.0,BSHM,35.9804,1648742100.0
0.761799,32.0,35.0,BSHM,35.0749,1648742400.0
0.682698,32.0,35.0,BSHM,34.2238,1648742700.0
0.708211,32.0,35.0,BSHM,33.1406,1648743000.0
0.68921,32.0,35.0,BSHM,32.5855,1648743300.0
0.596146,32.0,35.0,BSHM,31.3233,1648743600.0
0.53047,32.0,35.0,BSHM,31.3202,1648743900.0
0.616893,32.0,35.0,BSHM,31.4049,1648744200.0
0.549342,32.0,35.0,BSHM,30.6877,1648744500.0
0.53385,32.0,35.0,BSHM,29.9457,1648744800.0
0.531033,32.0,35.0,BSHM,29.303,1648745100.0
0.594187,32.0,35.0,BSHM,28.4675,1648745400.0
0.649852,32.0,35.0,BSHM,27.7149,1648745700.0
0.59723,32.0,35.0,BSHM,27.9523,1648746000.0
0.587802,32.0,35.0,BSHM,27.5554,1648746300.0
0.635296,32.0,35.0,BSHM,27.3154,1648746600.0
0.522899,32.0,35.0,BSHM,26.7245,1648746900.0
0.592167,32.0,35.0,BSHM,25.6549,1648747200.0
0.549089,32.0,35.0,BSHM,24.4599,1648747500.0
0.534002,32.0,35.0,BSHM,23.2668,1648747800.0
0.488264,32.0,35.0,BSHM,21.752,1648748100.0
0.476521,32.0,35.0,BSHM,20.7463,1648748400.0
0.523069,32.0,35.0,BSHM,20.0914,1648748700.0
0.511609,32.0,35.0,BSHM,19.3524,1648749000.0
0.497832,32.0,35.0,BSHM,18.8795,1648749300.0
0.480065,32.0,35.0,BSHM,18.4976,1648749600.0
0.586022,32.0,35.0,BSHM,18.0539,1648749900.0
0.573098,32.0,35.0,BSHM,17.5512,1648750200.0
0.589126,32.0,35.0,BSHM,17.2969,1648750500.0
0.727699,32.0,35.0,BSHM,17.1147,1648750800.0
0.711802,32.0,35.0,BSHM,17.237,1648751100.0
0.733658,32.0,35.0,BSHM,16.8777,1648751400.0
0.803519,32.0,35.0,BSHM,17.0084,1648751700.0
0.750079,32.0,35.0,BSHM,16.4729,1648752000.0
0.589563,32.0,35.0,BSHM,15.9591,1648752300.0
0.608713,32.0,35.0,BSHM,15.5746,1648752600.0
0.639359,32.0,35.0,BSHM,14.7649,1648752900.0
0.559119,32.0,35.0,BSHM,14.7701,1648753200.0
0.566042,32.0,35.0,BSHM,14.2348,1648753500.0
0.600528,32.0,35.0,BSHM,13.625,1648753800.0
0.506869,32.0,35.0,BSHM,13.5463,1648754100.0
0.505561,32.0,35.0,BSHM,13.5706,1648754400.0
0.466944,32.0,35.0,BSHM,13.7678,1648754700.0
0.433633,32.0,35.0,BSHM,13.9044,1648755000.0
0.462147,32.0,35.0,BSHM,14.0149,1648755300.0
0.530426,32.0,35.0,BSHM,14.0911,1648755600.0
0.507616,32.0,35.0,BSHM,14.6245,1648755900.0
0.57623,32.0,35.0,BSHM,14.493,1648756200.0
0.538734,32.0,35.0,BSHM,14.8542,1648756500.0
0.702523,32.0,35.0,BSHM,15.1016,1648756800.0
0.87576,32.0,35.0,BSHM,14.9605,1648757100.0
0.978512,32.0,35.0,BSHM,14.7872,1648757400.0
1.3334,32.0,35.0,BSHM,14.2771,1648757700.0
1.33573,32.0,35.0,BSHM,13.9763,1648758000.0
1.44087,32.0,35.0,BSHM,13.7606,1648758300.0
0.958511,32.0,35.0,BSHM,13.3499,1648758600.0
0.796353,32.0,35.0,BSHM,13.2351,1648758900.0
0.95513,32.0,35.0,BSHM,13.193,1648759200.0
0.681927,32.0,35.0,BSHM,13.4541,1648759500.0
0.656511,32.0,35.0,BSHM,13.8027,1648759800.0
0.612025,32.0,35.0,BSHM,13.9126,1648760100.0
0.609964,32.0,35.0,BSHM,13.9817,1648760400.0
0.586784,32.0,35.0,BSHM,14.0261,1648760700.0
0.653577,32.0,35.0,BSHM,14.0868,1648761000.0
0.584065,32.0,35.0,BSHM,14.177,1648761300.0
0.551898,32.0,35.0,BSHM,14.0985,1648761600.0
0.544221,32.0,35.0,BSHM,13.7222,1648761900.0
0.5384,32.0,35.0,BSHM,13.6547,1648762200.0
0.589043,32.0,35.0,BSHM,13.4944,1648762500.0
0.592372,32.0,35.0,BSHM,13.4709,1648762800.0
0.942748,32.0,35.0,BSHM,13.0406,1648763100.0
0.940406,32.0,35.0,BSHM,12.5896,1648763400.0
1.31071,32.0,35.0,BSHM,14.0021,1648763700.0
0.925573,32.0,35.0,BSHM,14.0525,1648764000.0
0.755541,32.0,35.0,BSHM,14.2024,1648764300.0
0.755484,32.0,35.0,BSHM,14.3569,1648764600.0
0.755879,32.0,35.0,BSHM,14.5242,1648764900.0
0.755401,32.0,35.0,BSHM,14.6892,1648765200.0
0.756822,32.0,35.0,BSHM,14.8036,1648765500.0
0.924197,32.0,35.0,BSHM,14.9233,1648765800.0
1.30726,32.0,35.0,BSHM,15.0364,1648766100.0
1.35462,32.0,35.0,BSHM,15.1012,1648766400.0
1.3127,32.0,35.0,BSHM,11.9019,1648766700.0
0.755298,32.0,35.0,BSHM,10.4363,1648767000.0
0.755794,32.0,35.0,BSHM,10.6108,1648767300.0
0.589791,32.0,35.0,BSHM,11.3037,1648767600.0
0.533903,32.0,35.0,BSHM,11.6959,1648767900.0
0.466011,32.0,35.0,BSHM,10.6777,1648768200.0
0.463024,32.0,35.0,BSHM,10.6948,1648768500.0
0.437472,32.0,35.0,BSHM,10.9703,1648768800.0
0.43786,32.0,35.0,BSHM,10.9772,1648769100.0
0.497649,32.0,35.0,BSHM,10.572,1648769400.0
0.596552,32.0,35.0,BSHM,11.6378,1648769700.0
0.754227,32.0,35.0,BSHM,12.8574,1648770000.0
0.925577,32.0,35.0,BSHM,12.8923,1648770300.0
1.30918,32.0,35.0,BSHM,13.3395,1648770600.0
0.972949,32.0,35.0,BSHM,12.3065,1648770900.0
0.939385,35.0,33.0,NICO,9.62247,1648684800.0
0.939928,35.0,33.0,NICO,9.01713,1648685100.0
0.668677,35.0,33.0,NICO,8.6308,1648685400.0
0.591159,35.0,33.0,NICO,8.58335,1648685700.0
0.498634,35.0,33.0,NICO,8.60374,1648686000.0
0.503814,35.0,33.0,NICO,8.64344,1648686300.0
0.591069,35.0,33.0,NICO,8.62021,1648686600.0
0.790382,35.0,33.0,NICO,8.76742,1648686900.0
1.36461,35.0,33.0,NICO,8.9674,1648687200.0
0.927184,35.0,33.0,NICO,6.59606,1648693200.0
1.31302,35.0,33.0,NICO,7.95231,1648695000.0
1.38297,35.0,33.0,NICO,10.8272,1648698900.0
0.683658,35.0,33.0,NICO,10.9327,1648699200.0
0.5992,35.0,33.0,NICO,12.3401,1648699500.0
0.592884,35.0,33.0,NICO,13.1525,1648699800.0
0.666603,35.0,33.0,NICO,13.9217,1648700100.0
0.685009,35.0,33.0,NICO,14.4753,1648700400.0
1.33064,35.0,33.0,NICO,15.0619,1648700700.0
0.939547,35.0,33.0,NICO,18.4294,1648703100.0
0.75647,35.0,33.0,NICO,19.0822,1648703400.0
0.656195,35.0,33.0,NICO,20.0133,1648703700.0
0.762529,35.0,33.0,NICO,20.9832,1648704000.0
0.779841,35.0,33.0,NICO,21.563,1648704300.0
0.945352,35.0,33.0,NICO,24.1107,1648704600.0
1.30886,35.0,33.0,NICO,26.0088,1648704900.0
1.33968,35.0,33.0,NICO,25.6252,1648706400.0
1.35468,35.0,33.0,NICO,24.1295,1648706700.0
1.34077,35.0,33.0,NICO,24.2881,1648707000.0
1.31311,35.0,33.0,NICO,32.0643,1648709400.0
0.930733,35.0,33.0,NICO,31.6133,1648709700.0
1.31769,35.0,33.0,NICO,30.9611,1648710000.0
0.854738,35.0,33.0,NICO,40.4232,1648713600.0
0.813627,35.0,33.0,NICO,41.2204,1648713900.0
0.724762,35.0,33.0,NICO,43.2384,1648714200.0
0.577004,35.0,33.0,NICO,44.7062,1648714500.0
0.518287,35.0,33.0,NICO,45.7972,1648714800.0
0.561208,35.0,33.0,NICO,47.2111,1648715100.0
0.648992,35.0,33.0,NICO,47.2,1648715400.0
1.3756,35.0,33.0,NICO,48.1562,1648715700.0
1.36357,35.0,33.0,NICO,51.3115,1648716000.0
1.4512,35.0,33.0,NICO,51.6306,1648716300.0
1.30922,35.0,33.0,NICO,48.3351,1648717500.0
0.923381,35.0,33.0,NICO,51.7344,1648717800.0
1.30903,35.0,33.0,NICO,47.5475,1648718100.0
1.30611,35.0,33.0,NICO,51.1048,1648719600.0
1.31739,35.0,33.0,NICO,51.2077,1648719900.0
1.44815,35.0,33.0,NICO,48.7789,1648720800.0
0.722769,35.0,33.0,NICO,49.1496,1648721100.0
0.521678,35.0,33.0,NICO,50.4473,1648721400.0
0.534027,35.0,33.0,NICO,50.6897,1648721700.0
0.668063,35.0,33.0,NICO,50.0461,1648722000.0
1.00523,35.0,33.0,NICO,50.5869,1648722300.0
1.60123,35.0,33.0,NICO,51.088,1648722600.0
0.942315,35.0,33.0,NICO,54.7895,1648723800.0
0.721244,35.0,33.0,NICO,55.1308,1648724100.0
0.797538,35.0,33.0,NICO,55.6573,1648724400.0
0.781958,35.0,33.0,NICO,55.9891,1648724700.0
0.796464,35.0,33.0,NICO,56.2816,1648725000.0
1.30834,35.0,33.0,NICO,54.7291,1648725900.0
1.30436,35.0,33.0,NICO,54.2124,1648726200.0
0.923783,35.0,33.0,NICO,54.4924,1648726500.0
1.30464,35.0,33.0,NICO,55.0345,1648726800.0
0.827453,35.0,33.0,NICO,52.9606,1648727100.0
0.729273,35.0,33.0,NICO,52.2125,1648727400.0
0.580606,35.0,33.0,NICO,52.5918,1648727700.0
0.586392,35.0,33.0,NICO,52.8753,1648728000.0
0.656844,35.0,33.0,NICO,54.6621,1648728300.0
1.39099,35.0,33.0,NICO,53.534,1648728600.0
1.30629,35.0,33.0,NICO,52.9238,1648728900.0
1.39317,35.0,33.0,NICO,52.8447,1648729500.0
1.34065,35.0,33.0,NICO,53.4393,1648729800.0
1.30321,35.0,33.0,NICO,44.7089,1648733100.0
1.30298,35.0,33.0,NICO,45.0242,1648733400.0
1.44001,35.0,33.0,NICO,45.1017,1648736100.0
1.36091,35.0,33.0,NICO,44.5502,1648736400.0
0.606303,35.0,33.0,NICO,41.8177,1648736700.0
0.680566,35.0,33.0,NICO,42.4946,1648737000.0
0.742659,35.0,33.0,NICO,43.29,1648737300.0
1.02672,35.0,33.0,NICO,42.942,1648737600.0
1.17769,35.0,33.0,NICO,42.4739,1648737900.0
2.11572,35.0,33.0,NICO,41.9759,1648738200.0
1.30336,35.0,33.0,NICO,36.5969,1648738500.0
1.30321,35.0,33.0,NICO,35.7977,1648738800.0
1.30245,35.0,33.0,NICO,31.0442,1648742100.0
1.30241,35.0,33.0,NICO,30.7136,1648742400.0
0.982987,35.0,33.0,NICO,30.2933,1648742700.0
0.707158,35.0,33.0,NICO,30.3004,1648743000.0
0.61285,35.0,33.0,NICO,29.5423,1648743300.0
0.644783,35.0,33.0,NICO,28.7194,1648743600.0
0.612274,35.0,33.0,NICO,28.3819,1648743900.0
0.613367,35.0,33.0,NICO,27.8541,1648744200.0
0.801533,35.0,33.0,NICO,27.7129,1648744500.0
0.790479,35.0,33.0,NICO,26.4964,1648744800.0
0.765846,35.0,33.0,NICO,25.5299,1648745100.0
0.689404,35.0,33.0,NICO,25.284,1648745400.0
0.776718,35.0,33.0,NICO,24.9497,1648745700.0
0.6972,35.0,33.0,NICO,25.6077,1648746000.0
0.952621,35.0,33.0,NICO,25.9587,1648746300.0
1.30393,35.0,33.0,NICO,28.4327,1648746600.0
1.30397,35.0,33.0,NICO,28.4198,1648746900.0
1.36996,35.0,33.0,NICO,22.5519,1648748400.0
0.94586,35.0,33.0,NICO,18.7111,1648749000.0
0.760751,35.0,33.0,NICO,18.2604,1648749300.0
0.541856,35.0,33.0,NICO,17.5989,1648749600.0
0.549699,35.0,33.0,NICO,17.0886,1648749900.0
0.62213,35.0,33.0,NICO,16.5192,1648750200.0
0.774695,35.0,33.0,NICO,16.1719,1648750500.0
1.0135,35.0,33.0,NICO,15.7673,1648750800.0
1.30184,35.0,33.0,NICO,18.6344,1648751700.0
0.754189,35.0,33.0,NICO,12.6854,1648753800.0
0.753783,35.0,33.0,NICO,12.5352,1648754100.0
0.653053,35.0,33.0,NICO,12.4351,1648754400.0
0.597524,35.0,33.0,NICO,12.1003,1648754700.0
0.506223,35.0,33.0,NICO,12.0457,1648755000.0
0.544589,35.0,33.0,NICO,11.7497,1648755300.0
0.844785,35.0,33.0,NICO,11.7793,1648755600.0
0.978219,35.0,33.0,NICO,11.8129,1648755900.0
1.3651,35.0,33.0,NICO,11.9124,1648756200.0
1.47655,35.0,33.0,NICO,11.9074,1648756500.0
1.30451,35.0,33.0,NICO,14.2887,1648757700.0
0.536799,35.0,33.0,NICO,12.7441,1648758000.0
0.583278,35.0,33.0,NICO,12.4256,1648758300.0
0.654532,35.0,33.0,NICO,11.6031,1648758600.0
0.584874,35.0,33.0,NICO,11.7161,1648758900.0
0.753159,35.0,33.0,NICO,11.9547,1648759200.0
0.760957,35.0,33.0,NICO,12.07,1648759500.0
1.30319,35.0,33.0,NICO,12.2428,1648760700.0
1.30312,35.0,33.0,NICO,12.3429,1648761000.0
0.795984,35.0,33.0,NICO,10.8301,1648762200.0
0.764516,35.0,33.0,NICO,10.9947,1648762500.0
0.761638,35.0,33.0,NICO,11.3083,1648762800.0
0.773152,35.0,33.0,NICO,11.4252,1648763100.0
0.924943,35.0,33.0,NICO,11.3398,1648763400.0
0.755665,35.0,33.0,NICO,11.2094,1648763700.0
0.923255,35.0,33.0,NICO,11.1184,1648764000.0
1.32692,35.0,33.0,NICO,11.0923,1648764300.0
1.32164,35.0,33.0,NICO,10.3944,1648764600.0
1.30961,35.0,33.0,NICO,10.3297,1648764900.0
0.763569,35.0,33.0,NICO,10.9574,1648765200.0
0.656931,35.0,33.0,NICO,11.0551,1648765500.0
0.659743,35.0,33.0,NICO,10.9519,1648765800.0
1.3221,35.0,33.0,NICO,10.932,1648766100.0
1.32424,35.0,33.0,NICO,10.8035,1648766400.0
1.48273,35.0,33.0,NICO,10.7331,1648766700.0
