interval_start_utc,station_id,cell_gdlat,cell_glon,cell_lat_bounds,cell_lon_bounds,vtec_tecu,valid_observation_count,within_hour_spread_tecu,largest_internal_gap_s,provider_dtec_summary,aggregation_config_id,target_valid,phase_id,source_id,target_definition_id,lineage_caveat
2022-11-01T00:00:00Z,BSHM,32,35,"[32, 33)","[35, 36)",7.03719,36,0.7379600000000002,300.0,0.652041,ff984e9f2e2a,True,P1A,GNSS_VTEC,GRIDDed_VTEC_1H,"The Phase 1 target is location-sampled gridded VTEC (Madrigal cell), never receiver-specific station-observed VTEC, and it carries its own distinct target_definition_id. The Phase 1 grid-cell target population is not the Phase 2 IPP target population: no numerical equivalence between the Phase 1 and Phase 2 targets is claimed, and Phase 2 is a fixed-protocol replication on a new target lineage, not a second statistically independent blind test (Vision 2.2, 6.6). Part of any measured IRI or GIM difference is a geometry and sampling artefact rather than skill: Phase 1 compares a grid cell against a station-coordinate evaluation, Phase 2 an IPP cloud against a zenith estimate (Vision 6.6)."
2022-11-01T01:00:00Z,BSHM,32,35,"[32, 33)","[35, 36)",7.0398,48,1.26307,300.0,0.531509,ff984e9f2e2a,True,P1A,GNSS_VTEC,GRIDDed_VTEC_1H,"The Phase 1 target is location-sampled gridded VTEC (Madrigal cell), never receiver-specific station-observed VTEC, and it carries its own distinct target_definition_id. The Phase 1 grid-cell target population is not the Phase 2 IPP target population: no numerical equivalence between the Phase 1 and Phase 2 targets is claimed, and Phase 2 is a fixed-protocol replication on a new target lineage, not a second statistically independent blind test (Vision 2.2, 6.6). Part of any measured IRI or GIM difference is a geometry and sampling artefact rather than skill: Phase 1 compares a grid cell against a station-coordinate evaluation, Phase 2 an IPP cloud against a zenith estimate (Vision 6.6)."
2022-11-01T02:00:00Z,BSHM,32,35,"[32, 33)","[35, 36)",5.64396,48,1.2234799999999995,300.0,0.460774,ff984e9f2e2a,True,P1A,GNSS_VTEC,GRIDDed_VTEC_1H,"The Phase 1 target is location-sampled gridded VTEC (Madrigal cell), never receiver-specific station-observed VTEC, and it carries its own distinct target_definition_id. The Phase 1 grid-cell target population is not the Phase 2 IPP target population: no numerical equivalence between the Phase 1 and Phase 2 targets is claimed, and Phase 2 is a fixed-protocol replication on a new target lineage, not a second statistically independent blind test (Vision 2.2, 6.6). Part of any measured IRI or GIM difference is a geometry and sampling artefact rather than skill: Phase 1 compares a grid cell against a station-coordinate evaluation, Phase 2 an IPP cloud against a zenith estimate (Vision 6.6)."
2022-11-01T03:00:00Z,BSHM,32,35,"[32, 33)","[35, 36)",5.0065100000000005,48,4.337339999999999,300.0,0.537139,ff984e9f2e2a,True,P1A,GNSS_VTEC,GRIDDed_VTEC_1H,"The Phase 1 target is location-sampled gridded VTEC (Madrigal cell), never receiver-specific station-observed VTEC, and it carries its own distinct target_definition_id. The Phase 1 grid-cell target population is not the Phase 2 IPP target population: no numerical equivalence between the Phase 1 and Phase 2 targets is claimed, and Phase 2 is a fixed-protocol replication on a new target lineage, not a second statistically independent blind test (Vision 2.2, 6.6). Part of any measured IRI or GIM difference is a geometry and sampling artefact rather than skill: Phase 1 compares a grid cell against a station-coordinate evaluation, Phase 2 an IPP cloud against a zenith estimate (Vision 6.6)."
2022-11-01T04:00:00Z,BSHM,32,35,"[32, 33)","[35, 36)",13.0447,48,7.1451899999999995,300.0,0.5317320000000001,ff984e9f2e2a,True,P1A,GNSS_VTEC,GRIDDed_VTEC_1H,"The Phase 1 target is location-sampled gridded VTEC (Madrigal cell), never receiver-specific station-observed VTEC, and it carries its own distinct target_definition_id. The Phase 1 grid-cell target population is not the Phase 2 IPP target population: no numerical equivalence between the Phase 1 and Phase 2 targets is claimed, and Phase 2 is a fixed-protocol replication on a new target lineage, not a second statistically independent blind test (Vision 2.2, 6.6). Part of any measured IRI or GIM difference is a geometry and sampling artefact rather than skill: Phase 1 compares a grid cell against a station-coordinate evaluation, Phase 2 an IPP cloud against a zenith estimate (Vision 6.6)."
2022-11-01T05:00:00Z,BSHM,32,35,"[32, 33)","[35, 36)",21.390700000000002,48,5.4617,300.0,0.476516,ff984e9f2e2a,True,P1A,GNSS_VTEC,GRIDDed_VTEC_1H,"The Phase 1 target is location-sampled gridded VTEC (Madrigal cell), never receiver-specific station-observed VTEC, and it carries its own distinct target_definition_id. The Phase 1 grid-cell target population is not the Phase 2 IPP target population: no numerical equivalence between the Phase 1 and Phase 2 targets is claimed, and Phase 2 is a fixed-protocol replication on a new target lineage, not a second statistically independent blind test (Vision 2.2, 6.6). Part of any measured IRI or GIM difference is a geometry and sampling artefact rather than skill: Phase 1 compares a grid cell against a station-coordinate evaluation, Phase 2 an IPP cloud against a zenith estimate (Vision 6.6)."
2022-11-01T06:00:00Z,BSHM,32,35,"[32, 33)","[35, 36)",26.71415,48,5.704599999999999,300.0,0.616752,ff984e9f2e2a,True,P1A,GNSS_VTEC,GRIDDed_VTEC_1H,"The Phase 1 target is location-sampled gridded VTEC (Madrigal cell), never receiver-specific station-observed VTEC, and it carries its own distinct target_definition_id. The Phase 1 grid-cell target population is not the Phase 2 IPP target population: no numerical equivalence between the Phase 1 and Phase 2 targets is claimed, and Phase 2 is a fixed-protocol replication on a new target lineage, not a second statistically independent blind test (Vision 2.2, 6.6). Part of any measured IRI or GIM difference is a geometry and sampling artefact rather than skill: Phase 1 compares a grid cell against a station-coordinate evaluation, Phase 2 an IPP cloud against a zenith estimate (Vision 6.6)."
2022-11-01T07:00:00Z,BSHM,32,35,"[32, 33)","[35, 36)",29.4507,48,3.6628000000000043,300.0,0.651231,ff984e9f2e2a,True,P1A,GNSS_VTEC,GRIDDed_VTEC_1H,"The Phase 1 target is location-sampled gridded VTEC (Madrigal cell), never receiver-specific station-observed VTEC, and it carries its own distinct target_definition_id. The Phase 1 grid-cell target population is not the Phase 2 IPP target population: no numerical equivalence between the Phase 1 and Phase 2 targets is claimed, and Phase 2 is a fixed-protocol replication on a new target lineage, not a second statistically independent blind test (Vision 2.2, 6.6). Part of any measured IRI or GIM difference is a geometry and sampling artefact rather than skill: Phase 1 compares a grid cell against a station-coordinate evaluation, Phase 2 an IPP cloud against a zenith estimate (Vision 6.6)."
2022-11-01T08:00:00Z,BSHM,32,35,"[32, 33)","[35, 36)",33.442,48,2.112400000000001,300.0,0.532362,ff984e9f2e2a,True,P1A,GNSS_VTEC,GRIDDed_VTEC_1H,"The Phase 1 target is location-sampled gridded VTEC (Madrigal cell), never receiver-specific station-observed VTEC, and it carries its own distinct target_definition_id. The Phase 1 grid-cell target population is not the Phase 2 IPP target population: no numerical equivalence between the Phase 1 and Phase 2 targets is claimed, and Phase 2 is a fixed-protocol replication on a new target lineage, not a second statistically independent blind test (Vision 2.2, 6.6). Part of any measured IRI or GIM difference is a geometry and sampling artefact rather than skill: Phase 1 compares a grid cell against a station-coordinate evaluation, Phase 2 an IPP cloud against a zenith estimate (Vision 6.6)."
2022-11-01T09:00:00Z,BSHM,32,35,"[32, 33)","[35, 36)",33.42345,40,1.552100000000003,900.0,0.701966,ff984e9f2e2a,True,P1A,GNSS_VTEC,GRIDDed_VTEC_1H,"The Phase 1 target is location-sampled gridded VTEC (Madrigal cell), never receiver-specific station-observed VTEC, and it carries its own distinct target_definition_id. The Phase 1 grid-cell target population is not the Phase 2 IPP target population: no numerical equivalence between the Phase 1 and Phase 2 targets is claimed, and Phase 2 is a fixed-protocol replication on a new target lineage, not a second statistically independent blind test (Vision 2.2, 6.6). Part of any measured IRI or GIM difference is a geometry and sampling artefact rather than skill: Phase 1 compares a grid cell against a station-coordinate evaluation, Phase 2 an IPP cloud against a zenith estimate (Vision 6.6)."
2022-11-01T10:00:00Z,BSHM,32,35,"[32, 33)","[35, 36)",35.6075,44,6.001699999999996,600.0,0.654632,ff984e9f2e2a,True,P1A,GNSS_VTEC,GRIDDed_VTEC_1H,"The Phase 1 target is location-sampled gridded VTEC (Madrigal cell), never receiver-specific station-observed VTEC, and it carries its own distinct target_definition_id. The Phase 1 grid-cell target population is not the Phase 2 IPP target population: no numerical equivalence between the Phase 1 and Phase 2 targets is claimed, and Phase 2 is a fixed-protocol replication on a new target lineage, not a second statistically independent blind test (Vision 2.2, 6.6). Part of any measured IRI or GIM difference is a geometry and sampling artefact rather than skill: Phase 1 compares a grid cell against a station-coordinate evaluation, Phase 2 an IPP cloud against a zenith estimate (Vision 6.6)."
2022-11-01T11:00:00Z,BSHM,32,35,"[32, 33)","[35, 36)",38.3055,44,2.1899999999999977,300.0,0.582655,ff984e9f2e2a,True,P1A,GNSS_VTEC,GRIDDed_VTEC_1H,"The Phase 1 target is location-sampled gridded VTEC (Madrigal cell), never receiver-specific station-observed VTEC, and it carries its own distinct target_definition_id. The Phase 1 grid-cell target population is not the Phase 2 IPP target population: no numerical equivalence between the Phase 1 and Phase 2 targets is claimed, and Phase 2 is a fixed-protocol replication on a new target lineage, not a second statistically independent blind test (Vision 2.2, 6.6). Part of any measured IRI or GIM difference is a geometry and sampling artefact rather than skill: Phase 1 compares a grid cell against a station-coordinate evaluation, Phase 2 an IPP cloud against a zenith estimate (Vision 6.6)."
2022-11-01T12:00:00Z,BSHM,32,35,"[32, 33)","[35, 36)",35.417950000000005,48,5.672999999999995,300.0,0.7016175,ff984e9f2e2a,True,P1A,GNSS_VTEC,GRIDDed_VTEC_1H,"The Phase 1 target is location-sampled gridded VTEC (Madrigal cell), never receiver-specific station-observed VTEC, and it carries its own distinct target_definition_id. The Phase 1 grid-cell target population is not the Phase 2 IPP target population: no numerical equivalence between the Phase 1 and Phase 2 targets is claimed, and Phase 2 is a fixed-protocol replication on a new target lineage, not a second statistically independent blind test (Vision 2.2, 6.6). Part of any measured IRI or GIM difference is a geometry and sampling artefact rather than skill: Phase 1 compares a grid cell against a station-coordinate evaluation, Phase 2 an IPP cloud against a zenith estimate (Vision 6.6)."
2022-11-01T13:00:00Z,BSHM,32,35,"[32, 33)","[35, 36)",29.8184,32,4.6769,1500.0,0.6706595,ff984e9f2e2a,True,P1A,GNSS_VTEC,GRIDDed_VTEC_1H,"The Phase 1 target is location-sampled gridded VTEC (Madrigal cell), never receiver-specific station-observed VTEC, and it carries its own distinct target_definition_id. The Phase 1 grid-cell target population is not the Phase 2 IPP target population: no numerical equivalence between the Phase 1 and Phase 2 targets is claimed, and Phase 2 is a fixed-protocol replication on a new target lineage, not a second statistically independent blind test (Vision 2.2, 6.6). Part of any measured IRI or GIM difference is a geometry and sampling artefact rather than skill: Phase 1 compares a grid cell against a station-coordinate evaluation, Phase 2 an IPP cloud against a zenith estimate (Vision 6.6)."
2022-11-01T14:00:00Z,BSHM,32,35,"[32, 33)","[35, 36)",22.9274,48,7.411899999999999,300.0,0.4344165,ff984e9f2e2a,True,P1A,GNSS_VTEC,GRIDDed_VTEC_1H,"The Phase 1 target is location-sampled gridded VTEC (Madrigal cell), never receiver-specific station-observed VTEC, and it carries its own distinct target_definition_id. The Phase 1 grid-cell target population is not the Phase 2 IPP target population: no numerical equivalence between the Phase 1 and Phase 2 targets is claimed, and Phase 2 is a fixed-protocol replication on a new target lineage, not a second statistically independent blind test (Vision 2.2, 6.6). Part of any measured IRI or GIM difference is a geometry and sampling artefact rather than skill: Phase 1 compares a grid cell against a station-coordinate evaluation, Phase 2 an IPP cloud against a zenith estimate (Vision 6.6)."
2022-11-01T15:00:00Z,BSHM,32,35,"[32, 33)","[35, 36)",15.042449999999999,32,5.549099999999999,300.0,0.5381795,ff984e9f2e2a,True,P1A,GNSS_VTEC,GRIDDed_VTEC_1H,"The Phase 1 target is location-sampled gridded VTEC (Madrigal cell), never receiver-specific station-observed VTEC, and it carries its own distinct target_definition_id. The Phase 1 grid-cell target population is not the Phase 2 IPP target population: no numerical equivalence between the Phase 1 and Phase 2 targets is claimed, and Phase 2 is a fixed-protocol replication on a new target lineage, not a second statistically independent blind test (Vision 2.2, 6.6). Part of any measured IRI or GIM difference is a geometry and sampling artefact rather than skill: Phase 1 compares a grid cell against a station-coordinate evaluation, Phase 2 an IPP cloud against a zenith estimate (Vision 6.6)."
2022-11-01T16:00:00Z,BSHM,32,35,"[32, 33)","[35, 36)",11.7341,36,1.0168999999999997,300.0,0.752232,ff984e9f2e2a,True,P1A,GNSS_VTEC,GRIDDed_VTEC_1H,"The Phase 1 target is location-sampled gridded VTEC (Madrigal cell), never receiver-specific station-observed VTEC, and it carries its own distinct target_definition_id. The Phase 1 grid-cell target population is not the Phase 2 IPP target population: no numerical equivalence between the Phase 1 and Phase 2 targets is claimed, and Phase 2 is a fixed-protocol replication on a new target lineage, not a second statistically independent blind test (Vision 2.2, 6.6). Part of any measured IRI or GIM difference is a geometry and sampling artefact rather than skill: Phase 1 compares a grid cell against a station-coordinate evaluation, Phase 2 an IPP cloud against a zenith estimate (Vision 6.6)."
2022-11-01T17:00:00Z,BSHM,32,35,"[32, 33)","[35, 36)",8.45165,28,2.59966,600.0,1.30332,ff984e9f2e2a,True,P1A,GNSS_VTEC,GRIDDed_VTEC_1H,"The Phase 1 target is location-sampled gridded VTEC (Madrigal cell), never receiver-specific station-observed VTEC, and it carries its own distinct target_definition_id. The Phase 1 grid-cell target population is not the Phase 2 IPP target population: no numerical equivalence between the Phase 1 and Phase 2 targets is claimed, and Phase 2 is a fixed-protocol replication on a new target lineage, not a second statistically independent blind test (Vision 2.2, 6.6). Part of any measured IRI or GIM difference is a geometry and sampling artefact rather than skill: Phase 1 compares a grid cell against a station-coordinate evaluation, Phase 2 an IPP cloud against a zenith estimate (Vision 6.6)."
2022-11-01T18:00:00Z,BSHM,32,35,"[32, 33)","[35, 36)",6.62674,32,1.0910900000000003,300.0,0.6215375,ff984e9f2e2a,True,P1A,GNSS_VTEC,GRIDDed_VTEC_1H,"The Phase 1 target is location-sampled gridded VTEC (Madrigal cell), never receiver-specific station-observed VTEC, and it carries its own distinct target_definition_id. The Phase 1 grid-cell target population is not the Phase 2 IPP target population: no numerical equivalence between the Phase 1 and Phase 2 targets is claimed, and Phase 2 is a fixed-protocol replication on a new target lineage, not a second statistically independent blind test (Vision 2.2, 6.6). Part of any measured IRI or GIM difference is a geometry and sampling artefact rather than skill: Phase 1 compares a grid cell against a station-coordinate evaluation, Phase 2 an IPP cloud against a zenith estimate (Vision 6.6)."
2022-11-01T19:00:00Z,BSHM,32,35,"[32, 33)","[35, 36)",7.120795,48,0.4280299999999997,300.0,0.49628,ff984e9f2e2a,True,P1A,GNSS_VTEC,GRIDDed_VTEC_1H,"The Phase 1 target is location-sampled gridded VTEC (Madrigal cell), never receiver-specific station-observed VTEC, and it carries its own distinct target_definition_id. The Phase 1 grid-cell target population is not the Phase 2 IPP target population: no numerical equivalence between the Phase 1 and Phase 2 targets is claimed, and Phase 2 is a fixed-protocol replication on a new target lineage, not a second statistically independent blind test (Vision 2.2, 6.6). Part of any measured IRI or GIM difference is a geometry and sampling artefact rather than skill: Phase 1 compares a grid cell against a station-coordinate evaluation, Phase 2 an IPP cloud against a zenith estimate (Vision 6.6)."
2022-11-01T20:00:00Z,BSHM,32,35,"[32, 33)","[35, 36)",6.71593,48,0.90327,300.0,0.4023105,ff984e9f2e2a,True,P1A,GNSS_VTEC,GRIDDed_VTEC_1H,"The Phase 1 target is location-sampled gridded VTEC (Madrigal cell), never receiver-specific station-observed VTEC, and it carries its own distinct target_definition_id. The Phase 1 grid-cell target population is not the Phase 2 IPP target population: no numerical equivalence between the Phase 1 and Phase 2 targets is claimed, and Phase 2 is a fixed-protocol replication on a new target lineage, not a second statistically independent blind test (Vision 2.2, 6.6). Part of any measured IRI or GIM difference is a geometry and sampling artefact rather than skill: Phase 1 compares a grid cell against a station-coordinate evaluation, Phase 2 an IPP cloud against a zenith estimate (Vision 6.6)."
2022-11-01T21:00:00Z,BSHM,32,35,"[32, 33)","[35, 36)",7.21398,48,1.2711499999999996,300.0,0.37683500000000003,ff984e9f2e2a,True,P1A,GNSS_VTEC,GRIDDed_VTEC_1H,"The Phase 1 target is location-sampled gridded VTEC (Madrigal cell), never receiver-specific station-observed VTEC, and it carries its own distinct target_definition_id. The Phase 1 grid-cell target population is not the Phase 2 IPP target population: no numerical equivalence between the Phase 1 and Phase 2 targets is claimed, and Phase 2 is a fixed-protocol replication on a new target lineage, not a second statistically independent blind test (Vision 2.2, 6.6). Part of any measured IRI or GIM difference is a geometry and sampling artefact rather than skill: Phase 1 compares a grid cell against a station-coordinate evaluation, Phase 2 an IPP cloud against a zenith estimate (Vision 6.6)."
2022-11-01T22:00:00Z,BSHM,32,35,"[32, 33)","[35, 36)",7.0911,48,0.7422199999999997,300.0,0.447382,ff984e9f2e2a,True,P1A,GNSS_VTEC,GRIDDed_VTEC_1H,"The Phase 1 target is location-sampled gridded VTEC (Madrigal cell), never receiver-specific station-observed VTEC, and it carries its own distinct target_definition_id. The Phase 1 grid-cell target population is not the Phase 2 IPP target population: no numerical equivalence between the Phase 1 and Phase 2 targets is claimed, and Phase 2 is a fixed-protocol replication on a new target lineage, not a second statistically independent blind test (Vision 2.2, 6.6). Part of any measured IRI or GIM difference is a geometry and sampling artefact rather than skill: Phase 1 compares a grid cell against a station-coordinate evaluation, Phase 2 an IPP cloud against a zenith estimate (Vision 6.6)."
2022-11-01T23:00:00Z,BSHM,32,35,"[32, 33)","[35, 36)",6.468905,24,0.23772000000000038,300.0,0.6170100000000001,ff984e9f2e2a,True,P1A,GNSS_VTEC,GRIDDed_VTEC_1H,"The Phase 1 target is location-sampled gridded VTEC (Madrigal cell), never receiver-specific station-observed VTEC, and it carries its own distinct target_definition_id. The Phase 1 grid-cell target population is not the Phase 2 IPP target population: no numerical equivalence between the Phase 1 and Phase 2 targets is claimed, and Phase 2 is a fixed-protocol replication on a new target lineage, not a second statistically independent blind test (Vision 2.2, 6.6). Part of any measured IRI or GIM difference is a geometry and sampling artefact rather than skill: Phase 1 compares a grid cell against a station-coordinate evaluation, Phase 2 an IPP cloud against a zenith estimate (Vision 6.6)."
2022-11-02T00:00:00Z,BSHM,32,35,"[32, 33)","[35, 36)",5.17936,36,0.5638899999999998,300.0,0.532385,ff984e9f2e2a,True,P1A,GNSS_VTEC,GRIDDed_VTEC_1H,"The Phase 1 target is location-sampled gridded VTEC (Madrigal cell), never receiver-specific station-observed VTEC, and it carries its own distinct target_definition_id. The Phase 1 grid-cell target population is not the Phase 2 IPP target population: no numerical equivalence between the Phase 1 and Phase 2 targets is claimed, and Phase 2 is a fixed-protocol replication on a new target lineage, not a second statistically independent blind test (Vision 2.2, 6.6). Part of any measured IRI or GIM difference is a geometry and sampling artefact rather than skill: Phase 1 compares a grid cell against a station-coordinate evaluation, Phase 2 an IPP cloud against a zenith estimate (Vision 6.6)."
2022-11-02T01:00:00Z,BSHM,32,35,"[32, 33)","[35, 36)",5.5930800000000005,48,1.61782,300.0,0.47622200000000003,ff984e9f2e2a,True,P1A,GNSS_VTEC,GRIDDed_VTEC_1H,"The Phase 1 target is location-sampled gridded VTEC (Madrigal cell), never receiver-specific station-observed VTEC, and it carries its own distinct target_definition_id. The Phase 1 grid-cell target population is not the Phase 2 IPP target population: no numerical equivalence between the Phase 1 and Phase 2 targets is claimed, and Phase 2 is a fixed-protocol replication on a new target lineage, not a second statistically independent blind test (Vision 2.2, 6.6). Part of any measured IRI or GIM difference is a geometry and sampling artefact rather than skill: Phase 1 compares a grid cell against a station-coordinate evaluation, Phase 2 an IPP cloud against a zenith estimate (Vision 6.6)."
2022-11-02T02:00:00Z,BSHM,32,35,"[32, 33)","[35, 36)",2.868595,48,1.7070100000000004,300.0,0.46096400000000004,ff984e9f2e2a,True,P1A,GNSS_VTEC,GRIDDed_VTEC_1H,"The Phase 1 target is location-sampled gridded VTEC (Madrigal cell), never receiver-specific station-observed VTEC, and it carries its own distinct target_definition_id. The Phase 1 grid-cell target population is not the Phase 2 IPP target population: no numerical equivalence between the Phase 1 and Phase 2 targets is claimed, and Phase 2 is a fixed-protocol replication on a new target lineage, not a second statistically independent blind test (Vision 2.2, 6.6). Part of any measured IRI or GIM difference is a geometry and sampling artefact rather than skill: Phase 1 compares a grid cell against a station-coordinate evaluation, Phase 2 an IPP cloud against a zenith estimate (Vision 6.6)."
2022-11-02T03:00:00Z,BSHM,32,35,"[32, 33)","[35, 36)",3.0556,48,5.454750000000001,300.0,0.531468,ff984e9f2e2a,True,P1A,GNSS_VTEC,GRIDDed_VTEC_1H,"The Phase 1 target is location-sampled gridded VTEC (Madrigal cell), never receiver-specific station-observed VTEC, and it carries its own distinct target_definition_id. The Phase 1 grid-cell target population is not the Phase 2 IPP target population: no numerical equivalence between the Phase 1 and Phase 2 targets is claimed, and Phase 2 is a fixed-protocol replication on a new target lineage, not a second statistically independent blind test (Vision 2.2, 6.6). Part of any measured IRI or GIM difference is a geometry and sampling artefact rather than skill: Phase 1 compares a grid cell against a station-coordinate evaluation, Phase 2 an IPP cloud against a zenith estimate (Vision 6.6)."
2022-11-02T04:00:00Z,BSHM,32,35,"[32, 33)","[35, 36)",11.88315,48,6.66192,300.0,0.492214,ff984e9f2e2a,True,P1A,GNSS_VTEC,GRIDDed_VTEC_1H,"The Phase 1 target is location-sampled gridded VTEC (Madrigal cell), never receiver-specific station-observed VTEC, and it carries its own distinct target_definition_id. The Phase 1 grid-cell target population is not the Phase 2 IPP target population: no numerical equivalence between the Phase 1 and Phase 2 targets is claimed, and Phase 2 is a fixed-protocol replication on a new target lineage, not a second statistically independent blind test (Vision 2.2, 6.6). Part of any measured IRI or GIM difference is a geometry and sampling artefact rather than skill: Phase 1 compares a grid cell against a station-coordinate evaluation, Phase 2 an IPP cloud against a zenith estimate (Vision 6.6)."
2022-11-02T05:00:00Z,BSHM,32,35,"[32, 33)","[35, 36)",19.523400000000002,48,4.9361,300.0,0.5919055,ff984e9f2e2a,True,P1A,GNSS_VTEC,GRIDDed_VTEC_1H,"The Phase 1 target is location-sampled gridded VTEC (Madrigal cell), never receiver-specific station-observed VTEC, and it carries its own distinct target_definition_id. The Phase 1 grid-cell target population is not the Phase 2 IPP target population: no numerical equivalence between the Phase 1 and Phase 2 targets is claimed, and Phase 2 is a fixed-protocol replication on a new target lineage, not a second statistically independent blind test (Vision 2.2, 6.6). Part of any measured IRI or GIM difference is a geometry and sampling artefact rather than skill: Phase 1 compares a grid cell against a station-coordinate evaluation, Phase 2 an IPP cloud against a zenith estimate (Vision 6.6)."
2022-11-02T06:00:00Z,BSHM,32,35,"[32, 33)","[35, 36)",24.4535,48,4.821100000000001,300.0,0.492306,ff984e9f2e2a,True,P1A,GNSS_VTEC,GRIDDed_VTEC_1H,"The Phase 1 target is location-sampled gridded VTEC (Madrigal cell), never receiver-specific station-observed VTEC, and it carries its own distinct target_definition_id. The Phase 1 grid-cell target population is not the Phase 2 IPP target population: no numerical equivalence between the Phase 1 and Phase 2 targets is claimed, and Phase 2 is a fixed-protocol replication on a new target lineage, not a second statistically independent blind test (Vision 2.2, 6.6). Part of any measured IRI or GIM difference is a geometry and sampling artefact rather than skill: Phase 1 compares a grid cell against a station-coordinate evaluation, Phase 2 an IPP cloud against a zenith estimate (Vision 6.6)."
2022-11-02T07:00:00Z,BSHM,32,35,"[32, 33)","[35, 36)",30.90585,48,6.368099999999998,300.0,0.6511370000000001,ff984e9f2e2a,True,P1A,GNSS_VTEC,GRIDDed_VTEC_1H,"The Phase 1 target is location-sampled gridded VTEC (Madrigal cell), never receiver-specific station-observed VTEC, and it carries its own distinct target_definition_id. The Phase 1 grid-cell target population is not the Phase 2 IPP target population: no numerical equivalence between the Phase 1 and Phase 2 targets is claimed, and Phase 2 is a fixed-protocol replication on a new target lineage, not a second statistically independent blind test (Vision 2.2, 6.6). Part of any measured IRI or GIM difference is a geometry and sampling artefact rather than skill: Phase 1 compares a grid cell against a station-coordinate evaluation, Phase 2 an IPP cloud against a zenith estimate (Vision 6.6)."
2022-11-02T08:00:00Z,BSHM,32,35,"[32, 33)","[35, 36)",33.161950000000004,48,1.411200000000001,300.0,0.5318245,ff984e9f2e2a,True,P1A,GNSS_VTEC,GRIDDed_VTEC_1H,"The Phase 1 target is location-sampled gridded VTEC (Madrigal cell), never receiver-specific station-observed VTEC, and it carries its own distinct target_definition_id. The Phase 1 grid-cell target population is not the Phase 2 IPP target population: no numerical equivalence between the Phase 1 and Phase 2 targets is claimed, and Phase 2 is a fixed-protocol replication on a new target lineage, not a second statistically independent blind test (Vision 2.2, 6.6). Part of any measured IRI or GIM difference is a geometry and sampling artefact rather than skill: Phase 1 compares a grid cell against a station-coordinate evaluation, Phase 2 an IPP cloud against a zenith estimate (Vision 6.6)."
2022-11-02T09:00:00Z,BSHM,32,35,"[32, 33)","[35, 36)",32.9705,40,1.3408000000000015,300.0,0.701734,ff984e9f2e2a,True,P1A,GNSS_VTEC,GRIDDed_VTEC_1H,"The Phase 1 target is location-sampled gridded VTEC (Madrigal cell), never receiver-specific station-observed VTEC, and it carries its own distinct target_definition_id. The Phase 1 grid-cell target population is not the Phase 2 IPP target population: no numerical equivalence between the Phase 1 and Phase 2 targets is claimed, and Phase 2 is a fixed-protocol replication on a new target lineage, not a second statistically independent blind test (Vision 2.2, 6.6). Part of any measured IRI or GIM difference is a geometry and sampling artefact rather than skill: Phase 1 compares a grid cell against a station-coordinate evaluation, Phase 2 an IPP cloud against a zenith estimate (Vision 6.6)."
2022-11-02T10:00:00Z,BSHM,32,35,"[32, 33)","[35, 36)",36.5706,20,2.335799999999999,2400.0,0.921574,ff984e9f2e2a,False,P1A,GNSS_VTEC,GRIDDed_VTEC_1H,"The Phase 1 target is location-sampled gridded VTEC (Madrigal cell), never receiver-specific station-observed VTEC, and it carries its own distinct target_definition_id. The Phase 1 grid-cell target population is not the Phase 2 IPP target population: no numerical equivalence between the Phase 1 and Phase 2 targets is claimed, and Phase 2 is a fixed-protocol replication on a new target lineage, not a second statistically independent blind test (Vision 2.2, 6.6). Part of any measured IRI or GIM difference is a geometry and sampling artefact rather than skill: Phase 1 compares a grid cell against a station-coordinate evaluation, Phase 2 an IPP cloud against a zenith estimate (Vision 6.6)."
2022-11-02T11:00:00Z,BSHM,32,35,"[32, 33)","[35, 36)",38.364900000000006,48,2.5060999999999964,300.0,0.6170105,ff984e9f2e2a,True,P1A,GNSS_VTEC,GRIDDed_VTEC_1H,"The Phase 1 target is location-sampled gridded VTEC (Madrigal cell), never receiver-specific station-observed VTEC, and it carries its own distinct target_definition_id. The Phase 1 grid-cell target population is not the Phase 2 IPP target population: no numerical equivalence between the Phase 1 and Phase 2 targets is claimed, and Phase 2 is a fixed-protocol replication on a new target lineage, not a second statistically independent blind test (Vision 2.2, 6.6). Part of any measured IRI or GIM difference is a geometry and sampling artefact rather than skill: Phase 1 compares a grid cell against a station-coordinate evaluation, Phase 2 an IPP cloud against a zenith estimate (Vision 6.6)."
2022-11-02T12:00:00Z,BSHM,32,35,"[32, 33)","[35, 36)",36.61425,48,4.925400000000003,300.0,0.476383,ff984e9f2e2a,True,P1A,GNSS_VTEC,GRIDDed_VTEC_1H,"The Phase 1 target is location-sampled gridded VTEC (Madrigal cell), never receiver-specific station-observed VTEC, and it carries its own distinct target_definition_id. The Phase 1 grid-cell target population is not the Phase 2 IPP target population: no numerical equivalence between the Phase 1 and Phase 2 targets is claimed, and Phase 2 is a fixed-protocol replication on a new target lineage, not a second statistically independent blind test (Vision 2.2, 6.6). Part of any measured IRI or GIM difference is a geometry and sampling artefact rather than skill: Phase 1 compares a grid cell against a station-coordinate evaluation, Phase 2 an IPP cloud against a zenith estimate (Vision 6.6)."
2022-11-02T13:00:00Z,BSHM,32,35,"[32, 33)","[35, 36)",32.78555,48,3.6023999999999994,300.0,0.43435500000000005,ff984e9f2e2a,True,P1A,GNSS_VTEC,GRIDDed_VTEC_1H,"The Phase 1 target is location-sampled gridded VTEC (Madrigal cell), never receiver-specific station-observed VTEC, and it carries its own distinct target_definition_id. The Phase 1 grid-cell target population is not the Phase 2 IPP target population: no numerical equivalence between the Phase 1 and Phase 2 targets is claimed, and Phase 2 is a fixed-protocol replication on a new target lineage, not a second statistically independent blind test (Vision 2.2, 6.6). Part of any measured IRI or GIM difference is a geometry and sampling artefact rather than skill: Phase 1 compares a grid cell against a station-coordinate evaluation, Phase 2 an IPP cloud against a zenith estimate (Vision 6.6)."
2022-11-02T14:00:00Z,BSHM,32,35,"[32, 33)","[35, 36)",25.4958,48,7.582599999999999,300.0,0.4477465,ff984e9f2e2a,True,P1A,GNSS_VTEC,GRIDDed_VTEC_1H,"The Phase 1 target is location-sampled gridded VTEC (Madrigal cell), never receiver-specific station-observed VTEC, and it carries its own distinct target_definition_id. The Phase 1 grid-cell target population is not the Phase 2 IPP target population: no numerical equivalence between the Phase 1 and Phase 2 targets is claimed, and Phase 2 is a fixed-protocol replication on a new target lineage, not a second statistically independent blind test (Vision 2.2, 6.6). Part of any measured IRI or GIM difference is a geometry and sampling artefact rather than skill: Phase 1 compares a grid cell against a station-coordinate evaluation, Phase 2 an IPP cloud against a zenith estimate (Vision 6.6)."
2022-11-02T15:00:00Z,BSHM,32,35,"[32, 33)","[35, 36)",16.5978,32,6.5406999999999975,1500.0,0.752375,ff984e9f2e2a,True,P1A,GNSS_VTEC,GRIDDed_VTEC_1H,"The Phase 1 target is location-sampled gridded VTEC (Madrigal cell), never receiver-specific station-observed VTEC, and it carries its own distinct target_definition_id. The Phase 1 grid-cell target population is not the Phase 2 IPP target population: no numerical equivalence between the Phase 1 and Phase 2 targets is claimed, and Phase 2 is a fixed-protocol replication on a new target lineage, not a second statistically independent blind test (Vision 2.2, 6.6). Part of any measured IRI or GIM difference is a geometry and sampling artefact rather than skill: Phase 1 compares a grid cell against a station-coordinate evaluation, Phase 2 an IPP cloud against a zenith estimate (Vision 6.6)."
2022-11-02T16:00:00Z,BSHM,32,35,"[32, 33)","[35, 36)",11.9698,44,3.6407100000000003,300.0,0.921289,ff984e9f2e2a,True,P1A,GNSS_VTEC,GRIDDed_VTEC_1H,"The Phase 1 target is location-sampled gridded VTEC (Madrigal cell), never receiver-specific station-observed VTEC, and it carries its own distinct target_definition_id. The Phase 1 grid-cell target population is not the Phase 2 IPP target population: no numerical equivalence between the Phase 1 and Phase 2 targets is claimed, and Phase 2 is a fixed-protocol replication on a new target lineage, not a second statistically independent blind test (Vision 2.2, 6.6). Part of any measured IRI or GIM difference is a geometry and sampling artefact rather than skill: Phase 1 compares a grid cell against a station-coordinate evaluation, Phase 2 an IPP cloud against a zenith estimate (Vision 6.6)."
2022-11-02T17:00:00Z,BSHM,32,35,"[32, 33)","[35, 36)",9.66372,28,0.56067,300.0,1.30152,ff984e9f2e2a,True,P1A,GNSS_VTEC,GRIDDed_VTEC_1H,"The Phase 1 target is location-sampled gridded VTEC (Madrigal cell), never receiver-specific station-observed VTEC, and it carries its own distinct target_definition_id. The Phase 1 grid-cell target population is not the Phase 2 IPP target population: no numerical equivalence between the Phase 1 and Phase 2 targets is claimed, and Phase 2 is a fixed-protocol replication on a new target lineage, not a second statistically independent blind test (Vision 2.2, 6.6). Part of any measured IRI or GIM difference is a geometry and sampling artefact rather than skill: Phase 1 compares a grid cell against a station-coordinate evaluation, Phase 2 an IPP cloud against a zenith estimate (Vision 6.6)."
2022-11-02T18:00:00Z,BSHM,32,35,"[32, 33)","[35, 36)",9.50809,32,0.2679399999999994,300.0,0.6520524999999999,ff984e9f2e2a,True,P1A,GNSS_VTEC,GRIDDed_VTEC_1H,"The Phase 1 target is location-sampled gridded VTEC (Madrigal cell), never receiver-specific station-observed VTEC, and it carries its own distinct target_definition_id. The Phase 1 grid-cell target population is not the Phase 2 IPP target population: no numerical equivalence between the Phase 1 and Phase 2 targets is claimed, and Phase 2 is a fixed-protocol replication on a new target lineage, not a second statistically independent blind test (Vision 2.2, 6.6). Part of any measured IRI or GIM difference is a geometry and sampling artefact rather than skill: Phase 1 compares a grid cell against a station-coordinate evaluation, Phase 2 an IPP cloud against a zenith estimate (Vision 6.6)."
2022-11-02T19:00:00Z,BSHM,32,35,"[32, 33)","[35, 36)",9.26148,44,1.674830000000001,600.0,0.651133,ff984e9f2e2a,True,P1A,GNSS_VTEC,GRIDDed_VTEC_1H,"The Phase 1 target is location-sampled gridded VTEC (Madrigal cell), never receiver-specific station-observed VTEC, and it carries its own distinct target_definition_id. The Phase 1 grid-cell target population is not the Phase 2 IPP target population: no numerical equivalence between the Phase 1 and Phase 2 targets is claimed, and Phase 2 is a fixed-protocol replication on a new target lineage, not a second statistically independent blind test (Vision 2.2, 6.6). Part of any measured IRI or GIM difference is a geometry and sampling artefact rather than skill: Phase 1 compares a grid cell against a station-coordinate evaluation, Phase 2 an IPP cloud against a zenith estimate (Vision 6.6)."
2022-11-02T20:00:00Z,BSHM,32,35,"[32, 33)","[35, 36)",8.401175,48,0.5223999999999993,300.0,0.493161,ff984e9f2e2a,True,P1A,GNSS_VTEC,GRIDDed_VTEC_1H,"The Phase 1 target is location-sampled gridded VTEC (Madrigal cell), never receiver-specific station-observed VTEC, and it carries its own distinct target_definition_id. The Phase 1 grid-cell target population is not the Phase 2 IPP target population: no numerical equivalence between the Phase 1 and Phase 2 targets is claimed, and Phase 2 is a fixed-protocol replication on a new target lineage, not a second statistically independent blind test (Vision 2.2, 6.6). Part of any measured IRI or GIM difference is a geometry and sampling artefact rather than skill: Phase 1 compares a grid cell against a station-coordinate evaluation, Phase 2 an IPP cloud against a zenith estimate (Vision 6.6)."
2022-11-02T21:00:00Z,BSHM,32,35,"[32, 33)","[35, 36)",8.928989999999999,48,0.5964700000000001,300.0,0.43403349999999996,ff984e9f2e2a,True,P1A,GNSS_VTEC,GRIDDed_VTEC_1H,"The Phase 1 target is location-sampled gridded VTEC (Madrigal cell), never receiver-specific station-observed VTEC, and it carries its own distinct target_definition_id. The Phase 1 grid-cell target population is not the Phase 2 IPP target population: no numerical equivalence between the Phase 1 and Phase 2 targets is claimed, and Phase 2 is a fixed-protocol replication on a new target lineage, not a second statistically independent blind test (Vision 2.2, 6.6). Part of any measured IRI or GIM difference is a geometry and sampling artefact rather than skill: Phase 1 compares a grid cell against a station-coordinate evaluation, Phase 2 an IPP cloud against a zenith estimate (Vision 6.6)."
2022-11-02T22:00:00Z,BSHM,32,35,"[32, 33)","[35, 36)",8.916080000000001,48,1.0172299999999996,300.0,0.4602485,ff984e9f2e2a,True,P1A,GNSS_VTEC,GRIDDed_VTEC_1H,"The Phase 1 target is location-sampled gridded VTEC (Madrigal cell), never receiver-specific station-observed VTEC, and it carries its own distinct target_definition_id. The Phase 1 grid-cell target population is not the Phase 2 IPP target population: no numerical equivalence between the Phase 1 and Phase 2 targets is claimed, and Phase 2 is a fixed-protocol replication on a new target lineage, not a second statistically independent blind test (Vision 2.2, 6.6). Part of any measured IRI or GIM difference is a geometry and sampling artefact rather than skill: Phase 1 compares a grid cell against a station-coordinate evaluation, Phase 2 an IPP cloud against a zenith estimate (Vision 6.6)."
2022-11-02T23:00:00Z,BSHM,32,35,"[32, 33)","[35, 36)",7.982925,24,0.7380700000000004,300.0,0.66812,ff984e9f2e2a,True,P1A,GNSS_VTEC,GRIDDed_VTEC_1H,"The Phase 1 target is location-sampled gridded VTEC (Madrigal cell), never receiver-specific station-observed VTEC, and it carries its own distinct target_definition_id. The Phase 1 grid-cell target population is not the Phase 2 IPP target population: no numerical equivalence between the Phase 1 and Phase 2 targets is claimed, and Phase 2 is a fixed-protocol replication on a new target lineage, not a second statistically independent blind test (Vision 2.2, 6.6). Part of any measured IRI or GIM difference is a geometry and sampling artefact rather than skill: Phase 1 compares a grid cell against a station-coordinate evaluation, Phase 2 an IPP cloud against a zenith estimate (Vision 6.6)."
2022-11-03T00:00:00Z,BSHM,32,35,"[32, 33)","[35, 36)",7.154145,40,1.86102,300.0,0.5831905,ff984e9f2e2a,True,P1A,GNSS_VTEC,GRIDDed_VTEC_1H,"The Phase 1 target is location-sampled gridded VTEC (Madrigal cell), never receiver-specific station-observed VTEC, and it carries its own distinct target_definition_id. The Phase 1 grid-cell target population is not the Phase 2 IPP target population: no numerical equivalence between the Phase 1 and Phase 2 targets is claimed, and Phase 2 is a fixed-protocol replication on a new target lineage, not a second statistically independent blind test (Vision 2.2, 6.6). Part of any measured IRI or GIM difference is a geometry and sampling artefact rather than skill: Phase 1 compares a grid cell against a station-coordinate evaluation, Phase 2 an IPP cloud against a zenith estimate (Vision 6.6)."
2022-11-03T01:00:00Z,BSHM,32,35,"[32, 33)","[35, 36)",7.649255,48,0.7043799999999996,300.0,0.531486,ff984e9f2e2a,True,P1A,GNSS_VTEC,GRIDDed_VTEC_1H,"The Phase 1 target is location-sampled gridded VTEC (Madrigal cell), never receiver-specific station-observed VTEC, and it carries its own distinct target_definition_id. The Phase 1 grid-cell target population is not the Phase 2 IPP target population: no numerical equivalence between the Phase 1 and Phase 2 targets is claimed, and Phase 2 is a fixed-protocol replication on a new target lineage, not a second statistically independent blind test (Vision 2.2, 6.6). Part of any measured IRI or GIM difference is a geometry and sampling artefact rather than skill: Phase 1 compares a grid cell against a station-coordinate evaluation, Phase 2 an IPP cloud against a zenith estimate (Vision 6.6)."
2022-11-03T02:00:00Z,BSHM,32,35,"[32, 33)","[35, 36)",5.828200000000001,48,1.6834600000000002,300.0,0.49240550000000005,ff984e9f2e2a,True,P1A,GNSS_VTEC,GRIDDed_VTEC_1H,"The Phase 1 target is location-sampled gridded VTEC (Madrigal cell), never receiver-specific station-observed VTEC, and it carries its own distinct target_definition_id. The Phase 1 grid-cell target population is not the Phase 2 IPP target population: no numerical equivalence between the Phase 1 and Phase 2 targets is claimed, and Phase 2 is a fixed-protocol replication on a new target lineage, not a second statistically independent blind test (Vision 2.2, 6.6). Part of any measured IRI or GIM difference is a geometry and sampling artefact rather than skill: Phase 1 compares a grid cell against a station-coordinate evaluation, Phase 2 an IPP cloud against a zenith estimate (Vision 6.6)."
2022-11-03T03:00:00Z,BSHM,32,35,"[32, 33)","[35, 36)",6.59436,48,4.596329999999999,300.0,0.49249149999999997,ff984e9f2e2a,True,P1A,GNSS_VTEC,GRIDDed_VTEC_1H,"The Phase 1 target is location-sampled gridded VTEC (Madrigal cell), never receiver-specific station-observed VTEC, and it carries its own distinct target_definition_id. The Phase 1 grid-cell target population is not the Phase 2 IPP target population: no numerical equivalence between the Phase 1 and Phase 2 targets is claimed, and Phase 2 is a fixed-protocol replication on a new target lineage, not a second statistically independent blind test (Vision 2.2, 6.6). Part of any measured IRI or GIM difference is a geometry and sampling artefact rather than skill: Phase 1 compares a grid cell against a station-coordinate evaluation, Phase 2 an IPP cloud against a zenith estimate (Vision 6.6)."
2022-11-03T04:00:00Z,BSHM,32,35,"[32, 33)","[35, 36)",15.4146,48,8.4975,300.0,0.448276,ff984e9f2e2a,True,P1A,GNSS_VTEC,GRIDDed_VTEC_1H,"The Phase 1 target is location-sampled gridded VTEC (Madrigal cell), never receiver-specific station-observed VTEC, and it carries its own distinct target_definition_id. The Phase 1 grid-cell target population is not the Phase 2 IPP target population: no numerical equivalence between the Phase 1 and Phase 2 targets is claimed, and Phase 2 is a fixed-protocol replication on a new target lineage, not a second statistically independent blind test (Vision 2.2, 6.6). Part of any measured IRI or GIM difference is a geometry and sampling artefact rather than skill: Phase 1 compares a grid cell against a station-coordinate evaluation, Phase 2 an IPP cloud against a zenith estimate (Vision 6.6)."
2022-11-03T05:00:00Z,BSHM,32,35,"[32, 33)","[35, 36)",21.0304,48,2.6660000000000004,300.0,0.920883,ff984e9f2e2a,True,P1A,GNSS_VTEC,GRIDDed_VTEC_1H,"The Phase 1 target is location-sampled gridded VTEC (Madrigal cell), never receiver-specific station-observed VTEC, and it carries its own distinct target_definition_id. The Phase 1 grid-cell target population is not the Phase 2 IPP target population: no numerical equivalence between the Phase 1 and Phase 2 targets is claimed, and Phase 2 is a fixed-protocol replication on a new target lineage, not a second statistically independent blind test (Vision 2.2, 6.6). Part of any measured IRI or GIM difference is a geometry and sampling artefact rather than skill: Phase 1 compares a grid cell against a station-coordinate evaluation, Phase 2 an IPP cloud against a zenith estimate (Vision 6.6)."
2022-11-03T06:00:00Z,BSHM,32,35,"[32, 33)","[35, 36)",25.91395,48,5.753399999999999,300.0,0.557088,ff984e9f2e2a,True,P1A,GNSS_VTEC,GRIDDed_VTEC_1H,"The Phase 1 target is location-sampled gridded VTEC (Madrigal cell), never receiver-specific station-observed VTEC, and it carries its own distinct target_definition_id. The Phase 1 grid-cell target population is not the Phase 2 IPP target population: no numerical equivalence between the Phase 1 and Phase 2 targets is claimed, and Phase 2 is a fixed-protocol replication on a new target lineage, not a second statistically independent blind test (Vision 2.2, 6.6). Part of any measured IRI or GIM difference is a geometry and sampling artefact rather than skill: Phase 1 compares a grid cell against a station-coordinate evaluation, Phase 2 an IPP cloud against a zenith estimate (Vision 6.6)."
2022-11-03T07:00:00Z,BSHM,32,35,"[32, 33)","[35, 36)",33.6065,48,7.434700000000003,300.0,0.6513625000000001,ff984e9f2e2a,True,P1A,GNSS_VTEC,GRIDDed_VTEC_1H,"The Phase 1 target is location-sampled gridded VTEC (Madrigal cell), never receiver-specific station-observed VTEC, and it carries its own distinct target_definition_id. The Phase 1 grid-cell target population is not the Phase 2 IPP target population: no numerical equivalence between the Phase 1 and Phase 2 targets is claimed, and Phase 2 is a fixed-protocol replication on a new target lineage, not a second statistically independent blind test (Vision 2.2, 6.6). Part of any measured IRI or GIM difference is a geometry and sampling artefact rather than skill: Phase 1 compares a grid cell against a station-coordinate evaluation, Phase 2 an IPP cloud against a zenith estimate (Vision 6.6)."
2022-11-03T08:00:00Z,BSHM,32,35,"[32, 33)","[35, 36)",37.9253,36,2.095700000000001,300.0,0.582674,ff984e9f2e2a,True,P1A,GNSS_VTEC,GRIDDed_VTEC_1H,"The Phase 1 target is location-sampled gridded VTEC (Madrigal cell), never receiver-specific station-observed VTEC, and it carries its own distinct target_definition_id. The Phase 1 grid-cell target population is not the Phase 2 IPP target population: no numerical equivalence between the Phase 1 and Phase 2 targets is claimed, and Phase 2 is a fixed-protocol replication on a new target lineage, not a second statistically independent blind test (Vision 2.2, 6.6). Part of any measured IRI or GIM difference is a geometry and sampling artefact rather than skill: Phase 1 compares a grid cell against a station-coordinate evaluation, Phase 2 an IPP cloud against a zenith estimate (Vision 6.6)."
2022-11-03T09:00:00Z,BSHM,32,35,"[32, 33)","[35, 36)",39.1008,44,1.8659999999999997,300.0,0.651633,ff984e9f2e2a,True,P1A,GNSS_VTEC,GRIDDed_VTEC_1H,"The Phase 1 target is location-sampled gridded VTEC (Madrigal cell), never receiver-specific station-observed VTEC, and it carries its own distinct target_definition_id. The Phase 1 grid-cell target population is not the Phase 2 IPP target population: no numerical equivalence between the Phase 1 and Phase 2 targets is claimed, and Phase 2 is a fixed-protocol replication on a new target lineage, not a second statistically independent blind test (Vision 2.2, 6.6). Part of any measured IRI or GIM difference is a geometry and sampling artefact rather than skill: Phase 1 compares a grid cell against a station-coordinate evaluation, Phase 2 an IPP cloud against a zenith estimate (Vision 6.6)."
2022-11-03T10:00:00Z,BSHM,32,35,"[32, 33)","[35, 36)",42.6783,32,4.4026,1500.0,0.6516835000000001,ff984e9f2e2a,True,P1A,GNSS_VTEC,GRIDDed_VTEC_1H,"The Phase 1 target is location-sampled gridded VTEC (Madrigal cell), never receiver-specific station-observed VTEC, and it carries its own distinct target_definition_id. The Phase 1 grid-cell target population is not the Phase 2 IPP target population: no numerical equivalence between the Phase 1 and Phase 2 targets is claimed, and Phase 2 is a fixed-protocol replication on a new target lineage, not a second statistically independent blind test (Vision 2.2, 6.6). Part of any measured IRI or GIM difference is a geometry and sampling artefact rather than skill: Phase 1 compares a grid cell against a station-coordinate evaluation, Phase 2 an IPP cloud against a zenith estimate (Vision 6.6)."
2022-11-03T11:00:00Z,BSHM,32,35,"[32, 33)","[35, 36)",46.0917,44,1.8581000000000003,600.0,0.582917,ff984e9f2e2a,True,P1A,GNSS_VTEC,GRIDDed_VTEC_1H,"The Phase 1 target is location-sampled gridded VTEC (Madrigal cell), never receiver-specific station-observed VTEC, and it carries its own distinct target_definition_id. The Phase 1 grid-cell target population is not the Phase 2 IPP target population: no numerical equivalence between the Phase 1 and Phase 2 targets is claimed, and Phase 2 is a fixed-protocol replication on a new target lineage, not a second statistically independent blind test (Vision 2.2, 6.6). Part of any measured IRI or GIM difference is a geometry and sampling artefact rather than skill: Phase 1 compares a grid cell against a station-coordinate evaluation, Phase 2 an IPP cloud against a zenith estimate (Vision 6.6)."
2022-11-03T12:00:00Z,BSHM,32,35,"[32, 33)","[35, 36)",43.8006,48,2.429700000000004,300.0,0.492422,ff984e9f2e2a,True,P1A,GNSS_VTEC,GRIDDed_VTEC_1H,"The Phase 1 target is location-sampled gridded VTEC (Madrigal cell), never receiver-specific station-observed VTEC, and it carries its own distinct target_definition_id. The Phase 1 grid-cell target population is not the Phase 2 IPP target population: no numerical equivalence between the Phase 1 and Phase 2 targets is claimed, and Phase 2 is a fixed-protocol replication on a new target lineage, not a second statistically independent blind test (Vision 2.2, 6.6). Part of any measured IRI or GIM difference is a geometry and sampling artefact rather than skill: Phase 1 compares a grid cell against a station-coordinate evaluation, Phase 2 an IPP cloud against a zenith estimate (Vision 6.6)."
2022-11-03T13:00:00Z,BSHM,32,35,"[32, 33)","[35, 36)",41.122,48,8.094399999999993,300.0,0.53583,ff984e9f2e2a,True,P1A,GNSS_VTEC,GRIDDed_VTEC_1H,"The Phase 1 target is location-sampled gridded VTEC (Madrigal cell), never receiver-specific station-observed VTEC, and it carries its own distinct target_definition_id. The Phase 1 grid-cell target population is not the Phase 2 IPP target population: no numerical equivalence between the Phase 1 and Phase 2 targets is claimed, and Phase 2 is a fixed-protocol replication on a new target lineage, not a second statistically independent blind test (Vision 2.2, 6.6). Part of any measured IRI or GIM difference is a geometry and sampling artefact rather than skill: Phase 1 compares a grid cell against a station-coordinate evaluation, Phase 2 an IPP cloud against a zenith estimate (Vision 6.6)."
2022-11-03T14:00:00Z,BSHM,32,35,"[32, 33)","[35, 36)",27.754550000000002,48,11.036400000000004,300.0,0.46070049999999996,ff984e9f2e2a,False,P1A,GNSS_VTEC,GRIDDed_VTEC_1H,"The Phase 1 target is location-sampled gridded VTEC (Madrigal cell), never receiver-specific station-observed VTEC, and it carries its own distinct target_definition_id. The Phase 1 grid-cell target population is not the Phase 2 IPP target population: no numerical equivalence between the Phase 1 and Phase 2 targets is claimed, and Phase 2 is a fixed-protocol replication on a new target lineage, not a second statistically independent blind test (Vision 2.2, 6.6). Part of any measured IRI or GIM difference is a geometry and sampling artefact rather than skill: Phase 1 compares a grid cell against a station-coordinate evaluation, Phase 2 an IPP cloud against a zenith estimate (Vision 6.6)."
2022-11-03T15:00:00Z,BSHM,32,35,"[32, 33)","[35, 36)",18.3521,32,5.879000000000001,1500.0,0.9218219999999999,ff984e9f2e2a,True,P1A,GNSS_VTEC,GRIDDed_VTEC_1H,"The Phase 1 target is location-sampled gridded VTEC (Madrigal cell), never receiver-specific station-observed VTEC, and it carries its own distinct target_definition_id. The Phase 1 grid-cell target population is not the Phase 2 IPP target population: no numerical equivalence between the Phase 1 and Phase 2 targets is claimed, and Phase 2 is a fixed-protocol replication on a new target lineage, not a second statistically independent blind test (Vision 2.2, 6.6). Part of any measured IRI or GIM difference is a geometry and sampling artefact rather than skill: Phase 1 compares a grid cell against a station-coordinate evaluation, Phase 2 an IPP cloud against a zenith estimate (Vision 6.6)."
2022-11-03T16:00:00Z,BSHM,32,35,"[32, 33)","[35, 36)",12.4702,48,5.91883,300.0,0.8375935000000001,ff984e9f2e2a,True,P1A,GNSS_VTEC,GRIDDed_VTEC_1H,"The Phase 1 target is location-sampled gridded VTEC (Madrigal cell), never receiver-specific station-observed VTEC, and it carries its own distinct target_definition_id. The Phase 1 grid-cell target population is not the Phase 2 IPP target population: no numerical equivalence between the Phase 1 and Phase 2 targets is claimed, and Phase 2 is a fixed-protocol replication on a new target lineage, not a second statistically independent blind test (Vision 2.2, 6.6). Part of any measured IRI or GIM difference is a geometry and sampling artefact rather than skill: Phase 1 compares a grid cell against a station-coordinate evaluation, Phase 2 an IPP cloud against a zenith estimate (Vision 6.6)."
2022-11-03T17:00:00Z,BSHM,32,35,"[32, 33)","[35, 36)",9.72859,20,0.8897200000000005,900.0,1.30268,ff984e9f2e2a,True,P1A,GNSS_VTEC,GRIDDed_VTEC_1H,"The Phase 1 target is location-sampled gridded VTEC (Madrigal cell), never receiver-specific station-observed VTEC, and it carries its own distinct target_definition_id. The Phase 1 grid-cell target population is not the Phase 2 IPP target population: no numerical equivalence between the Phase 1 and Phase 2 targets is claimed, and Phase 2 is a fixed-protocol replication on a new target lineage, not a second statistically independent blind test (Vision 2.2, 6.6). Part of any measured IRI or GIM difference is a geometry and sampling artefact rather than skill: Phase 1 compares a grid cell against a station-coordinate evaluation, Phase 2 an IPP cloud against a zenith estimate (Vision 6.6)."
2022-11-03T18:00:00Z,BSHM,32,35,"[32, 33)","[35, 36)",9.498465,40,0.6234900000000003,300.0,0.5846454999999999,ff984e9f2e2a,True,P1A,GNSS_VTEC,GRIDDed_VTEC_1H,"The Phase 1 target is location-sampled gridded VTEC (Madrigal cell), never receiver-specific station-observed VTEC, and it carries its own distinct target_definition_id. The Phase 1 grid-cell target population is not the Phase 2 IPP target population: no numerical equivalence between the Phase 1 and Phase 2 targets is claimed, and Phase 2 is a fixed-protocol replication on a new target lineage, not a second statistically independent blind test (Vision 2.2, 6.6). Part of any measured IRI or GIM difference is a geometry and sampling artefact rather than skill: Phase 1 compares a grid cell against a station-coordinate evaluation, Phase 2 an IPP cloud against a zenith estimate (Vision 6.6)."
2022-11-03T19:00:00Z,BSHM,32,35,"[32, 33)","[35, 36)",9.87736,48,1.9709699999999994,300.0,0.6183989999999999,ff984e9f2e2a,True,P1A,GNSS_VTEC,GRIDDed_VTEC_1H,"The Phase 1 target is location-sampled gridded VTEC (Madrigal cell), never receiver-specific station-observed VTEC, and it carries its own distinct target_definition_id. The Phase 1 grid-cell target population is not the Phase 2 IPP target population: no numerical equivalence between the Phase 1 and Phase 2 targets is claimed, and Phase 2 is a fixed-protocol replication on a new target lineage, not a second statistically independent blind test (Vision 2.2, 6.6). Part of any measured IRI or GIM difference is a geometry and sampling artefact rather than skill: Phase 1 compares a grid cell against a station-coordinate evaluation, Phase 2 an IPP cloud against a zenith estimate (Vision 6.6)."
2022-11-03T20:00:00Z,BSHM,32,35,"[32, 33)","[35, 36)",8.741025,48,0.6637399999999989,300.0,0.411917,ff984e9f2e2a,True,P1A,GNSS_VTEC,GRIDDed_VTEC_1H,"The Phase 1 target is location-sampled gridded VTEC (Madrigal cell), never receiver-specific station-observed VTEC, and it carries its own distinct target_definition_id. The Phase 1 grid-cell target population is not the Phase 2 IPP target population: no numerical equivalence between the Phase 1 and Phase 2 targets is claimed, and Phase 2 is a fixed-protocol replication on a new target lineage, not a second statistically independent blind test (Vision 2.2, 6.6). Part of any measured IRI or GIM difference is a geometry and sampling artefact rather than skill: Phase 1 compares a grid cell against a station-coordinate evaluation, Phase 2 an IPP cloud against a zenith estimate (Vision 6.6)."
2022-11-03T21:00:00Z,BSHM,32,35,"[32, 33)","[35, 36)",9.327435000000001,48,1.0298099999999994,300.0,0.3925205,ff984e9f2e2a,True,P1A,GNSS_VTEC,GRIDDed_VTEC_1H,"The Phase 1 target is location-sampled gridded VTEC (Madrigal cell), never receiver-specific station-observed VTEC, and it carries its own distinct target_definition_id. The Phase 1 grid-cell target population is not the Phase 2 IPP target population: no numerical equivalence between the Phase 1 and Phase 2 targets is claimed, and Phase 2 is a fixed-protocol replication on a new target lineage, not a second statistically independent blind test (Vision 2.2, 6.6). Part of any measured IRI or GIM difference is a geometry and sampling artefact rather than skill: Phase 1 compares a grid cell against a station-coordinate evaluation, Phase 2 an IPP cloud against a zenith estimate (Vision 6.6)."
2022-11-03T22:00:00Z,BSHM,32,35,"[32, 33)","[35, 36)",7.673995,48,2.8193900000000003,300.0,0.460312,ff984e9f2e2a,True,P1A,GNSS_VTEC,GRIDDed_VTEC_1H,"The Phase 1 target is location-sampled gridded VTEC (Madrigal cell), never receiver-specific station-observed VTEC, and it carries its own distinct target_definition_id. The Phase 1 grid-cell target population is not the Phase 2 IPP target population: no numerical equivalence between the Phase 1 and Phase 2 targets is claimed, and Phase 2 is a fixed-protocol replication on a new target lineage, not a second statistically independent blind test (Vision 2.2, 6.6). Part of any measured IRI or GIM difference is a geometry and sampling artefact rather than skill: Phase 1 compares a grid cell against a station-coordinate evaluation, Phase 2 an IPP cloud against a zenith estimate (Vision 6.6)."
2022-11-03T23:00:00Z,BSHM,32,35,"[32, 33)","[35, 36)",6.0117,20,1.0671400000000002,300.0,0.651714,ff984e9f2e2a,True,P1A,GNSS_VTEC,GRIDDed_VTEC_1H,"The Phase 1 target is location-sampled gridded VTEC (Madrigal cell), never receiver-specific station-observed VTEC, and it carries its own distinct target_definition_id. The Phase 1 grid-cell target population is not the Phase 2 IPP target population: no numerical equivalence between the Phase 1 and Phase 2 targets is claimed, and Phase 2 is a fixed-protocol replication on a new target lineage, not a second statistically independent blind test (Vision 2.2, 6.6). Part of any measured IRI or GIM difference is a geometry and sampling artefact rather than skill: Phase 1 compares a grid cell against a station-coordinate evaluation, Phase 2 an IPP cloud against a zenith estimate (Vision 6.6)."
2022-11-04T00:00:00Z,BSHM,32,35,"[32, 33)","[35, 36)",6.25839,44,0.6356399999999995,300.0,0.582933,ff984e9f2e2a,True,P1A,GNSS_VTEC,GRIDDed_VTEC_1H,"The Phase 1 target is location-sampled gridded VTEC (Madrigal cell), never receiver-specific station-observed VTEC, and it carries its own distinct target_definition_id. The Phase 1 grid-cell target population is not the Phase 2 IPP target population: no numerical equivalence between the Phase 1 and Phase 2 targets is claimed, and Phase 2 is a fixed-protocol replication on a new target lineage, not a second statistically independent blind test (Vision 2.2, 6.6). Part of any measured IRI or GIM difference is a geometry and sampling artefact rather than skill: Phase 1 compares a grid cell against a station-coordinate evaluation, Phase 2 an IPP cloud against a zenith estimate (Vision 6.6)."
2022-11-04T01:00:00Z,BSHM,32,35,"[32, 33)","[35, 36)",6.700615,48,0.6784600000000003,300.0,0.4923725,ff984e9f2e2a,True,P1A,GNSS_VTEC,GRIDDed_VTEC_1H,"The Phase 1 target is location-sampled gridded VTEC (Madrigal cell), never receiver-specific station-observed VTEC, and it carries its own distinct target_definition_id. The Phase 1 grid-cell target population is not the Phase 2 IPP target population: no numerical equivalence between the Phase 1 and Phase 2 targets is claimed, and Phase 2 is a fixed-protocol replication on a new target lineage, not a second statistically independent blind test (Vision 2.2, 6.6). Part of any measured IRI or GIM difference is a geometry and sampling artefact rather than skill: Phase 1 compares a grid cell against a station-coordinate evaluation, Phase 2 an IPP cloud against a zenith estimate (Vision 6.6)."
2022-11-04T02:00:00Z,BSHM,32,35,"[32, 33)","[35, 36)",5.73837,48,1.3726099999999999,300.0,0.531624,ff984e9f2e2a,True,P1A,GNSS_VTEC,GRIDDed_VTEC_1H,"The Phase 1 target is location-sampled gridded VTEC (Madrigal cell), never receiver-specific station-observed VTEC, and it carries its own distinct target_definition_id. The Phase 1 grid-cell target population is not the Phase 2 IPP target population: no numerical equivalence between the Phase 1 and Phase 2 targets is claimed, and Phase 2 is a fixed-protocol replication on a new target lineage, not a second statistically independent blind test (Vision 2.2, 6.6). Part of any measured IRI or GIM difference is a geometry and sampling artefact rather than skill: Phase 1 compares a grid cell against a station-coordinate evaluation, Phase 2 an IPP cloud against a zenith estimate (Vision 6.6)."
2022-11-04T03:00:00Z,BSHM,32,35,"[32, 33)","[35, 36)",6.73956,48,5.5790500000000005,300.0,0.492383,ff984e9f2e2a,True,P1A,GNSS_VTEC,GRIDDed_VTEC_1H,"The Phase 1 target is location-sampled gridded VTEC (Madrigal cell), never receiver-specific station-observed VTEC, and it carries its own distinct target_definition_id. The Phase 1 grid-cell target population is not the Phase 2 IPP target population: no numerical equivalence between the Phase 1 and Phase 2 targets is claimed, and Phase 2 is a fixed-protocol replication on a new target lineage, not a second statistically independent blind test (Vision 2.2, 6.6). Part of any measured IRI or GIM difference is a geometry and sampling artefact rather than skill: Phase 1 compares a grid cell against a station-coordinate evaluation, Phase 2 an IPP cloud against a zenith estimate (Vision 6.6)."
2022-11-04T04:00:00Z,BSHM,32,35,"[32, 33)","[35, 36)",14.4077,48,8.624900000000002,300.0,0.46127450000000003,ff984e9f2e2a,True,P1A,GNSS_VTEC,GRIDDed_VTEC_1H,"The Phase 1 target is location-sampled gridded VTEC (Madrigal cell), never receiver-specific station-observed VTEC, and it carries its own distinct target_definition_id. The Phase 1 grid-cell target population is not the Phase 2 IPP target population: no numerical equivalence between the Phase 1 and Phase 2 targets is claimed, and Phase 2 is a fixed-protocol replication on a new target lineage, not a second statistically independent blind test (Vision 2.2, 6.6). Part of any measured IRI or GIM difference is a geometry and sampling artefact rather than skill: Phase 1 compares a grid cell against a station-coordinate evaluation, Phase 2 an IPP cloud against a zenith estimate (Vision 6.6)."
2022-11-04T05:00:00Z,BSHM,32,35,"[32, 33)","[35, 36)",22.28725,48,4.971100000000003,300.0,0.7539125,ff984e9f2e2a,True,P1A,GNSS_VTEC,GRIDDed_VTEC_1H,"The Phase 1 target is location-sampled gridded VTEC (Madrigal cell), never receiver-specific station-observed VTEC, and it carries its own distinct target_definition_id. The Phase 1 grid-cell target population is not the Phase 2 IPP target population: no numerical equivalence between the Phase 1 and Phase 2 targets is claimed, and Phase 2 is a fixed-protocol replication on a new target lineage, not a second statistically independent blind test (Vision 2.2, 6.6). Part of any measured IRI or GIM difference is a geometry and sampling artefact rather than skill: Phase 1 compares a grid cell against a station-coordinate evaluation, Phase 2 an IPP cloud against a zenith estimate (Vision 6.6)."
2022-11-04T06:00:00Z,BSHM,32,35,"[32, 33)","[35, 36)",30.1047,48,7.831200000000003,300.0,0.5573175,ff984e9f2e2a,True,P1A,GNSS_VTEC,GRIDDed_VTEC_1H,"The Phase 1 target is location-sampled gridded VTEC (Madrigal cell), never receiver-specific station-observed VTEC, and it carries its own distinct target_definition_id. The Phase 1 grid-cell target population is not the Phase 2 IPP target population: no numerical equivalence between the Phase 1 and Phase 2 targets is claimed, and Phase 2 is a fixed-protocol replication on a new target lineage, not a second statistically independent blind test (Vision 2.2, 6.6). Part of any measured IRI or GIM difference is a geometry and sampling artefact rather than skill: Phase 1 compares a grid cell against a station-coordinate evaluation, Phase 2 an IPP cloud against a zenith estimate (Vision 6.6)."
2022-11-04T07:00:00Z,BSHM,32,35,"[32, 33)","[35, 36)",35.600899999999996,48,4.208599999999997,300.0,0.7022349999999999,ff984e9f2e2a,True,P1A,GNSS_VTEC,GRIDDed_VTEC_1H,"The Phase 1 target is location-sampled gridded VTEC (Madrigal cell), never receiver-specific station-observed VTEC, and it carries its own distinct target_definition_id. The Phase 1 grid-cell target population is not the Phase 2 IPP target population: no numerical equivalence between the Phase 1 and Phase 2 targets is claimed, and Phase 2 is a fixed-protocol replication on a new target lineage, not a second statistically independent blind test (Vision 2.2, 6.6). Part of any measured IRI or GIM difference is a geometry and sampling artefact rather than skill: Phase 1 compares a grid cell against a station-coordinate evaluation, Phase 2 an IPP cloud against a zenith estimate (Vision 6.6)."
2022-11-04T08:00:00Z,BSHM,32,35,"[32, 33)","[35, 36)",35.79485,48,3.555399999999999,300.0,0.5831175,ff984e9f2e2a,True,P1A,GNSS_VTEC,GRIDDed_VTEC_1H,"The Phase 1 target is location-sampled gridded VTEC (Madrigal cell), never receiver-specific station-observed VTEC, and it carries its own distinct target_definition_id. The Phase 1 grid-cell target population is not the Phase 2 IPP target population: no numerical equivalence between the Phase 1 and Phase 2 targets is claimed, and Phase 2 is a fixed-protocol replication on a new target lineage, not a second statistically independent blind test (Vision 2.2, 6.6). Part of any measured IRI or GIM difference is a geometry and sampling artefact rather than skill: Phase 1 compares a grid cell against a station-coordinate evaluation, Phase 2 an IPP cloud against a zenith estimate (Vision 6.6)."
2022-11-04T09:00:00Z,BSHM,32,35,"[32, 33)","[35, 36)",33.4344,48,1.0260999999999996,300.0,0.7028004999999999,ff984e9f2e2a,True,P1A,GNSS_VTEC,GRIDDed_VTEC_1H,"The Phase 1 target is location-sampled gridded VTEC (Madrigal cell), never receiver-specific station-observed VTEC, and it carries its own distinct target_definition_id. The Phase 1 grid-cell target population is not the Phase 2 IPP target population: no numerical equivalence between the Phase 1 and Phase 2 targets is claimed, and Phase 2 is a fixed-protocol replication on a new target lineage, not a second statistically independent blind test (Vision 2.2, 6.6). Part of any measured IRI or GIM difference is a geometry and sampling artefact rather than skill: Phase 1 compares a grid cell against a station-coordinate evaluation, Phase 2 an IPP cloud against a zenith estimate (Vision 6.6)."
2022-11-04T10:00:00Z,BSHM,32,35,"[32, 33)","[35, 36)",38.21465,40,7.548800000000007,900.0,0.5922385,ff984e9f2e2a,True,P1A,GNSS_VTEC,GRIDDed_VTEC_1H,"The Phase 1 target is location-sampled gridded VTEC (Madrigal cell), never receiver-specific station-observed VTEC, and it carries its own distinct target_definition_id. The Phase 1 grid-cell target population is not the Phase 2 IPP target population: no numerical equivalence between the Phase 1 and Phase 2 targets is claimed, and Phase 2 is a fixed-protocol replication on a new target lineage, not a second statistically independent blind test (Vision 2.2, 6.6). Part of any measured IRI or GIM difference is a geometry and sampling artefact rather than skill: Phase 1 compares a grid cell against a station-coordinate evaluation, Phase 2 an IPP cloud against a zenith estimate (Vision 6.6)."
2022-11-04T11:00:00Z,BSHM,32,35,"[32, 33)","[35, 36)",42.400850000000005,48,3.1843000000000004,300.0,0.492622,ff984e9f2e2a,True,P1A,GNSS_VTEC,GRIDDed_VTEC_1H,"The Phase 1 target is location-sampled gridded VTEC (Madrigal cell), never receiver-specific station-observed VTEC, and it carries its own distinct target_definition_id. The Phase 1 grid-cell target population is not the Phase 2 IPP target population: no numerical equivalence between the Phase 1 and Phase 2 targets is claimed, and Phase 2 is a fixed-protocol replication on a new target lineage, not a second statistically independent blind test (Vision 2.2, 6.6). Part of any measured IRI or GIM difference is a geometry and sampling artefact rather than skill: Phase 1 compares a grid cell against a station-coordinate evaluation, Phase 2 an IPP cloud against a zenith estimate (Vision 6.6)."
2022-11-04T12:00:00Z,BSHM,32,35,"[32, 33)","[35, 36)",38.9997,48,5.5623000000000005,300.0,0.4230175,ff984e9f2e2a,True,P1A,GNSS_VTEC,GRIDDed_VTEC_1H,"The Phase 1 target is location-sampled gridded VTEC (Madrigal cell), never receiver-specific station-observed VTEC, and it carries its own distinct target_definition_id. The Phase 1 grid-cell target population is not the Phase 2 IPP target population: no numerical equivalence between the Phase 1 and Phase 2 targets is claimed, and Phase 2 is a fixed-protocol replication on a new target lineage, not a second statistically independent blind test (Vision 2.2, 6.6). Part of any measured IRI or GIM difference is a geometry and sampling artefact rather than skill: Phase 1 compares a grid cell against a station-coordinate evaluation, Phase 2 an IPP cloud against a zenith estimate (Vision 6.6)."
2022-11-04T13:00:00Z,BSHM,32,35,"[32, 33)","[35, 36)",32.31985,48,9.248799999999996,300.0,0.49642749999999997,ff984e9f2e2a,True,P1A,GNSS_VTEC,GRIDDed_VTEC_1H,"The Phase 1 target is location-sampled gridded VTEC (Madrigal cell), never receiver-specific station-observed VTEC, and it carries its own distinct target_definition_id. The Phase 1 grid-cell target population is not the Phase 2 IPP target population: no numerical equivalence between the Phase 1 and Phase 2 targets is claimed, and Phase 2 is a fixed-protocol replication on a new target lineage, not a second statistically independent blind test (Vision 2.2, 6.6). Part of any measured IRI or GIM difference is a geometry and sampling artefact rather than skill: Phase 1 compares a grid cell against a station-coordinate evaluation, Phase 2 an IPP cloud against a zenith estimate (Vision 6.6)."
2022-11-04T14:00:00Z,BSHM,32,35,"[32, 33)","[35, 36)",23.71755,48,9.4846,300.0,0.46084,ff984e9f2e2a,True,P1A,GNSS_VTEC,GRIDDed_VTEC_1H,"The Phase 1 target is location-sampled gridded VTEC (Madrigal cell), never receiver-specific station-observed VTEC, and it carries its own distinct target_definition_id. The Phase 1 grid-cell target population is not the Phase 2 IPP target population: no numerical equivalence between the Phase 1 and Phase 2 targets is claimed, and Phase 2 is a fixed-protocol replication on a new target lineage, not a second statistically independent blind test (Vision 2.2, 6.6). Part of any measured IRI or GIM difference is a geometry and sampling artefact rather than skill: Phase 1 compares a grid cell against a station-coordinate evaluation, Phase 2 an IPP cloud against a zenith estimate (Vision 6.6)."
2022-11-04T15:00:00Z,BSHM,32,35,"[32, 33)","[35, 36)",15.5465,28,6.488399999999999,1800.0,0.752853,ff984e9f2e2a,True,P1A,GNSS_VTEC,GRIDDed_VTEC_1H,"The Phase 1 target is location-sampled gridded VTEC (Madrigal cell), never receiver-specific station-observed VTEC, and it carries its own distinct target_definition_id. The Phase 1 grid-cell target population is not the Phase 2 IPP target population: no numerical equivalence between the Phase 1 and Phase 2 targets is claimed, and Phase 2 is a fixed-protocol replication on a new target lineage, not a second statistically independent blind test (Vision 2.2, 6.6). Part of any measured IRI or GIM difference is a geometry and sampling artefact rather than skill: Phase 1 compares a grid cell against a station-coordinate evaluation, Phase 2 an IPP cloud against a zenith estimate (Vision 6.6)."
2022-11-04T16:00:00Z,BSHM,32,35,"[32, 33)","[35, 36)",9.920185,40,2.2017799999999994,300.0,0.754819,ff984e9f2e2a,True,P1A,GNSS_VTEC,GRIDDed_VTEC_1H,"The Phase 1 target is location-sampled gridded VTEC (Madrigal cell), never receiver-specific station-observed VTEC, and it carries its own distinct target_definition_id. The Phase 1 grid-cell target population is not the Phase 2 IPP target population: no numerical equivalence between the Phase 1 and Phase 2 targets is claimed, and Phase 2 is a fixed-protocol replication on a new target lineage, not a second statistically independent blind test (Vision 2.2, 6.6). Part of any measured IRI or GIM difference is a geometry and sampling artefact rather than skill: Phase 1 compares a grid cell against a station-coordinate evaluation, Phase 2 an IPP cloud against a zenith estimate (Vision 6.6)."
2022-11-04T17:00:00Z,BSHM,32,35,"[32, 33)","[35, 36)",8.91559,28,0.9467400000000001,600.0,0.928752,ff984e9f2e2a,True,P1A,GNSS_VTEC,GRIDDed_VTEC_1H,"The Phase 1 target is location-sampled gridded VTEC (Madrigal cell), never receiver-specific station-observed VTEC, and it carries its own distinct target_definition_id. The Phase 1 grid-cell target population is not the Phase 2 IPP target population: no numerical equivalence between the Phase 1 and Phase 2 targets is claimed, and Phase 2 is a fixed-protocol replication on a new target lineage, not a second statistically independent blind test (Vision 2.2, 6.6). Part of any measured IRI or GIM difference is a geometry and sampling artefact rather than skill: Phase 1 compares a grid cell against a station-coordinate evaluation, Phase 2 an IPP cloud against a zenith estimate (Vision 6.6)."
2022-11-04T18:00:00Z,BSHM,32,35,"[32, 33)","[35, 36)",6.91337,36,0.74282,300.0,0.495545,ff984e9f2e2a,True,P1A,GNSS_VTEC,GRIDDed_VTEC_1H,"The Phase 1 target is location-sampled gridded VTEC (Madrigal cell), never receiver-specific station-observed VTEC, and it carries its own distinct target_definition_id. The Phase 1 grid-cell target population is not the Phase 2 IPP target population: no numerical equivalence between the Phase 1 and Phase 2 targets is claimed, and Phase 2 is a fixed-protocol replication on a new target lineage, not a second statistically independent blind test (Vision 2.2, 6.6). Part of any measured IRI or GIM difference is a geometry and sampling artefact rather than skill: Phase 1 compares a grid cell against a station-coordinate evaluation, Phase 2 an IPP cloud against a zenith estimate (Vision 6.6)."
2022-11-04T19:00:00Z,BSHM,32,35,"[32, 33)","[35, 36)",6.58901,48,0.4673999999999996,300.0,0.582927,ff984e9f2e2a,True,P1A,GNSS_VTEC,GRIDDed_VTEC_1H,"The Phase 1 target is location-sampled gridded VTEC (Madrigal cell), never receiver-specific station-observed VTEC, and it carries its own distinct target_definition_id. The Phase 1 grid-cell target population is not the Phase 2 IPP target population: no numerical equivalence between the Phase 1 and Phase 2 targets is claimed, and Phase 2 is a fixed-protocol replication on a new target lineage, not a second statistically independent blind test (Vision 2.2, 6.6). Part of any measured IRI or GIM difference is a geometry and sampling artefact rather than skill: Phase 1 compares a grid cell against a station-coordinate evaluation, Phase 2 an IPP cloud against a zenith estimate (Vision 6.6)."
2022-11-04T20:00:00Z,BSHM,32,35,"[32, 33)","[35, 36)",6.641845,48,0.2650899999999998,300.0,0.3927835,ff984e9f2e2a,True,P1A,GNSS_VTEC,GRIDDed_VTEC_1H,"The Phase 1 target is location-sampled gridded VTEC (Madrigal cell), never receiver-specific station-observed VTEC, and it carries its own distinct target_definition_id. The Phase 1 grid-cell target population is not the Phase 2 IPP target population: no numerical equivalence between the Phase 1 and Phase 2 targets is claimed, and Phase 2 is a fixed-protocol replication on a new target lineage, not a second statistically independent blind test (Vision 2.2, 6.6). Part of any measured IRI or GIM difference is a geometry and sampling artefact rather than skill: Phase 1 compares a grid cell against a station-coordinate evaluation, Phase 2 an IPP cloud against a zenith estimate (Vision 6.6)."
2022-11-04T21:00:00Z,BSHM,32,35,"[32, 33)","[35, 36)",7.442864999999999,48,0.91615,300.0,0.3761675,ff984e9f2e2a,True,P1A,GNSS_VTEC,GRIDDed_VTEC_1H,"The Phase 1 target is location-sampled gridded VTEC (Madrigal cell), never receiver-specific station-observed VTEC, and it carries its own distinct target_definition_id. The Phase 1 grid-cell target population is not the Phase 2 IPP target population: no numerical equivalence between the Phase 1 and Phase 2 targets is claimed, and Phase 2 is a fixed-protocol replication on a new target lineage, not a second statistically independent blind test (Vision 2.2, 6.6). Part of any measured IRI or GIM difference is a geometry and sampling artefact rather than skill: Phase 1 compares a grid cell against a station-coordinate evaluation, Phase 2 an IPP cloud against a zenith estimate (Vision 6.6)."
2022-11-04T22:00:00Z,BSHM,32,35,"[32, 33)","[35, 36)",7.12726,48,1.4313700000000003,300.0,0.4609985,ff984e9f2e2a,True,P1A,GNSS_VTEC,GRIDDed_VTEC_1H,"The Phase 1 target is location-sampled gridded VTEC (Madrigal cell), never receiver-specific station-observed VTEC, and it carries its own distinct target_definition_id. The Phase 1 grid-cell target population is not the Phase 2 IPP target population: no numerical equivalence between the Phase 1 and Phase 2 targets is claimed, and Phase 2 is a fixed-protocol replication on a new target lineage, not a second statistically independent blind test (Vision 2.2, 6.6). Part of any measured IRI or GIM difference is a geometry and sampling artefact rather than skill: Phase 1 compares a grid cell against a station-coordinate evaluation, Phase 2 an IPP cloud against a zenith estimate (Vision 6.6)."
2022-11-04T23:00:00Z,BSHM,32,35,"[32, 33)","[35, 36)",6.299775,16,0.43891999999999953,300.0,0.6675884999999999,ff984e9f2e2a,True,P1A,GNSS_VTEC,GRIDDed_VTEC_1H,"The Phase 1 target is location-sampled gridded VTEC (Madrigal cell), never receiver-specific station-observed VTEC, and it carries its own distinct target_definition_id. The Phase 1 grid-cell target population is not the Phase 2 IPP target population: no numerical equivalence between the Phase 1 and Phase 2 targets is claimed, and Phase 2 is a fixed-protocol replication on a new target lineage, not a second statistically independent blind test (Vision 2.2, 6.6). Part of any measured IRI or GIM difference is a geometry and sampling artefact rather than skill: Phase 1 compares a grid cell against a station-coordinate evaluation, Phase 2 an IPP cloud against a zenith estimate (Vision 6.6)."
2022-11-05T00:00:00Z,BSHM,32,35,"[32, 33)","[35, 36)",6.161815000000001,48,1.6006500000000008,300.0,0.6523654999999999,ff984e9f2e2a,True,P1A,GNSS_VTEC,GRIDDed_VTEC_1H,"The Phase 1 target is location-sampled gridded VTEC (Madrigal cell), never receiver-specific station-observed VTEC, and it carries its own distinct target_definition_id. The Phase 1 grid-cell target population is not the Phase 2 IPP target population: no numerical equivalence between the Phase 1 and Phase 2 targets is claimed, and Phase 2 is a fixed-protocol replication on a new target lineage, not a second statistically independent blind test (Vision 2.2, 6.6). Part of any measured IRI or GIM difference is a geometry and sampling artefact rather than skill: Phase 1 compares a grid cell against a station-coordinate evaluation, Phase 2 an IPP cloud against a zenith estimate (Vision 6.6)."
2022-11-05T01:00:00Z,BSHM,32,35,"[32, 33)","[35, 36)",5.69876,48,0.5323200000000003,300.0,0.5317445000000001,ff984e9f2e2a,True,P1A,GNSS_VTEC,GRIDDed_VTEC_1H,"The Phase 1 target is location-sampled gridded VTEC (Madrigal cell), never receiver-specific station-observed VTEC, and it carries its own distinct target_definition_id. The Phase 1 grid-cell target population is not the Phase 2 IPP target population: no numerical equivalence between the Phase 1 and Phase 2 targets is claimed, and Phase 2 is a fixed-protocol replication on a new target lineage, not a second statistically independent blind test (Vision 2.2, 6.6). Part of any measured IRI or GIM difference is a geometry and sampling artefact rather than skill: Phase 1 compares a grid cell against a station-coordinate evaluation, Phase 2 an IPP cloud against a zenith estimate (Vision 6.6)."
2022-11-05T02:00:00Z,BSHM,32,35,"[32, 33)","[35, 36)",5.12208,48,0.3521900000000002,300.0,0.46139399999999997,ff984e9f2e2a,True,P1A,GNSS_VTEC,GRIDDed_VTEC_1H,"The Phase 1 target is location-sampled gridded VTEC (Madrigal cell), never receiver-specific station-observed VTEC, and it carries its own distinct target_definition_id. The Phase 1 grid-cell target population is not the Phase 2 IPP target population: no numerical equivalence between the Phase 1 and Phase 2 targets is claimed, and Phase 2 is a fixed-protocol replication on a new target lineage, not a second statistically independent blind test (Vision 2.2, 6.6). Part of any measured IRI or GIM difference is a geometry and sampling artefact rather than skill: Phase 1 compares a grid cell against a station-coordinate evaluation, Phase 2 an IPP cloud against a zenith estimate (Vision 6.6)."
2022-11-05T03:00:00Z,BSHM,32,35,"[32, 33)","[35, 36)",5.982755,48,3.680690000000001,300.0,0.651081,ff984e9f2e2a,True,P1A,GNSS_VTEC,GRIDDed_VTEC_1H,"The Phase 1 target is location-sampled gridded VTEC (Madrigal cell), never receiver-specific station-observed VTEC, and it carries its own distinct target_definition_id. The Phase 1 grid-cell target population is not the Phase 2 IPP target population: no numerical equivalence between the Phase 1 and Phase 2 targets is claimed, and Phase 2 is a fixed-protocol replication on a new target lineage, not a second statistically independent blind test (Vision 2.2, 6.6). Part of any measured IRI or GIM difference is a geometry and sampling artefact rather than skill: Phase 1 compares a grid cell against a station-coordinate evaluation, Phase 2 an IPP cloud against a zenith estimate (Vision 6.6)."
2022-11-05T04:00:00Z,BSHM,32,35,"[32, 33)","[35, 36)",14.83595,40,7.586399999999999,300.0,0.5922915,ff984e9f2e2a,True,P1A,GNSS_VTEC,GRIDDed_VTEC_1H,"The Phase 1 target is location-sampled gridded VTEC (Madrigal cell), never receiver-specific station-observed VTEC, and it carries its own distinct target_definition_id. The Phase 1 grid-cell target population is not the Phase 2 IPP target population: no numerical equivalence between the Phase 1 and Phase 2 targets is claimed, and Phase 2 is a fixed-protocol replication on a new target lineage, not a second statistically independent blind test (Vision 2.2, 6.6). Part of any measured IRI or GIM difference is a geometry and sampling artefact rather than skill: Phase 1 compares a grid cell against a station-coordinate evaluation, Phase 2 an IPP cloud against a zenith estimate (Vision 6.6)."
2022-11-05T05:00:00Z,BSHM,32,35,"[32, 33)","[35, 36)",22.137700000000002,48,5.1936,300.0,0.6515770000000001,ff984e9f2e2a,True,P1A,GNSS_VTEC,GRIDDed_VTEC_1H,"The Phase 1 target is location-sampled gridded VTEC (Madrigal cell), never receiver-specific station-observed VTEC, and it carries its own distinct target_definition_id. The Phase 1 grid-cell target population is not the Phase 2 IPP target population: no numerical equivalence between the Phase 1 and Phase 2 targets is claimed, and Phase 2 is a fixed-protocol replication on a new target lineage, not a second statistically independent blind test (Vision 2.2, 6.6). Part of any measured IRI or GIM difference is a geometry and sampling artefact rather than skill: Phase 1 compares a grid cell against a station-coordinate evaluation, Phase 2 an IPP cloud against a zenith estimate (Vision 6.6)."
2022-11-05T06:00:00Z,BSHM,32,35,"[32, 33)","[35, 36)",25.960900000000002,48,3.8245000000000005,300.0,0.5317955000000001,ff984e9f2e2a,True,P1A,GNSS_VTEC,GRIDDed_VTEC_1H,"The Phase 1 target is location-sampled gridded VTEC (Madrigal cell), never receiver-specific station-observed VTEC, and it carries its own distinct target_definition_id. The Phase 1 grid-cell target population is not the Phase 2 IPP target population: no numerical equivalence between the Phase 1 and Phase 2 targets is claimed, and Phase 2 is a fixed-protocol replication on a new target lineage, not a second statistically independent blind test (Vision 2.2, 6.6). Part of any measured IRI or GIM difference is a geometry and sampling artefact rather than skill: Phase 1 compares a grid cell against a station-coordinate evaluation, Phase 2 an IPP cloud against a zenith estimate (Vision 6.6)."
2022-11-05T07:00:00Z,BSHM,32,35,"[32, 33)","[35, 36)",34.8537,48,11.557000000000002,300.0,0.651545,ff984e9f2e2a,False,P1A,GNSS_VTEC,GRIDDed_VTEC_1H,"The Phase 1 target is location-sampled gridded VTEC (Madrigal cell), never receiver-specific station-observed VTEC, and it carries its own distinct target_definition_id. The Phase 1 grid-cell target population is not the Phase 2 IPP target population: no numerical equivalence between the Phase 1 and Phase 2 targets is claimed, and Phase 2 is a fixed-protocol replication on a new target lineage, not a second statistically independent blind test (Vision 2.2, 6.6). Part of any measured IRI or GIM difference is a geometry and sampling artefact rather than skill: Phase 1 compares a grid cell against a station-coordinate evaluation, Phase 2 an IPP cloud against a zenith estimate (Vision 6.6)."
2022-11-05T08:00:00Z,BSHM,32,35,"[32, 33)","[35, 36)",41.28975,40,4.369100000000003,300.0,0.53295,ff984e9f2e2a,True,P1A,GNSS_VTEC,GRIDDed_VTEC_1H,"The Phase 1 target is location-sampled gridded VTEC (Madrigal cell), never receiver-specific station-observed VTEC, and it carries its own distinct target_definition_id. The Phase 1 grid-cell target population is not the Phase 2 IPP target population: no numerical equivalence between the Phase 1 and Phase 2 targets is claimed, and Phase 2 is a fixed-protocol replication on a new target lineage, not a second statistically independent blind test (Vision 2.2, 6.6). Part of any measured IRI or GIM difference is a geometry and sampling artefact rather than skill: Phase 1 compares a grid cell against a station-coordinate evaluation, Phase 2 an IPP cloud against a zenith estimate (Vision 6.6)."
2022-11-05T09:00:00Z,BSHM,32,35,"[32, 33)","[35, 36)",33.101299999999995,48,4.166700000000002,300.0,0.7530695000000001,ff984e9f2e2a,True,P1A,GNSS_VTEC,GRIDDed_VTEC_1H,"The Phase 1 target is location-sampled gridded VTEC (Madrigal cell), never receiver-specific station-observed VTEC, and it carries its own distinct target_definition_id. The Phase 1 grid-cell target population is not the Phase 2 IPP target population: no numerical equivalence between the Phase 1 and Phase 2 targets is claimed, and Phase 2 is a fixed-protocol replication on a new target lineage, not a second statistically independent blind test (Vision 2.2, 6.6). Part of any measured IRI or GIM difference is a geometry and sampling artefact rather than skill: Phase 1 compares a grid cell against a station-coordinate evaluation, Phase 2 an IPP cloud against a zenith estimate (Vision 6.6)."
2022-11-05T10:00:00Z,BSHM,32,35,"[32, 33)","[35, 36)",39.1919,44,9.389200000000002,300.0,0.532816,ff984e9f2e2a,True,P1A,GNSS_VTEC,GRIDDed_VTEC_1H,"The Phase 1 target is location-sampled gridded VTEC (Madrigal cell), never receiver-specific station-observed VTEC, and it carries its own distinct target_definition_id. The Phase 1 grid-cell target population is not the Phase 2 IPP target population: no numerical equivalence between the Phase 1 and Phase 2 targets is claimed, and Phase 2 is a fixed-protocol replication on a new target lineage, not a second statistically independent blind test (Vision 2.2, 6.6). Part of any measured IRI or GIM difference is a geometry and sampling artefact rather than skill: Phase 1 compares a grid cell against a station-coordinate evaluation, Phase 2 an IPP cloud against a zenith estimate (Vision 6.6)."
2022-11-05T11:00:00Z,BSHM,32,35,"[32, 33)","[35, 36)",44.95405,48,2.5655,300.0,0.5322905,ff984e9f2e2a,True,P1A,GNSS_VTEC,GRIDDed_VTEC_1H,"The Phase 1 target is location-sampled gridded VTEC (Madrigal cell), never receiver-specific station-observed VTEC, and it carries its own distinct target_definition_id. The Phase 1 grid-cell target population is not the Phase 2 IPP target population: no numerical equivalence between the Phase 1 and Phase 2 targets is claimed, and Phase 2 is a fixed-protocol replication on a new target lineage, not a second statistically independent blind test (Vision 2.2, 6.6). Part of any measured IRI or GIM difference is a geometry and sampling artefact rather than skill: Phase 1 compares a grid cell against a station-coordinate evaluation, Phase 2 an IPP cloud against a zenith estimate (Vision 6.6)."
2022-11-05T12:00:00Z,BSHM,32,35,"[32, 33)","[35, 36)",43.3513,48,5.0672,300.0,0.434232,ff984e9f2e2a,True,P1A,GNSS_VTEC,GRIDDed_VTEC_1H,"The Phase 1 target is location-sampled gridded VTEC (Madrigal cell), never receiver-specific station-observed VTEC, and it carries its own distinct target_definition_id. The Phase 1 grid-cell target population is not the Phase 2 IPP target population: no numerical equivalence between the Phase 1 and Phase 2 targets is claimed, and Phase 2 is a fixed-protocol replication on a new target lineage, not a second statistically independent blind test (Vision 2.2, 6.6). Part of any measured IRI or GIM difference is a geometry and sampling artefact rather than skill: Phase 1 compares a grid cell against a station-coordinate evaluation, Phase 2 an IPP cloud against a zenith estimate (Vision 6.6)."
2022-11-05T13:00:00Z,BSHM,32,35,"[32, 33)","[35, 36)",37.7606,48,6.093299999999999,300.0,0.43651249999999997,ff984e9f2e2a,True,P1A,GNSS_VTEC,GRIDDed_VTEC_1H,"The Phase 1 target is location-sampled gridded VTEC (Madrigal cell), never receiver-specific station-observed VTEC, and it carries its own distinct target_definition_id. The Phase 1 grid-cell target population is not the Phase 2 IPP target population: no numerical equivalence between the Phase 1 and Phase 2 targets is claimed, and Phase 2 is a fixed-protocol replication on a new target lineage, not a second statistically independent blind test (Vision 2.2, 6.6). Part of any measured IRI or GIM difference is a geometry and sampling artefact rather than skill: Phase 1 compares a grid cell against a station-coordinate evaluation, Phase 2 an IPP cloud against a zenith estimate (Vision 6.6)."
2022-11-05T14:00:00Z,BSHM,32,35,"[32, 33)","[35, 36)",27.941200000000002,48,11.9789,300.0,0.434902,ff984e9f2e2a,False,P1A,GNSS_VTEC,GRIDDed_VTEC_1H,"The Phase 1 target is location-sampled gridded VTEC (Madrigal cell), never receiver-specific station-observed VTEC, and it carries its own distinct target_definition_id. The Phase 1 grid-cell target population is not the Phase 2 IPP target population: no numerical equivalence between the Phase 1 and Phase 2 targets is claimed, and Phase 2 is a fixed-protocol replication on a new target lineage, not a second statistically independent blind test (Vision 2.2, 6.6). Part of any measured IRI or GIM difference is a geometry and sampling artefact rather than skill: Phase 1 compares a grid cell against a station-coordinate evaluation, Phase 2 an IPP cloud against a zenith estimate (Vision 6.6)."
2022-11-05T15:00:00Z,BSHM,32,35,"[32, 33)","[35, 36)",15.6275,28,7.296800000000001,1800.0,0.753162,ff984e9f2e2a,True,P1A,GNSS_VTEC,GRIDDed_VTEC_1H,"The Phase 1 target is location-sampled gridded VTEC (Madrigal cell), never receiver-specific station-observed VTEC, and it carries its own distinct target_definition_id. The Phase 1 grid-cell target population is not the Phase 2 IPP target population: no numerical equivalence between the Phase 1 and Phase 2 targets is claimed, and Phase 2 is a fixed-protocol replication on a new target lineage, not a second statistically independent blind test (Vision 2.2, 6.6). Part of any measured IRI or GIM difference is a geometry and sampling artefact rather than skill: Phase 1 compares a grid cell against a station-coordinate evaluation, Phase 2 an IPP cloud against a zenith estimate (Vision 6.6)."
2022-11-05T16:00:00Z,BSHM,32,35,"[32, 33)","[35, 36)",11.1812,40,2.3459699999999994,300.0,0.922955,ff984e9f2e2a,True,P1A,GNSS_VTEC,GRIDDed_VTEC_1H,"The Phase 1 target is location-sampled gridded VTEC (Madrigal cell), never receiver-specific station-observed VTEC, and it carries its own distinct target_definition_id. The Phase 1 grid-cell target population is not the Phase 2 IPP target population: no numerical equivalence between the Phase 1 and Phase 2 targets is claimed, and Phase 2 is a fixed-protocol replication on a new target lineage, not a second statistically independent blind test (Vision 2.2, 6.6). Part of any measured IRI or GIM difference is a geometry and sampling artefact rather than skill: Phase 1 compares a grid cell against a station-coordinate evaluation, Phase 2 an IPP cloud against a zenith estimate (Vision 6.6)."
2022-11-05T17:00:00Z,BSHM,32,35,"[32, 33)","[35, 36)",9.20644,28,2.6060999999999996,600.0,0.923974,ff984e9f2e2a,True,P1A,GNSS_VTEC,GRIDDed_VTEC_1H,"The Phase 1 target is location-sampled gridded VTEC (Madrigal cell), never receiver-specific station-observed VTEC, and it carries its own distinct target_definition_id. The Phase 1 grid-cell target population is not the Phase 2 IPP target population: no numerical equivalence between the Phase 1 and Phase 2 targets is claimed, and Phase 2 is a fixed-protocol replication on a new target lineage, not a second statistically independent blind test (Vision 2.2, 6.6). Part of any measured IRI or GIM difference is a geometry and sampling artefact rather than skill: Phase 1 compares a grid cell against a station-coordinate evaluation, Phase 2 an IPP cloud against a zenith estimate (Vision 6.6)."
2022-11-05T18:00:00Z,BSHM,32,35,"[32, 33)","[35, 36)",9.462505,40,0.5521399999999996,300.0,0.49302250000000003,ff984e9f2e2a,True,P1A,GNSS_VTEC,GRIDDed_VTEC_1H,"The Phase 1 target is location-sampled gridded VTEC (Madrigal cell), never receiver-specific station-observed VTEC, and it carries its own distinct target_definition_id. The Phase 1 grid-cell target population is not the Phase 2 IPP target population: no numerical equivalence between the Phase 1 and Phase 2 targets is claimed, and Phase 2 is a fixed-protocol replication on a new target lineage, not a second statistically independent blind test (Vision 2.2, 6.6). Part of any measured IRI or GIM difference is a geometry and sampling artefact rather than skill: Phase 1 compares a grid cell against a station-coordinate evaluation, Phase 2 an IPP cloud against a zenith estimate (Vision 6.6)."
2022-11-05T19:00:00Z,BSHM,32,35,"[32, 33)","[35, 36)",8.80084,48,0.94083,300.0,0.5125325,ff984e9f2e2a,True,P1A,GNSS_VTEC,GRIDDed_VTEC_1H,"The Phase 1 target is location-sampled gridded VTEC (Madrigal cell), never receiver-specific station-observed VTEC, and it carries its own distinct target_definition_id. The Phase 1 grid-cell target population is not the Phase 2 IPP target population: no numerical equivalence between the Phase 1 and Phase 2 targets is claimed, and Phase 2 is a fixed-protocol replication on a new target lineage, not a second statistically independent blind test (Vision 2.2, 6.6). Part of any measured IRI or GIM difference is a geometry and sampling artefact rather than skill: Phase 1 compares a grid cell against a station-coordinate evaluation, Phase 2 an IPP cloud against a zenith estimate (Vision 6.6)."
2022-11-05T20:00:00Z,BSHM,32,35,"[32, 33)","[35, 36)",9.0054,48,1.4654699999999998,300.0,0.4932785,ff984e9f2e2a,True,P1A,GNSS_VTEC,GRIDDed_VTEC_1H,"The Phase 1 target is location-sampled gridded VTEC (Madrigal cell), never receiver-specific station-observed VTEC, and it carries its own distinct target_definition_id. The Phase 1 grid-cell target population is not the Phase 2 IPP target population: no numerical equivalence between the Phase 1 and Phase 2 targets is claimed, and Phase 2 is a fixed-protocol replication on a new target lineage, not a second statistically independent blind test (Vision 2.2, 6.6). Part of any measured IRI or GIM difference is a geometry and sampling artefact rather than skill: Phase 1 compares a grid cell against a station-coordinate evaluation, Phase 2 an IPP cloud against a zenith estimate (Vision 6.6)."
2022-11-05T21:00:00Z,BSHM,32,35,"[32, 33)","[35, 36)",8.6516,48,0.8918700000000008,300.0,0.447244,ff984e9f2e2a,True,P1A,GNSS_VTEC,GRIDDed_VTEC_1H,"The Phase 1 target is location-sampled gridded VTEC (Madrigal cell), never receiver-specific station-observed VTEC, and it carries its own distinct target_definition_id. The Phase 1 grid-cell target population is not the Phase 2 IPP target population: no numerical equivalence between the Phase 1 and Phase 2 targets is claimed, and Phase 2 is a fixed-protocol replication on a new target lineage, not a second statistically independent blind test (Vision 2.2, 6.6). Part of any measured IRI or GIM difference is a geometry and sampling artefact rather than skill: Phase 1 compares a grid cell against a station-coordinate evaluation, Phase 2 an IPP cloud against a zenith estimate (Vision 6.6)."
2022-11-05T22:00:00Z,BSHM,32,35,"[32, 33)","[35, 36)",8.71433,48,0.47441000000000066,300.0,0.4616,ff984e9f2e2a,True,P1A,GNSS_VTEC,GRIDDed_VTEC_1H,"The Phase 1 target is location-sampled gridded VTEC (Madrigal cell), never receiver-specific station-observed VTEC, and it carries its own distinct target_definition_id. The Phase 1 grid-cell target population is not the Phase 2 IPP target population: no numerical equivalence between the Phase 1 and Phase 2 targets is claimed, and Phase 2 is a fixed-protocol replication on a new target lineage, not a second statistically independent blind test (Vision 2.2, 6.6). Part of any measured IRI or GIM difference is a geometry and sampling artefact rather than skill: Phase 1 compares a grid cell against a station-coordinate evaluation, Phase 2 an IPP cloud against a zenith estimate (Vision 6.6)."
2022-11-05T23:00:00Z,BSHM,32,35,"[32, 33)","[35, 36)",7.84871,20,1.141189999999999,2400.0,1.30273,ff984e9f2e2a,False,P1A,GNSS_VTEC,GRIDDed_VTEC_1H,"The Phase 1 target is location-sampled gridded VTEC (Madrigal cell), never receiver-specific station-observed VTEC, and it carries its own distinct target_definition_id. The Phase 1 grid-cell target population is not the Phase 2 IPP target population: no numerical equivalence between the Phase 1 and Phase 2 targets is claimed, and Phase 2 is a fixed-protocol replication on a new target lineage, not a second statistically independent blind test (Vision 2.2, 6.6). Part of any measured IRI or GIM difference is a geometry and sampling artefact rather than skill: Phase 1 compares a grid cell against a station-coordinate evaluation, Phase 2 an IPP cloud against a zenith estimate (Vision 6.6)."
2022-11-06T00:00:00Z,BSHM,32,35,"[32, 33)","[35, 36)",5.479215,48,0.9521899999999999,300.0,0.5326525,ff984e9f2e2a,True,P1A,GNSS_VTEC,GRIDDed_VTEC_1H,"The Phase 1 target is location-sampled gridded VTEC (Madrigal cell), never receiver-specific station-observed VTEC, and it carries its own distinct target_definition_id. The Phase 1 grid-cell target population is not the Phase 2 IPP target population: no numerical equivalence between the Phase 1 and Phase 2 targets is claimed, and Phase 2 is a fixed-protocol replication on a new target lineage, not a second statistically independent blind test (Vision 2.2, 6.6). Part of any measured IRI or GIM difference is a geometry and sampling artefact rather than skill: Phase 1 compares a grid cell against a station-coordinate evaluation, Phase 2 an IPP cloud against a zenith estimate (Vision 6.6)."
2022-11-06T01:00:00Z,BSHM,32,35,"[32, 33)","[35, 36)",5.810445,48,1.17,300.0,0.460404,ff984e9f2e2a,True,P1A,GNSS_VTEC,GRIDDed_VTEC_1H,"The Phase 1 target is location-sampled gridded VTEC (Madrigal cell), never receiver-specific station-observed VTEC, and it carries its own distinct target_definition_id. The Phase 1 grid-cell target population is not the Phase 2 IPP target population: no numerical equivalence between the Phase 1 and Phase 2 targets is claimed, and Phase 2 is a fixed-protocol replication on a new target lineage, not a second statistically independent blind test (Vision 2.2, 6.6). Part of any measured IRI or GIM difference is a geometry and sampling artefact rather than skill: Phase 1 compares a grid cell against a station-coordinate evaluation, Phase 2 an IPP cloud against a zenith estimate (Vision 6.6)."
2022-11-06T02:00:00Z,BSHM,32,35,"[32, 33)","[35, 36)",3.797975,48,1.24498,300.0,0.4925835,ff984e9f2e2a,True,P1A,GNSS_VTEC,GRIDDed_VTEC_1H,"The Phase 1 target is location-sampled gridded VTEC (Madrigal cell), never receiver-specific station-observed VTEC, and it carries its own distinct target_definition_id. The Phase 1 grid-cell target population is not the Phase 2 IPP target population: no numerical equivalence between the Phase 1 and Phase 2 targets is claimed, and Phase 2 is a fixed-protocol replication on a new target lineage, not a second statistically independent blind test (Vision 2.2, 6.6). Part of any measured IRI or GIM difference is a geometry and sampling artefact rather than skill: Phase 1 compares a grid cell against a station-coordinate evaluation, Phase 2 an IPP cloud against a zenith estimate (Vision 6.6)."
2022-11-06T03:00:00Z,BSHM,32,35,"[32, 33)","[35, 36)",4.9302150000000005,48,4.14512,300.0,0.5843095,ff984e9f2e2a,True,P1A,GNSS_VTEC,GRIDDed_VTEC_1H,"The Phase 1 target is location-sampled gridded VTEC (Madrigal cell), never receiver-specific station-observed VTEC, and it carries its own distinct target_definition_id. The Phase 1 grid-cell target population is not the Phase 2 IPP target population: no numerical equivalence between the Phase 1 and Phase 2 targets is claimed, and Phase 2 is a fixed-protocol replication on a new target lineage, not a second statistically independent blind test (Vision 2.2, 6.6). Part of any measured IRI or GIM difference is a geometry and sampling artefact rather than skill: Phase 1 compares a grid cell against a station-coordinate evaluation, Phase 2 an IPP cloud against a zenith estimate (Vision 6.6)."
2022-11-06T04:00:00Z,BSHM,32,35,"[32, 33)","[35, 36)",12.55875,48,8.584719999999999,300.0,0.512097,ff984e9f2e2a,True,P1A,GNSS_VTEC,GRIDDed_VTEC_1H,"The Phase 1 target is location-sampled gridded VTEC (Madrigal cell), never receiver-specific station-observed VTEC, and it carries its own distinct target_definition_id. The Phase 1 grid-cell target population is not the Phase 2 IPP target population: no numerical equivalence between the Phase 1 and Phase 2 targets is claimed, and Phase 2 is a fixed-protocol replication on a new target lineage, not a second statistically independent blind test (Vision 2.2, 6.6). Part of any measured IRI or GIM difference is a geometry and sampling artefact rather than skill: Phase 1 compares a grid cell against a station-coordinate evaluation, Phase 2 an IPP cloud against a zenith estimate (Vision 6.6)."
2022-11-06T05:00:00Z,BSHM,32,35,"[32, 33)","[35, 36)",19.662300000000002,48,4.6709,300.0,0.75207,ff984e9f2e2a,True,P1A,GNSS_VTEC,GRIDDed_VTEC_1H,"The Phase 1 target is location-sampled gridded VTEC (Madrigal cell), never receiver-specific station-observed VTEC, and it carries its own distinct target_definition_id. The Phase 1 grid-cell target population is not the Phase 2 IPP target population: no numerical equivalence between the Phase 1 and Phase 2 targets is claimed, and Phase 2 is a fixed-protocol replication on a new target lineage, not a second statistically independent blind test (Vision 2.2, 6.6). Part of any measured IRI or GIM difference is a geometry and sampling artefact rather than skill: Phase 1 compares a grid cell against a station-coordinate evaluation, Phase 2 an IPP cloud against a zenith estimate (Vision 6.6)."
2022-11-06T06:00:00Z,BSHM,32,35,"[32, 33)","[35, 36)",24.96995,48,5.266100000000002,300.0,0.557482,ff984e9f2e2a,True,P1A,GNSS_VTEC,GRIDDed_VTEC_1H,"The Phase 1 target is location-sampled gridded VTEC (Madrigal cell), never receiver-specific station-observed VTEC, and it carries its own distinct target_definition_id. The Phase 1 grid-cell target population is not the Phase 2 IPP target population: no numerical equivalence between the Phase 1 and Phase 2 targets is claimed, and Phase 2 is a fixed-protocol replication on a new target lineage, not a second statistically independent blind test (Vision 2.2, 6.6). Part of any measured IRI or GIM difference is a geometry and sampling artefact rather than skill: Phase 1 compares a grid cell against a station-coordinate evaluation, Phase 2 an IPP cloud against a zenith estimate (Vision 6.6)."
2022-11-06T07:00:00Z,BSHM,32,35,"[32, 33)","[35, 36)",32.4137,48,8.602600000000002,300.0,0.651458,ff984e9f2e2a,True,P1A,GNSS_VTEC,GRIDDed_VTEC_1H,"The Phase 1 target is location-sampled gridded VTEC (Madrigal cell), never receiver-specific station-observed VTEC, and it carries its own distinct target_definition_id. The Phase 1 grid-cell target population is not the Phase 2 IPP target population: no numerical equivalence between the Phase 1 and Phase 2 targets is claimed, and Phase 2 is a fixed-protocol replication on a new target lineage, not a second statistically independent blind test (Vision 2.2, 6.6). Part of any measured IRI or GIM difference is a geometry and sampling artefact rather than skill: Phase 1 compares a grid cell against a station-coordinate evaluation, Phase 2 an IPP cloud against a zenith estimate (Vision 6.6)."
2022-11-06T08:00:00Z,BSHM,32,35,"[32, 33)","[35, 36)",39.1028,40,3.613999999999997,900.0,0.5320265,ff984e9f2e2a,True,P1A,GNSS_VTEC,GRIDDed_VTEC_1H,"The Phase 1 target is location-sampled gridded VTEC (Madrigal cell), never receiver-specific station-observed VTEC, and it carries its own distinct target_definition_id. The Phase 1 grid-cell target population is not the Phase 2 IPP target population: no numerical equivalence between the Phase 1 and Phase 2 targets is claimed, and Phase 2 is a fixed-protocol replication on a new target lineage, not a second statistically independent blind test (Vision 2.2, 6.6). Part of any measured IRI or GIM difference is a geometry and sampling artefact rather than skill: Phase 1 compares a grid cell against a station-coordinate evaluation, Phase 2 an IPP cloud against a zenith estimate (Vision 6.6)."
2022-11-06T09:00:00Z,BSHM,32,35,"[32, 33)","[35, 36)",35.7595,44,4.176900000000003,300.0,0.75223,ff984e9f2e2a,True,P1A,GNSS_VTEC,GRIDDed_VTEC_1H,"The Phase 1 target is location-sampled gridded VTEC (Madrigal cell), never receiver-specific station-observed VTEC, and it carries its own distinct target_definition_id. The Phase 1 grid-cell target population is not the Phase 2 IPP target population: no numerical equivalence between the Phase 1 and Phase 2 targets is claimed, and Phase 2 is a fixed-protocol replication on a new target lineage, not a second statistically independent blind test (Vision 2.2, 6.6). Part of any measured IRI or GIM difference is a geometry and sampling artefact rather than skill: Phase 1 compares a grid cell against a station-coordinate evaluation, Phase 2 an IPP cloud against a zenith estimate (Vision 6.6)."
2022-11-06T10:00:00Z,BSHM,32,35,"[32, 33)","[35, 36)",37.4846,40,6.0413,300.0,0.583216,ff984e9f2e2a,True,P1A,GNSS_VTEC,GRIDDed_VTEC_1H,"The Phase 1 target is location-sampled gridded VTEC (Madrigal cell), never receiver-specific station-observed VTEC, and it carries its own distinct target_definition_id. The Phase 1 grid-cell target population is not the Phase 2 IPP target population: no numerical equivalence between the Phase 1 and Phase 2 targets is claimed, and Phase 2 is a fixed-protocol replication on a new target lineage, not a second statistically independent blind test (Vision 2.2, 6.6). Part of any measured IRI or GIM difference is a geometry and sampling artefact rather than skill: Phase 1 compares a grid cell against a station-coordinate evaluation, Phase 2 an IPP cloud against a zenith estimate (Vision 6.6)."
2022-11-06T11:00:00Z,BSHM,32,35,"[32, 33)","[35, 36)",38.12515,48,3.7209999999999965,300.0,0.493095,ff984e9f2e2a,True,P1A,GNSS_VTEC,GRIDDed_VTEC_1H,"The Phase 1 target is location-sampled gridded VTEC (Madrigal cell), never receiver-specific station-observed VTEC, and it carries its own distinct target_definition_id. The Phase 1 grid-cell target population is not the Phase 2 IPP target population: no numerical equivalence between the Phase 1 and Phase 2 targets is claimed, and Phase 2 is a fixed-protocol replication on a new target lineage, not a second statistically independent blind test (Vision 2.2, 6.6). Part of any measured IRI or GIM difference is a geometry and sampling artefact rather than skill: Phase 1 compares a grid cell against a station-coordinate evaluation, Phase 2 an IPP cloud against a zenith estimate (Vision 6.6)."
2022-11-06T12:00:00Z,BSHM,32,35,"[32, 33)","[35, 36)",34.06285,48,3.2866,300.0,0.412589,ff984e9f2e2a,True,P1A,GNSS_VTEC,GRIDDed_VTEC_1H,"The Phase 1 target is location-sampled gridded VTEC (Madrigal cell), never receiver-specific station-observed VTEC, and it carries its own distinct target_definition_id. The Phase 1 grid-cell target population is not the Phase 2 IPP target population: no numerical equivalence between the Phase 1 and Phase 2 targets is claimed, and Phase 2 is a fixed-protocol replication on a new target lineage, not a second statistically independent blind test (Vision 2.2, 6.6). Part of any measured IRI or GIM difference is a geometry and sampling artefact rather than skill: Phase 1 compares a grid cell against a station-coordinate evaluation, Phase 2 an IPP cloud against a zenith estimate (Vision 6.6)."
2022-11-06T13:00:00Z,BSHM,32,35,"[32, 33)","[35, 36)",30.3001,48,6.553999999999995,300.0,0.45227249999999997,ff984e9f2e2a,True,P1A,GNSS_VTEC,GRIDDed_VTEC_1H,"The Phase 1 target is location-sampled gridded VTEC (Madrigal cell), never receiver-specific station-observed VTEC, and it carries its own distinct target_definition_id. The Phase 1 grid-cell target population is not the Phase 2 IPP target population: no numerical equivalence between the Phase 1 and Phase 2 targets is claimed, and Phase 2 is a fixed-protocol replication on a new target lineage, not a second statistically independent blind test (Vision 2.2, 6.6). Part of any measured IRI or GIM difference is a geometry and sampling artefact rather than skill: Phase 1 compares a grid cell against a station-coordinate evaluation, Phase 2 an IPP cloud against a zenith estimate (Vision 6.6)."
2022-11-06T14:00:00Z,BSHM,32,35,"[32, 33)","[35, 36)",21.30155,48,10.3552,300.0,0.476973,ff984e9f2e2a,False,P1A,GNSS_VTEC,GRIDDed_VTEC_1H,"The Phase 1 target is location-sampled gridded VTEC (Madrigal cell), never receiver-specific station-observed VTEC, and it carries its own distinct target_definition_id. The Phase 1 grid-cell target population is not the Phase 2 IPP target population: no numerical equivalence between the Phase 1 and Phase 2 targets is claimed, and Phase 2 is a fixed-protocol replication on a new target lineage, not a second statistically independent blind test (Vision 2.2, 6.6). Part of any measured IRI or GIM difference is a geometry and sampling artefact rather than skill: Phase 1 compares a grid cell against a station-coordinate evaluation, Phase 2 an IPP cloud against a zenith estimate (Vision 6.6)."
2022-11-06T15:00:00Z,BSHM,32,35,"[32, 33)","[35, 36)",10.3855,28,4.862300000000001,1800.0,0.921257,ff984e9f2e2a,True,P1A,GNSS_VTEC,GRIDDed_VTEC_1H,"The Phase 1 target is location-sampled gridded VTEC (Madrigal cell), never receiver-specific station-observed VTEC, and it carries its own distinct target_definition_id. The Phase 1 grid-cell target population is not the Phase 2 IPP target population: no numerical equivalence between the Phase 1 and Phase 2 targets is claimed, and Phase 2 is a fixed-protocol replication on a new target lineage, not a second statistically independent blind test (Vision 2.2, 6.6). Part of any measured IRI or GIM difference is a geometry and sampling artefact rather than skill: Phase 1 compares a grid cell against a station-coordinate evaluation, Phase 2 an IPP cloud against a zenith estimate (Vision 6.6)."
2022-11-06T16:00:00Z,BSHM,32,35,"[32, 33)","[35, 36)",8.068760000000001,40,2.289300000000001,900.0,0.8388945,ff984e9f2e2a,True,P1A,GNSS_VTEC,GRIDDed_VTEC_1H,"The Phase 1 target is location-sampled gridded VTEC (Madrigal cell), never receiver-specific station-observed VTEC, and it carries its own distinct target_definition_id. The Phase 1 grid-cell target population is not the Phase 2 IPP target population: no numerical equivalence between the Phase 1 and Phase 2 targets is claimed, and Phase 2 is a fixed-protocol replication on a new target lineage, not a second statistically independent blind test (Vision 2.2, 6.6). Part of any measured IRI or GIM difference is a geometry and sampling artefact rather than skill: Phase 1 compares a grid cell against a station-coordinate evaluation, Phase 2 an IPP cloud against a zenith estimate (Vision 6.6)."
2022-11-06T17:00:00Z,BSHM,32,35,"[32, 33)","[35, 36)",7.27486,24,1.3814800000000007,600.0,1.304745,ff984e9f2e2a,True,P1A,GNSS_VTEC,GRIDDed_VTEC_1H,"The Phase 1 target is location-sampled gridded VTEC (Madrigal cell), never receiver-specific station-observed VTEC, and it carries its own distinct target_definition_id. The Phase 1 grid-cell target population is not the Phase 2 IPP target population: no numerical equivalence between the Phase 1 and Phase 2 targets is claimed, and Phase 2 is a fixed-protocol replication on a new target lineage, not a second statistically independent blind test (Vision 2.2, 6.6). Part of any measured IRI or GIM difference is a geometry and sampling artefact rather than skill: Phase 1 compares a grid cell against a station-coordinate evaluation, Phase 2 an IPP cloud against a zenith estimate (Vision 6.6)."
2022-11-06T18:00:00Z,BSHM,32,35,"[32, 33)","[35, 36)",7.2781199999999995,32,1.2176300000000007,300.0,0.5574939999999999,ff984e9f2e2a,True,P1A,GNSS_VTEC,GRIDDed_VTEC_1H,"The Phase 1 target is location-sampled gridded VTEC (Madrigal cell), never receiver-specific station-observed VTEC, and it carries its own distinct target_definition_id. The Phase 1 grid-cell target population is not the Phase 2 IPP target population: no numerical equivalence between the Phase 1 and Phase 2 targets is claimed, and Phase 2 is a fixed-protocol replication on a new target lineage, not a second statistically independent blind test (Vision 2.2, 6.6). Part of any measured IRI or GIM difference is a geometry and sampling artefact rather than skill: Phase 1 compares a grid cell against a station-coordinate evaluation, Phase 2 an IPP cloud against a zenith estimate (Vision 6.6)."
2022-11-06T19:00:00Z,BSHM,32,35,"[32, 33)","[35, 36)",6.60311,48,1.36233,300.0,0.412329,ff984e9f2e2a,True,P1A,GNSS_VTEC,GRIDDed_VTEC_1H,"The Phase 1 target is location-sampled gridded VTEC (Madrigal cell), never receiver-specific station-observed VTEC, and it carries its own distinct target_definition_id. The Phase 1 grid-cell target population is not the Phase 2 IPP target population: no numerical equivalence between the Phase 1 and Phase 2 targets is claimed, and Phase 2 is a fixed-protocol replication on a new target lineage, not a second statistically independent blind test (Vision 2.2, 6.6). Part of any measured IRI or GIM difference is a geometry and sampling artefact rather than skill: Phase 1 compares a grid cell against a station-coordinate evaluation, Phase 2 an IPP cloud against a zenith estimate (Vision 6.6)."
2022-11-06T20:00:00Z,BSHM,32,35,"[32, 33)","[35, 36)",5.78948,48,1.0143699999999995,300.0,0.4133595,ff984e9f2e2a,True,P1A,GNSS_VTEC,GRIDDed_VTEC_1H,"The Phase 1 target is location-sampled gridded VTEC (Madrigal cell), never receiver-specific station-observed VTEC, and it carries its own distinct target_definition_id. The Phase 1 grid-cell target population is not the Phase 2 IPP target population: no numerical equivalence between the Phase 1 and Phase 2 targets is claimed, and Phase 2 is a fixed-protocol replication on a new target lineage, not a second statistically independent blind test (Vision 2.2, 6.6). Part of any measured IRI or GIM difference is a geometry and sampling artefact rather than skill: Phase 1 compares a grid cell against a station-coordinate evaluation, Phase 2 an IPP cloud against a zenith estimate (Vision 6.6)."
2022-11-06T21:00:00Z,BSHM,32,35,"[32, 33)","[35, 36)",6.902325,48,0.45901000000000014,300.0,0.3842045,ff984e9f2e2a,True,P1A,GNSS_VTEC,GRIDDed_VTEC_1H,"The Phase 1 target is location-sampled gridded VTEC (Madrigal cell), never receiver-specific station-observed VTEC, and it carries its own distinct target_definition_id. The Phase 1 grid-cell target population is not the Phase 2 IPP target population: no numerical equivalence between the Phase 1 and Phase 2 targets is claimed, and Phase 2 is a fixed-protocol replication on a new target lineage, not a second statistically independent blind test (Vision 2.2, 6.6). Part of any measured IRI or GIM difference is a geometry and sampling artefact rather than skill: Phase 1 compares a grid cell against a station-coordinate evaluation, Phase 2 an IPP cloud against a zenith estimate (Vision 6.6)."
2022-11-06T22:00:00Z,BSHM,32,35,"[32, 33)","[35, 36)",6.413755,48,0.48115999999999914,300.0,0.476557,ff984e9f2e2a,True,P1A,GNSS_VTEC,GRIDDed_VTEC_1H,"The Phase 1 target is location-sampled gridded VTEC (Madrigal cell), never receiver-specific station-observed VTEC, and it carries its own distinct target_definition_id. The Phase 1 grid-cell target population is not the Phase 2 IPP target population: no numerical equivalence between the Phase 1 and Phase 2 targets is claimed, and Phase 2 is a fixed-protocol replication on a new target lineage, not a second statistically independent blind test (Vision 2.2, 6.6). Part of any measured IRI or GIM difference is a geometry and sampling artefact rather than skill: Phase 1 compares a grid cell against a station-coordinate evaluation, Phase 2 an IPP cloud against a zenith estimate (Vision 6.6)."
2022-11-06T23:00:00Z,BSHM,32,35,"[32, 33)","[35, 36)",6.266555,16,0.4518899999999997,2700.0,0.837042,ff984e9f2e2a,False,P1A,GNSS_VTEC,GRIDDed_VTEC_1H,"The Phase 1 target is location-sampled gridded VTEC (Madrigal cell), never receiver-specific station-observed VTEC, and it carries its own distinct target_definition_id. The Phase 1 grid-cell target population is not the Phase 2 IPP target population: no numerical equivalence between the Phase 1 and Phase 2 targets is claimed, and Phase 2 is a fixed-protocol replication on a new target lineage, not a second statistically independent blind test (Vision 2.2, 6.6). Part of any measured IRI or GIM difference is a geometry and sampling artefact rather than skill: Phase 1 compares a grid cell against a station-coordinate evaluation, Phase 2 an IPP cloud against a zenith estimate (Vision 6.6)."
2022-11-07T00:00:00Z,BSHM,32,35,"[32, 33)","[35, 36)",7.180185,48,1.7786399999999993,300.0,0.5589135000000001,ff984e9f2e2a,True,P1A,GNSS_VTEC,GRIDDed_VTEC_1H,"The Phase 1 target is location-sampled gridded VTEC (Madrigal cell), never receiver-specific station-observed VTEC, and it carries its own distinct target_definition_id. The Phase 1 grid-cell target population is not the Phase 2 IPP target population: no numerical equivalence between the Phase 1 and Phase 2 targets is claimed, and Phase 2 is a fixed-protocol replication on a new target lineage, not a second statistically independent blind test (Vision 2.2, 6.6). Part of any measured IRI or GIM difference is a geometry and sampling artefact rather than skill: Phase 1 compares a grid cell against a station-coordinate evaluation, Phase 2 an IPP cloud against a zenith estimate (Vision 6.6)."
2022-11-07T01:00:00Z,BSHM,32,35,"[32, 33)","[35, 36)",8.282065,48,1.3482999999999992,300.0,0.49239849999999996,ff984e9f2e2a,True,P1A,GNSS_VTEC,GRIDDed_VTEC_1H,"The Phase 1 target is location-sampled gridded VTEC (Madrigal cell), never receiver-specific station-observed VTEC, and it carries its own distinct target_definition_id. The Phase 1 grid-cell target population is not the Phase 2 IPP target population: no numerical equivalence between the Phase 1 and Phase 2 targets is claimed, and Phase 2 is a fixed-protocol replication on a new target lineage, not a second statistically independent blind test (Vision 2.2, 6.6). Part of any measured IRI or GIM difference is a geometry and sampling artefact rather than skill: Phase 1 compares a grid cell against a station-coordinate evaluation, Phase 2 an IPP cloud against a zenith estimate (Vision 6.6)."
2022-11-07T02:00:00Z,BSHM,32,35,"[32, 33)","[35, 36)",6.457990000000001,48,0.7040199999999999,300.0,0.447558,ff984e9f2e2a,True,P1A,GNSS_VTEC,GRIDDed_VTEC_1H,"The Phase 1 target is location-sampled gridded VTEC (Madrigal cell), never receiver-specific station-observed VTEC, and it carries its own distinct target_definition_id. The Phase 1 grid-cell target population is not the Phase 2 IPP target population: no numerical equivalence between the Phase 1 and Phase 2 targets is claimed, and Phase 2 is a fixed-protocol replication on a new target lineage, not a second statistically independent blind test (Vision 2.2, 6.6). Part of any measured IRI or GIM difference is a geometry and sampling artefact rather than skill: Phase 1 compares a grid cell against a station-coordinate evaluation, Phase 2 an IPP cloud against a zenith estimate (Vision 6.6)."
2022-11-07T03:00:00Z,BSHM,32,35,"[32, 33)","[35, 36)",7.179085,48,3.0963899999999995,300.0,0.5824959999999999,ff984e9f2e2a,True,P1A,GNSS_VTEC,GRIDDed_VTEC_1H,"The Phase 1 target is location-sampled gridded VTEC (Madrigal cell), never receiver-specific station-observed VTEC, and it carries its own distinct target_definition_id. The Phase 1 grid-cell target population is not the Phase 2 IPP target population: no numerical equivalence between the Phase 1 and Phase 2 targets is claimed, and Phase 2 is a fixed-protocol replication on a new target lineage, not a second statistically independent blind test (Vision 2.2, 6.6). Part of any measured IRI or GIM difference is a geometry and sampling artefact rather than skill: Phase 1 compares a grid cell against a station-coordinate evaluation, Phase 2 an IPP cloud against a zenith estimate (Vision 6.6)."
2022-11-07T04:00:00Z,BSHM,32,35,"[32, 33)","[35, 36)",13.43445,48,6.846500000000001,300.0,0.5831109999999999,ff984e9f2e2a,True,P1A,GNSS_VTEC,GRIDDed_VTEC_1H,"The Phase 1 target is location-sampled gridded VTEC (Madrigal cell), never receiver-specific station-observed VTEC, and it carries its own distinct target_definition_id. The Phase 1 grid-cell target population is not the Phase 2 IPP target population: no numerical equivalence between the Phase 1 and Phase 2 targets is claimed, and Phase 2 is a fixed-protocol replication on a new target lineage, not a second statistically independent blind test (Vision 2.2, 6.6). Part of any measured IRI or GIM difference is a geometry and sampling artefact rather than skill: Phase 1 compares a grid cell against a station-coordinate evaluation, Phase 2 an IPP cloud against a zenith estimate (Vision 6.6)."
2022-11-07T05:00:00Z,BSHM,32,35,"[32, 33)","[35, 36)",20.4259,48,3.8699000000000012,300.0,0.9213665,ff984e9f2e2a,True,P1A,GNSS_VTEC,GRIDDed_VTEC_1H,"The Phase 1 target is location-sampled gridded VTEC (Madrigal cell), never receiver-specific station-observed VTEC, and it carries its own distinct target_definition_id. The Phase 1 grid-cell target population is not the Phase 2 IPP target population: no numerical equivalence between the Phase 1 and Phase 2 targets is claimed, and Phase 2 is a fixed-protocol replication on a new target lineage, not a second statistically independent blind test (Vision 2.2, 6.6). Part of any measured IRI or GIM difference is a geometry and sampling artefact rather than skill: Phase 1 compares a grid cell against a station-coordinate evaluation, Phase 2 an IPP cloud against a zenith estimate (Vision 6.6)."
2022-11-07T06:00:00Z,BSHM,32,35,"[32, 33)","[35, 36)",25.69855,48,6.093500000000002,300.0,0.5124059999999999,ff984e9f2e2a,True,P1A,GNSS_VTEC,GRIDDed_VTEC_1H,"The Phase 1 target is location-sampled gridded VTEC (Madrigal cell), never receiver-specific station-observed VTEC, and it carries its own distinct target_definition_id. The Phase 1 grid-cell target population is not the Phase 2 IPP target population: no numerical equivalence between the Phase 1 and Phase 2 targets is claimed, and Phase 2 is a fixed-protocol replication on a new target lineage, not a second statistically independent blind test (Vision 2.2, 6.6). Part of any measured IRI or GIM difference is a geometry and sampling artefact rather than skill: Phase 1 compares a grid cell against a station-coordinate evaluation, Phase 2 an IPP cloud against a zenith estimate (Vision 6.6)."
2022-11-07T07:00:00Z,BSHM,32,35,"[32, 33)","[35, 36)",33.9901,48,8.354,300.0,0.651662,ff984e9f2e2a,True,P1A,GNSS_VTEC,GRIDDed_VTEC_1H,"The Phase 1 target is location-sampled gridded VTEC (Madrigal cell), never receiver-specific station-observed VTEC, and it carries its own distinct target_definition_id. The Phase 1 grid-cell target population is not the Phase 2 IPP target population: no numerical equivalence between the Phase 1 and Phase 2 targets is claimed, and Phase 2 is a fixed-protocol replication on a new target lineage, not a second statistically independent blind test (Vision 2.2, 6.6). Part of any measured IRI or GIM difference is a geometry and sampling artefact rather than skill: Phase 1 compares a grid cell against a station-coordinate evaluation, Phase 2 an IPP cloud against a zenith estimate (Vision 6.6)."
2022-11-07T08:00:00Z,BSHM,32,35,"[32, 33)","[35, 36)",38.10795,48,5.5062,300.0,0.6686369999999999,ff984e9f2e2a,True,P1A,GNSS_VTEC,GRIDDed_VTEC_1H,"The Phase 1 target is location-sampled gridded VTEC (Madrigal cell), never receiver-specific station-observed VTEC, and it carries its own distinct target_definition_id. The Phase 1 grid-cell target population is not the Phase 2 IPP target population: no numerical equivalence between the Phase 1 and Phase 2 targets is claimed, and Phase 2 is a fixed-protocol replication on a new target lineage, not a second statistically independent blind test (Vision 2.2, 6.6). Part of any measured IRI or GIM difference is a geometry and sampling artefact rather than skill: Phase 1 compares a grid cell against a station-coordinate evaluation, Phase 2 an IPP cloud against a zenith estimate (Vision 6.6)."
2022-11-07T09:00:00Z,BSHM,32,35,"[32, 33)","[35, 36)",31.3858,44,2.1757000000000026,300.0,0.752633,ff984e9f2e2a,True,P1A,GNSS_VTEC,GRIDDed_VTEC_1H,"The Phase 1 target is location-sampled gridded VTEC (Madrigal cell), never receiver-specific station-observed VTEC, and it carries its own distinct target_definition_id. The Phase 1 grid-cell target population is not the Phase 2 IPP target population: no numerical equivalence between the Phase 1 and Phase 2 targets is claimed, and Phase 2 is a fixed-protocol replication on a new target lineage, not a second statistically independent blind test (Vision 2.2, 6.6). Part of any measured IRI or GIM difference is a geometry and sampling artefact rather than skill: Phase 1 compares a grid cell against a station-coordinate evaluation, Phase 2 an IPP cloud against a zenith estimate (Vision 6.6)."
2022-11-07T10:00:00Z,BSHM,32,35,"[32, 33)","[35, 36)",36.4146,44,6.8433999999999955,300.0,0.493675,ff984e9f2e2a,True,P1A,GNSS_VTEC,GRIDDed_VTEC_1H,"The Phase 1 target is location-sampled gridded VTEC (Madrigal cell), never receiver-specific station-observed VTEC, and it carries its own distinct target_definition_id. The Phase 1 grid-cell target population is not the Phase 2 IPP target population: no numerical equivalence between the Phase 1 and Phase 2 targets is claimed, and Phase 2 is a fixed-protocol replication on a new target lineage, not a second statistically independent blind test (Vision 2.2, 6.6). Part of any measured IRI or GIM difference is a geometry and sampling artefact rather than skill: Phase 1 compares a grid cell against a station-coordinate evaluation, Phase 2 an IPP cloud against a zenith estimate (Vision 6.6)."
2022-11-07T11:00:00Z,BSHM,32,35,"[32, 33)","[35, 36)",40.772549999999995,48,1.5367999999999995,300.0,0.5578535,ff984e9f2e2a,True,P1A,GNSS_VTEC,GRIDDed_VTEC_1H,"The Phase 1 target is location-sampled gridded VTEC (Madrigal cell), never receiver-specific station-observed VTEC, and it carries its own distinct target_definition_id. The Phase 1 grid-cell target population is not the Phase 2 IPP target population: no numerical equivalence between the Phase 1 and Phase 2 targets is claimed, and Phase 2 is a fixed-protocol replication on a new target lineage, not a second statistically independent blind test (Vision 2.2, 6.6). Part of any measured IRI or GIM difference is a geometry and sampling artefact rather than skill: Phase 1 compares a grid cell against a station-coordinate evaluation, Phase 2 an IPP cloud against a zenith estimate (Vision 6.6)."
2022-11-07T12:00:00Z,BSHM,32,35,"[32, 33)","[35, 36)",40.732299999999995,48,2.921199999999999,300.0,0.412315,ff984e9f2e2a,True,P1A,GNSS_VTEC,GRIDDed_VTEC_1H,"The Phase 1 target is location-sampled gridded VTEC (Madrigal cell), never receiver-specific station-observed VTEC, and it carries its own distinct target_definition_id. The Phase 1 grid-cell target population is not the Phase 2 IPP target population: no numerical equivalence between the Phase 1 and Phase 2 targets is claimed, and Phase 2 is a fixed-protocol replication on a new target lineage, not a second statistically independent blind test (Vision 2.2, 6.6). Part of any measured IRI or GIM difference is a geometry and sampling artefact rather than skill: Phase 1 compares a grid cell against a station-coordinate evaluation, Phase 2 an IPP cloud against a zenith estimate (Vision 6.6)."
2022-11-07T13:00:00Z,BSHM,32,35,"[32, 33)","[35, 36)",36.9461,48,4.840499999999999,300.0,0.43456300000000003,ff984e9f2e2a,True,P1A,GNSS_VTEC,GRIDDed_VTEC_1H,"The Phase 1 target is location-sampled gridded VTEC (Madrigal cell), never receiver-specific station-observed VTEC, and it carries its own distinct target_definition_id. The Phase 1 grid-cell target population is not the Phase 2 IPP target population: no numerical equivalence between the Phase 1 and Phase 2 targets is claimed, and Phase 2 is a fixed-protocol replication on a new target lineage, not a second statistically independent blind test (Vision 2.2, 6.6). Part of any measured IRI or GIM difference is a geometry and sampling artefact rather than skill: Phase 1 compares a grid cell against a station-coordinate evaluation, Phase 2 an IPP cloud against a zenith estimate (Vision 6.6)."
2022-11-07T14:00:00Z,BSHM,32,35,"[32, 33)","[35, 36)",29.62805,48,10.949300000000001,300.0,0.46147950000000004,ff984e9f2e2a,False,P1A,GNSS_VTEC,GRIDDed_VTEC_1H,"The Phase 1 target is location-sampled gridded VTEC (Madrigal cell), never receiver-specific station-observed VTEC, and it carries its own distinct target_definition_id. The Phase 1 grid-cell target population is not the Phase 2 IPP target population: no numerical equivalence between the Phase 1 and Phase 2 targets is claimed, and Phase 2 is a fixed-protocol replication on a new target lineage, not a second statistically independent blind test (Vision 2.2, 6.6). Part of any measured IRI or GIM difference is a geometry and sampling artefact rather than skill: Phase 1 compares a grid cell against a station-coordinate evaluation, Phase 2 an IPP cloud against a zenith estimate (Vision 6.6)."
2022-11-07T15:00:00Z,BSHM,32,35,"[32, 33)","[35, 36)",18.898200000000003,32,4.809999999999999,1500.0,1.1129535,ff984e9f2e2a,True,P1A,GNSS_VTEC,GRIDDed_VTEC_1H,"The Phase 1 target is location-sampled gridded VTEC (Madrigal cell), never receiver-specific station-observed VTEC, and it carries its own distinct target_definition_id. The Phase 1 grid-cell target population is not the Phase 2 IPP target population: no numerical equivalence between the Phase 1 and Phase 2 targets is claimed, and Phase 2 is a fixed-protocol replication on a new target lineage, not a second statistically independent blind test (Vision 2.2, 6.6). Part of any measured IRI or GIM difference is a geometry and sampling artefact rather than skill: Phase 1 compares a grid cell against a station-coordinate evaluation, Phase 2 an IPP cloud against a zenith estimate (Vision 6.6)."
2022-11-07T16:00:00Z,BSHM,32,35,"[32, 33)","[35, 36)",16.6351,20,4.403600000000001,2400.0,0.923079,ff984e9f2e2a,False,P1A,GNSS_VTEC,GRIDDed_VTEC_1H,"The Phase 1 target is location-sampled gridded VTEC (Madrigal cell), never receiver-specific station-observed VTEC, and it carries its own distinct target_definition_id. The Phase 1 grid-cell target population is not the Phase 2 IPP target population: no numerical equivalence between the Phase 1 and Phase 2 targets is claimed, and Phase 2 is a fixed-protocol replication on a new target lineage, not a second statistically independent blind test (Vision 2.2, 6.6). Part of any measured IRI or GIM difference is a geometry and sampling artefact rather than skill: Phase 1 compares a grid cell against a station-coordinate evaluation, Phase 2 an IPP cloud against a zenith estimate (Vision 6.6)."
2022-11-07T17:00:00Z,BSHM,32,35,"[32, 33)","[35, 36)",11.79255,24,0.7606999999999999,300.0,1.3049,ff984e9f2e2a,True,P1A,GNSS_VTEC,GRIDDed_VTEC_1H,"The Phase 1 target is location-sampled gridded VTEC (Madrigal cell), never receiver-specific station-observed VTEC, and it carries its own distinct target_definition_id. The Phase 1 grid-cell target population is not the Phase 2 IPP target population: no numerical equivalence between the Phase 1 and Phase 2 targets is claimed, and Phase 2 is a fixed-protocol replication on a new target lineage, not a second statistically independent blind test (Vision 2.2, 6.6). Part of any measured IRI or GIM difference is a geometry and sampling artefact rather than skill: Phase 1 compares a grid cell against a station-coordinate evaluation, Phase 2 an IPP cloud against a zenith estimate (Vision 6.6)."
2022-11-07T18:00:00Z,BSHM,32,35,"[32, 33)","[35, 36)",12.6523,44,0.39369999999999905,300.0,0.492742,ff984e9f2e2a,True,P1A,GNSS_VTEC,GRIDDed_VTEC_1H,"The Phase 1 target is location-sampled gridded VTEC (Madrigal cell), never receiver-specific station-observed VTEC, and it carries its own distinct target_definition_id. The Phase 1 grid-cell target population is not the Phase 2 IPP target population: no numerical equivalence between the Phase 1 and Phase 2 targets is claimed, and Phase 2 is a fixed-protocol replication on a new target lineage, not a second statistically independent blind test (Vision 2.2, 6.6). Part of any measured IRI or GIM difference is a geometry and sampling artefact rather than skill: Phase 1 compares a grid cell against a station-coordinate evaluation, Phase 2 an IPP cloud against a zenith estimate (Vision 6.6)."
2022-11-07T19:00:00Z,BSHM,32,35,"[32, 33)","[35, 36)",13.3976,48,2.6412999999999993,300.0,0.5383265,ff984e9f2e2a,True,P1A,GNSS_VTEC,GRIDDed_VTEC_1H,"The Phase 1 target is location-sampled gridded VTEC (Madrigal cell), never receiver-specific station-observed VTEC, and it carries its own distinct target_definition_id. The Phase 1 grid-cell target population is not the Phase 2 IPP target population: no numerical equivalence between the Phase 1 and Phase 2 targets is claimed, and Phase 2 is a fixed-protocol replication on a new target lineage, not a second statistically independent blind test (Vision 2.2, 6.6). Part of any measured IRI or GIM difference is a geometry and sampling artefact rather than skill: Phase 1 compares a grid cell against a station-coordinate evaluation, Phase 2 an IPP cloud against a zenith estimate (Vision 6.6)."
2022-11-07T20:00:00Z,BSHM,32,35,"[32, 33)","[35, 36)",13.55495,48,1.3407,300.0,0.5841715,ff984e9f2e2a,True,P1A,GNSS_VTEC,GRIDDed_VTEC_1H,"The Phase 1 target is location-sampled gridded VTEC (Madrigal cell), never receiver-specific station-observed VTEC, and it carries its own distinct target_definition_id. The Phase 1 grid-cell target population is not the Phase 2 IPP target population: no numerical equivalence between the Phase 1 and Phase 2 targets is claimed, and Phase 2 is a fixed-protocol replication on a new target lineage, not a second statistically independent blind test (Vision 2.2, 6.6). Part of any measured IRI or GIM difference is a geometry and sampling artefact rather than skill: Phase 1 compares a grid cell against a station-coordinate evaluation, Phase 2 an IPP cloud against a zenith estimate (Vision 6.6)."
2022-11-07T21:00:00Z,BSHM,32,35,"[32, 33)","[35, 36)",14.8767,48,1.2468000000000004,300.0,0.4921845,ff984e9f2e2a,True,P1A,GNSS_VTEC,GRIDDed_VTEC_1H,"The Phase 1 target is location-sampled gridded VTEC (Madrigal cell), never receiver-specific station-observed VTEC, and it carries its own distinct target_definition_id. The Phase 1 grid-cell target population is not the Phase 2 IPP target population: no numerical equivalence between the Phase 1 and Phase 2 targets is claimed, and Phase 2 is a fixed-protocol replication on a new target lineage, not a second statistically independent blind test (Vision 2.2, 6.6). Part of any measured IRI or GIM difference is a geometry and sampling artefact rather than skill: Phase 1 compares a grid cell against a station-coordinate evaluation, Phase 2 an IPP cloud against a zenith estimate (Vision 6.6)."
2022-11-07T22:00:00Z,BSHM,32,35,"[32, 33)","[35, 36)",11.4498,48,4.15072,300.0,0.460947,ff984e9f2e2a,True,P1A,GNSS_VTEC,GRIDDed_VTEC_1H,"The Phase 1 target is location-sampled gridded VTEC (Madrigal cell), never receiver-specific station-observed VTEC, and it carries its own distinct target_definition_id. The Phase 1 grid-cell target population is not the Phase 2 IPP target population: no numerical equivalence between the Phase 1 and Phase 2 targets is claimed, and Phase 2 is a fixed-protocol replication on a new target lineage, not a second statistically independent blind test (Vision 2.2, 6.6). Part of any measured IRI or GIM difference is a geometry and sampling artefact rather than skill: Phase 1 compares a grid cell against a station-coordinate evaluation, Phase 2 an IPP cloud against a zenith estimate (Vision 6.6)."
2022-11-07T23:00:00Z,BSHM,32,35,"[32, 33)","[35, 36)",8.43494,20,1.3702900000000007,2400.0,0.922067,ff984e9f2e2a,False,P1A,GNSS_VTEC,GRIDDed_VTEC_1H,"The Phase 1 target is location-sampled gridded VTEC (Madrigal cell), never receiver-specific station-observed VTEC, and it carries its own distinct target_definition_id. The Phase 1 grid-cell target population is not the Phase 2 IPP target population: no numerical equivalence between the Phase 1 and Phase 2 targets is claimed, and Phase 2 is a fixed-protocol replication on a new target lineage, not a second statistically independent blind test (Vision 2.2, 6.6). Part of any measured IRI or GIM difference is a geometry and sampling artefact rather than skill: Phase 1 compares a grid cell against a station-coordinate evaluation, Phase 2 an IPP cloud against a zenith estimate (Vision 6.6)."
